5.192791042728474e-12 1.3109959692466952e-11 3.2514817946187993e-11 7.9222137433779e-11 1.8962830176248595e-10 4.459206418705085e-10 1.0301883370117474e-9 2.3382315221503783e-9 5.214081769676884e-9 1.1423407541275861e-8 2.4589491878786095e-8 5.200541314575558e-8 1.0806928601675244e-7 2.2065865911393988e-7 4.427061016737691e-7 8.727652922605492e-7 1.6907492525521502e-6 3.2186510880408785e-6 6.021374497221069e-6 0.000011070302355317631 0.000020002374828390795 0.000035520507895106525 0.00006199702637465162 0.00010635957272150571 0.00017935678069374412 0.0002973155512827689 0.0004845080496875322 0.0007762378997511577 0.0012227235763640069 0.0018937945229917728 0.0028843153112460876 0.004320112215683844 0.006363998357420779 0.00922129059376774 0.013144006949937757 0.018432761855996536 0.0254352804760012 0.03454047871257193 0.046167242431613596 0.06074741287658453 0.07870304393535688 0.10041870566205631 0.1262103949999561 0.15629337399757876 0.19075186265899363 0.2295138421121508 0.27233417187761233 0.3187887381118025 0.3682814389257878 0.42006456240016804 0.4732716732152699 0.5269606907933909 0.5801636248139903 0.6319386185862251 0.6814196646820397 0.7278596457713624 0.7706631710465021 0.809406897025962 0.843846455034426 0.873910546937062 0.899684019996705 0.9213826407874419 0.9393227730929026 0.9538892148101248 0.9655041188841379 0.9745993155091026 0.9815935931059239 0.986875709173603 0.9907931938931082 0.9936464514225123 0.9956872912253305 0.9971208355819245 0.9981097247577339 0.9987796377049227 0.9992253179368562 0.9995164986563945 0.999703324130297 0.9998210423797014 0.9998938850256092 0.9999381501648708 0.9999645664748114 0.9999800481036552 0.9999889584651451 0.9999939947252999 0.9999967901972382 0.9999983140263073 0.9999991297658113 0.9999995586112993 0.9999997800147027 0.9999998922687021 0.9999999481611875 0.9999999754911526 0.9999999886149273 0.9999999948038134 0.999999997669972 0.9999999989735048 0.9999999995557121 0.9999999998110805 0.99999999992108 0.9999999999676117
5.235220339395369e-12 1.3215032935618319e-11 3.277034735403997e-11 7.983239347395106e-11 1.910595195712142e-10 4.492169046247329e-10 1.0376435552586904e-9 2.3547900356675895e-9 5.25019819667417e-9 1.1500766507552923e-8 2.475221114734469e-8 5.234152958632343e-8 1.0875109540177661e-7 2.2201684321065011e-7 4.4536301112474776e-7 8.778693703848757e-7 1.7003782333249519e-6 3.236489893634753e-6 6.053828903794848e-6 0.000011128285800909247 0.000020104106648031656 0.00003569578776931884 0.00006229359809737911 0.00010685234909118105 0.00018016084809346225 0.0002986039713540593 0.0004865354754273354 0.0007793708599445115 0.0012274778836115858 0.0019008795589568808 0.00289468389214395 0.0043350133396791585 0.006385028449947812 0.009250437051777187 0.013183676094344923 0.01848578217408104 0.025504871667277444 0.0346301779311607 0.04628078154415813 0.060888544643159806 0.07887532062057624 0.10062522022515102 0.12645350191126245 0.15657441285759385 0.19107091202904883 0.22986953227524362 0.2727235829217757 0.3192074035604059 0.36872346554591684 0.42052286484590007 0.47373830935627437 0.5274272717570152 0.5806217647030577 0.6323803839310108 0.6818379837179402 0.7282486425983782 0.7710183988386947 0.8097254563060032 0.8441269958353153 0.8741531656254586 0.899890071086336 0.9215544901902109 0.9394635215314862 0.9540024187627384 0.9655935321674872 0.9746686684595457 0.9816464194173535 0.9869152238181629 0.9908222199684983 0.9936673897025956 0.995702123786145 0.9971311540141796 0.998116773858901 0.9987843667800853 0.9992284335328485 0.9995185143684961 0.9997046048034833 0.9998218414234846 0.9998943746074309 0.9999384447443145 0.9999647405360375 0.9999801491042859 0.9999890160182265 0.999994026931206 0.9999968078952675 0.9999983235770411 0.9999991348272155 0.9999995612453719 0.9999997813608945 0.9999998929443314 0.9999999484941786 0.9999999756523208 0.9999999886915308 0.9999999948395687 0.9999999976863612 0.9999999989808819 0.999999999558973 0.9999999998124961 0.9999999999216835 0.9999999999678644
5.2779892041035785e-12 1.3320930375177227e-11 3.302784048257069e-11 8.04472421964413e-11 1.9250128083448604e-10 4.5253692598237595e-10 1.0451513233464404e-9 2.371462633219743e-9 5.2865577159148095e-9 1.1578633866345007e-8 2.491597392747554e-8 5.267974812432863e-8 1.0943706056415022e-7 2.2338309001452976e-7 4.4803527108644043e-7 8.830021273053114e-7 1.710059788760262e-6 3.2544232683290556e-6 6.0864502106468415e-6 0.000011186558231749267 0.000020206329351275808 0.00003587188561166106 0.00006259150677571213 0.00010734726876902365 0.00018096828525798847 0.0002998975868090519 0.0004885707551353498 0.0007825154602812176 0.0012322491015797786 0.0019079886733872897 0.0029050860681810223 0.0043499603846160785 0.006406120020889643 0.009279664100442623 0.013223448645046277 0.018538932309130764 0.02557462223508802 0.03472006838418558 0.046394544754136034 0.06102993264377491 0.07904788283897375 0.10083204441136759 0.12669693487128678 0.1568557842128636 0.19139028843676748 0.2302255308242063 0.27311327005883645 0.3196262997021784 0.3691656659109647 0.4209812750538329 0.4742049815343298 0.5278938150890934 0.5810797953211536 0.632821974185921 0.6822560709432938 0.728637362487192 0.7713733176943331 0.8100436882926909 0.8444072041605197 0.8743954585240173 0.9000958130039318 0.9217260546503326 0.9396040144128122 0.9541153993317395 0.9656827549252575 0.9747378627044616 0.9816991165218462 0.9869546355916776 0.9908511659080312 0.9936882668794148 0.9957169107269807 0.9971414390864504 0.998123799060751 0.9987890790777186 0.9992315375854053 0.9995205222952467 0.9997058803288856 0.9998226371298005 0.9998948620673873 0.999938738000737 0.9999649137881608 0.9999802496195564 0.9999890732856933 0.9999940589722269 0.9999968254999083 0.9999983330758782 0.9999991398603223 0.9999995638643044 0.9999997826991373 0.9999998936158654 0.999999948825099 0.9999999758124614 0.9999999887676339 0.9999999948750847 0.9999999977026379 0.9999999989882074 0.9999999995622106 0.9999999998139013 0.9999999999222824 0.9999999999681151
5.3211002952230766e-12 1.342765832948741e-11 3.3287312066227144e-11 8.106671731369625e-11 1.939536612276316e-10 4.558808725939548e-10 1.0527120012947447e-9 2.3882500777478422e-9 5.323161913300475e-9 1.1657012851028258e-8 2.5080786684684362e-8 5.302008143875444e-8 1.1012720588583475e-7 2.2475744550027087e-7 4.5072296655419197e-7 8.88163717069143e-7 1.7197941925408762e-6 3.272451688689272e-6 6.119239231020407e-6 0.000011245121007641051 0.000020309045165615888 0.0000360488049961706 0.00006289075802545674 0.00010784434039416962 0.00018177910519542238 0.0003011964168125688 0.0004906139164290204 0.0007856717396714356 0.0012370372838387737 0.001915121938310915 0.0029155219338674538 0.0043649534714058835 0.006427273220900391 0.009308971922323852 0.013263324816794424 0.01859221250577598 0.02564453244836257 0.03481015035555715 0.046508532347215296 0.06117157714898945 0.07922073082626435 0.10103917840027071 0.12694069398233926 0.15713748806963881 0.19170999177803372 0.2305818375367688 0.2735032329486512 0.32004542608826586 0.36960803948130716 0.4214397924192028 0.47467168911086166 0.5283603201515815 0.581537716065058 0.6332633888137514 0.6826739259123343 0.7290258051011599 0.7717279273947846 0.8103615928854222 0.8446870800194545 0.8746374257376953 0.9003012459310848 0.9218973344048935 0.9397442520081791 0.9542281568029745 0.9657717874410783 0.9748068985121582 0.9817516846631869 0.9869939447079389 0.9908800318932796 0.9937090831026787 0.9957316521678912 0.9971516908925029 0.9981308004346907 0.9987937746508921 0.9992346301330456 0.9995225224639669 0.9997071507254501 0.9998234295115003 0.9998953474140077 0.9999390299396788 0.9999650862347051 0.9999803496516619 0.9999891302688848 0.9999940908491635 0.9999968430116293 0.9999983425230874 0.9999991448652832 0.9999995664681803 0.9999997840294762 0.9999998942833279 0.9999999491539611 0.9999999759715807 0.9999999888432396 0.9999999949103632 0.9999999977188033 0.9999999989954816 0.9999999995654252 0.9999999998152962 0.9999999999228768 0.9999999999683638
5.364556291451406e-12 1.3535223164153834e-11 3.35487769472111e-11 8.169085277906653e-11 1.9541673695407463e-10 4.5924891224493674e-10 1.0603259515146349e-9 2.4051531371315734e-9 5.360012384730446e-9 1.1735906714812791e-8 2.5246655923036003e-8 5.336254228203109e-8 1.1082155588584947e-7 2.2613995589307158e-7 4.5342618297175736e-7 8.93354294509532e-7 1.729581719697904e-6 3.290575633544746e-6 6.152196781877911e-6 0.000011303975494363304 0.000020412256327931056 0.000036226549511295674 0.00006319135748402895 0.00010834357263739162 0.0001825933209590436 0.00030250048059232736 0.0004926649870110342 0.0007888397371376855 0.0012418424841025139 0.0019222794259338668 0.00292599158392673 0.0043799927212055355 0.0064484882009047334 0.009338360700262867 0.013303304824616297 0.018645623008887648 0.025714602576206856 0.034900424129263787 0.046622744609009815 0.06131347842914818 0.07939386481776742 0.10124662237084188 0.12718477934597022 0.15741952443326318 0.19203002194772614 0.2309384521896213 0.27389347125007774 0.32046478226893493 0.3700505857166324 0.42189841633681 0.47513843144715 0.5288267863065931 0.5819955263319972 0.6337046272779945 0.6830915481801815 0.7294139701046398 0.7720822277224557 0.8106791699845968 0.8449666234224358 0.8748790673722031 0.9005063700499624 0.9220683296913685 0.9398842345890945 0.9543406914623371 0.9658606299984972 0.9748757761507632 0.9818041240849176 0.9870331513804631 0.9909088181055341 0.9937298385218267 0.9957463482286858 0.9971619095258912 0.9981377780519505 0.9987984535525332 0.9992377112141775 0.9995245149018934 0.9997084160120611 0.9998242185813905 0.9998958306557901 0.9999393205666596 0.9999652578791807 0.9999804492027877 0.9999891869691343 0.999994122562812 0.9999968604308971 0.9999983519189364 0.9999991498422484 0.9999995690570824 0.9999997853519562 0.9999998949467425 0.9999999494807771 0.9999999761296852 0.9999999889183513 0.9999999949454055 0.9999999977348579 0.9999999990027049 0.9999999995686165 0.9999999998166809 0.9999999999234669 0.9999999999686107
5.408359891964837e-12 1.3643631292386966e-11 3.381225007624558e-11 8.231968278847921e-11 1.968905847488934e-10 4.626412138632212e-10 1.0679935388237411e-9 2.422172584220141e-9 5.397110736162067e-9 1.181531873085968e-8 2.5413588185374285e-8 5.370714348044295e-8 1.1152013522100123e-7 2.2753066766993494e-7 4.5614500623353033e-7 8.985740152493008e-7 1.739422646616968e-6 3.3087955839986427e-6 6.185323683916369e-6 0.000011363123063694034 0.000020515965084523208 0.000036405122759947 0.00006349331081052936 0.00010884497420119926 0.0001834109456474489 0.00030380979743911083 0.0004947239946695401 0.0007920194918150952 0.0012466647562290115 0.0019294612086407593 0.0029364951132959992 0.0043950782554179925 0.006469765112098125 0.009367830617383978 0.013343388883813008 0.018699164063577075 0.025784832887902287 0.03499088998937093 0.04673718182507853 0.06145563675437959 0.079567285048405 0.1014543765014779 0.12742919106296863 0.15770189330817247 0.19235037883971737 0.2312953745584145 0.2742839846209756 0.32088436779357343 0.37049330407594316 0.42235714620102127 0.4756052079043316 0.5292932129164016 0.5824532255196468 0.6341456890428403 0.6835089373028422 0.7298018571629923 0.7724362184607932 0.8109964194916169 0.8452458343806822 0.8751203835340035 0.9007111855433065 0.9222390407476192 0.9400239624272719 0.9544530035957692 0.9659492828809784 0.9749444958882247 0.9818564350303377 0.9870722558224916 0.9909375247258037 0.9937505332860281 0.9957609990289296 0.9971720950799583 0.9981447319835837 0.9988031158354262 0.999240780867098 0.9995264996361789 0.9997096762075406 0.9998250043522331 0.9998963118012016 0.9999396098871778 0.999965428725083 0.9999805482751107 0.999989243387769 0.9999941541139657 0.9999968777581759 0.9999983612636916 0.9999991547913679 0.9999995716310934 0.9999997866666219 0.9999998956061329 0.9999999498055595 0.9999999762867811 0.999999988992972 0.9999999949802133 0.9999999977508027 0.9999999990098776 0.9999999995717851 0.9999999998180555 0.9999999999240525 0.9999999999688556
5.452513816571007e-12 1.3752889175348459e-11 3.4077746513344066e-11 8.295324178212067e-11 1.9837528188241674e-10 4.660579475266719e-10 1.0757151304617416e-9 2.4393091968633006e-9 5.4344585836718185e-9 1.1895252192398554e-8 2.558159005354435e-8 5.405389793453724e-8 1.122229686866261e-7 2.2892962756097118e-7 4.588795226867926e-7 9.03823035704723e-7 1.7493172510444567e-6 3.3271120234381096e-6 6.2186207615833265e-6 0.000011422565093435055 0.00002062017369115326 0.00003658452835955144 0.0000637966236858177 0.00010934855381994364 0.00018423199240468814 0.0003051243867069435 0.0004967909672783657 0.0007952110429516595 0.001251504154220602 0.001936667358995022 0.002947032617126339 0.00441021019569241 0.006491104105946901 0.009397381857093687 0.013383577209959613 0.018752835915195363 0.02585522365290499 0.03508154822001986 0.046851844280923705 0.061598052394594385 0.0797409917527001 0.10166244096998926 0.12767392923336066 0.15798459469789305 0.1926710623468729 0.23165260441775926 0.27467477271820695 0.3213041822106927 0.3709361940175584 0.42281598140577215 0.47607201784340264 0.5297595993434437 0.5829108130261337 0.6345865735731795 0.6839260928372118 0.7301894659425813 0.7727898993942836 0.8113133413088864 0.8455247129063109 0.8753613743303092 0.9009156925944317 0.9224094678118924 0.9401634357946296 0.9545650934892571 0.9660377463719012 0.9750130579923102 0.9819086177425036 0.9871112582469901 0.9909661519348146 0.993771167544183 0.9957756046879433 0.9971822476478348 0.998151662300468 0.9988077615522148 0.9992438391299934 0.9995284766938921 0.9997109313306488 0.9998257868367459 0.9998967908586782 0.9999398979067103 0.9999655987758935 0.9999806468707981 0.9999892995261104 0.9999941855034141 0.999996894993928 0.9999983705576181 0.9999991597127909 0.9999995741902956 0.9999997879735175 0.9999998962615227 0.9999999501283203 0.9999999764428744 0.9999999890671049 0.9999999950147881 0.9999999977666381 0.9999999990169999 0.9999999995749309 0.99999999981942 0.9999999999246336 0.9999999999690987
5.497020805863105e-12 1.3863003322501335e-11 3.4345281428590056e-11 8.35915644461315e-11 1.9987090616385975e-10 4.694992844706966e-10 1.0834910961059076e-9 2.4565637579425572e-9 5.47205755351668e-9 1.1975710412845339e-8 2.5750668148614598e-8 5.440281861953318e-8 1.1293008121732702e-7 2.3033688255069895e-7 4.616298191339704e-7 9.091015130893111e-7 1.7592658120938022e-6 3.345525437544285e-6 6.252088843092575e-6 0.000011482302967436042 0.00002072488441307685 0.000036764769942103864 0.00006410130181258574 0.00010985432025991735 0.00018505647442039634 0.00030644426781326474 0.0004988659327972245 0.0007984144299084953 0.0012563607322242656 0.0019438979497392022 0.0029576041907830885 0.004425388663924428 0.006512505334188477 0.009427014603080854 0.01342387001890504 0.01880663880933318 0.025925775140845368 0.03517239910542694 0.0469667322619902 0.061740725619483953 0.0799149851647751 0.10187081595359841 0.12791899395640824 0.15826762860504132 0.1929920723610512 0.2320101415412267 0.27506583519763733 0.3217242250679281 0.3713792549991157 0.4232749213445696 0.4765388606252216 0.5302259449503209 0.5833682882500384 0.6350272803346045 0.6843430143410755 0.7305767961107741 0.7731432703084526 0.81162993533981 0.8458032590123385 0.8756020398690827 0.9011198913872237 0.9225796111228184 0.9403026549632901 0.9546769614288322 0.9661260207545601 0.9750814627306051 0.9819606724642269 0.9871501588666491 0.9909946999130117 0.9937917414449222 0.9957901653248044 0.9971923673224411 0.998158569073305 0.9988123907554003 0.9992468860409396 0.9995304461020182 0.9997121814000847 0.9998265660476027 0.999897267836625 0.9999401846307134 0.9999657680350804 0.9999807449920081 0.9999893553854745 0.999994216731943 0.999996912138613 0.9999983798009797 0.9999991646066653 0.9999995767347702 0.9999997892726873 0.9999998969129353 0.999999950449072 0.9999999765979717 0.9999999891407529 0.9999999950491314 0.999999997782365 0.9999999990240722 0.9999999995780543 0.9999999998207745 0.9999999999252105 0.9999999999693401
5.541883621374322e-12 1.3973980291961646e-11 3.461487010291945e-11 8.423468571431215e-11 2.013775359449542e-10 4.729653970958743e-10 1.091321807886739e-9 2.473937055402575e-9 5.509909282195841e-9 1.2056696725921489e-8 2.5920829131100708e-8 5.4753918585736606e-8 1.1364149788771899e-7 2.3175247987936746e-7 4.6439598283490474e-7 9.144096054176617e-7 1.7692686102517814e-6 3.364036314302446e-6 6.285728760440247e-6 0.000011542338075618902 0.00002083009952508138 0.00003694585115422003 0.0000644073509154336 0.00011036228231945704 0.00018588440492993457 0.0003077694602391054 0.0005009489192719421 0.0008016296921601016 0.0012612345445318987 0.0019511530537952748 0.002968209929846115 0.004440613782256424 0.006533968948831528 0.009456729039316618 0.013464267526771809 0.018860572991820108 0.025996487621527085 0.035263442929882274 0.04708184605366354 0.061883656698518884 0.08008926551835034 0.10207950162893818 0.12816438533060756 0.15855099503132192 0.19331340877310257 0.23236798570134864 0.2754571717141361 0.3221444959120411 0.3718224864775729 0.4237339654104942 0.4770057356105117 0.5306922490998032 0.5838256505903977 0.6354678087934121 0.6847597013731095 0.7309638473359433 0.7734963309898664 0.8119462014887925 0.8460814727126786 0.8758423802590338 0.9013237821061375 0.9227494709194096 0.9404416202055773 0.9547886077005681 0.9662141063121625 0.9751497103705133 0.9820125994380756 0.9871889578938833 0.9910231688405576 0.9938122551366074 0.9958046810583463 0.9972024541964862 0.9981654523726206 0.9988170034973425 0.999249921637902 0.9995324078874588 0.9997134264344857 0.9998273419974328 0.9998977427434165 0.9999404700646223 0.9999659365060969 0.9999808426408898 0.9999894109671712 0.9999942478003347 0.9999969291926888 0.9999983889940389 0.9999991694731387 0.999999579264599 0.9999997905641752 0.9999998975603939 0.9999999507678263 0.9999999767520787 0.9999999892139193 0.9999999950832446 0.9999999977979841 0.9999999990310952 0.9999999995811553 0.9999999998221192 0.9999999999257831 0.9999999999695794
5.587105045733844e-12 1.4085826690851507e-11 3.488652792890586e-11 8.488264076984051e-11 2.0289525012361573e-10 4.764564589756315e-10 1.0992076404036976e-9 2.491429882282755e-9 5.548015416512972e-9 1.21382144857735e-8 2.6092079701191068e-8 5.5107210958954275e-8 1.143572439131806e-7 2.3317646704427348e-7 4.6717810150912183e-7 9.197474715093008e-7 1.779325927384825e-6 3.382645144012229e-6 6.3195413494206325e-6 0.00001160267181400242 0.00002093582131152198 0.00003712777565719016 0.00006471477674094479 0.00011087244882904746 0.0001867157972145239 0.0003090999835292623 0.0005030399548346727 0.0008048568692946075 0.001266125645580608 0.001958432744264951 0.0029788499301101473 0.004455885673077754 0.006555495102156117 0.009486525350054469 0.013504769949955905 0.018914638708724354 0.026067361364926545 0.03535467997774898 0.0471971859412691 0.06202684590094745 0.08026383304674206 0.10228849817205034 0.12841010345368786 0.15883469397752734 0.19363507147286882 0.23272613666961683 0.27584878192157747 0.32256499428892016 0.37226588790921017 0.42419311299620255 0.47747264215986346 0.5311585111548306 0.5842828994467071 0.6359081584166045 0.6851761534928825 0.7313506192874664 0.77384908122613 0.8122621396612388 0.8463593540221419 0.8760823956096183 0.9015273649361959 0.9229190474410587 0.9405803317940162 0.954900032590581 0.9663020033278291 0.9752178011792555 0.9820643989063733 0.987227655540831 0.991051558897333 0.9938327087673312 0.9958191520071595 0.997212508362469 0.9981723122687653 0.9988215998302609 0.9992529459587367 0.9995343620770324 0.9997146664524277 0.9998281146988222 0.9998982155873962 0.999940754213851 0.999966104192383 0.9999809398195836 0.9999894662725046 0.9999942787093679 0.9999969461566109 0.9999983981370568 0.9999991743123582 0.9999995817798627 0.9999997918480248 0.9999998982039215 0.9999999510845954 0.9999999769052019 0.999999989286607 0.9999999951171293 0.9999999978134962 0.9999999990380688 0.9999999995842339 0.9999999998234539 0.9999999999263514 0.999999999969817
5.632687882824465e-12 1.4198549175656904e-11 3.516027041155631e-11 8.553546504700081e-11 2.0442412814765206e-10 4.799726448639666e-10 1.1071489707410413e-9 2.5090430367490116e-9 5.5863776136382925e-9 1.222026706709268e-8 2.6264426598973257e-8 5.546270894091114e-8 1.150773446506037e-7 2.3460889180108936e-7 4.6997626333813743e-7 9.251152709925136e-7 1.7894380467454198e-6 3.401352419297863e-6 6.353527449642409e-6 0.000011663305584726824 0.000021042052066358738 0.00003731054712703215 0.00006502358505775955 0.00011138482865142476 0.00018755066460138318 0.0003104358572924741 0.0005051390677041083 0.0008080960010140473 0.0012710340899530117 0.0019657370944299794 0.002989524287585048 0.004471204459025014 0.006577083946713866 0.009516403719830242 0.0135453775051266 0.018968836206352337 0.026138396641192194 0.035446110533462076 0.0473127522100707 0.062170293495794136 0.08043868798286119 0.10249780575838373 0.12865614842260972 0.15911872544353645 0.19395706034918284 0.23308459421648406 0.2762406654728409 0.3229857197435826 0.37270945874963196 0.42465236349392976 0.4779395796337375 0.5316247304785169 0.5847400342189226 0.6363483286718918 0.6855923702608571 0.7317371116357263 0.7742015208058888 0.8125777497635527 0.8466369029564338 0.876322086031037 0.9017306400629881 0.9230883409275368 0.9407187900013307 0.9550112363850273 0.9663897120845919 0.9752857354238689 0.982116071111198 0.9872662520193551 0.9910798702629369 0.9938531024849176 0.9958335782895915 0.9972225299126781 0.9981791488319152 0.9988261798062336 0.9992559590411896 0.9995363086974745 0.9997159014724257 0.9998288841643126 0.9998986863768773 0.9999410370837929 0.9999662710973644 0.9999810365302204 0.9999895213027734 0.9999943094598175 0.999996963030833 0.9999984072302934 0.9999991791244696 0.9999995842806415 0.9999997931242794 0.9999998988435413 0.9999999513993911 0.9999999770573471 0.9999999893588192 0.999999995150787 0.9999999978289019 0.9999999990449935 0.9999999995872906 0.9999999998247788 0.9999999999269154 0.9999999999700528
5.6786349579401774e-12 1.4312154452586282e-11 3.543611316911008e-11 8.619319423292409e-11 2.059642500184634e-10 4.835141307032245e-10 1.1151461784837487e-9 2.526777322125744e-9 5.624997541171774e-9 1.2302857865236436e-8 2.6437876604660797e-8 5.582042580966977e-8 1.1580182559914946e-7 2.360498021651966e-7 4.727905569677426e-7 9.305131643082533e-7 1.7996052529784496e-6 3.4201586351183397e-6 6.387687904544606e-6 0.000011724240796078142 0.000021148794093193015 0.00003749416925454411 0.00006533378165665225 0.00011189943068167727 0.00018838902046386602 0.00031177710120159903 0.0005072462861857054 0.000811347127134603 0.0012759599323775074 0.0019730661777524632 0.003000233098496119 0.004486570262982296 0.006598735635328146 0.009546364333462145 0.013586090409226212 0.019023165731248102 0.026209593720643576 0.03553773488152732 0.047428545145269035 0.062313999751857946 0.08061383055921158 0.10270742456279285 0.12890252033356392 0.15940308942831352 0.19427937528986763 0.23344335811136327 0.27663282201981226 0.32340667182017563 0.37315319845376915 0.42511171629549194 0.47840654739246713 0.5320909064341511 0.5851970543074636 0.6367883190276941 0.6860083512383905 0.7321233240521132 0.774553649518827 0.8128930317031364 0.8469141195321541 0.8765614516342339 0.9019336076726674 0.9232573516189921 0.940856995100442 0.9551222193701024 0.9664772328653934 0.9753535133712065 0.9821676162943827 0.9873047475410421 0.9911081031166862 0.9938734364369219 0.9958479600237469 0.9972325189391922 0.998185962132071 0.9988307434771986 0.9992589609228972 0.9995382477754376 0.9997171315129338 0.999829650406402 0.9998991551201424 0.9999413186798207 0.9999664372244532 0.9999811327749224 0.9999895760592703 0.9999943400524554 0.9999969798158057 0.9999984162740071 0.9999991839096181 0.9999995867670157 0.9999997943929826 0.999999899479276 0.9999999517122253 0.9999999772085204 0.9999999894305587 0.9999999951842191 0.999999997844202 0.9999999990518695 0.9999999995903253 0.9999999998260941 0.9999999999274752 0.9999999999702869
5.72494911794606e-12 1.4426649277932301e-11 3.5714071933840166e-11 8.685586426934053e-11 2.0751569629478434e-10 4.870810936319199e-10 1.1231996457335495e-9 2.5446335469279828e-9 5.663876877206122e-9 1.2385990296349582e-8 2.6612436538822758e-8 5.6180374920052055e-8 1.1653071240101015e-7 2.374992464130262e-7 4.756210715103149e-7 9.359413127140158e-7 1.809827832127598e-6 3.4390642887778133e-6 6.422023561412747e-6 0.000011785478862513251 0.00002125604970530426 0.0000376786457453588 0.00006564537235060591 0.0001124162638473516 0.00018923087822159858 0.0003131237349937865 0.0005093616386718981 0.0008146102875868632 0.001280903227728584 0.0019804200678751583 0.0030109764592844077 0.004501983208081437 0.006620450321094203 0.00957640737605077 0.013626908879469988 0.019077627530193035 0.02628095287377091 0.03562955330652047 0.047544565032000864 0.06245796493771116 0.08078926100788818 0.10291735475953626 0.1291492192819698 0.15968778592990732 0.1946020161817361 0.23380242812262805 0.2770252512133843 0.3238278500619779 0.3735971064758808 0.42557117079228834 0.47887354479626076 0.5325570383852013 0.5856539591132152 0.6372281289531426 0.686424095987737 0.7325092562090239 0.7749054671556691 0.8132079853883898 0.847191003766796 0.8768004925308948 0.9021362679519503 0.9234260797559485 0.9409949473644678 0.9552329818320402 0.9665645659530864 0.9754211352879367 0.9822190346975144 0.9873431423172021 0.9911362576376161 0.9938937107706313 0.995862297327488 0.99724247553388 0.9981927522390593 0.9988352908949536 0.9992619516413872 0.9995401793374922 0.9997183565923454 0.9998304134375455 0.9998996218254435 0.9999415990072862 0.9999666025770477 0.9999812285558026 0.9999896305432823 0.9999943704880496 0.9999969965119787 0.9999984252684555 0.9999991886679482 0.9999995892390646 0.9999997956541768 0.9999999001111485 0.99999995202311 0.9999999773587278 0.9999999895018286 0.9999999952174272 0.999999997859397 0.9999999990586974 0.9999999995933382 0.9999999998273997 0.9999999999280308 0.9999999999705189
5.771633231438868e-12 1.4542040458436094e-11 3.5994162552866294e-11 8.75235113543441e-11 2.0907854809646472e-10 4.906737119926095e-10 1.1313097571250486e-9 2.562612524893748e-9 5.703017310390374e-9 1.2469667797486592e-8 2.678811326261389e-8 5.6542569704062955e-8 1.1726403084217332e-7 2.389572730834048e-7 4.784678965471531e-7 9.413998782877559e-7 1.8201060716418393e-6 3.458069879935937e-6 6.456535271395258e-6 0.000011847021204684701 0.00002136382122568759 0.00003786398031999737 0.00006595836297488833 0.00011293533710855655 0.00019007625134061722 0.0003144757784706624 0.0005114851536423226 0.0008178855224160961 0.0012858640310271041 0.0019877988386217856 0.003021754466606986 0.004517443417702253 0.0066422281573793145 0.009606533032979077 0.013667833133345877 0.01913222185020535 0.02635247437123407 0.035721566093085945 0.04766081215533722 0.06260218932169764 0.08096497956057573 0.10312759652227478 0.12939624536247396 0.1599728149454496 0.19492498291059035 0.23416180401761277 0.27741795270345715 0.3242492540114009 0.37404118226955635 0.4260307263753041 0.4793405712052049 0.533023125695316 0.58611074803753 0.6376677579180825 0.686839604072048 0.7328949077798628 0.7752569735081785 0.81352261072871 0.8474675556787441 0.8770392088334458 0.9023386210881148 0.9235945255793034 0.9411326470667201 0.9553435240571109 0.9666517116304313 0.9754886014405416 0.9822703265619339 0.9873814365588686 0.9911643340044805 0.9939139256330642 0.9958765903184349 0.9972523997884017 0.998199519222533 0.9988398221111564 0.9992649312340778 0.9995421034101257 0.9997195767289933 0.9998311732701542 0.9999000865010028 0.9999418780715208 0.9999667671585326 0.9999813238749654 0.9999896847560912 0.9999944007673646 0.9999970131197987 0.9999984342138946 0.999999193399604 0.9999995916968676 0.9999997969079052 0.9999999007391811 0.9999999523320566 0.9999999775079754 0.9999999895726319 0.9999999952504126 0.9999999978744878 0.9999999990654773 0.9999999995963295 0.9999999998286958 0.9999999999285822 0.9999999999707494
5.818690188908299e-12 1.4658334851654088e-11 3.6276400988967304e-11 8.81961719441648e-11 2.1065288710823608e-10 4.942921653398165e-10 1.139476899841953e-9 2.580715075016583e-9 5.7424205399937875e-9 1.2553893826734498e-8 2.696491367800504e-8 5.6907023671316524e-8 1.1800180685318746e-7 2.404239309789089e-7 4.813311221307945e-7 9.468890239318155e-7 1.8304402603818503e-6 3.4771759106181714e-6 6.491223889519589e-6 0.000011908869249465327 0.000021472110987090405 0.000038050176713922314 0.00006627275938712793 0.00011345665945806474 0.00019092515333350672 0.0003158332514984991 0.0005136168596640255 0.000821172871782494 0.0012908423974405958 0.0019952025639973416 0.003032567217337277 0.004532951015472842 0.006664069297823 0.009636741489912478 0.013708863388614349 0.01918694893853967 0.026424158483862082 0.03581377352593605 0.04777728680028243 0.06274667317193133 0.08114098644854693 0.10333815002407011 0.12964359866894878 0.16025817647115462 0.19524827536122127 0.23452148556261251 0.27781092613893993 0.3246708832099905 0.37448542528771755 0.42649038243511245 0.47980762597926646 0.5334891677283276 0.5865674204822315 0.638107205393074 0.687254875055374 0.7332802784390431 0.775608168369158 0.8138369076344905 0.8477437752872738 0.8772776006550514 0.9025406672689984 0.9237626893303269 0.9412700944807044 0.9554538463316203 0.9667386701800975 0.9755559120953182 0.9823214921287358 0.9874196304767986 0.9911923323957508 0.9939340811709715 0.9958908391139657 0.9972622917942082 0.9982062631519708 0.9988443371773253 0.9992678997382789 0.9995440200197437 0.9997207919411497 0.9998319299165963 0.999900549155012 0.999942155877835 0.9999669309722785 0.9999814187345062 0.9999897386989725 0.9999944308911615 0.9999970296397106 0.9999984431105791 0.9999991981047283 0.9999995941405033 0.9999997981542099 0.9999999013633967 0.999999952639077 0.9999999776562689 0.9999999896429714 0.9999999952831768 0.9999999978894751 0.9999999990722097 0.9999999995992994 0.9999999998299823 0.9999999999291296 0.9999999999709781
5.866122902900355e-12 1.4775539366327397e-11 3.6560803321405356e-11 8.887388275496352e-11 2.122387955835433e-10 4.979366344480059e-10 1.1477014636333954e-9 2.598942021578305e-9 5.782088275970146e-9 1.2638671863336501e-8 2.714284472801666e-8 5.7273750409464455e-8 1.1874406650993399e-7 2.4189926916722396e-7 4.842108387873608e-7 9.52408913376869e-7 1.840830688626509e-6 3.4963828852263058e-6 6.526090274708587e-6 0.000011971024429973589 0.000021580921332049685 0.000038237238677592535 0.00006658856746739036 0.00011398023992141969 0.0001917775977595395 0.00031719617400839407 0.0005157567853916941 0.0008244723759614339 0.0012958383822835441 0.0020026313181883857 0.0030434148085653236 0.004548506125269767 0.006685973896337101 0.009667032932798764 0.01374999986330817 0.01924180904268651 0.02649600548265223 0.035906175889849734 0.04789398925177262 0.06289141675629477 0.08131728190266078 0.10354901543738303 0.129891279294491 0.1605438705023177 0.19557189341740766 0.23488147252288322 0.27820417116775037 0.32509273719842824 0.3749298349826202 0.4269501383618772 0.4802747084782955 0.5339551638482548 0.5870239758496155 0.6385464708493949 0.6876699085026656 0.7336653678619864 0.7759590515324505 0.8141508760171201 0.8480196626125505 0.8775156681096143 0.9027424066829963 0.9239305712506591 0.9414072898801173 0.9555639489419088 0.9668254418846605 0.9756230675183758 0.9823725316387671 0.9874577242814726 0.9912202529896172 0.9939541775308359 0.9959050438312169 0.9972721516425413 0.998212984096678 0.9988488361448393 0.9992708571911921 0.99954592919267 0.9997220022470267 0.9998326833891966 0.9999010097956327 0.9999424324315189 0.9999670940216431 0.9999815131365114 0.9999897923731966 0.9999944608601977 0.9999970460721571 0.9999984519587626 0.9999992027834634 0.99999959657005 0.9999997993931334 0.9999999019838172 0.9999999529441828 0.9999999778036145 0.9999999897128504 0.9999999953157214 0.9999999979043595 0.9999999990788948 0.999999999602248 0.9999999998312594 0.9999999999296728 0.999999999971205
5.913934308181419e-12 1.4893660962753857e-11 3.68473857467498e-11 8.955668076462551e-11 2.1383635634838348e-10 5.016073013195911e-10 1.1559838408303623e-9 2.6172941941819258e-9 5.822022239022415e-9 1.2724005407816068e-8 2.732191339695211e-8 5.764276358462551e-8 1.1949083603440424e-7 2.433833369825079e-7 4.871071375189164e-7 9.579597111858768e-7 1.8512776480794345e-6 3.5156913105488804e-6 6.561135289796983e-6 0.000012033488185598503 0.000021690254612929645 0.00003842516997651712 0.000066905793118254 0.00011450608755703919 0.0001926335982248118 0.00031856456599645047 0.000517904959567866 0.0008277840753437434 0.001300852041017684 0.0020100851755633932 0.0030542973375981067 0.004564108871218357 0.006707942107106002 0.009697407547868164 0.01379124277573229 0.019296802410372002 0.026568015638769475 0.03599877346967183 0.048010919794674624 0.06303642034243759 0.08149386615336116 0.10376019293407211 0.13013928733142058 0.16082989703331438 0.19589583696191612 0.23524176466264152 0.27859768743681657 0.3255148155165325 0.3753744108058569 0.427409993545355 0.4807418180620281 0.5344211134193051 0.5874804135424526 0.6389855537590418 0.6880847039797754 0.7340501757251245 0.7763096227929371 0.8144645157889834 0.8482952176756277 0.8777534113117729 0.9029438395190611 0.9240981715823096 0.9415442335388464 0.9556738321743492 0.9669120270266016 0.9756900679756362 0.9824234453326284 0.9874957181830937 0.9912480959639887 0.9939742148588727 0.9959192045870835 0.997281979424435 0.998219682125787 0.9988533190649385 0.9992738036299103 0.9995478309551464 0.9997232076647764 0.9998334337002373 0.9999014684309965 0.9999427077378427 0.9999672563099697 0.9999816070830588 0.9999898457800281 0.9999944906752276 0.9999970624175789 0.9999984607586975 0.9999992074359512 0.9999995989855857 0.9999998006247177 0.9999999026004651 0.9999999532473852 0.9999999779500177 0.9999999897822714 0.9999999953480475 0.9999999979191417 0.9999999990855329 0.9999999996051752 0.9999999998325272 0.9999999999302119 0.9999999999714302
5.962127361903068e-12 1.5012706653162617e-11 3.713616457970949e-11 9.024460321457191e-11 2.1544565280515555e-10 5.053043491930461e-10 1.1643244263622218e-9 2.6357724277847902e-9 5.862224160667761e-9 1.2809897982102322e-8 2.7502126710632973e-8 5.801407694182033e-8 1.2024214179547914e-7 2.448761840267715e-7 4.900201098058364e-7 9.63541582758089e-7 1.8617814318755415e-6 3.535101695771719e-6 6.596359801547884e-6 0.000012096261962024873 0.000021800113191959255 0.000038613974391309756 0.00006722444226488837 0.0001150342114563205 0.00019349316838238764 0.0003199384475239572 0.0005200614110231621 0.0008311080104359643 0.0013058834292522911 0.002017564210673005 0.0030652149019598208 0.00457975937769293 0.0067299740845867505 0.009727865521633345 0.013832592344463539 0.019351929289557222 0.026640189223545552 0.036091566550311656 0.04812807871378432 0.0631816841977749 0.08167073943067495 0.10397168268539163 0.1303876228712787 0.16111625605759905 0.1962201058765003 0.23560236174506527 0.278991474592077 0.32593711770326067 0.375819152208358 0.4278699473748983 0.48120895409008846 0.5348870158058773 0.587936732963991 0.6394244535947325 0.6884992610534582 0.7344347017058989 0.7766598819465389 0.8147778268634591 0.8485704404984462 0.8779908303768994 0.9031449659666992 0.9242654905676546 0.9416809257309671 0.9557834963153466 0.9669984258883071 0.9757569137328332 0.9824742334506711 0.9875336123915881 0.9912758614964918 0.9939941933010296 0.9959333214982193 0.9972917752307148 0.9982263573082573 0.9988577859887235 0.999276739091419 0.9995497253333332 0.999724408212491 0.9998341808619572 0.9999019250692052 0.9999429818020553 0.9999674178405887 0.9999817005762174 0.9999898989207261 0.9999945203370016 0.9999970786764144 0.9999984695106348 0.9999992120623322 0.9999996013871878 0.9999998018490045 0.9999999032133624 0.9999999535486961 0.9999999780954847 0.9999999898512376 0.9999999953801568 0.9999999979338224 0.9999999990921244 0.9999999996080816 0.9999999998337856 0.9999999999307471 0.9999999999716536
6.0107050437690055e-12 1.51326835020915e-11 3.7427156253973496e-11 9.093768761159032e-11 2.170667689365648e-10 5.090279625509974e-10 1.1727236177733498e-9 2.654377562731899e-9 5.902695783302966e-9 1.2896353129655317e-8 2.7683491736635287e-8 5.838770430540471e-8 1.209980103097092e-7 2.463778601712512e-7 4.929498476091661e-7 9.69154694333023e-7 1.872342334587562e-6 3.55461455248847e-6 6.631764680669166e-6 0.000012159347211258539 0.00002191049944126943 0.00003880365571774332 0.00006754452085512951 0.00011556462074374575 0.00019435632193243432 0.00032131783871755895 0.0005222261686764943 0.0008344442218605953 0.0013109326027444764 0.002025068498250379 0.003076167599392202 0.004595457769317066 0.006752069983509231 0.009758407040889405 0.013874048788350518 0.019407189928437905 0.026712526508478336 0.03618455541674232 0.0482454662938258 0.06332720858948586 0.08184790196421057 0.10418348486199044 0.13063628600482696 0.16140294756770424 0.19654470004190017 0.2359632635322933 0.27938553227848206 0.32635964329670997 0.3762640586403946 0.428329999239457 0.481676115921992 0.5353528703725643 0.5883929335179584 0.639863169829908 0.688913579291373 0.7348189454827617 0.7770098287902159 0.8150908091549194 0.8488453311038329 0.8782279254210996 0.9033457862159707 0.924432528449437 0.9418173667307426 0.9558929416513362 0.9670846387520675 0.9758236050555122 0.9825248962330001 0.9875714071166051 0.9913035497644722 0.9940141130029867 0.9959473946810378 0.9973015391519988 0.9982330097128754 0.9988622369671576 0.9992796636125957 0.9995516123533095 0.9997256039082029 0.9998349248865528 0.9999023797183306 0.9999432546293864 0.9999675786168167 0.9999817936180473 0.999989951796544 0.9999945498462671 0.9999970948491002 0.9999984782148243 0.9999992166627469 0.9999996037749335 0.9999998030660354 0.9999999038225311 0.9999999538481266 0.999999978240021 0.9999999899197518 0.9999999954120506 0.9999999979484023 0.9999999990986697 0.9999999996109671 0.9999999998350348 0.9999999999312781 0.9999999999718753
6.059670356202719e-12 1.5253598626766875e-11 3.772037732305216e-11 9.163597172966452e-11 2.1869978930953813e-10 5.12778327128405e-10 1.1811818152398644e-9 2.673110444789463e-9 5.943438860270227e-9 1.2983374415592477e-8 2.786601558452732e-8 5.876365957950692e-8 1.2175846824210597e-7 2.4788841555779534e-7 4.958964433730255e-7 9.747992129944794e-7 1.8829606522327018e-6 3.574230394711229e-6 6.667350801830231e-6 0.000012222745391651813 0.000022021415742931314 0.00003899421776680475 0.00006786603485955727 0.00011609732457698733 0.00019522307262236234 0.0003227027597694455 0.0005243992615352899 0.0008377927503563705 0.0013159996173994673 0.00203259811321148 0.0030871555278547884 0.004611204170963812 0.006774229958876285 0.009789032292713865 0.013915612326513343 0.019462584575443913 0.026785027765231086 0.036277740353999444 0.04836308281944952 0.06347299378451216 0.08202535398315622 0.10439559963391007 0.13088527682204565 0.16168997155523962 0.19686961933784192 0.23632446978542573 0.2797798601399941 0.32678239183411895 0.37670912955157987 0.42879014852758157 0.4821433029171479 0.5358186764841558 0.5888490146085645 0.6403017019387337 0.6893276582620843 0.7352029067351766 0.7773594631219669 0.8154034625787298 0.8491198895155001 0.8784646965612108 0.9035463004574873 0.9245992854707632 0.9419535568126216 0.9560021684687827 0.9671706659000758 0.9758901422090277 0.9825754339194709 0.9876091025675163 0.9913311609449942 0.9940339741101576 0.9959614242517111 0.9973112712786975 0.9982396394082564 0.998866672051065 0.9992825772302105 0.9995534920410732 0.9997267947698847 0.999835665786178 0.9999028323864153 0.9999435262250446 0.9999677386419572 0.9999818862106002 0.9999900044087299 0.9999945792037679 0.9999971109360706 0.9999984868715148 0.9999992212373348 0.9999996061488995 0.9999998042758518 0.999999904427993 0.9999999541456881 0.9999999783836324 0.9999999899878167 0.9999999954437302 0.9999999979628821 0.9999999991051689 0.9999999996138318 0.9999999998362749 0.9999999999318052 0.9999999999720953
6.109026324515901e-12 1.537545919748634e-11 3.801584446112664e-11 9.23394936118228e-11 2.2034479907914906e-10 5.165556299208079e-10 1.1896994215864613e-9 2.691971925178524e-9 5.984455155923304e-9 1.3070965426815846e-8 2.8049705406108082e-8 5.914195674846831e-8 1.2252354240692924e-7 2.4940790060026113e-7 4.988599900269971e-7 9.80475306674587e-7 1.8936366822792488e-6 3.5939497388811178e-6 6.703119043678596e-6 0.000012286457967928748 0.000022132864488993836 0.00003918566436474941 0.00006818899027157334 0.00011663233214701256 0.00019609343424696753 0.0003240932309375225 0.0005265807186957156 0.0008411536367785125 0.0013210845292709248 0.00204015313065539 0.0030981787855252486 0.0046269987077559895 0.006796454165963916 0.009819741464466727 0.013957283178343468 0.01951811347923881 0.026857693265631637 0.036371121647180225 0.04848092857523139 0.06361904004955633 0.08220309571627843 0.10460802717058326 0.13113459541213235 0.16197732801089051 0.19719486364303718 0.2366859802645239 0.2801744578195887 0.32720536285186924 0.3771543643908717 0.429250394627425 0.48261051443486164 0.5362844335056406 0.5893049756405034 0.6407400493961017 0.6897414975350633 0.7355865851436194 0.7777087847408297 0.8157157870512478 0.8493941157580434 0.8787011439147998 0.9037465088824106 0.9247657618751022 0.9420894962512373 0.9561111770541788 0.9672565076144268 0.9759565254585456 0.9826258467496902 0.9876466989534161 0.9913586952148401 0.9940537767676884 0.9959754103261713 0.997320971701014 0.9982462464628428 0.9988710912911325 0.9992854799809268 0.9995553644225413 0.99972798081545 0.9998364035729439 0.9999032830814716 0.9999437965942188 0.9999678979193001 0.9999819783559187 0.9999900567585261 0.9999946084102442 0.9999971269377578 0.9999984954809535 0.9999992257862343 0.999999608509162 0.9999998054784947 0.99999990502977 0.9999999544413918 0.9999999785263247 0.9999999900554355 0.9999999954751972 0.9999999979772622 0.9999999991116225 0.999999999616676 0.9999999998375058 0.9999999999323284 0.9999999999723137
6.158775997079025e-12 1.5498272438004018e-11 3.831357446390714e-11 9.30482915720054e-11 2.2200188399259933e-10 5.203600591926051e-10 1.1982768423033482e-9 2.7109628606090914e-9 6.025746445694098e-9 1.3159129772139975e-8 2.8234568395648434e-8 5.952260987728528e-8 1.2329325976848706e-7 2.509363659859151e-7 5.018405809885384e-7 9.861831441578618e-7 1.9043707236532324e-6 3.61377310387908e-6 6.739070288856714e-6 0.000012350486411211014 0.000022244848081522126 0.00003937799935315716 0.00006851339310747893 0.00011716965267819253 0.00019696742064857203 0.00032548927254559914 0.000528770569342901 0.0008445269220989943 0.0013261873945612124 0.002047733625864616 0.003109237470799659 0.004642841505066392 0.006818742760321391 0.009850534743790416 0.01399906156350348 0.01957377688871938 0.02693052328167179 0.036464699581442446 0.04859900384567136 0.06376534765108044 0.08238112739192018 0.1048207676408324 0.13138424186350078 0.16226501692441742 0.1975204328351824 0.2370477947286105 0.28056932495925524 0.32762855588548684 0.377599762606574 0.42971073692674555 0.4830777498343375 0.5367501408022093 0.5897608160189558 0.6411782116776328 0.6901550966806885 0.7359699803895778 0.7780577934468811 0.816027782489823 0.8496680098569412 0.8789372676001626 0.9039464116824505 0.9249319579062839 0.9422251853214055 0.9562199676940437 0.9673421641771169 0.9760227550690399 0.982676134963016 0.9876841964831211 0.9913861527505115 0.9940735211204585 0.9959893530201107 0.9973306405089448 0.9982528309449057 0.998875494737909 0.9992883719013002 0.9995572295235502 0.9997291620627531 0.9998371382589193 0.9999037318114827 0.9999440657420777 0.9999680564521216 0.9999820700560371 0.9999901088471699 0.999994637466433 0.9999971428545922 0.9999985040433867 0.9999992303095837 0.9999996108557968 0.9999998066740051 0.9999999056278835 0.9999999547352489 0.9999999786681035 0.9999999901226106 0.9999999955064529 0.9999999979915437 0.9999999991180308 0.9999999996194997 0.9999999998387277 0.9999999999328477 0.9999999999725304
6.208922445492672e-12 1.5622045625918646e-11 3.8613584249491435e-11 9.376240419693146e-11 2.2367113039321125e-10 5.24191804485376e-10 1.2069144855632922e-9 2.7300841133140905e-9 6.067314516159558e-9 1.3247871082419988e-8 2.8420611790131787e-8 5.990563311205165e-8 1.2406764744193088e-7 2.5247386267683165e-7 5.048383101653999e-7 9.919228950852438e-7 1.9151630767451093e-6 3.633701011036509e-6 6.775205424018584e-6 0.000012414832199043269 0.000022357368932635 0.000039571226588986734 0.00006883924940655113 0.00011770929542840568 0.0001978450457171609 0.00032689090498356214 0.0005309688427511491 0.0008479126474068017 0.0013313082696216907 0.0020553396743053995 0.0031203316822927905 0.00465873268851804 0.006841095897771401 0.009881412318609771 0.014040947701926865 0.01962957505301517 0.02700351808550635 0.036558474442003185 0.04871730891519189 0.06391191685530441 0.08255944923799947 0.10503382121286774 0.13163421626377905 0.16255303828465456 0.19784632679095868 0.23740991293566993 0.28096446119999785 0.32805197046964363 0.3780453236463395 0.4301711748129092 0.48354500847468157 0.537215797739257 0.5902165351495913 0.6416161882596778 0.690568455270248 0.7363530921555529 0.7784064890412365 0.8163394488127955 0.8499415718385535 0.8791730677363214 0.9041460090498634 0.9250978738084978 0.9423606242981235 0.9563285406749228 0.9674276358700425 0.9760888313052933 0.9827262987985557 0.9877215953651706 0.9914135337282282 0.9940932073130814 0.9960032524489815 0.99734027779228 0.998259392922545 0.9988798824418066 0.9992912530277802 0.9995590873698557 0.9997303385295888 0.9998378698561313 0.9999041785844023 0.9999443336737703 0.9999682142436856 0.9999821613129809 0.9999901606758927 0.9999946663730682 0.9999971586870019 0.9999985125590591 0.9999992348075202 0.9999996131888795 0.9999998078624236 0.9999999062223552 0.9999999550272709 0.9999999788089746 0.9999999901893453 0.9999999955374987 0.999999998005727 0.999999999124394 0.9999999996223032 0.9999999998399406 0.999999999933363 0.9999999999727454
6.259468764759638e-12 1.5746786093064294e-11 3.8915890859232005e-11 9.448187034798447e-11 2.2535262522442996e-10 5.280510566262598e-10 1.2156127622387651e-9 2.749336551083696e-9 6.1091611651090275e-9 1.3337193010681245e-8 2.8607842869496922e-8 6.029104068040703e-8 1.24846732694059e-7 2.5402044191131444e-7 5.078532719580584e-7 9.976947299582173e-7 1.92601404341648e-6 3.65373398414602e-6 6.81152533984678e-6 0.000012479496815418856 0.00002247042946454383 0.0000397653499446311 0.00006916656523112237 0.00011825126968914466 0.00019872632339052712 0.00032829814870755813 0.0005331755682841704 0.0008513108539081943 0.0013364472109530364 0.00206297135162802 0.003131461518838444 0.004674672383984461 0.006863513734410251 0.00991237437713214 0.014082941813817846 0.019685508221488058 0.02707667794945258 0.0366524465141381 0.04883584406813693 0.06405874792820457 0.08273806148200769 0.10524718805428598 0.13188451869980858 0.16284139207950907 0.19817254538603096 0.23777233464264824 0.28135986618183606 0.3284756061381585 0.3784910469571711 0.4306317076728917 0.4840122897149041 0.5376814036823858 0.5906721324385706 0.64205397861932 0.6909815728759399 0.7367359201250594 0.7787548713260501 0.8166507859394958 0.8502148017301203 0.8794085444430249 0.9043453011774512 0.9252635098262907 0.9424958134565684 0.9564368962833851 0.967512922974999 0.9761547544318969 0.9827763384951678 0.9877588958078252 0.9914408383239293 0.9941128354899034 0.9960171087279963 0.9973498836406027 0.9982659324636894 0.9988842544530996 0.9992941233967101 0.9995609379871332 0.9997315102336934 0.9998385983765643 0.9999046234081548 0.999944600394425 0.9999683712972418 0.9999822521287672 0.9999902122459208 0.9999946951308798 0.9999971744354131 0.9999985210282146 0.9999992392801804 0.9999996155084853 0.9999998090437907 0.9999999068132062 0.9999999553174683 0.9999999789489435 0.999999990255642 0.999999995568336 0.9999999980198129 0.9999999991307122 0.9999999996250865 0.9999999998411446 0.9999999999338745 0.9999999999729587
6.3104180734592664e-12 1.587250122590411e-11 3.92205114586125e-11 9.520672916311854e-11 2.27046456033885e-10 5.319380077364348e-10 1.2243720859191969e-9 2.76872104730006e-9 6.151288201611954e-9 1.3427099232249309e-8 2.8796268956883037e-8 6.067884689198565e-8 1.2563054294412746e-7 2.55576155205316e-7 5.108855612621572e-7 1.0034988201429145e-6 1.9369239270068323e-6 3.6738725494723563e-6 6.848030931069379e-6 0.000012544481750805967 0.000022584032109590925 0.000039960373307974075 0.00006949534666665866 0.00011879558478562547 0.00019961126765441337 0.0003297110242401757 0.0005353907753953035 0.0008547215829269689 0.0013416042752054983 0.0020706287336671085 0.0031426270794896955 0.004690660717589883 0.0068859964266079375 0.009943421107847234 0.014125044119651105 0.019741576643731683 0.027150003145989258 0.036746616083180014 0.04895460958877029 0.06420584113551206 0.08291696435100772 0.1054608683320687 0.13213514925764253 0.16313007829596 0.1984990884950476 0.238135059605453 0.2817555395438057 0.3288994624239997 0.37893693198542444 0.4310923348932816 0.4844795929139223 0.5381469579974074 0.5911276072925487 0.6424915822343767 0.6913944490708739 0.7371184639826258 0.7791029401045142 0.8169617937902438 0.8504876995597611 0.8796436978407451 0.9045442882585586 0.9254288662045655 0.9426307530720955 0.956545034806023 0.9675980257736796 0.9762205247132485 0.9828262542914599 0.9877960980190683 0.9914680667132721 0.9941324057950048 0.9960309219721286 0.9973594581432912 0.9982724496360972 0.9988886108219259 0.9992969830443261 0.9995627814009783 0.9997326771927446 0.9998393238321608 0.9999050662906354 0.9999448659091512 0.9999685276160273 0.9999823425054044 0.9999902635584746 0.9999947237405946 0.99999719010025 0.9999985294510958 0.9999992437277005 0.9999996178146886 0.9999998102181467 0.999999907400458 0.9999999556058524 0.999999979088016 0.9999999903215037 0.999999995598966 0.9999999980338017 0.9999999991369863 0.9999999996278497 0.9999999998423398 0.999999999934382 0.9999999999731706
6.361773513922275e-12 1.599919846592589e-11 3.952746333812239e-11 9.593702005875897e-11 2.2875271097745243e-10 5.358528512395744e-10 1.2331928729283336e-9 2.7882384809718753e-9 6.193697446085986e-9 1.351759344488022e-8 2.8985897418874272e-8 6.106906613886567e-8 1.264191057646578e-7 2.571410543538574e-7 5.139352734709618e-7 1.0093353378742098e-6 1.947893032340309e-6 3.694117235763151e-6 6.884723096476768e-6 0.000012609788502173213 0.000022698179310287506 0.000040156300582445 0.0000698255998218365 0.0001193422500768923 0.00020049989254264952 0.00033112955217062427 0.0005376144936277292 0.0008581448759047202 0.0013467795191792198 0.0020783118964419526 0.003153828463519229 0.004706697815709521 0.006908544131008352 0.009974552699527236 0.014167254840171669 0.01979778056957116 0.027223493947756153 0.03684098343451826 0.04907360576127469 0.06435319674271137 0.08309615807163265 0.10567486221258059 0.13238610802254447 0.16341909692005707 0.19882595599164005 0.23849808757895402 0.28215148092396003 0.3293235388592851 0.3793829781768096 0.43155305586028214 0.48494691743056273 0.5386124600503459 0.5915829591186755 0.6429289985834011 0.6918070834290726 0.737500723413796 0.7794506951808597 0.8172724722863484 0.850760265356473 0.8798785280506769 0.9047429704870728 0.9255939431885799 0.9427654434202375 0.9566529565294513 0.9676829445476757 0.9762861424135526 0.9828760464257892 0.9878332022066052 0.9914952190716337 0.9941519183722005 0.996044692296113 0.9973690013895171 0.9982789445073559 0.9988929515982874 0.9992998320067594 0.9995646176369066 0.9997338394243611 0.9998400462348219 0.99990550723971 0.9999451302230378 0.9999686832032657 0.9999824324448926 0.9999903146147697 0.9999947522029364 0.9999972056819345 0.9999985378279437 0.9999992481502153 0.9999996201075638 0.9999998113855313 0.9999999079841315 0.9999999558924342 0.9999999792261973 0.999999990386933 0.9999999956293901 0.9999999980476943 0.9999999991432161 0.9999999996305932 0.9999999998435262 0.9999999999348859 0.9999999999733806
6.413538252407134e-12 1.6126885310042598e-11 3.98367639141454e-11 9.667278273173369e-11 2.3047147882335378e-10 5.397957818703981e-10 1.242075542341716e-9 2.807889736769345e-9 6.236390730365528e-9 1.360867936889236e-8 2.9176735665746686e-8 6.146171289602482e-8 1.272124488822527e-7 2.5871519143247025e-7 5.170025044778261e-7 1.0152044562598984e-6 1.95892166573252e-6 3.71446857425984e-6 6.9216027389389e-6 0.00001267541857301571 0.000022812873519353057 0.00004035313568707492 0.00007015733082862338 0.00011989127495592503 0.0002013922121372991 0.00033255375315491856 0.0005398467526147039 0.0008615807744011083 0.001351972999824521 0.002086020916156802 0.003165065770419603 0.0047227838049698 0.006931157004529399 0.01000576934122675 0.014209574196394575 0.019854120249062388 0.02729715062755298 0.03693554885359721 0.04919283286974995 0.06450081501503857 0.08327564287008396 0.10588916986156789 0.13263739507898678 0.16370844793691988 0.19915314774842213 0.23886141831698307 0.28254768995936974 0.3297478349752848 0.37982918497639345 0.43201386995971414 0.48541426262356424 0.5390779092074398 0.5920381873245999 0.643366227145684 0.6922194755254721 0.7378826981051284 0.7797981363603559 0.8175828213501062 0.8510324991501297 0.8801130351947362 0.9049413480574208 0.9257587410239441 0.9428998847767021 0.9567606617403044 0.967767679578474 0.9763516077968196 0.9829257151362614 0.9878702085778623 0.9915222955741092 0.9941713733650388 0.9960584198144452 0.9973785134682474 0.9982854171448833 0.998897276832049 0.9993026703200352 0.9995664467203542 0.9997349969461035 0.9998407655964067 0.9999059462632156 0.9999453933411541 0.9999688380621681 0.9999825219492231 0.999990365416016 0.9999947805186253 0.999997221180887 0.9999985461589987 0.9999992525478598 0.999999622387185 0.9999998125459846 0.9999999085642479 0.9999999561772243 0.999999979363493 0.9999999904519328 0.9999999956596097 0.9999999980614915 0.9999999991494022 0.9999999996333169 0.9999999998447038 0.9999999999353859 0.9999999999735891
6.465715479277688e-12 1.6255569310993016e-11 4.014843072985089e-11 9.741405716121046e-11 2.3220284895627916e-10 5.437669956832899e-10 1.251020516004201e-9 2.8276757050594334e-9 6.2793698977703975e-9 1.37003607472984e-8 2.93687911517167e-8 6.185680172179528e-8 1.2801060017841738e-7 2.602986187986337e-7 5.2008735067866e-7 1.0211063492848365e-6 1.9700101349973363e-6 3.734927098708642e-6 6.958670765422228e-6 0.000012741373473381289 0.00002292811719975349 0.00004055088255655304 0.00007049054584235565 0.00012044266884974819 0.0002022882405687995 0.0003339836479160557 0.000542087582079778 0.0008650293200941098 0.001357184774242195 0.002093755869201181 0.0031763390999035804 0.0047389188122486095 0.006953835204363164 0.010037071222282793 0.01425200240960475 0.01991059593249176 0.027370973458338867 0.03703031262591557 0.0493122911982122 0.06464869621748032 0.08345541897212987 0.10610379144415716 0.13288901051064997 0.1639981313307371 0.19948066363698966 0.23922505157233417 0.2829441662861246 0.3301723503024221 0.38027555182860134 0.43247477657701816 0.48588162785158057 0.5395433048351455 0.5924932913184712 0.6438032674012559 0.6926316249359246 0.7382643877441977 0.7801452634493098 0.8178928409048016 0.8513044009714812 0.8803472193955588 0.9051394211645682 0.9259232599566194 0.9430340774173714 0.9568681507252368 0.9678522311474576 0.9764169211268654 0.9829752606607312 0.9879071173399885 0.9915492963955135 0.9941907709168031 0.9960721046413825 0.9973879944682434 0.9982918676159271 0.9989015865729401 0.999305498020073 0.9995682686766773 0.999736149775474 0.9998414819287325 0.9999063833689603 0.9999456552685502 0.9999689921959318 0.9999826110203789 0.9999904159634181 0.9999948086883782 0.9999972365975252 0.9999985544444998 0.9999992569207675 0.9999996246536254 0.999999813699546 0.9999999091408278 0.9999999564602338 0.9999999794999089 0.9999999905165058 0.9999999956896262 0.9999999980751937 0.9999999991555446 0.9999999996360209 0.9999999998458728 0.9999999999358823 0.9999999999737961
6.518308409182053e-12 1.638525807774652e-11 4.046248145608824e-11 9.816088361063925e-11 2.3394691138153896e-10 5.477666900609577e-10 1.2600282185477417e-9 2.8475972819412587e-9 6.322636803175586e-9 1.3792641345938221e-8 2.9562071375190742e-8 6.225434725832202e-8 1.2881358769038293e-7 2.618913890932226e-7 5.231899089744358e-7 1.027041191815125e-6 1.981158749453809e-6 3.7554933453715677e-6 6.995928087007095e-6 0.000012807654719896734 0.000023043912824740735 0.000040749545141283134 0.00007082525104181784 0.0001209964412195393 0.0002031879920161054 0.0003354192572442043 0.0005443370118370247 0.0008684905547803004 0.0013624148996838007 0.002101516832150194 0.0031876485519043768 0.004755102964675519 0.006976578887975998 0.010068458532314747 0.014294539701356749 0.019967207870375574 0.02744496271323148 0.037125275037025014 0.049431981030592 0.06479684061477159 0.0836354866031037 0.10631872712485292 0.13314095440042015 0.1642881470847646 0.19980850352791987 0.23958898709676363 0.2833409095393342 0.3305970843702748 0.3807220781772195 0.4329357750972571 0.48634901247318263 0.5400086463001388 0.5929482705089412 0.6442401188308885 0.6930435312371978 0.7386457920195943 0.7804920762550667 0.8182025308747053 0.8515759708521506 0.880581080776498 0.9053371900040177 0.9260875002329172 0.9431680216182998 0.9569754237709214 0.9679365995359028 0.9764820826673102 0.9830246832368014 0.9879439286998535 0.9915762217103798 0.9942101111705108 0.9960857468909441 0.9973974444780623 0.9982982959875657 0.9989058808705547 0.9993083151426873 0.9995700835311532 0.9997372979299166 0.9998421952435755 0.9999068185647233 0.999945916010256 0.9999691456077415 0.9999826996603347 0.9999904662581752 0.9999948367129088 0.9999972519322655 0.9999985626846846 0.9999992612690718 0.9999996269069581 0.999999814846255 0.9999999097138924 0.9999999567414732 0.9999999796354502 0.9999999905806547 0.9999999957194408 0.9999999980888017 0.999999999161644 0.9999999996387056 0.9999999998470332 0.9999999999363749 0.9999999999740014
6.5713202812327955e-12 1.6515959275911898e-11 4.077893389229347e-11 9.891330262972248e-11 2.3570375672924035e-10 5.517950637231076e-10 1.2690990774090922e-9 2.8676553692814884e-9 6.36619331308053e-9 1.3885524953612549e-8 2.9756583879015084e-8 6.265436423202367e-8 1.296214396119326e-7 2.634935552419622e-7 5.263102767736705e-7 1.0330091596023099e-6 1.9923678199329996e-6 3.776167853037341e-6 7.0333756189047935e-6 0.000012874263835793772 0.000023160262877891247 0.000040949127407439034 0.00007116145262932223 0.00012155260156073423 0.00020409148070683146 0.0003368606019968821 0.0005465950717912547 0.0008719645203751044 0.0013676634335519583 0.002109303881764837 0.003198994226576003 0.0047713363896320716 0.0069993882131087655 0.010099931461224473 0.014337186293474543 0.020023956313459625 0.027519118665506274 0.037220436372529385 0.04955190265073344 0.06494524847139471 0.08381584598790244 0.10653397706753695 0.13339322683038887 0.16457849518132564 0.2001366672907713 0.23995322464099034 0.2837379193531281 0.33102203670757724 0.381168763465397 0.43339686490511864 0.48681641584686164 0.5404739329693186 0.593403124305167 0.6446767809160969 0.6934551940069775 0.7390269106209263 0.7808385745860097 0.8185118911850738 0.8518472088246355 0.8808146194616242 0.9055346547718072 0.9262514620994967 0.9433017176557132 0.9570824811640475 0.9680207850249811 0.9765470926815787 0.9830739831018225 0.9879806428640489 0.9916030716929614 0.9942293942689147 0.9960993466769112 0.9974068635860565 0.9983047023267083 0.9989101597743509 0.9993111217235877 0.9995718913089802 0.9997384414268178 0.9998429055526705 0.999907251858255 0.9999461755712824 0.9999692983007693 0.9999827878710569 0.9999905163014815 0.9999948645929274 0.9999972671855218 0.9999985708797896 0.999999265592905 0.999999629147256 0.9999998159861505 0.999999910283462 0.9999999570209535 0.9999999797701222 0.9999999906443822 0.9999999957490548 0.999999998102316 0.9999999991677002 0.9999999996413709 0.9999999998481852 0.9999999999368637 0.9999999999742051
6.624754359188423e-12 1.6647680628146595e-11 4.109780596739902e-11 9.967135505639087e-11 2.3747347625849293e-10 5.558523167352494e-10 1.2782335228477111e-9 2.8878508747503407e-9 6.410041305679258e-9 1.3979015382217419e-8 2.9952336250729075e-8 6.305686745405565e-8 1.3043418429423354e-7 2.6510517045689087e-7 5.294485519949405e-7 1.0390104292875962e-6 2.0036376587849067e-6 3.796951163032608e-6 7.071014280474909e-6 0.000012941202350935782 0.00002327716985314524 0.00004114963333702233 0.00007149915683078833 0.00012211115940313888 0.00020499872091739633 0.0003383077030991376 0.000548861791938252 0.0008754512589130574 0.0013729304334006462 0.002117117094992286 0.0032103762242935165 0.004787619214751964 0.007022263337776869 0.010131490199196123 0.014379942408051275 0.02008084151271863 0.027593441588595665 0.037315796918083344 0.049672056342392454 0.0650939200515776 0.08399649735098477 0.10674954143546617 0.13364582788185078 0.16486917560180894 0.20046515479408264 0.24031776395469592 0.28413519536065757 0.33144720684222123 0.3816156071356477 0.4338580453849178 0.4872838373310314 0.5409391642098085 0.5938578521168133 0.645113253139141 0.6938666128238684 0.7394077432388183 0.7811847582515594 0.8188209217621489 0.8521181149223045 0.8810478355757227 0.905731815664508 0.9264151458033636 0.9434351658060067 0.9571893231913204 0.968104787895755 0.9766119514328988 0.9831231604928932 0.9880172600388873 0.99162984651723 0.994248620354502 0.9961129041128274 0.9974162518803744 0.9983110867000952 0.9989144233336523 0.999313917798379 0.9995736920352775 0.999739580283506 0.9998436128677111 0.9999076832572771 0.9999464339566206 0.9999694502781737 0.9999828756545032 0.9999905660945255 0.9999948923291411 0.9999972823577065 0.9999985790300505 0.999999269892399 0.9999996313745916 0.9999998171192718 0.9999999108495573 0.9999999572986848 0.9999999799039306 0.999999990707691 0.9999999957784698 0.9999999981157371 0.9999999991737138 0.999999999644017 0.9999999998493285 0.9999999999373489 0.9999999999744074
6.678613931636188e-12 1.678042991457004e-11 4.141911574074673e-11 1.0043508201878534e-10 2.3925616186164055e-10 5.599386505174989e-10 1.2874319879638144e-9 2.9081847118574923e-9 6.45418267093108e-9 1.4073116466879005e-8 3.0149336122818145e-8 6.346187182077469e-8 1.3125185024667482e-7 2.66726288237825e-7 5.326048330694097e-7 1.045045178406071e-6 2.0149685798854305e-6 3.817843819232931e-6 7.108844995242773e-6 0.00001300847180184411 0.000023394636254846223 0.00004135106692791868 0.00007183836989582194 0.00012267212431103658 0.000205909726973164 0.00033976058154373817 0.0005511372023649887 0.0008789508125480806 0.001378215956935492 0.002124956548966253 0.003221794645653344 0.004803951567921343 0.007045204420270458 0.010163134936696261 0.014422808267449096 0.020137863719355886 0.027667931756088438 0.03741135695939164 0.0497924423892359 0.06524285561929223 0.08417744091636971 0.10696542039127101 0.1338987576353028 0.16516018832666823 0.20079396590537305 0.2406826047865249 0.2845327371940959 0.33187259430125826 0.3820626086298524 0.4343193159205991 0.48775127628403125 0.5414043393889603 0.5943124533540544 0.6455495349830278 0.6942777872673948 0.7397882895649133 0.781530627062174 0.8191296225331569 0.8523886891793975 0.8812807292442923 0.9059286728792237 0.9265785515918681 0.9435683663457437 0.9572959501394602 0.9681886084291796 0.976676659184301 0.9831722156468585 0.9880537804304028 0.9916565463568772 0.9942677895694954 0.9961264193119987 0.9974256094489604 0.9983174491742981 0.9989186715976472 0.9993167034025616 0.9995754857350858 0.9997407145172521 0.9998443172003495 0.9999081127694829 0.9999466911712425 0.9999696015431011 0.9999829630126232 0.9999906156384908 0.9999949199222536 0.9999972974492295 0.9999985871357013 0.9999992741676849 0.9999996335890364 0.9999998182456573 0.9999999114121987 0.9999999575746783 0.9999999800368806 0.9999999907705837 0.9999999958076867 0.9999999981290659 0.9999999991796853 0.999999999646644 0.9999999998504636 0.9999999999378304 0.9999999999746079
6.732902312176256e-12 1.691421497318136e-11 4.174288140301361e-11 1.0120452493726776e-10 2.4105190606852314e-10 5.640542678534577e-10 1.2966949087165045e-9 2.9286577999883246e-9 6.498619310631536e-9 1.4167832066090058e-8 3.0347591172968846e-8 6.38693923142087e-8 1.3207446613770796e-7 2.6835696237384217e-7 5.357792189433661e-7 1.0511135853909875e-6 2.026360898643353e-6 3.838846368074089e-6 7.146868690916911e-6 0.000013076073731724668 0.00002351266459778056 0.00004155343219395479 0.00007217909809779688 0.00012323550588329716 0.00020682451324859248 0.0003412192583913534 0.0005534213332498628 0.0008824632235537453 0.0013835200620140697 0.0021328223210072264 0.003233249591473553 0.004820333577279 0.007068211619154567 0.010194865864473789 0.014465784094298838 0.020195023184802628 0.027742589441728704 0.037507116782207695 0.04991306107483971 0.06539205543825309 0.08435867690763489 0.10718161409695422 0.13415201617044256 0.16545153333542081 0.20112310049114113 0.24104774688408484 0.2849305444846393 0.33229819861090026 0.3825097673892611 0.43478067589573927 0.48821873206412836 0.5418694578743555 0.5947669274275764 0.6459856259315127 0.6946887169180025 0.7401685492918723 0.7818761808293493 0.8194379934263074 0.8526589316310234 0.8815133005935443 0.9061252266135886 0.9267416797127039 0.9437013195516545 0.9574023622951999 0.9682722469061005 0.9767412161986184 0.9832211488003105 0.9880902042443505 0.9916831713853134 0.9942869020558529 0.9961398923874947 0.9974349363795558 0.9983237898157205 0.99892290461539 0.9993194785715316 0.9995772724333676 0.9997418441452695 0.9998450185621973 0.9999085404025372 0.9999469472201004 0.9999697520986843 0.9999830499473583 0.9999906649345556 0.9999949473729657 0.999997312460499 0.9999985951969753 0.9999992784188931 0.9999996357906624 0.9999998193653455 0.9999999119714065 0.9999999578489441 0.9999999801689775 0.9999999908330629 0.999999995836707 0.999999998142303 0.9999999991856146 0.9999999996492522 0.9999999998515903 0.9999999999383085 0.999999999974807
6.787622839606858e-12 1.7049043700276552e-11 4.206912127713869e-11 1.0197972552643247e-10 2.428608020507539e-10 5.681993728991459e-10 1.3060227239419107e-9 2.9492710644403538e-9 6.5433531384832805e-9 1.4263166061846086e-8 3.0547109124325015e-8 6.42794440025254e-8 1.3290206079568733e-7 2.699972469447577e-7 5.389718090807529e-7 1.0572158295780087e-6 2.037814932007288e-6 3.859959358563172e-6 7.185086299406388e-6 0.000013144009690494617 0.00002363125740721641 0.000041756733164955706 0.0000725213477339338 0.00012380131375348667 0.00020774309416737415 0.0003426837547707325 0.000555714214862913 0.0008859885343235231 0.001388842806646196 0.0021407144886228355 0.003244741162794168 0.004836765371216642 0.007091285093269213 0.010226683173559932 0.014508870111499868 0.020252320160717634 0.02781741491941531 0.03760307667233271 0.05003391268268793 0.06554151977191564 0.08454020554791485 0.10739812271388885 0.13440560356616718 0.16574321060664707 0.20145255841686466 0.24141318999394648 0.2853286168625082 0.3327240192965217 0.38295708285449465 0.43524212469354984 0.4886862040295206 0.5423345190338091 0.5952212737485802 0.6464215254691015 0.6950994013570596 0.7405485221133755 0.7822214193656176 0.819746034370793 0.85292884231316 0.8817455497503999 0.9063214770657652 0.9269045304139065 0.9438340257006346 0.9575085599452853 0.968355703607253 0.9768056227384851 0.9832699601895881 0.9881265316862061 0.991709721775669 0.9943059579552681 0.9961533234521474 0.9974442327596982 0.9983301086905978 0.9989271224358003 0.9993222433405813 0.9995790521550066 0.9997429691847146 0.9998457169648254 0.9999089661640763 0.9999472021081276 0.9999699019480441 0.9999831364606417 0.9999907139838928 0.9999949746819747 0.9999973273919215 0.9999986032141044 0.9999992826461537 0.9999996379795406 0.9999998204783749 0.9999999125272008 0.9999999581214928 0.9999999803002266 0.9999999908951314 0.9999999958655319 0.9999999981554488 0.9999999991915021 0.9999999996518416 0.9999999998527086 0.9999999999387827 0.9999999999750047
6.842778878111661e-12 1.71849240508721e-11 4.239785381925806e-11 1.0276072579713653e-10 2.4468294362605447e-10 5.723741711919931e-10 1.3154158753716216e-9 2.9700254364598997e-9 6.58838608016826e-9 1.435912235978274e-8 3.074789774574557e-8 6.469204204050494e-8 1.3373466320972326e-7 2.7164719632261406e-7 5.42182703465741e-7 1.0633520912094975e-6 2.049330998472768e-6 3.881183342289888e-6 7.223498756838549e-6 0.000013212281234809097 0.000023750417218944023 0.000041960973886802065 0.00007286512512538034 0.00012436955758997676 0.00020866548420257977 0.00034415409187889604 0.0005580158775660444 0.0008895267873710676 0.0013941842489942238 0.002148633129508143 0.00325626946087745 0.004853247078379115 0.0071144250017295815 0.01025858705526823 0.014552066542219862 0.020309754898986773 0.027892408463201075 0.03769923691561467 0.05015499749617129 0.06569124888347483 0.08472202705989948 0.10761494640281702 0.13465951990057162 0.16603522011798902 0.20178233954700014 0.241778933861644 0.28572695395694747 0.33315005588266067 0.3834045544655473 0.43570366169687924 0.4891536915383392 0.5427995222353712 0.5956754917287828 0.6468572330810525 0.6955098401668578 0.7409282077241224 0.7825663424845489 0.8200537452967886 0.8531984212626519 0.8819774768424897 0.9065174244344432 0.927067103943851 0.9439664850697436 0.9576145433764724 0.9684389788132617 0.9768698790663364 0.9833186500507762 0.9881627629611667 0.9917361977007935 0.9943249574091705 0.9961667126185527 0.9974534986767227 0.9983364058649979 0.998931325107664 0.999324997744899 0.999580824924809 0.9997440896526864 0.9998464124197636 0.9999093900617082 0.9999474558402384 0.9999700510942883 0.999983222554398 0.9999907627876704 0.9999950018499747 0.999997342243901 0.9999986111873191 0.9999992868495955 0.9999996401557418 0.9999998215847834 0.9999999130796018 0.9999999583923347 0.9999999804306332 0.9999999909567918 0.9999999958941628 0.9999999981685042 0.999999999197348 0.9999999996544123 0.9999999998538187 0.9999999999392535 0.9999999999752007
6.898373817447369e-12 1.7321864039130052e-11 4.2729097619648105e-11 1.0354756805854271e-10 2.4651842526258053e-10 5.765788696598827e-10 1.324874807651142e-9 2.990921853278948e-9 6.633720073419837e-9 1.4455704889314492e-8 3.0949964852063507e-8 6.510720167001705e-8 1.3457230253053457e-7 2.733068651731858e-7 5.454120026052987e-7 1.0695225514388571e-6 2.060909418089306e-6 3.902518873437849e-6 7.262107003576667e-6 0.000013280889928088103 0.000023870146579315526 0.000042166158421487594 0.00007321043661729387 0.00012494024709605486 0.0002095916978768088 0.00034563029098132 0.0005603263518132674 0.000893078025330479 0.0013995444473733393 0.0021565783215459285 0.00326783458720817 0.004869778827664646 0.007137631503926119 0.010290577701194516 0.014595373609894486 0.020367327651722358 0.027967570347291783 0.037795597797946945 0.05027631579858564 0.06584124303586336 0.08490414166583239 0.10783208532384807 0.13491376525094764 0.16632756184614975 0.2021124437449826 0.24214497823167522 0.28612555539622775 0.333576307893021 0.3838521816617884 0.4361652862882156 0.4896211939486513 0.54326446684733 0.5961295807804202 0.6472927482533778 0.6959200329306134 0.741307605819832 0.7829109500007498 0.8203611261354502 0.8534676685172097 0.8822090819981525 0.9067130689188383 0.9272294005512509 0.9440986979362029 0.9577203128755274 0.9685220728046385 0.9769339854444079 0.9833672186197053 0.9881988982741498 0.9917625993332562 0.9943439005587253 0.99618005999907 0.9974627342177615 0.9983426814048216 0.9989355126796334 0.9993277418195698 0.999582590767503 0.999745205566227 0.9998471049385013 0.9999098121030128 0.9999477084213276 0.9999701995405117 0.9999833082305438 0.9999908113470508 0.9999950288776566 0.9999973570168402 0.9999986191168495 0.9999992910293469 0.9999996423193365 0.999999822684609 0.9999999136286293 0.9999999586614801 0.9999999805602026 0.9999999910180465 0.9999999959226009 0.9999999981814693 0.9999999992031527 0.9999999996569645 0.9999999998549207 0.9999999999397208 0.9999999999753952
6.954411073133197e-12 1.7459871738784845e-11 4.306287140366975e-11 1.0434029492017558e-10 2.483673420832933e-10 5.80813676630257e-10 1.3343999683583709e-9 3.0119612581522512e-9 6.679357068094921e-9 1.4552917603773087e-8 3.1153318304346267e-8 6.552493822049704e-8 1.354150080713019e-7 2.749763084574767e-7 5.486598075317581e-7 1.0757273923348291e-6 2.0725505124674312e-6 3.9239665087959205e-6 7.300911984237462e-6 0.000013349837340543437 0.000023990448045284612 0.00004237229084717684 0.00007355728857892043 0.0001255133920100341 0.00021052174976232959 0.00034711237341211466 0.0005626456681509123 0.0008966422909565543 0.0014049234602518605 0.0021645501428070304 0.0032794366434939506 0.0048863607482250776 0.007160904759524699 0.010322655303216884 0.014638791538227239 0.020425038671262802 0.028042900846045715 0.03789215960526762 0.050397867873130976 0.06599150249175041 0.08508654958750922 0.1080495396364572 0.13516833969378217 0.1666202357668922 0.20244287087322452 0.24251132284750185 0.2865244208076463 0.334002774850473 0.38429996388196497 0.4366269978496891 0.4900887106184625 0.5437293522382144 0.5965835403162497 0.6477280704728453 0.6963299792324688 0.7416867160972441 0.7832552417298635 0.8206681768189146 0.8537365841154085 0.8824403653464321 0.9069084107186898 0.927391420485157 0.9442306645773957 0.9578258687292249 0.9686049858617836 0.976997942134735 0.9834156661319515 0.9882349378297937 0.9917889268453459 0.9943627875448342 0.9961933657058231 0.9974719394697447 0.9983489353758019 0.9989396852002275 0.9993304755995756 0.999584349707739 0.9997463169423219 0.9998477945324875 0.999910232295542 0.9999479598562713 0.9999703472897972 0.9999833934909881 0.9999908596631917 0.9999950557657082 0.9999973717111393 0.9999986270029237 0.9999992951855361 0.9999996444703949 0.9999998237778893 0.9999999141743033 0.9999999589289392 0.9999999806889398 0.9999999910788984 0.9999999959508474 0.9999999981943453 0.9999999992089167 0.9999999996594984 0.9999999998560145 0.9999999999401845 0.9999999999755882
7.0108940866422676e-12 1.7598955283575725e-11 4.3399194032726096e-11 1.0513894929399239e-10 2.5022978987037694e-10 5.850788018392765e-10 1.3439918080223832e-9 3.0331446003946383e-9 6.725299026247423e-9 1.4650764480547327e-8 3.1357966010157815e-8 6.594526710942591e-8 1.3626280930853448e-7 2.7665558143323157e-7 5.519262198054254e-7 1.0819667968858478e-6 2.0842546047858765e-6 3.94552680776962e-6 7.339914647709085e-6 0.000013419125049205782 0.00002411132418444667 0.000042579375258263164 0.00007390568740367634 0.00012608900210536432 0.0002114556544812256 0.0003486003605742178 0.0005649738572178585 0.0009002196271250721 0.001410321346251517 0.002172548671550633 0.0032910757316654965 0.004902992969466099 0.0071842449284667195 0.01035482005349564 0.014682320551189197 0.020482888210172048 0.028118400233972548 0.037988922623558005 0.050519654002909684 0.0661420275135399 0.08526925104627602 0.10826730949948364 0.1354232433047561 0.16691324185503806 0.2027736207931161 0.24287796745154958 0.2869235498175278 0.33442945627705606 0.3847479005642032 0.4370887957630744 0.49055624090571975 0.5441941777767962 0.5970373697495518 0.6481631992269805 0.6967396786574931 0.742065538254119 0.7835992174885698 0.8209748972802982 0.8540051680966869 0.8826713270170776 0.907103450034259 0.9275531639949546 0.944362385270864 0.9579312112243467 0.968687718264982 0.977061749399152 0.9834639928228363 0.988270881832457 0.9918151804090716 0.9943816185081349 0.9962066298506993 0.9974811145194005 0.9983551678435059 0.9989438427178319 0.9993331991197947 0.9995861017700903 0.9997474237978998 0.9998484812131307 0.9999106506468193 0.9999482101499262 0.9999704943452145 0.9999834783376307 0.9999909077372453 0.9999950825148143 0.9999973863271969 0.9999986348457695 0.9999992993182899 0.9999996466089864 0.9999998248646618 0.9999999147166436 0.9999999591947224 0.99999998081685 0.9999999911393497 0.9999999959789037 0.9999999982071325 0.99999999921464 0.9999999996620139 0.9999999998571003 0.9999999999406447 0.9999999999757798
7.067826325593297e-12 1.7739122867680893e-11 4.373808450522331e-11 1.0594357439646634e-10 2.521058650696493e-10 5.893744564410392e-10 1.3536507801421772e-9 3.0544728354185542e-9 6.771547922201412e-9 1.4749249521223787e-8 3.156391592382127e-8 6.636820384281405e-8 1.3711573588293083e-7 2.783447396564596e-7 5.552113415171777e-7 1.0882409490044169e-6 2.0960220197986943e-6 3.96720033239249e-6 7.379115947168827e-6 0.000013488754637951664 0.000024232777575079213 0.000042787415765426145 0.0000742556395092301 0.0001266670871907412 0.00021239342670554396 0.0003500942739395736 0.0005673109497457663 0.00090381007683305 0.0014157381641477834 0.002180573986224584 0.003302751953876945 0.004919675621047512 0.007207652170969304 0.01038707214447337 0.01472596087301876 0.020540876521239093 0.02819406878573279 0.03808588713884189 0.050641674470925505 0.06629281836336894 0.08545224626302765 0.10848539507112936 0.13567847615874293 0.16720658008446723 0.20310469336502446 0.24324491178520832 0.2873229420512251 0.3348563516939791 0.3851959911460111 0.4375506794097933 0.49102378416831394 0.5446589428320935 0.5974910684941328 0.6485981340040685 0.6971491307916841 0.7424440719892385 0.7839428770945844 0.8212812874536967 0.8542734205013462 0.8829019671405408 0.9072981870663281 0.9277146313303634 0.9444938602943084 0.9580363406476811 0.9687702702944048 0.9771254074992919 0.9835121989274254 0.9883067304862192 0.9918413601961613 0.9944003935890021 0.9962198525453515 0.9974902594532549 0.9983613788733336 0.9989479852806996 0.9993359124150033 0.9995878469790527 0.9997485261498331 0.9998491649917993 0.9999110671643407 0.9999484593071306 0.999970640709821 0.9999835627723643 0.999990955570359 0.999995109125656 0.9999974008654097 0.9999986426456127 0.9999993034277349 0.9999996487351805 0.9999998259449636 0.9999999152556696 0.9999999594588397 0.9999999809439386 0.9999999911994031 0.9999999960067707 0.9999999982198315 0.9999999992203228 0.9999999996645113 0.9999999998581781 0.9999999999411016 0.9999999999759699
7.125211283944195e-12 1.788038274615337e-11 4.407956195753488e-11 1.067542137506851e-10 2.5399566479501955e-10 5.937008530168579e-10 1.363377341205598e-9 3.0759469247718195e-9 6.81810574262499e-9 1.4848376751728148e-8 3.177117604668469e-8 6.679376401568677e-8 1.3797381760025446e-7 2.8004383898296094e-7 5.585152752910819e-7 1.094550033531502e-6 2.107853083842446e-6 3.9889876473377e-6 7.4185168401011555e-6 0.000013558727697531048 0.000024354810806182385 0.00004299641649569096 0.00007460715133758449 0.00012724765711022058 0.00021333508115744165 0.00035159413504932697 0.0005696569765593061 0.0009074136831990133 0.0014211739728701284 0.0021886261654656966 0.003314465412506106 0.004936408832883422 0.007231126647525331 0.010419411768874773 0.01476971272822139 0.020599003857477424 0.028269906776136812 0.03818305343718412 0.05076392956008192 0.06644387530310639 0.08563553545820607 0.10870379650895733 0.13593403832980736 0.16750025042811642 0.2034360884482931 0.2436121555888325 0.2877225971331203 0.33528346062162273 0.38564423506428025 0.43801264817091695 0.49149133976408227 0.5451236467733723 0.5979446359643268 0.6490328742931553 0.6975583352219685 0.7428223170024058 0.7842862203666594 0.8215873472741837 0.854541341370548 0.883132285847975 0.9074926220161983 0.9278758227414341 0.9446250899255855 0.9581412572860211 0.9688526422301071 0.977188916696585 0.9835602846805294 0.98834248399488 0.9918674663780638 0.994419112927547 0.9962330339011967 0.9974993743576333 0.9983675685305191 0.9989521129369511 0.999338615519875 0.9995895853590451 0.9997496240149377 0.999849845879822 0.9999114818555743 0.9999487073327034 0.999970786386662 0.9999836467970729 0.9999910031636747 0.9999951355989118 0.9999974153261724 0.9999986504026787 0.999999307513997 0.9999996508490463 0.9999998270188318 0.999999915791401 0.9999999597213012 0.9999999810702105 0.9999999912590614 0.9999999960344501 0.999999998232443 0.9999999992259656 0.9999999996669907 0.9999999998592479 0.9999999999415548 0.9999999999761586
7.183052482187631e-12 1.8022743235362617e-11 4.442364566497894e-11 1.0757091118846248e-10 2.558992868329915e-10 5.980582055845949e-10 1.3731719507083635e-9 3.097567836175608e-9 6.8649744866045204e-9 1.4948150222466782e-8 3.1979754427386184e-8 6.722196331256989e-8 1.3883708443220415e-7 2.8175293556985216e-7 5.618381242870236e-7 1.1008942362409057e-6 2.1197481248434143e-6 4.010889319929466e-6 7.458118288315482e-6 0.000013629045825594368 0.00002447742647751883 0.00004320638159248581 0.00007496022935515642 0.00012783072174332656 0.00021428063260932787 0.00035309996551400203 0.0005720119685763766 0.0009110304894632619 0.0014266288315023484 0.0021967052881000627 0.0033262162101547906 0.004953192735142498 0.007254668518903654 0.010451839119706749 0.014813576341569453 0.020657270472124654 0.02834591448014427 0.0382804218046899 0.05088641955318112 0.06659519859435119 0.08581911885179885 0.10892251396988983 0.13618992989120404 0.1677942528579787 0.20376780590124205 0.2439796986017412 0.2881225146866261 0.3357107825795408 0.3860926317552879 0.43847470142716855 0.49195890705081124 0.5455882889701495 0.5983980715749984 0.6494674195840496 0.6979672915362035 0.7432002729944467 0.784629247124583 0.8218930766778105 0.8548089307463143 0.8833622832712338 0.907686755085688 0.928036738478549 0.9447560744427079 0.9582459614261634 0.9689348343520282 0.9772522772522595 0.9836082503167032 0.9883781425619589 0.9918934991259472 0.9944377766636179 0.9962461740294171 0.9975084593186593 0.998373736880131 0.9989562257345744 0.9993413084689808 0.9995913169344097 0.9997507174099736 0.9998505238884866 0.9999118947279602 0.9999489542314453 0.9999709313787697 0.999983730413633 0.9999910505183298 0.999995161935257 0.9999974297098777 0.9999986581171914 0.9999993115772013 0.9999996529506523 0.9999998280863035 0.9999999163238571 0.999999959982117 0.9999999811956708 0.9999999913183267 0.9999999960619429 0.9999999982449674 0.9999999992315687 0.9999999996694522 0.99999999986031 0.9999999999420048 0.9999999999763458
7.241353467546883e-12 1.8166212713437848e-11 4.4770355042799154e-11 1.0839371085246452e-10 2.5781682964716165e-10 6.024467296080565e-10 1.38303507117321e-9 3.1193365435626636e-9 6.912156165719308e-9 1.504857400847018e-8 3.218965916212159e-8 6.765281750798218e-8 1.3970556651729295e-7 2.834720858771166e-7 5.651799922033517e-7 1.1072737438437252e-6 2.1317074723248522e-6 4.032905920154631e-6 7.497921257964435e-6 0.000013699710626719965 0.000024600627199655034 0.000043417315215700555 0.00007531488005286114 0.0001284162910051641 0.00021523009588401623 0.00035461178701369413 0.0005743759568083446 0.0009146605389881401 0.0014321027992828476 0.002204811433143355 0.003338004449649073 0.0049700274582482155 0.007278277946149192 0.010484354390258315 0.014857551938101855 0.020715676618641814 0.02842209217286303 0.03837799252750327 0.05100914473292222 0.06674678849843085 0.08600299666333734 0.10914154761020717 0.136446150915376 0.16808858734510182 0.20409984558116684 0.24434754056221838 0.2885226943341854 0.3361383170864619 0.3865411806546995 0.4389368385589259 0.4924264853862392 0.5460528687921957 0.5988513747415443 0.6499017693673252 0.6983759993231783 0.7435779396672093 0.7849719571891782 0.8221984756016053 0.855076188671525 0.8835919595428687 0.9078805864771314 0.9281973787924183 0.9448868141238416 0.9583504533549075 0.9690168469399889 0.9773154894273397 0.983656096070245 0.9884137063906963 0.9919194586107 0.9944563849368003 0.9962592730409603 0.9975175144222563 0.9983798839870718 0.9989603237214258 0.9993439912967901 0.9995930417294117 0.9997518063516444 0.999851199029042 0.9999123057889112 0.9999492000081376 0.9999710756891647 0.9999838136239125 0.999991097635456 0.9999951881353633 0.9999974440169166 0.9999986657893736 0.9999993156174725 0.9999996550400665 0.999999829147415 0.9999999168530573 0.9999999602412968 0.9999999813203244 0.9999999913772017 0.9999999960892503 0.9999999982574054 0.999999999237132 0.999999999671896 0.999999999861364 0.9999999999424514 0.9999999999765316
7.300117814173656e-12 1.831079962071322e-11 4.511970964714887e-11 1.0922265719834967e-10 2.5974839238276254e-10 6.068666420064456e-10 1.3929671681691552e-9 3.141254027115732e-9 6.959652804116713e-9 1.514965220953629e-8 3.2400898394913826e-8 6.808634246692709e-8 1.4057929416173386e-7 2.8520134666914793e-7 5.685409832795212e-7 1.1136887439927819e-6 2.143731457414221e-6 4.055038020674334e-6 7.5379267195617534e-6 0.000013770723712441787 0.000024724415594001476 0.00004362922154174593 0.00007567110994619345 0.00012900437484653155 0.00021618348585486938 0.00035612962129825254 0.0005767489723602683 0.000918303875258295 0.0014375959356049395 0.002212944679801142 0.003349830234039615 0.004986913132879066 0.007301955090583049 0.01051695777410058 0.01490163974312388 0.020774222550713022 0.028498440129548573 0.03847576589180634 0.05113210538190026 0.06689864527639991 0.0861871691118951 0.10936089758554593 0.1367027014739536 0.16838325385958797 0.20443220734433815 0.24471568120751327 0.2889231356972738 0.33656606366029096 0.3869898811975704 0.4393990589462236 0.4928940741280588 0.5465173856095373 0.5993045448798963 0.650335923134322 0.6987844581726146 0.7439553167235651 0.7853143503823043 0.8225035439835717 0.8553431151899178 0.883821314796129 0.9080741163933765 0.9283577439340798 0.9450173092473046 0.9584547333590541 0.9690986802736927 0.9773785534826468 0.9837038221751968 0.988449175684052 0.9919453450029307 0.994474937886417 0.99627233104654 0.9975265397541468 0.9983860099160791 0.9989644069452298 0.9993466640376703 0.9995947597682403 0.9997528908565987 0.9998518713126968 0.9999127150458123 0.9999494446675437 0.9999712193208543 0.9999838964297719 0.9999911445161805 0.9999952141998998 0.9999974582476784 0.9999986734194474 0.9999993196349344 0.999999657117357 0.9999998302022031 0.9999999173790208 0.9999999604988509 0.9999999814441767 0.9999999914356891 0.9999999961163735 0.9999999982697576 0.9999999992426563 0.9999999996743221 0.9999999998624105 0.9999999999428945 0.999999999976716
7.359349123347964e-12 1.8456512460178898e-11 4.547172917608938e-11 1.1005779499692402e-10 2.616940748712585e-10 6.113181611638773e-10 1.4029687103308754e-9 3.163321273306227e-9 7.007466438587659e-9 1.525138895037509e-8 3.261348031788345e-8 6.85225541453884e-8 1.4145829784032748e-7 2.8694077501630687e-7 5.71921202298779e-7 1.1201394252870885e-6 2.155820412850561e-6 4.077286196835683e-6 7.578135648000715e-6 0.000013842086701277036 0.00002484879429285421 0.00004384210476361266 0.00007602892557531058 0.00012959498325403352 0.00021714081744594717 0.00035765349018747545 0.0005791310464311282 0.0009219605418809634 0.0014431083000171424 0.0022211051074691886 0.003361693666601912 0.005003849889968795 0.007325700113802651 0.010549649465086687 0.014945839982206905 0.020832908522244866 0.028574958625603115 0.038573742183818 0.05125530178260463 0.06705076918903842 0.08637163641608636 0.10958056405089728 0.13695958163775293 0.16867825237059242 0.20476489104600196 0.24508412027384047 0.28932383839639964 0.33699402181811056 0.3874387328183479 0.43986136196875586 0.49336167263392 0.5469818387924594 0.5997575814065226 0.6507698803771482 0.6991926676751677 0.7443324038674091 0.7856564265268557 0.8228082817626885 0.8556097103460861 0.8840503491649587 0.9082673450377845 0.9285178341548965 0.9451475600915664 0.9585588017254039 0.9691803346327228 0.9774414696787962 0.9837514288653435 0.9884845506447061 0.9919711584729682 0.9944934356515287 0.9962853481566354 0.9975355353998536 0.9983921147317254 0.9989684754535794 0.9993493267258868 0.9995964710750083 0.9997539709414285 0.9998525407506202 0.9999131225060209 0.9999496882144079 0.9999713622768345 0.9999839788330636 0.9999911911616253 0.9999952401295324 0.9999974724025501 0.9999986810076331 0.9999993236297103 0.9999996591825915 0.9999998312507037 0.9999999179017665 0.9999999607547889 0.9999999815672322 0.9999999914937909 0.9999999961433138 0.9999999982820245 0.9999999992481414 0.9999999996767308 0.9999999998634491 0.9999999999433343 0.9999999999768988
7.419051023677924e-12 1.8603359797933082e-11 4.582643347058731e-11 1.1089916933630591e-10 2.636539776349196e-10 6.158015069389485e-10 1.4130401693782065e-9 3.1855392749331273e-9 7.055599118642619e-9 1.535378838075381e-8 3.2827413171519556e-8 6.896146859082799e-8 1.4234260819735015e-7 2.886904282964846e-7 5.753207545908241e-7 1.126625977276331e-6 2.1679746729917624e-6 4.099651026683356e-6 7.618549022572163e-6 0.000013913801218753558 0.000024973765939435374 0.000044055969090929456 0.00007638833350511483 0.0001301881262501904 0.00021810210563215438 0.0003591834155712915 0.0005815222103140562 0.0009256305825862236 0.001448639952223478 0.0022292927957337726 0.0033735948508366214 0.00502083786070666 0.007349513177681894 0.010582429657351853 0.014990152881188176 0.020891734787365952 0.028651647936574813 0.038671921689792915 0.05137873421741784 0.06720316049685018 0.08655639879406431 0.10980054716060565 0.13721679147677465 0.16897358284632275 0.2050978965403786 0.24545285749638013 0.28972480205110485 0.337422191076183 0.38788773495087403 0.4403237470058787 0.4938292802614323 0.5474462277115083 0.6002104837384312 0.651203640588682 0.6996006274224285 0.7447092008036599 0.785998185446761 0.8231126888789092 0.8558759741854784 0.8842790627839963 0.9084602726142265 0.9286776497065565 0.9452775669352455 0.958662658740757 0.9692618102965433 0.9775042382761994 0.9837989163742134 0.9885198314750586 0.9919968991908616 0.9945118783709335 0.9962983244814918 0.9975445014446993 0.9983981984984188 0.9989725292939364 0.9993519793956047 0.9995981756737525 0.9997550466226708 0.9998532073539422 0.9999135281768676 0.9999499306534559 0.9999715045600883 0.9999840608356316 0.9999912375729074 0.999995265924924 0.9999974864819171 0.9999986885541506 0.999999327601923 0.9999996612358366 0.999999832292953 0.9999999184213135 0.9999999610091206 0.9999999816894963 0.9999999915515101 0.9999999961700723 0.9999999982942067 0.999999999253588 0.999999999679122 0.9999999998644801 0.9999999999437709 0.9999999999770803
7.479227171302516e-12 1.8751350263638097e-11 4.618384251552671e-11 1.1174682562411779e-10 2.6562820189147605e-10 6.203169006743744e-10 1.4231820201357595e-9 3.2079090311620928e-9 7.10405290658801e-9 1.5456854675642994e-8 3.304270524495404e-8 6.940310194268648e-8 1.4323225604745473e-7 2.90450364196673e-7 5.787397460344986e-7 1.1331485904653748e-6 2.180194573821932e-6 4.122133090971478e-6 7.65916782698286e-6 0.000013985868897438032 0.000025099333187934262 0.00004427081875002341 0.00007674934032533667 0.00013078381389355394 0.00021906736543938983 0.0003607194194099474 0.0005839224953965649 0.000929314041227264 0.0014541909520837696 0.002237507824371971 0.0033855338904698294 0.005037877176537617 0.007373394444371216 0.010615298545313224 0.01503457866617048 0.020950701600426277 0.028728508338156863 0.03877030469602029 0.051502402968613914 0.06735581946006146 0.08674145646351937 0.11002084706836711 0.1374743310602026 0.1692692452540379 0.20543122368066244 0.2458218926092784 0.2901260262799664 0.3378505709499514 0.38833688702838676 0.4407862134366128 0.4942968963681677 0.5479105517374939 0.6006632512931714 0.6516372032625729 0.7000083370069237 0.745085707238261 0.7863396269669842 0.8234167652731602 0.8561419067543967 0.8845074557885719 0.9086528993270829 0.9288371908410689 0.9454073300571089 0.9587663046919113 0.9693431075444969 0.9775668595350615 0.9838462849350766 0.9885550183772293 0.9920225673263805 0.9945302661831676 0.9963112601311213 0.997553437973807 0.9984042612804029 0.998976568513632 0.9993546220808872 0.9995998735884339 0.9997561179168071 0.999853871133753 0.9999139320656552 0.9999501719893955 0.9999716461735871 0.999984142439313 0.9999912837511389 0.9999952915867343 0.999997500486163 0.9999986960592183 0.9999993315516942 0.9999996632771596 0.9999998333289868 0.9999999189376807 0.9999999612618558 0.9999999818109737 0.9999999916088487 0.9999999961966504 0.9999999983063049 0.999999999258996 0.9999999996814961 0.9999999998655035 0.9999999999442041 0.9999999999772604
7.53988125009515e-12 1.8900492550979546e-11 4.6543976440720334e-11 1.126008095896762e-10 2.676168495587799e-10 6.248645652066799e-10 1.4333947405526625e-9 3.230431547564832e-9 7.152829877603051e-9 1.556059203536344e-8 3.3259364876236496e-8 6.984747043288622e-8 1.4412727237657122e-7 2.922206407145437e-7 5.821782830605073e-7 1.1397074563187862e-6 2.1924804529588493e-6 4.14473297317541e-6 7.699993049374032e-6 0.000014058291376963837 0.000025225498703549322 0.00004448665798397945 0.00007711195265061792 0.00013138205627882026 0.00022003661194469395 0.00036226152373420445 0.0005863319331607843 0.0009330109617806685 0.001459761359613938 0.002245750273352012 0.0033975108894533463 0.005054967969162582 0.0073973440762977625 0.010648256323669916 0.015079117563522006 0.021009809215996888 0.028805540106186887 0.03886889148882295 0.051626308318357406 0.06750874633861927 0.08692680964167768 0.11024146392722757 0.1377322004564023 0.16956523956004713 0.20576487231902185 0.24619122534564755 0.2905275107005969 0.3382791609540417 0.3887861884835229 0.44124876063964563 0.4947645203116633 0.5483748102414923 0.601115883488836 0.6520705678932442 0.7004157960221168 0.7454619228781804 0.7866807509135241 0.8237205108873407 0.8564075080999951 0.8847355283147071 0.9088452253812425 0.9289964578107646 0.9455368497360697 0.958869739865661 0.9694242266558042 0.9776293337153814 0.9838935347809461 0.9885901115530574 0.9920481630490148 0.9945485992265062 0.9963241552153028 0.9975623450721007 0.9984103031417575 0.9989805931598665 0.999357254815697 0.9996015648429378 0.999757184840264 0.9998545321011036 0.9999143341796594 0.9999504122269154 0.9999717871202898 0.9999842236459362 0.9999913296974268 0.9999953171156197 0.9999975144156693 0.9999987035230535 0.9999993354791454 0.9999996653066268 0.9999998343588409 0.9999999194508868 0.9999999615130042 0.9999999819316692 0.9999999916658093 0.9999999962230488 0.9999999983183195 0.9999999992643658 0.9999999996838529 0.9999999998665193 0.9999999999446341 0.9999999999774392
7.60101697186816e-12 1.905079541812865e-11 4.6906855521931466e-11 1.1346116728620415e-10 2.6962002325948993e-10 6.294447248759568e-10 1.4436788117224121e-9 3.253107836158688e-9 7.201932119817034e-9 1.566500468573383e-8 3.3477400452609386e-8 7.029459038633705e-8 1.450276883428103e-7 2.94001316160033e-7 5.856364726541152e-7 1.1463027672653768e-6 2.2048326496613267e-6 4.167451259503497e-6 7.74102568233965e-6 0.000014131070304058762 0.000025352265162528972 0.00004470349105269898 0.00007747617712059526 0.0001319828635369406 0.0002210098602763987 0.00036380975064551985 0.0005887505551836795 0.0009367213883466702 0.0014653512349863012 0.0022540202228335388 0.0034095259519650086 0.005072110370538675 0.007421362236165517 0.01068130318740296 0.015123769799875987 0.021069057888869196 0.028882743516645947 0.03896768235455612 0.051750450548701664 0.06766194139218981 0.08711245854529955 0.11046239788958152 0.13799039973292 0.1698615657297092 0.20609884230659836 0.24656085543756634 0.2909292549296455 0.338707960602264 0.3892356387483199 0.4417113879933342 0.4952321514494238 0.5488390025948485 0.601568379744064 0.6525037339758941 0.7008230040624103 0.7458378474314116 0.7870215571134128 0.8240239256643223 0.8566727782702787 0.884963280499113 0.909037250982099 0.9291554508682938 0.9456661262511867 0.9589729645487965 0.9695051679095634 0.9776916610769513 0.9839406661445764 0.9886251112041022 0.9920736865279751 0.9945668776389616 0.9963370098435821 0.9975712228243054 0.9984163241463984 0.9989846032797101 0.9993598776338963 0.9996032494610743 0.9997582474094127 0.9998551902670062 0.9999147345261288 0.9999506513706866 0.9999719274031431 0.9999843044573221 0.9999913754128733 0.999995342512234 0.999997528270816 0.9999987109458728 0.9999993393843976 0.9999996673243041 0.9999998353825506 0.9999999199609504 0.9999999617625752 0.9999999820515879 0.9999999917223943 0.9999999962492693 0.9999999983302511 0.9999999992696977 0.9999999996861928 0.9999999998675277 0.9999999999450608 0.9999999999776165
7.662638076579861e-12 1.9202267688207868e-11 4.727250018190608e-11 1.1432794509306625e-10 2.7163782632579664e-10 6.340576055356842e-10 1.4540347179028607e-9 3.2759389154464624e-9 7.2513617343870605e-9 1.577009687821937e-8 3.369682041078701e-8 7.074447822144483e-8 1.459335352773734e-7 2.9579244915693717e-7 5.891144223578787e-7 1.1529347167027692e-6 2.217251504836679e-6 4.19028853890909e-6 7.782266722944957e-6 0.000014204207332573529 0.000025479635252213237 0.000044921322232960854 0.00007784202039998418 0.00013258624583523763 0.0002219871256142767 0.00036536412231623794 0.0005911783931372963 0.0009404453651494218 0.0014709606385298717 0.0022623177531679215 0.003421579182408933 0.005089304512879394 0.007445449086955358 0.01071443933177523 0.015168535602130448 0.021128447874054476 0.028960118845657686 0.03906667757960617 0.05187482994158752 0.06781540488015698 0.08729840339067746 0.11068364910717034 0.13824892895648097 0.17015822372743147 0.2064331334935065 0.24693078261608015 0.29133125858279924 0.3391369694076142 0.38968523725421794 0.4421740948757075 0.4956997891389243 0.5493031281691791 0.6020207394780422 0.6529367010064977 0.7012299607231458 0.7462134806069736 0.7873620453947173 0.8243270095479465 0.8569377173141028 0.885190712479188 0.9092289763355507 0.9293141702666237 0.9457951598816623 0.9590759790281014 0.9695859315847488 0.9777538418793557 0.9839876792584634 0.9886600175316422 0.9920991379321928 0.9945851015582859 0.9963498241252723 0.9975800713149475 0.9984223243580779 0.9989885989201027 0.9993624905692466 0.9996049274665777 0.9997593056405696 0.9998558456424338 0.9999151331122853 0.9999508894253615 0.9999720670250821 0.999984384875284 0.9999914208985757 0.9999953677772278 0.9999975420519811 0.999998718327891 0.9999993432675707 0.9999996693302575 0.9999998364001512 0.9999999204678901 0.9999999620105788 0.9999999821707345 0.9999999917786062 0.9999999962753126 0.9999999983421003 0.999999999274992 0.9999999996885156 0.9999999998685286 0.9999999999454843 0.9999999999777924
7.724748332542595e-12 1.9354918249759775e-11 4.7640930991405093e-11 1.1520118971800276e-10 2.7367036280418415e-10 6.387034345625818e-10 1.4644629465363125e-9 3.2989258104564813e-9 7.301120835576217e-9 1.5875872890080794e-8 3.391763323723413e-8 7.11971504506211e-8 1.4684484468546915e-7 2.9759409864450784e-7 5.926122402743908e-7 1.159603499001962e-6 2.2297373610482376e-6 4.213245403102427e-6 7.823717172745164e-6 0.000014277704123509753 0.00002560761167107573 0.000045140155818480865 0.00007820948917866182 0.00013319221337751826 0.00022296842318968881 0.00036692466098978176 0.0005936154787889808 0.0009441829365372741 0.0014765896307306558 0.00227064294489861 0.003433670685415842 0.005106550528654892 0.0074696047919252506 0.010747664952331416 0.015213415197448043 0.02118797942678348 0.02903766636948776 0.03916587745038985 0.051999446778842225 0.06796913706162067 0.08748464439363482 0.11090521773108061 0.1385077881929884 0.1704552135166688 0.20676774572883364 0.24730100661120147 0.2917335212747836 0.3395661868822758 0.3901349834320622 0.44263688066446905 0.4961674327376128 0.5497671863363742 0.6024729621105083 0.6533694684818088 0.7016366656006052 0.7465888221149113 0.7877022155865381 0.8246297624830261 0.857202325281171 0.8854178243930166 0.9094204016479986 0.929472616259038 0.9459239509068411 0.9591787835903534 0.9696665179602104 0.9778158763819708 0.9840345743548449 0.9886948307366755 0.99212451743032 0.9946032711219697 0.9963625981694544 0.9975888906283552 0.9984283038403857 0.9989925801278549 0.9993650936554097 0.9996065988831082 0.9997603595499966 0.9998564982383207 0.9999155299453235 0.9999511263955743 0.9999722059890295 0.9999844649016271 0.9999914661556264 0.9999953929112488 0.9999975557595406 0.9999987256693227 0.9999993471287842 0.9999996713245523 0.9999998374116777 0.9999999209717244 0.9999999622570241 0.9999999822891138 0.9999999918344473 0.9999999963011801 0.9999999983538677 0.9999999992802486 0.9999999996908218 0.9999999998695221 0.9999999999459046 0.9999999999779672
7.787351536631605e-12 1.950875605721918e-11 4.80121686702472e-11 1.1608094819938628e-10 2.7571773746021924e-10 6.433824408666014e-10 1.4749639882697535e-9 3.322069552782893e-9 7.351211550832196e-9 1.5982337024525163e-8 3.413984746844686e-8 7.165262368079931e-8 1.4776164824723313e-7 2.994063238790709e-7 5.961300350690384e-7 1.1663093095119708e-6 2.242290562522869e-6 4.236322446562633e-6 7.865378037804123e-6 0.000014351562345048359 0.000025736197128765597 0.00004535999611997202 0.00007857859017175327 0.00013380077640418777 0.00022395376828573886 0.0003684913889808454 0.0005960618440016228 0.0009479341469830479 0.0014822382722319515 0.002278995878761375 0.00344580056584332 0.005123848550592191 0.007493829514610324 0.010780980244897988 0.015258408813255624 0.02124765280250568 0.029115386364542698 0.03926528225335281 0.05212430134217755 0.06812313819539532 0.08767118176952418 0.11112710391174274 0.1387669775075219 0.17075253505992283 0.20710267886063918 0.24767152715190982 0.2921360426193636 0.3399956125376213 0.3905848767121052 0.44309974473699926 0.4966350816029131 0.5502311764686008 0.6029250470617521 0.6538020358993611 0.7020431182920125 0.7469638716662963 0.7880420675190087 0.8249321844153426 0.8574666022220339 0.8856446163793688 0.9096115271263449 0.9296307890991351 0.9460524996062087 0.9592813785223218 0.9697469273146728 0.9778777648439646 0.984081351665699 0.9887295510199194 0.9921498251907297 0.9946213864672424 0.9963753320849769 0.9975976808486583 0.9984342626567482 0.9989965469496472 0.9993676869259474 0.9996082637342503 0.9997614091539011 0.9998571480655621 0.9999159250324111 0.9999513622859411 0.9999723442978958 0.9999845445381492 0.999991511185113 0.9999954179149414 0.9999975693938692 0.9999987329703808 0.9999993509681573 0.9999996733072533 0.9999998384171651 0.9999999214724715 0.9999999625019207 0.9999999824067306 0.9999999918899198 0.9999999963268729 0.9999999983655535 0.9999999992854683 0.9999999996931113 0.9999999998705082 0.9999999999463218 0.9999999999781404
7.850451514496637e-12 1.966379013138866e-11 4.838623408836238e-11 1.1696726790850218e-10 2.777800557833475e-10 6.480948549008833e-10 1.4855383369751948e-9 3.3453711806262e-9 7.401636020866386e-9 1.6089493610856323e-8 3.4363471691234984e-8 7.211091461394873e-8 1.4868397781864726e-7 3.0122918443563414e-7 5.996679159727481e-7 1.173052344564416e-6 2.2549114551584794e-6 4.259520266549769e-6 7.907250328712865e-6 0.000014425783672577955 0.000025865394346148896 0.000045580847465204966 0.00007894933011971399 0.00013441194519236448 0.00022494317623741964 0.0003700643286755765 0.0005985175207338791 0.0009516990410842858 0.0014879066238346497 0.002287376635684671 0.003457968928776137 0.00514119871167541 0.0075181234188230065 0.010814385405583143 0.015303516677244135 0.021307468256888926 0.029193279107369307 0.039364892274968664 0.05224939391318883 0.06827740854000845 0.08785801573322548 0.11134930779892943 0.13902649696433655 0.17105018831874114 0.20743793273595454 0.24804234396615255 0.2925388222293448 0.34042524588421375 0.3910349165240084 0.44356268647035807 0.49710273509222713 0.5506950979383044 0.6033769937526187 0.6542344027574708 0.7024493183955336 0.7473386289732271 0.7883816010232967 0.8252342752916462 0.8577305481880884 0.8858710885776971 0.9098023529779906 0.9297886890408258 0.9461808062593905 0.959383764110767 0.9698271599267341 0.977939507524296 0.9841280114227449 0.9887641785818109 0.9921750613815157 0.994639447731073 0.9963880259804567 0.9976064420597894 0.9984402008704296 0.9990004994320316 0.9993702704143218 0.9996099220435144 0.9997624544684356 0.999857795135015 0.9999163183806895 0.99995159710106 0.9999724819545804 0.9999846237866401 0.9999915559881181 0.9999954427889474 0.9999975829553394 0.9999987402312774 0.9999993547858079 0.9999996752784255 0.999999839416648 0.9999999219701498 0.999999962745278 0.9999999825235897 0.9999999919450264 0.999999996352392 0.9999999983771587 0.9999999992906511 0.9999999996953843 0.9999999998714872 0.9999999999467358 0.9999999999783123
7.914052120774473e-12 1.9820029559917274e-11 4.876314826684545e-11 1.1786019655182705e-10 2.7985742399176316e-10 6.528409086718291e-10 1.496186489770151e-9 3.368831738834073e-9 7.452396399733383e-9 1.6197347004626832e-8 3.45885145430057e-8 7.25720400475936e-8 1.496118654324732e-7 3.0306274020951207e-7 6.032259927847853e-7 1.1798328014781736e-6 2.2676003865316487e-6 4.282839463116929e-6 7.949335060608619e-6 0.000014500369788723419 0.000025995206055351412 0.00004580271419906871 0.00007932171578841494 0.00013502573005599476 0.0002259366624317637 0.0003716435025317763 0.0006009825410404061 0.000955477663563546 0.001493594746497519 0.0022957852967899132 0.0034701758795264905 0.005158601145145967 0.007542486668653114 0.010847880630776713 0.015348739017368253 0.02136742604581883 0.029271344874653736 0.03946470780173789 0.05237472477335342 0.06843194835369883 0.08804514649914463 0.11157182954175379 0.139286346626861 0.171348173253716 0.20777350720078275 0.2484134567808447 0.2929418597165744 0.34085508643180884 0.39148510229684497 0.4440257052412875 0.4975703925629379 0.5511589501182126 0.6038288016045099 0.6546665685552374 0.7028552655102789 0.7477130937488292 0.7887208159316019 0.8255360350596547 0.8579941632315762 0.8860972411281361 0.909992879410835 0.9299463163383326 0.9463088711461497 0.9594859406424385 0.9699072160748653 0.9780011046817134 0.9841745538574419 0.9887987136225058 0.992200226170493 0.9946574550501701 0.9964006799642793 0.9976151743454833 0.9984461185445317 0.9990044376214304 0.9993728441538956 0.9996115738343362 0.9997634955096987 0.9998584394574976 0.999916709997273 0.999951830845511 0.9999726189619701 0.9999847026488824 0.9999916005657195 0.9999954675339053 0.9999975964443217 0.9999987474522236 0.9999993585818538 0.999999677238133 0.9999998404101611 0.9999999224647773 0.9999999629871053 0.9999999826396958 0.9999999919997693 0.9999999963777386 0.9999999983886836 0.9999999992957972 0.9999999996976408 0.9999999998724589 0.9999999999471467 0.999999999978483
7.978157239302358e-12 1.9977483497782778e-11 4.914293237902043e-11 1.1875978217333092e-10 2.8194994903727724e-10 6.576208357492491e-10 1.5069089470382329e-9 3.392452278942234e-9 7.503494854910994e-9 1.6305901587790873e-8 3.4814984712048486e-8 7.303601687533585e-8 1.5054534329918083e-7 3.049070514179622e-7 6.068043758755344e-7 1.1866508785640502e-6 2.280357705905222e-6 4.306280639122306e-6 7.991633253193556e-6 0.00001457532238337431 0.0000261256349998005 0.00004602560068363066 0.00007969575396922802 0.0001356421413459665 0.00022693424230799673 0.0003732289330790824 0.0006034569370720979 0.0009592700592686601 0.0014993027013375376 0.0023042219433917995 0.0034824215236343384 0.005176055984502855 0.007566919428468021 0.01088146611715022 0.015394076061846123 0.021427526425398236 0.02934958394322069 0.03956472912018661 0.05250029420402932 0.068586757894415 0.08823257428121163 0.11179466928866821 0.13954652655769673 0.17164648982448374 0.2081094021000979 0.24878486532186944 0.29334515469194195 0.3412851336893559 0.3919354334591015 0.44448880042621397 0.4980380533724118 0.5516227323813369 0.6042804700393871 0.6550985327925459 0.703260959236303 0.7480872657072559 0.7890597120771572 0.825837463668053 0.8582574474055822 0.8863230741715002 0.9101831066332728 0.9301036712461874 0.9464366945463862 0.9595879084040749 0.9699870960374097 0.9780625565747558 0.9842209792009897 0.9888331563418791 0.9922253197251978 0.9946754085609817 0.9964132941445984 0.9976238777892781 0.9984520157419943 0.9990083615641379 0.9993754081779325 0.9996132191300773 0.999764532293735 0.9998590810437897 0.9999170998892495 0.9999520635238562 0.99997275532294 0.9999847811266507 0.9999916449189903 0.9999954921504508 0.9999976098611856 0.9999987546334291 0.9999993623564123 0.9999996791864401 0.9999998413977383 0.999999922956372 0.9999999632274119 0.9999999827550536 0.9999999920541507 0.999999996402914 0.9999999984001289 0.9999999993009069 0.999999999699881 0.9999999998734235 0.9999999999475545 0.9999999999786523
8.042770783334258e-12 2.0136161167777313e-11 4.952560775151608e-11 1.1966607315680445e-10 2.8405773861022967e-10 6.624348712765571e-10 1.5177062124498736e-9 3.416233859215982e-9 7.55493356738067e-9 1.6415161768857855e-8 3.5042890937822984e-8 7.350286208737945e-8 1.5148444380789076e-7 3.0676217860182526e-7 6.104031761893034e-7 1.1935067751294745e-6 2.293183764235957e-6 4.329844400241509e-6 8.034145930753871e-6 0.000014650643153713933 0.000026256683934267904 0.000046249511298198994 0.0000800714514791115 0.00013626118945022774 0.00022793593135768948 0.00037482064291917004 0.0006059407410763219 0.0009630762731730085 0.0015050305496301507 0.002312686656998611 0.003494705966867642 0.005193563363502811 0.007591421862912692 0.010915142061656684 0.015439528039159087 0.021487769651946636 0.029427996590032493 0.039664956516865406 0.05262610248645366 0.06874183741981382 0.08842029929287915 0.11201782718746246 0.13980703681861634 0.17194513798972383 0.2084456172778449 0.24915656931407848 0.29374870676538056 0.34171538716500005 0.39238590943868046 0.4449519714012512 0.4985057168780017 0.5520864441009752 0.604731998479773 0.6555302949700685 0.7036663991746066 0.7484611445636884 0.7893982892942278 0.8261385610664918 0.8585204007640337 0.8865485878492828 0.9103730348541942 0.9302607540192307 0.9465642767401354 0.9596896676824015 0.9700668000925813 0.9781238634617504 0.9842672876843273 0.9888675069395252 0.9922503422128872 0.994693308399696 0.9964258686293377 0.9976325524745149 0.9984578925255959 0.9990122713063194 0.9993779625195969 0.9996148579540252 0.9997655648365349 0.9998597199046332 0.9999174880636805 0.9999522951406399 0.9999728910403537 0.9999848592217118 0.9999916890489988 0.9999955166392167 0.9999976232062979 0.999998761775103 0.9999993661095997 0.9999996811234102 0.9999998423794141 0.9999999234449519 0.9999999634662071 0.9999999828696677 0.9999999921081729 0.9999999964279193 0.9999999984114949 0.9999999993059805 0.999999999702105 0.9999999998743808 0.9999999999479592 0.9999999999788203
8.107896695757647e-12 2.0296071860995453e-11 4.991119586533934e-11 1.2057911822817853e-10 2.8618090114443267e-10 6.672832519810056e-10 1.5285787929831788e-9 3.44017754469146e-9 7.606714731708415e-9 1.6525131983046265e-8 3.527224201124637e-8 7.39725927710554e-8 1.5242919952731253e-7 3.0862818262716405e-7 6.140225052471417e-7 1.2004006914831654e-6 2.3060789141822012e-6 4.353531354979682e-6 8.076874122178556e-6 0.000014726333804247892 0.000026388355624911662 0.00004647445043938245 0.00008044881516069353 0.00013688288479389932 0.00022894174512490408 0.0003764186547259355 0.0006084339853971391 0.000966896350375792 0.001510778352809602 0.002321179519312522 0.0035070293152226865 0.005211123416160578 0.007615994136909868 0.010948908661530693 0.015485095178051486 0.02154815598199977 0.02950658309218849 0.039765390278348474 0.05275214990174167 0.06889718718725882 0.08860832174712072 0.11224130338526232 0.14006787747056243 0.1722441177071578 0.20878215257693936 0.24952856848129232 0.29415251554586785 0.3421458463660836 0.3928365296629023 0.44541521754220215 0.4989733824370492 0.5525500846507151 0.6051833863487539 0.6559618545892664 0.7040715849271373 0.7488347300343363 0.7897365474181111 0.8264393272055867 0.8587830233616984 0.8867737823036537 0.9105626642829809 0.9304175649126093 0.9466916180075664 0.9597912187641304 0.9701463285184646 0.9781850256008133 0.9843134795381334 0.9889017656147574 0.9922752938005404 0.9947111547022414 0.9964384035261891 0.9976411984843382 0.9984637489579535 0.9990161668940127 0.9993805072119553 0.9996164903293934 0.9997665931540352 0.9998603560507313 0.9999178745276011 0.9999525257003883 0.9999730261170626 0.9999849369358256 0.9999917329568087 0.9999955410008328 0.9999976364800243 0.9999987688774532 0.9999993698415319 0.9999996830491067 0.9999998433552221 0.9999999239305348 0.9999999637035002 0.9999999829835429 0.9999999921618384 0.9999999964527554 0.9999999984227823 0.999999999311018 0.999999999704313 0.9999999998753311 0.9999999999483609 0.999999999978987
8.173538949312279e-12 2.0457224937328283e-11 5.0299718356965433e-11 1.214989664578818e-10 2.8831954582214415e-10 6.721662161840088e-10 1.5395271989449019e-9 3.4642844072174165e-9 7.658840556126226e-9 1.66358166924396e-8 3.5503046774983185e-8 7.444522611135359e-8 1.5337964320669178e-7 3.1050512468692814e-7 6.176624751496696e-7 1.2073328289398982e-6 2.319043510111606e-6 4.377342114683773e-6 8.119818860978702e-6 0.000014802396046832926 0.000026520652849319344 0.00004670042252115185 0.00008082785188235976 0.00013750723783939066 0.00022995169920635148 0.0003780229912456932 0.0006109367024755526 0.0009707303361023028 0.0015165461724692179 0.0023297006122299057 0.003519391674924339 0.005228736276749114 0.0076406364156601445 0.010982766114288264 0.01553077770753023 0.021608685672308874 0.029585343726923855 0.03986603069123211 0.05287843673088483 0.06905280745381857 0.08879664185642928 0.11246509802852798 0.14032904857364628 0.17254342893354865 0.20911900783926704 0.24990086254630045 0.29455658064142687 0.3425765107991476 0.3932872935585074 0.44587853822456214 0.49944104940688744 0.5530136534044355 0.6056346330699822 0.6563932111523907 0.7044765160967907 0.7492080218364379 0.790074486285136 0.8267397620369179 0.8590453152541846 0.8869986576774589 0.9107519951295067 0.930574104181775 0.9468187186289809 0.9598925619359582 0.9702256815930137 0.9782460432498485 0.9843595549928262 0.9889359325666075 0.9923001746548574 0.9947289476042862 0.9964508989426148 0.9976498159016965 0.9984695851015232 0.9990200483731274 0.9993830422879748 0.999618116279322 0.999767617262119 0.9998609894927494 0.9999182592880198 0.9999527552076102 0.9999731605559068 0.9999850142707438 0.9999917766434783 0.999995565235926 0.9999976496827285 0.9999987759406863 0.999999373552324 0.9999996849635926 0.9999998443251963 0.9999999244131385 0.9999999639393 0.9999999830966835 0.9999999922151495 0.9999999964774235 0.9999999984339917 0.9999999993160201 0.9999999997065049 0.9999999998762744 0.9999999999487595 0.9999999999791525
8.239701546810415e-12 2.0619629825957685e-11 5.0691197019431844e-11 1.2242566726320564e-10 2.9047378257907446e-10 6.77084003811548e-10 1.5505519439915523e-9 3.4885555254974338e-9 7.71131326261363e-9 1.6747220386141835e-8 3.573531412373795e-8 7.492077939145529e-8 1.5433580777676415e-7 3.1239306630261645e-7 6.213231985799186e-7 1.214303389825228e-6 2.3320779081088628e-6 4.401277293554992e-6 8.162981185306649e-6 0.000014878831600706332 0.000026653578396550934 0.00004692743197490256 0.00008120856853833819 0.00013813425908651924 0.00023096580925154348 0.00037963367529736354 0.0006134489248497346 0.000974578275704199 0.0015223340703617145 0.0023382500178416475 0.0035317931524263663 0.005246402079799817 0.007665348864642082 0.011016714617726823 0.015576575856864642 0.0216693589798403 0.029664278771609057 0.0399668780421338 0.053004963254749744 0.06920869847626523 0.08898525983281529 0.1126892112630525 0.14059055018714658 0.17284307162469978 0.20945618290568335 0.25027345123086187 0.2949609016591273 0.3430073799699338 0.3937382005516586 0.4463419328235211 0.4999087171448438 0.5534771497363099 0.6060857380676784 0.6568243641624849 0.7048811922874113 0.7495810196882606 0.7904121057326631 0.8270398655130291 0.8593072764979377 0.8872232141142178 0.9109410276041345 0.9307303720824829 0.9469455788848116 0.9599936974845658 0.9703048595940508 0.9783069166665473 0.9844055142785622 0.9889700079938268 0.99232498494226 0.9947466872412399 0.9964633549858466 0.9976584048093426 0.9984754010186001 0.9990239157894456 0.999385567780525 0.9996197358268775 0.9997686371766161 0.9998616202413151 0.9999186423519191 0.9999529836667964 0.9999732943597146 0.9999850912282112 0.9999918201100619 0.9999955893451201 0.9999976628147726 0.9999987829650083 0.9999993772420911 0.9999996868669306 0.9999998452893701 0.9999999248927804 0.9999999641736157 0.9999999832090943 0.9999999922681081 0.9999999965019248 0.9999999984451234 0.9999999993209867 0.999999999708681 0.9999999998772107 0.9999999999491551 0.9999999999793167
8.306388521358693e-12 2.078329602585555e-11 5.10856538034355e-11 1.2335927041067416e-10 2.926437221094256e-10 6.820368564046291e-10 1.561653545150624e-9 3.512991985131939e-9 7.7641350869806e-9 1.6859347580435075e-8 3.5969053004547035e-8 7.539926999326607e-8 1.5529772635071177e-7 3.1429206932594006e-7 6.250047888061881e-7 1.221312577480266e-6 2.3451824659834783e-6 4.42533750866106e-6 8.20636213797501e-6 0.000014955642192514717 0.000026787135067181157 0.000047155483249515164 0.00008159097204878541 0.00013876395907262394 0.0002319840909629402 0.0003812507297726747 0.000615970685155263 0.0009784402146597745 0.001528142108399491 0.0023468278184334435 0.0035442338544116898 0.005264120960102736 0.0076901316496123156 0.011050754369925144 0.015622489855586176 0.021730176161774944 0.029743388503748927 0.04006793261769118 0.05313172975407687 0.0693648605110729 0.08917417588780538 0.11291364323396016 0.14085238236950795 0.173143045735454 0.2097936776160135 0.2506463342557053 0.2953654782050863 0.3434384533833862 0.39418925006794314 0.4468054007139659 0.5003763850082426 0.5539405730208082 0.606536700766633 0.6572553131233866 0.7052856131037935 0.7499537233091014 0.7907494055990845 0.827339637587426 0.859568907150241 0.8874474517581223 0.9111297619177154 0.9308863688707899 0.9470721990556208 0.9600946256966165 0.9703838627992661 0.9783676461083881 0.9844513576252366 0.9890039920948851 0.9923497248288915 0.9947643737482526 0.9964757717628865 0.9976669652898333 0.9984811967713194 0.9990277691886221 0.9993880837223773 0.9996213489950534 0.9997696529133029 0.9998622483070182 0.9999190237262554 0.9999532110824203 0.9999734275313026 0.9999851678099645 0.9999918633576088 0.9999956133290364 0.9999976758765166 0.9999987899506239 0.9999993809109469 0.999999688759183 0.9999998462477769 0.9999999253694783 0.9999999644064564 0.99999998332078 0.9999999923207168 0.9999999965262604 0.9999999984561782 0.9999999993259181 0.9999999997108413 0.9999999998781401 0.9999999999495478 0.9999999999794795
8.373603936581531e-12 2.0948233106288137e-11 5.148311081844536e-11 1.2429982601844925e-10 2.9482947587096167e-10 6.870250171297518e-10 1.572832522841978e-9 3.537594878660732e-9 7.817308278949634e-9 1.6972202818936785e-8 3.620427241707342e-8 7.588071539795645e-8 1.562654322251203e-7 3.162021959405113e-7 6.287073596849155e-7 1.2283605962664609e-6 2.358357543277592e-6 4.449523379948658e-6 8.249962766476224e-6 0.000015032829556343243 0.000026921325673343354 0.000047384580811417406 0.0000819750693598729 0.00013939634837268204 0.00023300656009610934 0.0003828741776363479 0.0006185020161253562 0.000982316198574235 0.0015339703486549343 0.0023554340964861103 0.0035567138877926723 0.005281893052706815 0.007714984936605668 0.011084885569243268 0.01566851993348801 0.021791137475507562 0.029822673200981677 0.04016919470456052 0.053258736509478675 0.06952129381441594 0.08936339023244047 0.1131383940857051 0.14111454517833982 0.17344335121969293 0.21013149180905183 0.25101951134052947 0.2957703098844694 0.34386973054365233 0.3946404415323751 0.4472689412704833 0.5008440523544072 0.5544039226327001 0.6069875205922094 0.6576860575397286 0.7056897781516829 0.7503261324192867 0.7910863857238226 0.8276390782145766 0.8598302072692132 0.8876713707540357 0.9113181982815867 0.9310420948030537 0.9471985794220991 0.9601953468587554 0.9704626914862169 0.9784282318326349 0.9844970852624834 0.989037885067971 0.9923743944806172 0.9947820072602153 0.9964881493805071 0.9976754974255309 0.9984869724216558 0.9990316086161848 0.9993905901462052 0.9996229558067695 0.9997706644879022 0.9998628737004106 0.9999194034179592 0.9999534374589376 0.9999735600734758 0.9999852440177335 0.9999919063871638 0.999995637188293 0.999997688868319 0.9999987968977367 0.999999384559005 0.9999996906404116 0.99999984720045 0.9999999258432495 0.9999999646378311 0.9999999834317448 0.9999999923729779 0.9999999965504311 0.9999999984671563 0.9999999993308146 0.999999999712986 0.9999999998790626 0.9999999999499375 0.9999999999796412
8.441351886846174e-12 2.111445070732077e-11 5.1883590333818543e-11 1.2524738455874184e-10 2.9703115609011396e-10 6.920487307895422e-10 1.5840894008992718e-9 3.5623653056058387e-9 7.870835102239444e-9 1.7085790672758854e-8 3.644098141390324e-8 7.63651331865011e-8 1.5723895888094894e-7 3.1812350866352613e-7 6.324310256635465e-7 1.23544765157041e-6 2.371603501273773e-6 4.473835530255947e-6 8.2937841230017e-6 0.000015110395433745157 0.00002705615303877199 0.00004761472914464683 0.00008236086744387361 0.00014003143759942793 0.00023403323245987587 0.0003845040419262915 0.0006210429505911067 0.000986206273179971 0.0015398188533607188 0.0023640689346759083 0.0035692333597114293 0.005299718492920095 0.007739908891935255 0.011119108414322473 0.015714666320624914 0.021852243178646383 0.029902133141078223 0.04027066458941597 0.05338598380143876 0.0696779986421676 0.08955290307727426 0.11336346396206957 0.14137703867041515 0.173743988030336 0.21046962532256144 0.25139298220400375 0.29617539630149187 0.34430121095408556 0.3950917743693971 0.44773255386736216 0.5013117185406638 0.5548671979470569 0.6074381969703454 0.658116596916941 0.7060936870377771 0.7506982467401734 0.7914230459473309 0.8279381873499094 0.8600911769138079 0.8878949712474897 0.9115063369075698 0.9311975501359299 0.9473247202650642 0.960295861257608 0.9705413459323257 0.9784886740963383 0.984542697419674 0.9890716871109917 0.9923989940630243 0.9947995879117603 0.9965004879452515 0.9976840012986017 0.9984927280314244 0.9990354341175347 0.9993930870845853 0.9996245562848735 0.9997716719160845 0.9998634964320068 0.9999197814339345 0.9999536628007865 0.9999736919890279 0.99998531985324 0.9999919491997666 0.9999956609235051 0.9999977017905366 0.9999988038065496 0.9999993881863782 0.9999996925106782 0.9999998481474222 0.9999999263141113 0.9999999648677487 0.9999999835419934 0.9999999924248932 0.9999999965744385 0.9999999984780583 0.9999999993356765 0.9999999997151152 0.9999999998799782 0.9999999999503242 0.9999999999798015
8.50963649748933e-12 2.1281958540327633e-11 5.22871147799204e-11 1.2620199686023015e-10 2.9924887576711704e-10 6.971082438334007e-10 1.595424706591701e-9 3.587304372514538e-9 7.924717834648663e-9 1.720011574066706e-8 3.667918910084382e-8 7.685254104022309e-8 1.5821833998450082e-7 3.200560703474599e-7 6.361759017834513e-7 1.242573949808691e-6 2.384920703002966e-6 4.49827458532511e-6 8.337827264461495e-6 0.000015188341573771222 0.000027191619998846917 0.00004784593275091298 0.00008274837329924873 0.0001406692374034707 0.00023506412391647685 0.0003861403457538032 0.0006235935214817246 0.0009901104843368215 0.0015456876849101048 0.0023727324158748144 0.003581792377540075 0.00531759741630992 0.00776490368219257 0.011153423104085146 0.015760929247312858 0.021913493529012437 0.029981768601941235 0.040372342558948206 0.05351347191031002 0.06983497524989832 0.08974271463237153 0.11358885300616253 0.14163986290166905 0.17404495611933937 0.21080807799327428 0.25176674656376796 0.2965807370594197 0.34473289411724634 0.39554324800288293 0.44819623787859614 0.5017793829243427 0.555330398339254 0.6078887293275557 0.6585469307612526 0.706497339369727 0.7510700659941485 0.7917593861110932 0.8282369649498127 0.860351816143811 0.8881182533846848 0.9116941780079697 0.9313527351263716 0.9474506218654588 0.9603961691797791 0.970619826414881 0.9785489731563333 0.984588194325918 0.989105398421573 0.9924235237414218 0.9948171158372614 0.9965127875634336 0.9976924769910183 0.9984984636622807 0.9990392457379462 0.9993955745699961 0.9996261504521398 0.9997726752134669 0.9998641165122837 0.99992015778106 0.9999538871123876 0.9999738232807407 0.999985395318199 0.9999919917964526 0.9999956845352853 0.9999977146435245 0.9999988106772643 0.9999993917931792 0.9999996943700442 0.9999998490887265 0.9999999267820808 0.9999999650962179 0.9999999836515302 0.9999999924764653 0.9999999965982832 0.999999998488885 0.999999999340504 0.9999999997172291 0.9999999998808873 0.9999999999507081 0.9999999999799607
8.57846192504544e-12 2.1450766388506798e-11 5.2693706749259754e-11 1.2716371411051256e-10 3.0148274868117976e-10 7.022038043681706e-10 1.606838970645656e-9 3.61241319300238e-9 7.978958768139777e-9 1.7315182649241614e-8 3.691890463722175e-8 7.734295674133976e-8 1.5920360938839667e-7 3.219999441817715e-7 6.399421036828127e-7 1.2497396984327105e-6 2.3983095132523325e-6 4.522841173814806e-6 8.382093252503655e-6 0.0000152666697329989 0.000027327729400636178 0.000048078196149658964 0.0000831375939507347 0.00014130975847340862 0.00023609925038171499 0.000387783112303756 0.0006261537618247598 0.0009940288780323724 0.0015515769058572404 0.0023814246231508712 0.0035943910488810435 0.005335529958703207 0.007789969474247639 0.011187829837734824 0.01580730894412878 0.021974888784639084 0.03006157986160436 0.04047422889986336 0.05364120111631355 0.06999222389287417 0.0899328251073066 0.113814561360418 0.14190301792719745 0.1743462554376955 0.21114684965689037 0.25214080413643336 0.2969863317605703 0.345164779534904 0.39599486185613986 0.44865999267788614 0.502247044862782 0.5557935231849744 0.6083391170909339 0.6589770585796928 0.7069007347561376 0.7514415899046301 0.7920954060576226 0.8285354109716341 0.8606121250198409 0.8883412173124865 0.9118817217955726 0.9315076500316277 0.9475762845043503 0.9604962709118513 0.9706981332110352 0.97860912926924 0.9846335762100622 0.9891390191970595 0.9924479836808411 0.9948345911708343 0.9965250483411394 0.9977009245845587 0.9985041793757208 0.999043043522568 0.9993980526348194 0.9996277383312706 0.9997736743956142 0.9998647339516811 0.9999205324661883 0.9999541103981446 0.9999739539513852 0.9999854704143176 0.9999920341782526 0.9999957080242432 0.9999977274276359 0.9999988175100814 0.9999993953795194 0.9999996962185705 0.9999998500243954 0.9999999272471753 0.9999999653232475 0.9999999837603597 0.9999999925276963 0.9999999966219665 0.9999999984996366 0.9999999993452972 0.9999999997193275 0.9999999998817894 0.9999999999510889 0.9999999999801186
8.64783235747658e-12 2.1620884107395555e-11 5.310338899762826e-11 1.281325878585674e-10 3.0373288939568836e-10 7.07335662168976e-10 1.6183327272666136e-9 3.637692887796961e-9 8.033560208924112e-9 1.7430996053038524e-8 3.716013723618515e-8 7.783639817351243e-8 1.6019480113255476e-7 3.239551936946153e-7 6.437297475995503e-7 1.2569451059335781e-6 2.4117702985731914e-6 4.5475359273129334e-6 8.426583153533799e-6 0.00001534538167556239 0.000027464484102939766 0.00004831152387812513 0.0000835285364494307 0.0001419530115359507 0.00023713862782511418 0.00038943236483479464 0.0006287237047463528 0.0009979615003821985 0.001557486578917463 0.0023901456397684563 0.0036070294815673362 0.005353516256186595 0.007815106435249047 0.011222328814756002 0.015853805641910204 0.02203642920377132 0.0301415671982312 0.04057632389888173 0.05376917169953696 0.07014974482605525 0.09012323471116154 0.11404058916659361 0.14216650380125598 0.1746478859354319 0.2114859401480778 0.2525151546375827 0.29739218000631384 0.3455968667080383 0.3964466153519103 0.44912381763864295 0.5027147037133298 0.5562565718602102 0.6087893596881552 0.6594069798800932 0.7073038728065686 0.7518128181960673 0.7924311056304627 0.8288335253736792 0.8608721036033464 0.8885638631784258 0.912068968483644 0.9316622951092403 0.9477017084629279 0.9605961667403851 0.9707762665978039 0.9786691426914623 0.9846788433006906 0.9891725496345141 0.9924723740460353 0.9948520140463362 0.9965372703842257 0.9977093441608067 0.9985098752330821 0.9990468275164224 0.9994005213113406 0.9996293199448957 0.9997746694780383 0.9998653487606013 0.9999209054961464 0.9999543326624433 0.9999740840037203 0.9999855451432963 0.9999920763461925 0.9999957313909856 0.9999977401432226 0.9999988243052005 0.9999993989455102 0.9999996980563177 0.9999998509544614 0.9999999277094119 0.9999999655488465 0.9999999838684863 0.9999999925785885 0.9999999966454893 0.9999999985103136 0.9999999993500563 0.9999999997214108 0.999999999882685 0.999999999951467 0.9999999999802753
8.717752014404033e-12 2.1792321625390996e-11 5.3516184445243284e-11 1.2910867001721955e-10 3.05999413263444e-10 7.12504068690046e-10 1.629906514161212e-9 3.6631445847815617e-9 8.08852447754686e-9 1.7547560634751626e-8 3.740289616500554e-8 7.833288332239706e-8 1.611919494451783e-7 3.259218827545555e-7 6.475389503742626e-7 1.264190381846984e-6 2.4253034272890184e-6 4.572359480349185e-6 8.47129803873488e-6 0.000015424479173182185 0.000027601886976333773 0.00004854592049141134 0.00008392120787288512 0.00014259900735603316 0.00023818227227007056 0.0003910881266795341 0.0006313033834714592 0.0010019083976301637 0.0015634167669675981 0.002398895549188615 0.0036197077836628328 0.0053715564451067175 0.00784031473262411 0.01125692023491415 0.01590041957175511 0.022098115044865405 0.030221730890114706 0.040678627842736924 0.05389738393993338 0.07030753830409416 0.09031394365252474 0.11426693656576901 0.14243032057725855 0.17494984756161047 0.21182534930047256 0.2528897977817701 0.29779828139707437 0.3460291551368415 0.39689850791237435 0.4495877121339895 0.503182358833347 0.5567195437412651 0.6092394565474778 0.6598366941710887 0.7077067531315362 0.7521837505939407 0.7927664846741858 0.8291313081152109 0.8611317519566055 0.8887861911306967 0.9122559182859284 0.9318166706170444 0.9478268940225031 0.9606958569519157 0.9708542268520661 0.9787290136791877 0.984723995826124 0.9892059899307182 0.9924966950014802 0.9948693845973668 0.9965494537983215 0.9977177358011524 0.9985155512955437 0.9990505977644062 0.9994029806317482 0.9996308953155729 0.9997756604761987 0.9998659609494098 0.9999212768777355 0.9999545539096526 0.999974213440494 0.9999856195068274 0.999992118301294 0.9999957546361165 0.9999977527906344 0.9999988310628206 0.999999402491262 0.9999996998833462 0.999999851878957 0.9999999281688073 0.9999999657730235 0.9999999839759144 0.9999999926291439 0.9999999966688529 0.9999999985209168 0.9999999993547819 0.999999999723479 0.9999999998835738 0.9999999999518421 0.9999999999804309
8.788225147341546e-12 2.196508894427606e-11 5.393211617790707e-11 1.3009201286564364e-10 3.082824364319332e-10 7.177092770756385e-10 1.6415608725594207e-9 3.688769419039195e-9 8.143853908972775e-9 1.7664881105376283e-8 3.7647190745382165e-8 7.883243027620157e-8 1.6219508874374636e-7 3.279000755723049e-7 6.513698294531752e-7 1.2714757367581486e-6 2.438909269503458e-6 4.597312470407899e-6 8.516238984086956e-6 0.00001550396400519491 0.000027739940903214384 0.000048781390562540086 0.00008431561532518539 0.00014324775673693838 0.0002392301997940139 0.000392750421244756 0.0006338928313241006 0.0010058696161486837 0.0015693675330462633 0.0024076744350693523 0.0036324260634625497 0.005389650662070395 0.007865594534078939 0.011291604298255617 0.015947150965021438 0.02215994656658808 0.030302071215676064 0.04078114101817432 0.05402583811731953 0.07046560458133437 0.090504952139489 0.11449360369834428 0.1426944683077761 0.17525214026432667 0.21216507694667786 0.25326473328252264 0.2982046355323305 0.3464616443207195 0.3973505389591521 0.45005167553676395 0.5036500095802098 0.5571824382047579 0.6096894070977457 0.6602662009621203 0.7081093753425136 0.7525543868247623 0.7931015430343931 0.8294287591564484 0.8613910701427243 0.8890082013181546 0.9124425714166455 0.931970776813166 0.9479518414645065 0.960795341832954 0.9709320142505617 0.9787887424883868 0.9847690340144203 0.9892393402821715 0.992520946711374 0.9948867029572681 0.9965615986888278 0.997726099586793 0.998521207624126 0.999054354311291 0.9994054306281341 0.9996324644657881 0.9997766474055032 0.9998665705284349 0.9999216466177316 0.999954774144124 0.9999743422644428 0.9999856935065966 0.9999921600445738 0.9999957777602367 0.9999977653702196 0.9999988377831392 0.9999994060168849 0.9999997016997162 0.9999998527979139 0.9999999286253786 0.9999999659957872 0.9999999840826483 0.9999999926793646 0.9999999966920582 0.9999999985314464 0.9999999993594739 0.9999999997255322 0.9999999998844562 0.9999999999522144 0.9999999999805851
8.859256039929857e-12 2.2139196139744848e-11 5.435120744816728e-11 1.310826690518675e-10 3.1058207584863356e-10 7.22951542171029e-10 1.653296347236716e-9 3.7145685328968996e-9 8.19955085267231e-9 1.778296220437294e-8 3.789303035374776e-8 7.933505722624144e-8 1.6320425363600356e-7 3.29889836702451e-7 6.552225028910862e-7 1.2788013823067251e-6 2.4525881971082918e-6 4.622395537940707e-6 8.561407070386769e-6 0.000015583837958583327 0.00002787864877784135 0.000049017938682519695 0.00008471176593704416 0.0001438992705204136 0.00024028242652855743 0.00039441927201159664 0.0006364920817275908 0.0010098452024390038 0.0015753389403541688 0.0024164823812659574 0.003645184429492953 0.005407799043944851 0.007890946007598546 0.01132638120510755 0.01599400005332693 0.02222192402781616 0.030382588453463987 0.04088386371195021 0.05415453451137471 0.07062394391180864 0.09069626037965017 0.11472059070403853 0.14295894704453543 0.17555476399070855 0.21250512291826407 0.2536399608523396 0.2986112420106169 0.34689433375829404 0.3978027079133057 0.4505157072195216 0.5041176553113123 0.557645254627624 0.6101392107683905 0.6606954997634356 0.7085117390519321 0.7529247266160765 0.7934362805577146 0.8297258784585666 0.8616500582256351 0.8892298938903148 0.9126289280904907 0.9321246139560195 0.9480765510704876 0.9608946216699844 0.9710096290698924 0.9788483293748123 0.9848139580933732 0.9892726008850924 0.9925451293396376 0.9949039692591246 0.996573705160918 0.9977344355987321 0.9985268442796913 0.9990580972017229 0.9994078713324948 0.9996340274179553 0.9997776302813066 0.9998671775079679 0.9999220147228851 0.9999549933701921 0.999974470478292 0.999985767144282 0.9999922015770444 0.9999958007639449 0.9999977778823246 0.9999988444663531 0.9999994095224882 0.9999997035054871 0.9999998537113644 0.9999999290791423 0.999999966217146 0.9999999841886924 0.9999999927292529 0.9999999967151062 0.999999998541903 0.9999999993641326 0.9999999997275705 0.999999999885332 0.9999999999525839 0.9999999999807383
8.930849008174e-12 2.2314653361936066e-11 5.4773481676487396e-11 1.3208069159529903e-10 3.128984492663517e-10 7.282311205335676e-10 1.6651134865366383e-9 3.74054307597028e-9 8.2556176727083e-9 1.7901808699832133e-8 3.814042442157614e-8 7.984078246750016e-8 1.642194789209664e-7 3.318912310452021e-7 6.590970893543605e-7 1.2861675311917603e-6 2.4663405837915827e-6 4.647609326379449e-6 8.606803383267875e-6 0.000015664102828006375 0.00002801801350638291 0.00004925556946040786 0.00008510966686588757 0.00014455355958679057 0.00024133896865965416 0.0003960947025357532 0.0006391011682047746 0.0010138352031314737 0.0015813310522544062 0.0024253194718312837 0.0036579829905122024 0.005426001727857915 0.007916369321446931 0.0113612511560778 0.016040967068548788 0.022284047687635897 0.030463282882153775 0.0409867962108305 0.05428347340163923 0.0707825565492375 0.09088786858010527 0.11494789772188815 0.14322375683841776 0.17585771868691588 0.21284548704576847 0.25401548020269327 0.299018100429525 0.34732722294740426 0.3982550141953415 0.45097980655453795 0.5045852953840695 0.5581079923871186 0.6105888669894335 0.6611245900860908 0.7089138438731821 0.7532947696964598 0.7937706970918088 0.8300226659836945 0.861908716270096 0.889451268997351 0.912814988522632 0.932278182304308 0.948201023122113 0.9609936967494633 0.9710870715865194 0.978907774593999 0.9848587682905127 0.9893057719354172 0.992569243049914 0.9949211836357637 0.9965857733195387 0.9977427439177804 0.9985324613229447 0.9990618264802233 0.9994103027767302 0.999635584194417 0.9997786091189127 0.9998677818982639 0.9999223811999207 0.9999552115921742 0.9999745980847554 0.9999858404215546 0.9999922428997137 0.9999958236478367 0.9999977903272944 0.999998851112658 0.9999994130081811 0.9999997053007185 0.9999998546193399 0.9999999295301151 0.9999999664371088 0.999999984294051 0.9999999927788109 0.999999996737998 0.9999999985522872 0.9999999993687585 0.9999999997295941 0.9999999998862013 0.9999999999529507 0.9999999999808902
9.003008400680898e-12 2.2491470835968266e-11 5.519896245242754e-11 1.3308613388926865e-10 3.15231675248598e-10 7.335482704438025e-10 1.6770128423932842e-9 3.766694205208324e-9 8.312056747822951e-9 1.8021425388640613e-8 3.8389382435690524e-8 8.034962439919404e-8 1.652407995899224e-7 3.339043238481426e-7 6.629937081239054e-7 1.293574397176689e-6 2.480166805045742e-6 4.672954482148943e-6 8.652429013220471e-6 0.000015744760415829144 0.0000281580380069599 0.0000494942875233745 0.00008550932529594473 0.0001452106348551031 0.00024239984242775534 0.00039777673644767186 0.0006417201243782713 0.0010178396649858233 0.0015873439322727802 0.00243418579101608 0.0036708218555104584 0.005444258851198279 0.007941864644167204 0.01139621435205491 0.01608805224282335 0.0223463178053424 0.03054415478054648 0.04108993880158955 0.05441265506751295 0.07094144274702747 0.09107977694745109 0.11517552489024549 0.1434888977394575 0.17616100429813958 0.2131861691586951 0.25439129104402924 0.29942521038570435 0.3477603113851081 0.39870745722521234 0.4514439729138109 0.5050529291559197 0.5585706508608186 0.6110383751914885 0.6615534714419529 0.7093156894206143 0.7536645157955215 0.7941047924853614 0.8303191216949152 0.8621670443416888 0.8896723267900941 0.9130007529287093 0.9324314821170199 0.948325257901165 0.9610925673578191 0.9711643420767632 0.9789670784012632 0.9849034648331045 0.9893388536288006 0.9925932880055695 0.9949383462197554 0.9965978032694088 0.9977510246245567 0.9985380588144332 0.9990655421911896 0.999412724992645 0.9996371348174445 0.9997795839335728 0.9998683837095406 0.9999227460555384 0.9999554288143705 0.9999747250865363 0.9999859133400782 0.9999922840135849 0.9999958464125047 0.9999978027054722 0.9999988577222486 0.9999994164740718 0.9999997070854694 0.9999998555218723 0.9999999299783136 0.9999999666556838 0.9999999843987285 0.9999999928280408 0.9999999967607345 0.9999999985625991 0.9999999993733513 0.9999999997316029 0.9999999998870641 0.9999999999533147 0.9999999999810409
9.075738598899304e-12 2.2669658862477205e-11 5.562767353582648e-11 1.3409904970358845e-10 3.1758187317499434e-10 7.389032519166798e-10 1.688994970354026e-9 3.7930230849384724e-9 8.368870471525762e-9 1.8141817096648222e-8 3.863991393857564e-8 8.086160152533879e-8 1.6626825082744608e-7 3.359291807079971e-7 6.669124790981784e-7 1.301022195094338e-6 2.494067238175667e-6 4.698431654680062e-6 8.698285055611465e-6 0.000015825812532153568 0.000028298725209690296 0.000049734097516766914 0.0000859107484383366 0.00014587050728321043 0.00024346506412796731 0.00039946539745275376 0.000644348983970716 0.001021858634891439 0.0015933776440980821 0.0024430814232692926 0.003683701133710164 0.005462570551615664 0.00796743214458167 0.011431270994207982 0.016135255808545804 0.02240873464043907 0.03062520442756801 0.04119329177100914 0.0545420797882541 0.07110060275826978 0.09127198568778237 0.11540347234677725 0.14375436979684122 0.17646462076860064 0.21352716908551406 0.2547673930857673 0.29983257147486364 0.3481935985676844 0.3991600364223199 0.45190820566906337 0.5055205559843271 0.5590332294266258 0.611487734805763 0.6619821433437001 0.7097172753095398 0.7540339646439038 0.7944385665880861 0.8306152455562642 0.8624250425068181 0.88989306742003 0.9131862215248323 0.9325845136534283 0.9484492556895401 0.9611912337814501 0.9712414408168033 0.9790262410517019 0.9849480479481503 0.9893718461606156 0.9926172643696931 0.994955457143414 0.996609795115021 0.9977592777994873 0.9985436368145473 0.9990692443788939 0.9994151380119487 0.999638679309238 0.9997805547404868 0.9998689829519798 0.9999231092964128 0.9999556450410645 0.9999748514863258 0.9999859859015094 0.9999923249196567 0.9999958690585389 0.9999978150171996 0.9999988642953188 0.9999994199202678 0.9999997088597983 0.9999998564189927 0.9999999304237542 0.9999999668728795 0.999999984502729 0.9999999928769443 0.999999996783317 0.9999999985728396 0.9999999993779116 0.9999999997335972 0.9999999998879205 0.9999999999536759 0.9999999999811906
9.149044017362191e-12 2.2849227818160312e-11 5.6059638858000234e-11 1.3511949318712824e-10 3.199491632467169e-10 7.442963267128044e-10 1.7010604296023478e-9 3.8195308869119586e-9 8.426061252181402e-9 1.826298867883502e-8 3.889202852868888e-8 8.137673245531616e-8 1.6730186801240882e-7 3.379658675723879e-7 6.708535227961996e-7 1.3085111408519144e-6 2.50804226230692e-6 4.7240414964225845e-6 8.744372610704557e-6 0.000015907260994848396 0.00002844007805673393 0.00004997500410417248 0.000086313943531163 0.00014653318786791406 0.00024453465011020306 0.0004011607093315451 0.0006469877808049841 0.001025892159867639 0.0015994322515823927 0.0024520064532383527 0.0036966209345662975 0.00548093696702104 0.007993071991791872 0.011466421283986564 0.016182577998369883 0.022471298452637022 0.030706432102268245 0.041296855405877034 0.054671747842977444 0.07126003683573852 0.09146449500669021 0.11563174022846279 0.14402017305890596 0.17676856804154925 0.21386848665366173 0.25514378603630095 0.3002401832917716 0.34862708399063447 0.39961275120551676 0.4523725041917461 0.5059881752267844 0.5594957274627687 0.6119369452640611 0.6624106053048247 0.7101186011562322 0.7544031159732818 0.7947720192507238 0.8309110375327291 0.8626827108327095 0.8901134910392983 0.9133713945275789 0.9327372771730899 0.9485730167692481 0.9612896963067238 0.9713183680826766 0.9790852628001925 0.9849925178623864 0.9894047497259529 0.992641172305097 0.9949725165387963 0.9966217489606415 0.9977675035228064 0.9985491953835204 0.9990729330874849 0.999417541866255 0.9996402176919263 0.9997815215548032 0.9998695796357264 0.9999234709291931 0.9999558602765228 0.999974977286805 0.999986058107498 0.9999923656189236 0.9999958915865268 0.9999978272628165 0.9999988708320613 0.9999994233468767 0.999999710623764 0.9999998573107327 0.9999999308664533 0.9999999670887044 0.9999999846060568 0.9999999929255241 0.9999999968057462 0.999999998583009 0.9999999993824396 0.9999999997355771 0.9999999998887708 0.9999999999540343 0.9999999999813389
9.22292910392946e-12 2.3030188156323292e-11 5.6494882522944886e-11 1.3614751887040914e-10 3.2233366649197456e-10 7.497277583497797e-10 1.7132097829808218e-9 3.846218790349422e-9 8.483631513098354e-9 1.8384945019480508e-8 3.914573586077428e-8 8.18950359044489e-8 1.6834168671899874e-7 3.4001445074162434e-7 6.748169603605815e-7 1.3160414514360832e-6 2.522092258393923e-6 4.7497846628582115e-6 8.790692783680407e-6 0.00001598910762957966 0.000028582099502337178 0.00005021701196748298 0.00008671891783959386 0.0001471986876450778 0.00024560861677934436 0.0004028626959399351 0.0006496365488044451 0.0010299402870639508 0.0016055078187414118 0.002460960965769518 0.0037095813677666925 0.005499358235586874 0.00801878435517879 0.0115016654231207 0.01623001904520754 0.022534009501854513 0.03078783808382022 0.04140062999298612 0.0548016595106533 0.07141974523188917 0.09165730510926054 0.11586032867159289 0.14428630757313834 0.17707284605926427 0.2142101216895403 0.25552046960299857 0.30064804543025836 0.34906076714868384 0.4000656009931088 0.45283686785303995 0.5064557862408159 0.5599581443478054 0.6123860059987853 0.6628388568396338 0.710519666577928 0.7547719695163644 0.7951051503250417 0.831206497590248 0.8629400493874093 0.8903335978006908 0.9135562721539933 0.9328897729358419 0.94869654142241 0.9613879552199756 0.9713951241502765 0.979144143901392 0.9850368748022847 0.9894375645196222 0.9926650119743163 0.9949895245377032 0.99663366491031 0.9977757018745571 0.9985547345814295 0.9990766083609876 0.9994199365870832 0.999641749987568 0.9997824843916189 0.9998701737708896 0.9999238309605037 0.9999560745249949 0.9999751024906429 0.9999861299596859 0.9999924061123755 0.9999959139970527 0.999997839442661 0.9999988773326678 0.9999994267540049 0.9999997123774245 0.999999858197123 0.9999999313064273 0.999999967303167 0.999999984708716 0.9999999929737818 0.9999999968280233 0.9999999985931081 0.9999999993869355 0.9999999997375425 0.9999999998896145 0.9999999999543902 0.9999999999814864
9.297398340033075e-12 2.3212550407428737e-11 5.6933428808543315e-11 1.3718318166821354e-10 3.2473550477152206e-10 7.551978121136127e-10 1.7254435970142247e-9 3.87308798198678e-9 8.541583692618312e-9 1.850769103233322e-8 3.9401045646179506e-8 8.241653069457549e-8 1.6938774271775057e-7 3.4207499687048735e-7 6.788029135605738e-7 1.323613344918034e-6 2.5362176092282053e-6 4.775661812513778e-6 8.83724668465701e-6 0.000016071354269841655 0.000028724792512878434 0.00005046012580695982 0.00008712567865595851 0.00014786701768975218 0.0002466869805953996 0.0004045713812093616 0.0006522953219932011 0.0010340030637603873 0.0016116044097547215 0.0024699450459081374 0.0037225825432322807 0.0055178344957472905 0.008044569404402822 0.01153700361362067 0.016277579182228618 0.02259686804821628 0.030869422651519082 0.041504615819132916 0.05493181507010573 0.07157972819885701 0.09185041620007224 0.11608923781176803 0.1445527733861732 0.17737745476305214 0.21455207401851753 0.25589744349220345 0.30105615748321607 0.34949464753578385 0.40051858520285705 0.45330129602385844 0.5069233883839795 0.5604204794606265 0.6128349164429389 0.6632668974632516 0.7109204711928274 0.7551405250068941 0.795437959663834 0.8315016256957095 0.8631970582397817 0.8905533878576498 0.913740854621585 0.9330420012018015 0.9488198299312577 0.9614860108075083 0.9714717092953528 0.9792028846097368 0.9850811189940516 0.9894702907361503 0.9926887835396094 0.9950064812716797 0.9966455430678411 0.997783872934591 0.9985602544681952 0.999080270243303 0.9994223222058576 0.9996432762181507 0.9997834432659798 0.9998707653675418 0.9999241893969442 0.9999562877907135 0.9999752271004985 0.999986201459709 0.9999924464009977 0.9999959362906986 0.9999978515570698 0.9999988837973296 0.9999994301417585 0.9999997141208375 0.9999998590781946 0.9999999317436921 0.9999999675162752 0.999999984810711 0.9999999930217198 0.9999999968501494 0.9999999986031367 0.9999999993913994 0.9999999997394937 0.9999999998904521 0.9999999999547432 0.9999999999816325
9.37245624092469e-12 2.339632517965209e-11 5.737530216778841e-11 1.3822653688221324e-10 3.2715480078420903e-10 7.60706755070194e-10 1.737762441932796e-9 3.900139656121378e-9 8.599920244205576e-9 1.8631231660780614e-8 3.9657967653171964e-8 8.294123575462613e-8 1.7044007197657078e-7 3.4414757297001514e-7 6.828115047951174e-7 1.3312270404585346e-6 2.5504186994466675e-6 4.801673606974252e-6 8.88403542870978e-6 0.00001615400275698723 0.000028868160066912303 0.000050704350341297715 0.00008753423329983355 0.00014853818911629145 0.0002477697580736556 0.000406286789147001 0.000654964134496314 0.0010380805373677235 0.0016177220889661199 0.0024789587788989972 0.0037356245711173963 0.00553636588619831 0.008070427309403942 0.01157243605777705 0.016325258642860618 0.022659874352053123 0.030951186084781503 0.04160881317111677 0.05506221480001153 0.0717399859884554 0.0920438284831958 0.11631846778389679 0.14481957054379216 0.17768239409324607 0.21489434346492647 0.25627470740923436 0.30146451904260096 0.3499287246451139 0.4009717032519805 0.45376578807485046 0.50739098101387 0.5608827321804565 0.6132836760301275 0.6636947266916201 0.7113210146200958 0.7555087821796473 0.7957704471209205 0.8317964218169509 0.8634537374595086 0.8907728613642671 0.913925142148327 0.9331939622313647 0.9489428825781312 0.96158386335559 0.9715481237935106 0.9792614851794419 0.9851252506636279 0.9895029285697827 0.9927124871629582 0.9950233868720147 0.9966573835368231 0.9977920167825689 0.9985657551035825 0.9990839187782097 0.9994246987539084 0.9996447964055919 0.9997843981928807 0.9998713544357195 0.999924546245089 0.9999565000778952 0.999975351119019 0.999986272609195 0.9999924864857714 0.9999959584680436 0.999997863606378 0.9999988902262362 0.9999994335102432 0.9999997158540608 0.9999998599539781 0.999999932178264 0.9999999677280376 0.9999999849120458 0.99999999306934 0.9999999968721252 0.9999999986130959 0.9999999993958316 0.9999999997414308 0.9999999998912834 0.9999999999550936 0.9999999999817775
9.448107355923628e-12 2.3581523159439788e-11 5.7820527230010514e-11 1.3927764020361389e-10 3.2959167807256726e-10 7.662548560768469e-10 1.7501668916956363e-9 3.927375014658398e-9 8.658643636537246e-9 1.87555718780212e-8 3.9916511707258084e-8 8.346917012120623e-8 1.7149871066177302e-7 3.4623224640931696e-7 6.868428570959193e-7 1.3388827583130792e-6 2.5646959155398987e-6 4.827820710895929e-6 8.931060135892217e-6 0.000016237054940258608 0.00002901220515521584 0.000050949690307689316 0.00008794458911813487 0.00014921221307847567 0.0002488569657848421 0.0004080089438359723 0.0006576430205400609 0.0010421727554277749 0.0016238609208839082 0.002488002250186594 0.0037487075618100317 0.005554952545898064 0.008096358240401771 0.011607962958160554 0.016373057660788264 0.022723028673901084 0.03103312866314441 0.0417132223357383 0.055192858978898356 0.07190051885217437 0.09223754216219146 0.11654801872219454 0.14508669909092264 0.1779876639892054 0.21523692985206538 0.25665226105838573 0.3018731296994332 0.3503629979690822 0.40142495455715793 0.45423034337640267 0.507858563488121 0.5613449018868575 0.613732284194562 0.6641223440415018 0.7117212964798639 0.7558767407704351 0.7961026125511466 0.8320908859227574 0.8637100871170884 0.8909920184752815 0.9141091349526533 0.933345656285204 0.9490656996454785 0.9616815131504536 0.9716243679202087 0.9793199458645008 0.9851692700366887 0.9895354782144826 0.9927361230060681 0.9950402414697419 0.9966691864206196 0.9978001334979609 0.9985712365472003 0.9990875540093622 0.999427066262471 0.9996463105717386 0.9997853491872655 0.9998719409854235 0.999924901511488 0.999956711390739 0.999975474548841 0.9999863434097654 0.999992526367673 0.9999959805296639 0.9999978755909189 0.9999988966195769 0.9999994368595639 0.9999997175771511 0.9999998608245044 0.999999932610159 0.9999999679384624 0.9999999850127245 0.9999999931166443 0.9999999968939519 0.9999999986229859 0.9999999994002323 0.9999999997433537 0.9999999998921086 0.9999999999554413 0.9999999999819214
9.524356268667265e-12 2.3768155112069386e-11 5.826912880210905e-11 1.4033654771581828e-10 3.320462610284177e-10 7.718423857939505e-10 1.7626575240142468e-9 3.954795267157564e-9 8.717756353594015e-9 1.88807166872366e-8 4.017668769150455e-8 8.400035293917938e-8 1.7256369513912052e-7 3.4832908491737994e-7 6.908970941305259e-7 1.3465807198370009e-6 2.579049645860476e-6 4.854103792019718e-6 8.978321931256136e-6 0.00001632051267681849 0.000029156930780833115 0.00005119615046189079 0.00008835675348520693 0.00014988910076963355 0.000249948620355287 0.0004097378694355314 0.0006603320144521672 0.0010462797656136764 0.0016300209701811963 0.0024970755454154746 0.0037618316259321527 0.00557359461406698 0.00812236236789566 0.01164358451762196 0.016420976469953275 0.02278633127450107 0.031115250666264416 0.04181784359979848 0.05532374788514365 0.07206132704117901 0.09243155744010778 0.11677789076018186 0.14535415907163657 0.17829326438931484 0.21557983300219732 0.2570301041429286 0.3022819890437991 0.35079746699932857 0.40187833853453026 0.4546949612986423 0.5083261351644083 0.5618069879597308 0.6141807403710604 0.6645497490304803 0.7121213163932297 0.7562444005161024 0.7964344558103833 0.8323850179828618 0.8639661072838334 0.8912108593460779 0.9142928332534586 0.9334970836242666 0.9491882814158534 0.961778960478296 0.9717004419507604 0.9793782669186842 0.9852131773386437 0.9895679398639312 0.992759691230368 0.9950570451956391 0.9966809518223687 0.9978082231600467 0.9985766988585026 0.9990911759802936 0.9994294247626873 0.9996478187383682 0.9997862962640274 0.9998725250266185 0.9999252552026664 0.9999569217334281 0.99997559739259 0.9999864138630346 0.999992566047675 0.9999960024761333 0.9999978875110243 0.9999989029775394 0.9999994401898251 0.9999997192901657 0.9999998616898036 0.9999999330393927 0.9999999681475575 0.9999999851127513 0.999999993163635 0.9999999969156304 0.9999999986328072 0.9999999994046018 0.9999999997452629 0.9999999998929276 0.9999999999557865 0.9999999999820641
9.601207597364136e-12 2.3956231882217507e-11 5.872113186980169e-11 1.4140331589710713e-10 3.3451867489855373e-10 7.774696166966354e-10 1.7752349203762126e-9 3.9824016308801e-9 8.777260894751412e-9 1.900667112176495e-8 4.0438505546861054e-8 8.453480346225432e-8 1.7363506197487218e-7 3.5043815658488894e-7 6.949743402054435e-7 1.3543211474906314e-6 2.5934802806314223e-6 4.88052352118444e-6 9.025821944872517e-6 0.00001640437783178109 0.000029302339959121656 0.000051443735578287024 0.0000887707338029132 0.00015056886342276431 0.0002510447384670756 0.0004114735901812791 0.0006630311506620495 0.001050401615730149 0.0016362023016962064 0.002506178750430504 0.0037749968743399287 0.005592292230187992 0.00814843986266475 0.011679300939291988 0.016469015304553997 0.022849782414798115 0.031197552373916776 0.041922677250097344 0.05545488179697304 0.0722224108063078 0.09262587451947969 0.11700808403068282 0.14562195052914892 0.17859919523098317 0.21592305273655013 0.2574082363651106 0.3026910966648515 0.3512321312267256 0.40233185459970283 0.4551596412114393 0.508793695400452 0.56226898977932 0.6146290439950494 0.6649769411769622 0.7125210739822585 0.7566117611545293 0.7967659767555262 0.832678817967943 0.8642217980318696 0.8914293841326855 0.9144762372700957 0.933648244509774 0.9493106281719146 0.9618762056252759 0.9717763461603312 0.9794364485955408 0.9852569727946352 0.9896003137115277 0.9927831919970105 0.9950737981802295 0.9966926798449844 0.9978162858479163 0.9985821420967884 0.9990947847344136 0.9994317742856051 0.9996493209271875 0.9997872394380088 0.9998731065692334 0.9999256073251246 0.9999571311101287 0.9999757196528811 0.9999864839706096 0.999992605526745 0.9999960243080229 0.9999978993670242 0.999998909300311 0.9999994435011306 0.999999720993161 0.9999998625499058 0.9999999334659813 0.9999999683553313 0.9999999852121304 0.999999993210314 0.9999999969371616 0.9999999986425603 0.9999999994089404 0.999999999747158 0.9999999998937407 0.9999999999561289 0.9999999999822058
9.6786659950468e-12 2.4145764394528623e-11 5.917656159887231e-11 1.424780016233315e-10 3.3700904579041103e-10 7.831368230865511e-10 1.7878996660690288e-9 4.010195330835977e-9 8.837159774871209e-9 1.9133440245275226e-8 4.0701975272483086e-8 8.507254105357527e-8 1.7471284793682774e-7 3.525595298660573e-7 6.990747202692305e-7 1.3621042648444762e-6 2.607988211954539e-6 4.9070805723400425e-6 9.073561311851879e-6 0.000016488652278242848 0.00002944843571779742 0.0000516924504499557 0.00008918653750072689 0.000151251512310657 0.0002521453368582102 0.0004132161303853537 0.0006657404637010557 0.0010545383537138029 0.0016424049804325753 0.0025153119512772056 0.0037882034181240458 0.005611045534006789 0.008174590895768137 0.011715112426581303 0.01651717439904512 0.022913382355940867 0.03128003406599453 0.04202772357343286 0.05558626099245898 0.07238377039807087 0.09282049360232729 0.11723859866582366 0.14589007350581665 0.17890545645064318 0.21626658887531602 0.25778665742615636 0.3031004521508114 0.35166699014138036 0.40278550216774767 0.4556243824844095 0.5092612435540196 0.5627309067262133 0.6150771945025671 0.6654039200001793 0.7129205688699841 0.7569788224246309 0.7970971752444951 0.8329722858496249 0.864477159434135 0.8916475929917758 0.9146593472223743 0.9337991392032192 0.9494327401964243 0.961973248877514 0.9718520808239385 0.9794944911483952 0.9853006566295401 0.9896325999503891 0.9928066254668724 0.9950905005537811 0.9967043705911559 0.9978243216404693 0.9985875663212016 0.9990983803150102 0.9994341148621788 0.9996508171598346 0.9997881787240019 0.9998736856231618 0.9999259578853386 0.9999573395249908 0.9999758413323181 0.9999865537340911 0.9999926448058465 0.999996046025901 0.9999979111592472 0.9999989155880779 0.9999994467935838 0.9999997226861933 0.9999998634048413 0.9999999338899404 0.9999999685617917 0.9999999853108656 0.9999999932566832 0.9999999969585467 0.9999999986522456 0.9999999994132479 0.9999999997490394 0.9999999998945477 0.9999999999564688 0.9999999999823465
9.756736149828535e-12 2.4336763654189102e-11 5.963544333643724e-11 1.4356066217063981e-10 3.395175006777984e-10 7.888442811037148e-10 1.800652350204075e-9 4.038177599831427e-9 8.897455524394004e-9 1.9261029151942542e-8 4.0967106926059413e-8 8.561358518631507e-8 1.757970899953894e-7 3.546932735804644e-7 7.031983599156274e-7 1.3699302965844203e-6 2.622573833818864e-6 4.93377562256113e-6 9.121541172365045e-6 0.000016573337897314135 0.00002959522109698074 0.0000519422998887343 0.00008960417203582227 0.00015193705874601632 0.0002532504323227695 0.00041496551443663104 0.0006684599882027099 0.001058690027633385 0.0016486290715596558 0.0025244752342020445 0.0038014513686099737 0.00562985466553195 0.00820081563854486 0.011751019183180295 0.016565453988137264 0.02297713135928088 0.03136269602250753 0.04213298285659958 0.05571788574951912 0.07254540606664868 0.09301541489015369 0.11746943479703129 0.14615852804313756 0.17921204798375034 0.21661044123765127 0.25816536702626847 0.3035100550889686 0.35210204323263666 0.40323928065320563 0.45608918448691654 0.509728778982928 0.5631927381813455 0.6155251913302654 0.6658306850201892 0.7133198006804101 0.7573455840663573 0.7974280511362339 0.833265421600476 0.864732191564378 0.8918654860806623 0.9148421633305592 0.9339497679663658 0.9495546177722465 0.9620700905210909 0.9719276462164512 0.9795523948303481 0.9853442290679679 0.9896647987733502 0.9928299918005541 0.9951071524463073 0.9967160241633484 0.9978323306164167 0.998592971590732 0.9991019627652495 0.9994364465232696 0.9996523074578776 0.9997891141367483 0.9998742621982615 0.9999263068897597 0.9999575469821476 0.9999759624334943 0.9999866231550723 0.9999926838859388 0.9999960676303334 0.9999979228880204 0.999998921841025 0.9999994500672875 0.9999997243693186 0.9999998642546397 0.9999999343112853 0.9999999687669469 0.9999999854089612 0.9999999933027448 0.9999999969797865 0.9999999986618635 0.9999999994175249 0.9999999997509073 0.9999999998953486 0.9999999999568061 0.999999999982486
9.835422785160993e-12 2.4529240747505008e-11 6.009780261221076e-11 1.4465135521820133e-10 3.4204416740667624e-10 7.94592268738396e-10 1.8134935657407297e-9 4.066349678516754e-9 8.958150689431808e-9 1.9389442966624064e-8 4.123391062413895e-8 8.615795544427006e-8 1.7688782532461878e-7 3.568394569148961e-7 7.073453853867069e-7 1.3777994685169261e-6 2.6372375421091753e-6 4.960609352060271e-6 9.169762671663994e-6 0.000016658436578150153 0.00002974269914924267 0.000052193288725284864 0.00009002364489316455 0.00015262551408158325 0.00025436004171106583 0.00041672176680093037 0.0006711897589029468 0.001062856685690081 0.0016548746404128217 0.00253366868565275 0.003814740837358239 0.005648719765035206 0.008227114262614032 0.011787021413059061 0.016613854306796808 0.023041029686372196 0.03144553852358173 0.04223845538638777 0.05584975634591529 0.07270731806189033 0.09321063858394389 0.11770059255503154 0.14642731418174873 0.17951896976478204 0.21695460964167648 0.2585443648646273 0.30391990506568345 0.35253728998907624 0.40369318947008886 0.45655404658807486 0.5101963010450471 0.5636544835260012 0.615973033915411 0.6662572357578772 0.7137187690385104 0.7577120458206941 0.7977586042907108 0.8335582251940082 0.8649868944971568 0.8920830635572973 0.9150246858153686 0.9341001310612463 0.949676261182346 0.9621667308420467 0.9720030426125883 0.9796101598942767 0.9853876903342613 0.9896969103729638 0.9928532911583805 0.9951237539875675 0.9967276406638034 0.9978403128542801 0.998598357964215 0.9991055321281759 0.9994387692996451 0.9996537918428154 0.9997900456909399 0.9998748363043548 0.9999266543448155 0.999957753485716 0.999976082958992 0.9999866922351397 0.9999927227679766 0.9999960891218831 0.999997934553669 0.9999989280593369 0.9999994533223442 0.9999997260425926 0.999999865099331 0.999999934730032 0.9999999689708046 0.999999985506421 0.9999999933485005 0.9999999970008819 0.9999999986714148 0.9999999994217716 0.9999999997527613 0.9999999998961437 0.999999999957141 0.9999999999826243
9.91473066009301e-12 2.472320684248389e-11 6.056366513978309e-11 1.457501388509578e-10 3.4458917470096246e-10 8.003810658431684e-10 1.8264239095106315e-9 4.094712815434404e-9 9.019247831861372e-9 1.9518686845036875e-8 4.15023965424603e-8 8.6705671522462e-8 1.7798509130330707e-7 3.5899814942521237e-7 7.115159235760306e-7 1.3857120075743226e-6 2.6519797346145175e-6 4.987582444201652e-6 9.218226960102773e-6 0.00001674395021798287 0.000029890872939651127 0.00005244542180916031 0.00009044496358560356 0.000153316889710259 0.0002554741819298111 0.0004184849120212154 0.0006739298106403676 0.0010670383762177845 0.0016611417524937714 0.0025428923922785995 0.003828071936164693 0.00566764097305162 0.00825348693987493 0.011823119320467297 0.016662375590245367 0.02310507759897052 0.031528561849458035 0.04234414144958183 0.05598187305925154 0.07286950663331193 0.09340616488416288 0.1179320720698479 0.14669643196142562 0.1798262217272372 0.21729909390447577 0.2589236506393918 0.30433000166638735 0.3529727298985209 0.40414722803188285 0.45701896815675214 0.5106638090983014 0.5641161421418173 0.6164207216958889 0.6666835717349585 0.7141174735702303 0.758078207429663 0.798088834568916 0.8338506966046757 0.8652412683078372 0.892300325580272 0.9152069148979723 0.934250228750161 0.9497976707097869 0.9622631701263795 0.9720782702869187 0.9796677865928327 0.9854310406524956 0.9897289349415005 0.9928765237004006 0.9951403053070662 0.9967392201945386 0.997848268432392 0.9986037255003326 0.9991090884467122 0.9994410832219807 0.9996552703360779 0.9997909734012178 0.9998754079512293 0.9999270002569085 0.9999579590397972 0.999976202911383 0.999986760975873 0.9999927614529106 0.9999961105011105 0.9999979461565169 0.9999989342431967 0.9999994565588555 0.9999997277060706 0.9999998659389446 0.9999999351461958 0.999999969173373 0.999999985603249 0.9999999933939526 0.9999999970218341 0.9999999986808994 0.999999999425988 0.9999999997546021 0.9999999998969329 0.9999999999574731 0.9999999999827618
9.994664569532702e-12 2.4918673189420734e-11 6.103305681791198e-11 1.4685707156240381e-10 3.4715265216834903e-10 8.062109541449205e-10 1.8394439822420962e-9 4.123268267067336e-9 9.080749529418005e-9 1.9648765973935507e-8 4.1772574916282976e-8 8.725675322773766e-8 1.7908892551604015e-7 3.6116942103819935e-7 7.157101020317986e-7 1.3936681418200336e-6 2.6668008110366813e-6 5.014695585514462e-6 9.266935193158181e-6 0.000016829880722152086 0.00003003974554581658 0.000052698704008870375 0.00009086813565396354 0.00015401119706522776 0.0002565928699422719 0.00042025497471778745 0.0006766801783564716 0.001071235147683377 0.0016674304734708297 0.0025521464409307528 0.003841444777060818 0.005686618430379796 0.008279933842507048 0.011859313109934183 0.016711018073959596 0.02316927535903276 0.03161176628049158 0.042450041332959404 0.05611423616697309 0.07303197203009501 0.09360199399075389 0.11816387347079993 0.14696588142108075 0.18013380380363506 0.21764389384209704 0.2593032240477001 0.3047403444755844 0.3534083624480341 0.40460139575154885 0.4574839485615718 0.5111313025006734 0.5645777134107846 0.6168682541102033 0.6671096924739788 0.7145159139024868 0.7584440686363207 0.7984187418328634 0.8341428358078741 0.8654953130725916 0.8925172723088128 0.9153888507999912 0.9344000612956754 0.9499188466377311 0.962359408660044 0.9721533295138598 0.9797252751784427 0.9854742802464791 0.9897608726709484 0.9928996895863877 0.9951568065340544 0.9967507628573489 0.9978561974288971 0.9986090742576127 0.9991126317636608 0.9994433883208587 0.999656742959026 0.999791897282174 0.9998759771486367 0.9999273446324176 0.9999581636484755 0.9999763222932285 0.9999868293788454 0.9999927999416871 0.9999961317685735 0.9999979576968863 0.999998940392787 0.9999994597769226 0.9999997293598076 0.9999998667735097 0.9999999355597919 0.9999999693746597 0.9999999856994493 0.9999999934391028 0.9999999970426439 0.9999999986903183 0.9999999994301745 0.9999999997564295 0.999999999897716 0.9999999999578029 0.999999999982898
1.0075229344510718e-11 2.5115651121487848e-11 6.15060037318139e-11 1.479722122573646e-10 3.497347303062045e-10 8.12082217256994e-10 1.8525543885846657e-9 4.152017297887668e-9 9.14265837578994e-9 1.9779685571291156e-8 4.204445604072025e-8 8.78112204793743e-8 1.8019936575428084e-7 3.633533420534428e-7 7.199280489600542e-7 1.4016681004538673e-6 2.681701172998854e-6 5.0419494657065815e-6 9.31588853145104e-6 0.00001691623000413735 0.000030189320057939124 0.00005295314021194792 0.00009129316866713489 0.00015470844762008063 0.0002577161227684305 0.000422031979588496 0.0006794408970958968 0.0010754470486870104 0.0016737408691792507 0.0025614309186625366 0.0038548594723139705 0.005705652278082074 0.008306455142970178 0.011895602986268286 0.01675978199367087 0.023233623228716433 0.03169515209715081 0.04255615532329009 0.05624684594636486 0.07319471450108482 0.09379812610313712 0.11839599688650164 0.14723566259876228 0.1804417159255146 0.21798900926955164 0.2596830847856698 0.3051509330768522 0.35384418712392274 0.405055692041526 0.45794898717091576 0.511598780610206 0.5650391967152514 0.6173156305974803 0.6675355974983161 0.7149140896631709 0.7588096291847608 0.7987483259455888 0.8344346427799393 0.8657490288683979 0.8927339039027822 0.9155704937434939 0.9345496289606197 0.9500397892494374 0.9624554467289517 0.9722282205676768 0.979782625903307 0.9855174093397518 0.9897927237530135 0.99292278897584 0.9951732577975294 0.996762268753806 0.9978640999217514 0.9986144042944304 0.9991161621217026 0.999445684626769 0.9996582097329518 0.9997928173483506 0.9998765439062941 0.9999276874776972 0.9999583673158191 0.9999764411070791 0.9999868974456227 0.9999928382352481 0.9999961529248271 0.9999979691750978 0.9999989465082892 0.9999994629766464 0.9999997310038586 0.9999998676030559 0.9999999359708359 0.9999999695746729 0.9999999857950257 0.9999999934839532 0.999999997063312 0.9999999986996715 0.9999999994343312 0.9999999997582435 0.9999999998984935 0.99999999995813 0.9999999999830333
1.0156429852444602e-11 2.5314152055328955e-11 6.198253215446836e-11 1.4909562025480248e-10 3.523355405074904e-10 8.179951406914582e-10 1.8657557371338233e-9 4.180961180405616e-9 9.20497698071322e-9 1.9911450886472393e-8 4.2318050271073855e-8 8.836909330969057e-8 1.8131645001745028e-7 3.6554998314521986e-7 7.241698932278817e-7 1.4097121138173684e-6 2.6966812240542427e-6 5.069344777678211e-6 9.365088140767269e-6 0.000017002999985589665 0.000030339599578855124 0.00005320873532501547 0.00009172007022216846 0.00015540865288893958 0.00025884395748515104 0.00042381595140894037 0.0006822120020066802 0.0010796741279623823 0.0016800730056215228 0.0025707459127297487 0.0038683161344276597 0.0057247426574847425 0.00833305101400451 0.011931989154557461 0.01680866758536479 0.023298121470378883 0.031778719580016414 0.04266248370733411 0.05637970267454966 0.07335773429478896 0.09399456142020778 0.11862844244486007 0.14750577553165306 0.1807499580234338 0.218334440000814 0.26006323254839814 0.3055617670528433 0.35428020341173927 0.40551011631373385 0.45841408335292677 0.5120662427850049 0.565500591437925 0.61776285059747 0.667961286332183 0.715312000481147 0.7591748888201129 0.7990775867711499 0.8347261174981473 0.8660024157730374 0.8929502205226754 0.9157518439509963 0.9346989320080864 0.9501604988282595 0.9625512846189677 0.9723029437224824 0.9798398390194003 0.9855604281555863 0.9898244883791196 0.9929458220279799 0.9951896592262348 0.9967737379852588 0.9978719759887231 0.9986197156690075 0.9991196795633985 0.9994479721701096 0.9996596706790795 0.9997937336142396 0.9998771082338834 0.9999280287990779 0.9999585700458802 0.9999765593554744 0.9999869651777642 0.9999928763345313 0.9999961739704241 0.9999979805914706 0.999998952589884 0.9999994661581268 0.9999997326382779 0.9999998684276119 0.9999999363793427 0.9999999697734199 0.9999999858899823 0.9999999935285055 0.9999999970838398 0.9999999987089596 0.9999999994384582 0.9999999997600444 0.9999999998992652 0.9999999999584548 0.9999999999831675
1.0238270997406555e-11 2.5514187491657403e-11 6.246266854793585e-11 1.502273552906527e-10 3.54955215066691e-10 8.239500118713452e-10 1.8790486404558454e-9 4.210101195218699e-9 9.267707970067128e-9 2.0044067200425686e-8 4.259336802317043e-8 8.893039186465549e-8 1.8244021651401056e-7 3.677594153643788e-7 7.284357643665997e-7 1.4178004133991132e-6 2.7117413696946554e-6 5.096882217535573e-6 9.414535192078817e-6 0.000017090192596363375 0.000030490587224083234 0.000053465494273851866 0.00009214884794436603 0.00015611182442658127 0.0002599763912263361 0.0004256069150326644 0.0006849935283404844 0.0010839164343770203 0.0016864269489676763 0.0025800915105909845 0.0038818148761418517 0.005743889710178237 0.008359721628630686 0.011968471820168752 0.016857675085281017 0.02336277034657685 0.0318624690097806 0.0427690267718413 0.056512806628487254 0.07352103165937561 0.09419130014033456 0.11886121027307384 0.14777622025606937 0.1810585300269688 0.21868018584882173 0.26044366702996324 0.30597284598528623 0.3547164107962828 0.4059646679795743 0.45887923647551115 0.5125336883832418 0.565961896961875 0.6182099135505486 0.6683867585006271 0.7157096459862544 0.7595398472885431 0.7994065241746258 0.8350172599407121 0.8662554738650945 0.8931662223296193 0.9159329016454596 0.9348479707014298 0.9502809756576454 0.9626469226159122 0.9723774992522358 0.97989691477847 0.9856033369169863 0.9898561667404082 0.9929687889017549 0.9952060109486611 0.9967851706528343 0.9978798257073933 0.9986250084394135 0.9991231841311886 0.9994502509811863 0.9996611258185639 0.9997946460942843 0.9998776701410518 0.9999283686028664 0.999958771842695 0.9999766770409437 0.9999870325768225 0.9999929142404702 0.9999961949059144 0.9999979919463222 0.9999989586377511 0.9999994693214638 0.9999997342631199 0.9999998692472067 0.9999999367853276 0.9999999699709088 0.9999999859843228 0.999999993572762 0.9999999971042278 0.9999999987181833 0.9999999994425559 0.9999999997618322 0.9999999999000312 0.999999999958777 0.9999999999833007
1.0320757720392383e-11 2.5715769015858503e-11 6.294643956467546e-11 1.5136747752065664e-10 3.575938871858326e-10 8.299471201430245e-10 1.892433715112808e-9 4.2394386310613045e-9 9.33085398597021e-9 2.0177539825857566e-8 4.287041977369993e-8 8.949513640450335e-8 1.835707036625635e-7 3.699817101402396e-7 7.327257925750094e-7 1.4259332318400762e-6 2.7268820173592737e-6 5.1245624846046865e-6 9.464230861565185e-6 0.000017177809774548165 0.00003064228612187207 0.00005372342200345925 0.00009257950948737301 0.00015681797382856243 0.0002611134411830885 0.0004274048953913691 0.0006877855114528464 0.0010881740169325597 0.001692802765555569 0.002589467799907915 0.0038953558104331994 0.005763093578017317 0.008386467160149857 0.012005051188748223 0.01690680472991284 0.023427570120065758 0.031946400667246064 0.04287578480354981 0.05664615808497255 0.07368460684267193 0.09438834246135805 0.1190943004976315 0.14804699680745942 0.18136743186471313 0.21902624662547535 0.26082438792342394 0.3063841694549866 0.3551528087616018 0.4064193464499343 0.4593444459063414 0.5130011167631564 0.5664231126705352 0.61865681889772 0.6688120135295332 0.7161070258093085 0.7599045043372541 0.799735138022117 0.8353080700867852 0.8665082032239544 0.893381909485371 0.9161136670502887 0.9349967453042631 0.9504012200211349 0.9627423610055572 0.9724518874307414 0.9799538534320361 0.9856461358466879 0.9898877590277384 0.9929916897558373 0.995222313093046 0.996796566857437 0.997887649155155 0.9986302826635653 0.9991266758673933 0.9994525210902134 0.9996625751724926 0.9997955548028781 0.9998782296374116 0.999928706895345 0.9999589727102836 0.9999767941660065 0.9999870996443434 0.9999929519539944 0.9999962157318456 0.9999980032399686 0.9999989646520691 0.9999994724667562 0.9999997358784383 0.9999998700618692 0.9999999371888053 0.9999999701671474 0.9999999860780512 0.9999999936167243 0.9999999971244773 0.9999999987273427 0.9999999994466245 0.9999999997636069 0.9999999999007915 0.9999999999590969 0.9999999999834328
1.0403894999591507e-11 2.591890829859609e-11 6.343387204887599e-11 1.5251604752322413e-10 3.6025169098050056e-10 8.359867567886766e-10 1.90591158168775e-9 4.268974784854315e-9 9.394417686876611e-9 2.0311874107418098e-8 4.3149216060555e-8 9.006334730435284e-8 1.8470795009294277e-7 3.7221693928250687e-7 7.370401087226284e-7 1.4341108029390262e-6 2.7421035764433386e-6 5.152386281445112e-6 9.514176330634602e-6 0.00001726585346650097 0.00003079469941324682 0.00005398252347812959 0.00009301206253327246 0.00015752711273134252 0.0002622551246038767 0.0004292099174951068 0.0006905879868034262 0.0010924469247650247 0.0016992005218912265 0.0025988748685456114 0.0039089390505153525 0.005782354403121312 0.00841328778214383 0.012041727466220998 0.016956056756006865 0.02349252105379915 0.03203051483332515 0.04298275808918493 0.056779757320634346 0.07384846009216259 0.0945856885805891 0.11932771324431007 0.14831810522040248 0.18167666346427694 0.21937262214163797 0.2612053949208204 0.3067957370418285 0.35558939679099505 0.4068741511351876 0.4598097110128586 0.5134685272830596 0.5668842379477065 0.6191035660806186 0.669237050945625 0.7165041395821009 0.7602688597144858 0.8000634281807439 0.8355985479164554 0.8667606039298019 0.8935972821523159 0.9162941403893303 0.9351452560804583 0.95052123220236 0.9628376000736266 0.9725261085316488 0.980010655231391 0.9856888251671581 0.9899192654316868 0.9930145247486247 0.995238565787374 0.9968079266997499 0.9978954464092151 0.9986355383992278 0.9991301548142133 0.9994547825273132 0.9996640187618848 0.9997964597543657 0.9998787867325407 0.9999290436827728 0.9999591726526498 0.9999769107331705 0.999987166381866 0.9999929894760289 0.9999962364487623 0.9999980144727243 0.999998970633016 0.9999994755941031 0.9999997374842868 0.9999998708716278 0.9999999375897912 0.9999999703621429 0.9999999861711713 0.9999999936603944 0.9999999971445888 0.9999999987364383 0.9999999994506641 0.9999999997653688 0.9999999999015461 0.9999999999594142 0.9999999999835638
1.0487687850660627e-11 2.6123617096423488e-11 6.39249930378014e-11 1.5367312630232718e-10 3.629287614859121e-10 8.42069215038815e-10 1.91948286480998e-9 4.298710961755517e-9 9.458401747673488e-9 2.044707542188502e-8 4.3429767483174104e-8 9.063504505482812e-8 1.8585199464732362e-7 3.744651749831882e-7 7.413788443529462e-7 1.442333361657938e-6 2.757406458306917e-6 5.180354313863953e-6 9.564372785945483e-6 0.000017354325626878624 0.00003094783025205686 0.00005424280368151322 0.00009344651479267839 0.00015823925281241254 0.00026340145879469746 0.00043102200643249536 0.0006934009899562544 0.0010967352071451111 0.0017056202846491028 0.002608312804572845 0.003922564709839216 0.005801672327874274 0.008440183668475034 0.012078500858790952 0.0170054314005626 0.023557623410927937 0.032114811789038765 0.043089946915457755 0.05691360461193363 0.07401259165498796 0.09478333869480714 0.11956144863817374 0.14858954552860767 0.18198622475228646 0.21971931220713545 0.261586687713175 0.3072075483247753 0.3560261743670138 0.4073290814451975 0.4602750311622752 0.5139359193013358 0.5673452721775587 0.6195501545415109 0.6696618702764661 0.716900986937401 0.7606329131695146 0.8003913945186474 0.8358886934107461 0.867012676063621 0.893812340493467 0.916474321886872 0.9352935032941434 0.9506410124850415 0.9629326401057947 0.9726001628284516 0.9800673204275987 0.9857314051005948 0.9899506861425481 0.9930372940382396 0.9952547691593774 0.9968192502802344 0.9979032175465936 0.9986407757040142 0.9991336210137297 0.9994570353225174 0.9996654566076919 0.9997973609630426 0.9998793414359823 0.9999293789713849 0.999959371673782 0.9999770267449342 0.9999872327909227 0.9999930268074946 0.9999962570572071 0.9999980256449021 0.9999989765807689 0.9999994787036021 0.9999997390807187 0.9999998716765108 0.9999999379882998 0.9999999705559033 0.9999999862636868 0.9999999937037741 0.9999999971645637 0.9999999987454706 0.9999999994546751 0.9999999997671178 0.999999999902295 0.9999999999597293 0.9999999999836939
1.0572141326997993e-11 2.6329907252397464e-11 6.441982976313264e-11 1.5483877529038315e-10 3.6562523466302397e-10 8.481947900848645e-10 1.933148193180538e-9 4.328648475209712e-9 9.52280885977833e-9 2.0583149178348287e-8 4.371208470288408e-8 9.121025026268042e-8 1.8700287638132685e-7 3.767264898185102e-7 7.45742131686697e-7 1.4506011441273807e-6 2.7727910762837092e-6 5.208467290929649e-6 9.61482141942787e-6 0.000017443228218669754 0.000031101681805022365 0.0000545042676166851 0.00009388287400482714 0.00015895440579041749 0.0002645524611192333 0.0004328411873709122 0.0006962245565799627 0.0011010389134784647 0.0017120621206724172 0.00261778169626239 0.003936232902093218 0.005821047494925193 0.00846715499328667 0.012115371572940776 0.017054928900832256 0.0236228774548 0.032199291815515785 0.043197351569064256 0.0570477002351626 0.07417700177794265 0.0949812930002585 0.11979550680357197 0.14886131776491238 0.18229611565438286 0.22006631663075574 0.26196826599049244 0.3076196028818714 0.3564631409714637 0.407784136789319 0.4607404057215774 0.5144032921764456 0.5678062147446338 0.6199965837232976 0.6700864710504614 0.7172975675089566 0.7609966644526547 0.800719036904988 0.8361785065516159 0.8672644197071917 0.8940270846724618 0.9166542117676395 0.9354414872097014 0.9507605611529897 0.9630274813876855 0.9726740505944866 0.9801238492714943 0.9857738758689273 0.9899820213503342 0.9930599977825301 0.9952709233365362 0.9968305376991309 0.997910962644124 0.9986459946353861 0.9991370745079043 0.9994592795057662 0.9996668887307976 0.9997982584431553 0.9998798937572453 0.9999297127673928 0.9999595697776527 0.9999771422037849 0.9999872988730396 0.9999930639493084 0.9999962775577196 0.9999980367568136 0.9999989824955037 0.999999481795351 0.999999740667787 0.9999998724765468 0.9999999383843459 0.9999999707484359 0.9999999863556016 0.9999999937468654 0.9999999971844025 0.99999999875444 0.9999999994586573 0.9999999997688541 0.9999999999030385 0.9999999999600419 0.9999999999838229
1.065726052002015e-11 2.653779069669962e-11 6.491840965233146e-11 1.560130563511866e-10 3.6834124740468084e-10 8.543637790918388e-10 1.946908199597837e-9 4.358788646999428e-9 9.587641731237162e-9 2.0720100818397008e-8 4.3996178443245614e-8 9.178898365141832e-8 1.8816063456513335e-7 3.7900095675086545e-7 7.501301036251497e-7 1.4589143876520139e-6 2.788257845689878e-6 5.236725924985962e-6 9.66552342830507e-6 0.000017532563213227257 0.00003125625725178267 0.00005476692030621272 0.00009432114793767338 0.00015967258342528188 0.000265708148999022 0.0004346674855567045 0.0006990587224480464 0.0011053580933059646 0.001718526096973443 0.0026272816320913237 0.003949943741203584 0.0058404800471882 0.008494201931002752 0.012152339815431734 0.01710454949432022 0.023688283448959305 0.03228395519399171 0.04330497233668373 0.05718204446644263 0.07434169070747394 0.095179551692655 0.1200298878641383 0.14913342196128143 0.18260633609522192 0.22041363522024926 0.2623501294417603 0.3080319002902428 0.35690029608540663 0.40823931657640095 0.46120583405752785 0.5148706452669287 0.5682670650338479 0.6204428530695162 0.6705108527968596 0.7176938809314942 0.7613601133152572 0.8010463552099454 0.8364679873219567 0.8675158349430903 0.8942415148535625 0.916833810256796 0.9355892080917693 0.9508798784901011 0.9631221242048709 0.9727477721029333 0.9801802420136841 0.9858162376938153 0.9900132712447747 0.9930826361390696 0.9952870284460784 0.9968417890564585 0.9979186817784541 0.998651195250654 0.9991405153385802 0.9994615151069088 0.9996683151520187 0.9997991522089018 0.999880443705804 0.9999300450769847 0.9999597669682181 0.9999772571122 0.9999873646297356 0.9999931009023831 0.9999962979508372 0.9999980478087687 0.9999989883773956 0.9999994848694471 0.9999997422455444 0.9999998732717635 0.9999999387779441 0.9999999709397485 0.9999999864469196 0.9999999937896701 0.9999999972041062 0.999999998763347 0.9999999994626112 0.9999999997705777 0.9999999999037764 0.999999999960352 0.9999999999839511
1.0743050559440578e-11 2.674727944725815e-11 6.54207603300078e-11 1.5719603178284846e-10 3.7107693754180166e-10 8.605764812111295e-10 1.9607635209833504e-9 4.389132807296017e-9 9.65290308682342e-9 2.0857935816305894e-8 4.428205949040117e-8 9.237126606193686e-8 1.8932530868460622e-7 3.8128864913075094e-7 7.545428937533943e-7 1.4672733307160405e-6 2.8038071838328926e-6 5.26513093166607e-6 9.716480015115116e-6 0.000017622332590301056 0.000031411559784943105 0.000055030766792224436 0.00009476134438798294 0.0001603937975183377 0.00026686853991361693 0.0004365009263153886 0.0007019035234391007 0.0011096927963040056 0.0017250122807338179 0.0026368127007413457 0.0039636973413346285 0.005859970127842755 0.008521324656328181 0.01218940579330365 0.017154293418782822 0.023753841657145454 0.03236880220580806 0.04341280950497783 0.05731663758172323 0.07450665868968007 0.09537811496717201 0.12026459194278882 0.14940585814880583 0.18291688599847303 0.22076126778232846 0.2627322777549498 0.3084444401260989 0.357337639189162 0.4086946202147886 0.4616713155366683 0.515337977931406 0.568727822430494 0.6208889620243422 0.6709350150457538 0.718089926840721 0.7617232595097114 0.8013733493047177 0.8367571357055934 0.8677669218546877 0.8944556312016525 0.9170131175799405 0.9357366662052353 0.9509989647803593 0.9632165688428704 0.9728213276268124 0.980236498904544 0.985858490796649 0.990044436015317 0.9931052092651572 0.9953030846149797 0.9968530044520161 0.9979263750260456 0.9986563776069777 0.9991439435474814 0.9994637421557044 0.9996697358921041 0.9998000422744315 0.9998809912910991 0.9999303759063247 0.9999599632494193 0.9999773714726465 0.9999874300625234 0.9999931376676272 0.9999963182370943 0.9999980588010757 0.9999989942266192 0.9999994879259868 0.9999997438140438 0.9999998740621892 0.9999999391691093 0.9999999711298484 0.9999999865376443 0.99999999383219 0.9999999972236757 0.9999999987721918 0.9999999994665371 0.9999999997722889 0.9999999999045088 0.9999999999606599 0.9999999999840782
1.0829516613550319e-11 2.6958385610375596e-11 6.592690961929206e-11 1.583877643207425e-10 3.7383244384960686e-10 8.668331975933487e-10 1.974714798407698e-9 4.419682294710987e-9 9.718595668137273e-9 2.0996659679224285e-8 4.4569738693424406e-8 9.295711845315136e-8 1.9049693844241659e-7 3.8358964069872365e-7 7.589806363436836e-7 1.475678212988712e-6 2.819439510020506e-6 5.293683029906652e-6 9.767692387732778e-6 0.000017712538338070766 0.00003156759261012369 0.00005529581213647775 0.00009520347118142716 0.00016111805991245125 0.0002680336514007518 0.0004383415350518642 0.0007047589955370695 0.0011140430722847716 0.0017315207393048446 0.0026463749910990656 0.0039774938168889926 0.005879517880333825 0.008548523344248776 0.012226569713874669 0.01720416091222794 0.023819552343292992 0.0324538331324113 0.04352086336058922 0.05745147985678048 0.07467190597030854 0.09557698301844708 0.1204996191617205 0.14967862635770132 0.1832277652868185 0.22110921412266774 0.26311471061701613 0.3088572219647333 0.3577751697623093 0.40915004711232567 0.46213684952532197 0.5158052895285828 0.569188486320244 0.6213349100325916 0.6713589573280832 0.7184857048733249 0.7620861027894436 0.8017000190615214 0.8370459516872821 0.8680176805261468 0.8946694338822365 0.9171921339631053 0.9358838618152385 0.9511178203078309 0.9633108155871499 0.9728947174389864 0.9802926201942199 0.9859006353985489 0.9900755158511259 0.993127717317818 0.9953190919699653 0.9968641839853822 0.9979340424631752 0.9986615417613658 0.9991473591762139 0.9994659606818215 0.999671150971736 0.9998009286538454 0.9998815365225365 0.9999307052615543 0.9999601586251813 0.9999774852875811 0.9999874951729091 0.9999931742459451 0.9999963384170236 0.9999980697340417 0.9999990000433479 0.9999994909650662 0.9999997453733367 0.9999998748478514 0.9999999395578558 0.999999971318743 0.9999999866277796 0.999999993874427 0.999999997243112 0.9999999987809751 0.9999999994704349 0.9999999997739877 0.9999999999052358 0.9999999999609654 0.9999999999842042
1.0916663889500598e-11 2.7171121381363226e-11 6.643688554322593e-11 1.595883171404943e-10 3.7660790605388464e-10 8.731342314011895e-10 1.9887626771165936e-9 4.4504384563472655e-9 9.784722233705177e-9 2.113627794736467e-8 4.485922696466963e-8 9.35465619026348e-8 1.9167556375916946e-7 3.859040055873635e-7 7.63443466358742e-7 1.48412927532985e-6 2.8351552455696315e-6 5.322382941961895e-6 9.819161759391132e-6 0.000017803182453178043 0.000031724358946006425 0.000055562061420426356 0.0000956475361726773 0.00016184538249214568 0.0002692035010565046 0.0004401893372506115 0.0007076251748314925 0.0011184089711965372 0.0017380515402077989 0.002655968592256316 0.003991333282507938 0.005899123448372119 0.008575798170031413 0.012263831784741277 0.017254152212914636 0.023885415771530756 0.03253904825535194 0.043629134190140424 0.05758657156721545 0.07483743279475481 0.09577615604057815 0.12073496964240989 0.1499517266173076 0.18353897388195287 0.22145747404590335 0.26349742771389895 0.3092702453805251 0.3582128872836894 0.4096055966763569 0.4626024353895964 0.5162725794172514 0.5696490560891516 0.6217806965397235 0.6717826791756345 0.7188812146669752 0.7624486429089183 0.8020263643535908 0.8373344352527097 0.8682681110424226 0.8948829230614381 0.9173708596327552 0.9360307951871665 0.9512364453566668 0.9634048647231204 0.9729679418121573 0.9803486061326273 0.9859426717203654 0.9901065109410836 0.9931501604538028 0.9953350506375078 0.9968753277559155 0.9979416841659343 0.9986666877706776 0.9991507622662652 0.9994681707148382 0.9996725604115299 0.9998018113611961 0.9998820794094887 0.9999310331487907 0.9999603530994137 0.9999775985594502 0.9999875599623922 0.9999932106382372 0.9999963584911544 0.9999980806079718 0.9999990058277539 0.9999994939867809 0.9999997469234756 0.9999998756287779 0.9999999399441981 0.9999999715064396 0.9999999867173293 0.9999999939163828 0.9999999972624158 0.9999999987896971 0.999999999474305 0.9999999997756739 0.9999999999059574 0.9999999999612688 0.9999999999843294
1.1004497633587456e-11 2.7385499045175692e-11 6.695071632615808e-11 1.6079775386097905e-10 3.794034648372975e-10 8.794798878224866e-10 2.002907806557089e-9 4.48140264785139e-9 9.85128555908059e-9 2.1276796194193295e-8 4.515053528012619e-8 9.41396176072577e-8 1.9286122477454486e-7 3.8823181832324403e-7 7.679315194551114e-7 1.4926267597953922e-6 2.850954813815321e-6 5.351231393417838e-6 9.870889348703395e-6 0.000017894266940759907 0.00003188186202438329 0.00005582951974528981 0.00009609354724549943 0.00016257577718373223 0.00027037810653546257 0.00044204435847589605 0.000710502097517751 0.001122790543123932 0.001744604751134231 0.002665593593510465 0.00400521585307162 0.005918786975934249 0.008603149309224024 0.012301192213778091 0.017304267559352823 0.02395143220618126 0.0326244478562836 0.04373762228023256 0.057721912988452924 0.07500323940806043 0.09597563422712205 0.12097064350561161 0.15022515895608676 0.18385051170458225 0.22180604735563308 0.2638804287305231 0.30968350994694016 0.3586507912314066 0.41006126831372997 0.46306807249538584 0.5167398469562929 0.5701095311236547 0.622226320991841 0.6722061801210439 0.7192764558603242 0.7628108796236381 0.8023523850551773 0.8376225863884923 0.8685182134892606 0.8950960989059982 0.9175492948157855 0.9361774665866542 0.9513548402110992 0.9634987165361367 0.9730410010188669 0.9804044569694501 0.9859845999826787 0.9901374214737905 0.9931725388295884 0.9953509607438298 0.9968864358627545 0.9979493002102297 0.9986718156916212 0.9991541528590053 0.9994703722842428 0.999673964232034 0.999802690410488 0.9998826199612942 0.999931359574129 0.9999605466760104 0.9999777112906902 0.9999876244324657 0.9999932468453998 0.9999963784600143 0.9999980914231702 0.9999990115800093 0.999999496991226 0.9999997484645118 0.9999998764049961 0.9999999403281503 0.9999999716929459 0.9999999868062968 0.9999999939580595 0.9999999972815883 0.9999999987983584 0.9999999994781474 0.9999999997773479 0.9999999999066735 0.9999999999615696 0.9999999999844535
1.1093023131538407e-11 2.760153097705207e-11 6.746843039514407e-11 1.620161385473264e-10 3.822192618457295e-10 8.858704740832943e-10 2.017150840404107e-9 4.5125762334656904e-9 9.918288436944984e-9 2.1418220026621472e-8 4.544367467977311e-8 9.473630688383181e-8 1.940539618484401e-7 3.9057315382891574e-7 7.724449319865341e-7 1.501170909642964e-6 2.866838640119857e-6 5.380229113206592e-6 9.922876379685189e-6 0.000017985793814481716 0.000032040105090205376 0.00005609819223212236 0.00009654151231284912 0.000163309255955437 0.0002715574855508871 0.00044390662437198574 0.0007133897998973163 0.001127187838288222 0.0017511804399462736 0.002675250084364696 0.004019141643699329 0.005938508607262903 0.008630576937655652 0.012338651209137698 0.017354507190302865 0.024017601911760052 0.03271003221696206 0.043846327917444125 0.05785750439573982 0.07516932605491153 0.09617541777109272 0.12120664087135659 0.15049892340162227 0.1841623786744234 0.22215493385441648 0.26426371335079907 0.31009701523653244 0.35908888108283055 0.41051706143079836 0.46353376020837395 0.5172070915046811 0.5705699108105776 0.6226717828356942 0.672629459697798 0.7196714280930072 0.7631728126901438 0.802678081041549 0.8379104050821752 0.8687679879531942 0.8953089615832732 0.9177274397395205 0.9363238762795826 0.9514730051554409 0.9635923713114969 0.9731138953314955 0.9804601729541407 0.9860264204057987 0.9901682476375638 0.993194852601378 0.9953668224149024 0.9968975084048186 0.9979568906717833 0.9986769255807562 0.999157530995686 0.9994725654194344 0.9996753624537307 0.9998035658156776 0.9998831581872574 0.9999316845436402 0.9999607393588498 0.9999778234837273 0.9999876885846162 0.9999932828683253 0.9999963983241278 0.9999981021799391 0.9999990173002846 0.999999499978496 0.9999997499964965 0.9999998771765335 0.9999999407097271 0.9999999718782688 0.9999999868946858 0.9999999939994586 0.9999999973006299 0.9999999988069593 0.9999999994819624 0.9999999997790098 0.9999999999073844 0.9999999999618683 0.9999999999845768
1.1182245708801154e-11 2.781922964316349e-11 6.799005638136605e-11 1.6324353571396932e-10 3.850554396946747e-10 8.923062994609881e-10 2.0314924365868742e-9 4.543960586080477e-9 9.985733677209102e-9 2.1560555085197916e-8 4.573865626793439e-8 9.533665116975704e-8 1.9525381556211187e-7 3.9292808742489635e-7 7.769838410073058e-7 1.5097619693374735e-6 2.882807151881729e-6 5.409376833620521e-6 9.975124081776282e-6 0.000018077765096569826 0.00003219909140163047 0.00005636808402188037 0.0000969914393169668 0.00016404583081752492 0.00027274165587487883 0.000445776160663346 0.0007162883183779962 0.0011316009070476173 0.0017577786746769458 0.002684938154528339 0.004033110769749803 0.0059582884868671065 0.008658081231436588 0.012376208979250677 0.017404871344775263 0.02408392515297506 0.03279580161924431 0.0439552513883298 0.05799334606414377 0.07533569297963716 0.09637550686495973 0.12144296185895097 0.15077301998061785 0.18447457471020323 0.2225041333437743 0.2646472812576235 0.3105107608209449 0.35952715631459775 0.41097297543342304 0.4639994978940363 0.5176743124214844 0.5710301945371337 0.623117081518682 0.6730525174402355 0.720066131005644 0.7635344418660144 0.8030034521889906 0.8381978913222305 0.8690174345215449 0.8955215112612347 0.9179052946317119 0.9364700245320767 0.9515909404740839 0.9636858293344412 0.9731866250222616 0.9805157543359195 0.9860681332097647 0.9901989896204388 0.993217101925101 0.9953826357764466 0.996908545480808 0.9979644556261336 0.9986820174944919 0.9991608967174423 0.9994747501497219 0.9996767550970354 0.9998044375906736 0.9998836940966493 0.9999320080633727 0.999960931151795 0.9999779351409775 0.9999877524203235 0.9999933187079018 0.9999964180840171 0.9999981128785798 0.9999990229887502 0.9999995029486852 0.9999997515194813 0.9999998779434169 0.9999999410889422 0.9999999720624158 0.9999999869825003 0.999999994040582 0.9999999973195419 0.9999999988155002 0.9999999994857502 0.9999999997806595 0.99999999990809 0.9999999999621645 0.9999999999846989
1.127217073083433e-11 2.8038607601261103e-11 6.851562312155644e-11 1.6448001032770086e-10 3.8791214197566447e-10 8.987876752975774e-10 2.0459332573156503e-9 4.575557087287173e-9 1.005362410711542e-8 2.1703807044302253e-8 4.603549121363895e-8 9.594067202367151e-8 1.964608267193351e-7 3.9529669483167155e-7 7.815483842756719e-7 1.5184001845567338e-6 2.8988607785447363e-6 5.438675290326772e-6 0.000010027633689862771 0.0000181701828178454 0.00003235882423007175 0.00005663920027549304 0.00009744333622947342 0.00016478551382243198 0.0002739306353385442 0.00044765299315484974 0.0007191976894741862 0.0011360297998975202 0.001764399523530457 0.0026946578939171534 0.004047123346821456 0.005978126759522332 0.008685662366958335 0.012413865732825297 0.017455360262030196 0.0241504021947259 0.032881756345087595 0.04406439297941906 0.058129438268551506 0.07550234042620782 0.09657590170064659 0.12167960658697442 0.15104744871889614 0.18478709972965807 0.22285364562418888 0.26503113213287965 0.31092474627091127 0.3599656164026139 0.41142900972697544 0.464465284917643 0.5181415090658685 0.5714903816909276 0.6235622164888537 0.6734753528835491 0.7204605642398393 0.7638957669098669 0.8033284983748019 0.8384850450980574 0.8692665532824195 0.8957337481084656 0.9180828597205369 0.9366159116105042 0.951708646451498 0.9637790908901507 0.9732591903632207 0.9805712013637742 0.9861097386143448 0.9902296476101684 0.9932392869564135 0.9953984009539327 0.9969195471892043 0.9979719951486343 0.9986870914890889 0.9991642500652917 0.9994769265043251 0.999678142182298 0.9998053057493369 0.9998842276987077 0.9999323301393517 0.9999611220586933 0.9999780462648469 0.9999878159410613 0.9999933543650135 0.9999964377402023 0.9999981235193913 0.9999990286455749 0.9999995059018871 0.9999997530335165 0.9999998787056738 0.9999999414658101 0.9999999722453938 0.9999999870697436 0.9999999940814315 0.9999999973383249 0.9999999988239816 0.9999999994895112 0.9999999997822971 0.9999999999087903 0.9999999999624587 0.9999999999848203
1.1362803603400324e-11 2.8259677501330558e-11 6.904515965942694e-11 1.6572562781073946e-10 3.907895132627387e-10 9.053149150129964e-10 2.060473969108675e-9 4.60736712743126e-9 1.0121962571340732e-8 2.184798161233911e-8 4.633419075098028e-8 9.654839112610375e-8 1.9767503634755864e-7 3.9767905217169903e-7 7.861387002572421e-7 1.5270858021970822e-6 2.914999951607145e-6 5.468125222381523e-6 0.000010080406444299368 0.000018263049017757167 0.00003251930686024687 0.0000569115461739309 0.00009789721105146506 0.00016552831706489112 0.0002751244418321581 0.00044953714773198736 0.0007221179498071077 0.0011404745674708386 0.0017710430548825143 0.002704409392653648 0.004061179490752671 0.005998023570270731 0.008713320520893747 0.012451621678847516 0.017505974181577313 0.024217033302103397 0.03296789667654859 0.044173752977215305 0.05826578128366779 0.07566926863823353 0.09677660246952907 0.12191657517327856 0.15132220964139756 0.18509995364953266 0.22320347049510353 0.2654152656574384 0.3113389711562565 0.3604042608220551 0.41188516371633926 0.4649311206442614 0.5186086807970989 0.5719504716599582 0.6240071871949118 0.6738979655637858 0.7208547274381835 0.7642567875813573 0.8036532194772987 0.8387718663999805 0.8695153443247101 0.895945672294161 0.9182601352345972 0.9367615377814738 0.9518261233722298 0.9638721562637463 0.9733315916262647 0.9806265142864592 0.9861512368390365 0.9902602217942224 0.9932614078506982 0.9954141180725813 0.9969305136282703 0.9979795093144564 0.9986921476206587 0.999167591080135 0.999479094512375 0.9996795237298018 0.9998061703054808 0.9998847590026362 0.9999326507775796 0.9999613120833772 0.9999781568577312 0.9999878791482972 0.9999933898405406 0.9999964572932006 0.9999981341026721 0.9999990342709271 0.9999995088381948 0.999999754538653 0.9999998794633307 0.9999999418403445 0.9999999724272104 0.9999999871564192 0.9999999941220089 0.9999999973569798 0.9999999988324038 0.9999999994932451 0.9999999997839228 0.9999999999094855 0.9999999999627505 0.9999999999849405
1.1454149772860307e-11 2.8482452086253468e-11 6.957869524711732e-11 1.669804540438389e-10 3.936876991189559e-10 9.118883341185177e-10 2.0751152428192293e-9 4.639392105665724e-9 1.0190751932099427e-8 2.199308453193448e-8 4.6634766179478994e-8 9.715983028013231e-8 1.9889648569907294e-7 4.000752359714397e-7 7.907549281284151e-7 1.5358190703790937e-6 2.9312251046308727e-6 5.497727372244631e-6 0.000010133443590931742 0.00001835636574441547 0.00003268054259022692 0.00005718512691827539 0.00009835307181361115 0.0001662742526820612 0.0002763230933053368 0.0004514286503610763 0.0007250491361050755 0.001144935260538253 0.0017777093372806241 0.0027141927410673674 0.004075279317622049 0.006017979064421333 0.008741055870197018 0.012489477026580795 0.017556713343175167 0.024283818740388697 0.03305422289578221 0.04428333166819414 0.05840237538401343 0.07583647785896258 0.09697760936243369 0.12215386773498561 0.1515973027721793 0.18541313638557994 0.22355360775492286 0.2657996815111583 0.31175343504589903 0.3608430890473706 0.41234143680591295 0.46539700443875853 0.5190758269745441 0.5724104638326202 0.6244519930862132 0.6743203550178496 0.7212486202442536 0.7646175036411804 0.8039776153758107 0.8390583552192485 0.8697638077380916 0.8961572839881249 0.918437121402916 0.936906903311834 0.9519433715209007 0.9639650257402878 0.9734038290831213 0.980681693352496 0.9861926281030658 0.9902907123597888 0.9932834647630644 0.9954297872573628 0.9969414448960506 0.9979869981985873 0.9986971859451648 0.9991709198027564 0.9994812542029137 0.9996808997597649 0.9998070312728713 0.9998852880176055 0.9999329699840358 0.9999615012296637 0.9999782669220165 0.9999879420434916 0.9999934251353593 0.9999964767435272 0.9999981446287185 0.9999990398649742 0.999999511757701 0.9999997560349407 0.9999998802164145 0.9999999422125596 0.9999999726078725 0.999999987242531 0.9999999941623159 0.9999999973755074 0.9999999988407672 0.9999999994969526 0.9999999997855369 0.9999999999101754 0.9999999999630401 0.99999999998506
1.1546214726470703e-11 2.8706944192467713e-11 7.011625934664586e-11 1.6824455536939992e-10 3.966068461029469e-10 9.185082502302484e-10 2.089857753662702e-9 4.6716334300047825e-9 1.0259995069247449e-8 2.2139121580131608e-8 4.693722886444682e-8 9.777501141204317e-8 2.0012521625217443e-7 4.024853231633754e-7 7.953972077797942e-7 1.5446002384532313e-6 2.9475366732506003e-6 5.527482485794004e-6 0.000010186746381118593 0.000018450135054625315 0.00003284253473148465 0.000057459947729788704 0.0000988109265762487 0.00016702333285365567 0.0002775266077671985 0.00045332752708945846 0.0007279912852037288 0.0011494119300085072 0.001784398439444405 0.0027240080296952194 0.004089422943748713 0.0060379933875502 0.0087688685921038 0.012527431985565975 0.017607577986830995 0.02435075877505278 0.033140735285040926 0.04439312933880254 0.05853922084392416 0.0760039683312798 0.09717892256963598 0.12239148438848708 0.15187272813441408 0.18572664785256007 0.22390405720101245 0.26618437937288636 0.3121681375078511 0.36128210055228366 0.4127978283996121 0.4658629356658038 0.5195429469576776 0.5728703575977077 0.624896633612772 0.6747425207835025 0.7216422423026144 0.7649779148510696 0.8043016859506826 0.8393445115480337 0.8700119436130205 0.8963685833607691 0.9186138184549383 0.9370520084686719 0.9520603911822061 0.9640576996047727 0.9734759030053526 0.9807367388101715 0.9862339126253874 0.9903211194937729 0.9933054578483486 0.9954454086329978 0.996952341090372 0.9979944618758313 0.9987022065184217 0.9991742362738236 0.9994834056048945 0.9996822702923395 0.9998078886652269 0.9998858147527532 0.9999332877646772 0.9999616895013541 0.9999783764600789 0.9999880046280991 0.999993460250342 0.9999964960916943 0.9999981550978259 0.9999990454278826 0.9999995146604976 0.9999997575224298 0.9999998809649517 0.999999942582469 0.9999999727873872 0.9999999873280824 0.9999999942023543 0.9999999973939087 0.9999999988490722 0.9999999995006336 0.9999999997871389 0.9999999999108602 0.9999999999633276 0.9999999999851785