3.239562400946106e-14 1.0173185833863253e-13 3.1233774458059285e-13 9.375517336584308e-13 2.751541528438609e-12 7.89539994199043e-12 2.2151187938878784e-11 6.07648994170346e-11 1.6298587073998242e-10 4.2746209507246683e-10 1.0962393350252569e-9 2.7490556320117713e-9 6.7412895373314934e-9 1.616573266222918e-8 3.79099499550058e-8 8.694202328165889e-8 1.9500207399527593e-7 4.277568171204942e-7 9.177391357579779e-7 1.925855823854947e-6 3.953023892606201e-6 7.937005237146763e-6 0.00001558933101449174 0.00002995474837161744 0.00005631148973454776 0.00010357368357518966 0.0001864031301137022 0.0003282776438269508 0.0005657826562655726 0.0009543711730698391 0.001575749291860196 0.002546864554633339 0.004030183192391544 0.006244536909198538 0.009475324623860143 0.014082330347654215 0.020502965586642247 0.029248496430179332 0.0408909173985694 0.0560387109904873 0.0753008462293066 0.09923998135175224 0.12831777654344845 0.16283719636691726 0.20288830177934805 0.2483048933116623 0.29863914138130065 0.35315987034592905 0.4108775345814319 0.4705954814676489 0.5309833940575116 0.5906655078768743 0.6483139272493804 0.7027365714708704 0.7529501182571413 0.7982306146416053 0.8381377428707115 0.8725124324526841 0.9014509379164425 0.9252611031001017 0.944407969509812 0.9594560804755938 0.971014946542365 0.9796925027447526 0.9860594108757299 0.9906251244488142 0.9938250336782211 0.9960169075343159 0.9974842866681273 0.9984443900274613 0.9990583534363666 0.9994420746578959 0.9996764640527356 0.9998163934250002 0.9998980382345939 0.9999445965243436 0.9999705451389904 0.999984679625282 0.9999922044181577 0.9999961196520686 0.9999981106439602 0.9999991001759869 0.9999995808368646 0.9999998090266613 0.9999999149037917 0.99999996291654 0.999999984195941 0.9999999934133876 0.999999997315594 0.9999999989301687 0.9999999995830802 0.9999999998411272 0.9999999999408034 0.9999999999784333 0.9999999999923175 0.9999999999973241 0.9999999999990887 0.9999999999996967 0.9999999999999012 0.9999999999999686
3.311901674134742e-14 1.039586489017679e-13 3.190368155834696e-13 9.57247812186501e-13 2.8081361201188205e-12 8.05432781541613e-12 2.2587357336135452e-11 6.193477664541829e-11 1.660524582428598e-10 4.3531807586538846e-10 1.1159080253231165e-9 2.7971817075710102e-9 6.8563736656773245e-9 1.6434688140267357e-8 3.852424262552753e-8 8.831322153152261e-8 1.9799334075228957e-7 4.3413416365313657e-7 9.310269903096655e-7 1.952914073078641e-6 4.0068725025732026e-6 8.041737208675175e-6 0.000015788404783316297 0.000030324558477933027 0.00005698287760390529 0.00010476492059732902 0.00018846876163353178 0.0003317782036113322 0.0005715803080029828 0.0009637553616420154 0.001590593987784699 0.0025698141938958214 0.004064857707638658 0.006295737492743785 0.00954921185647996 0.014186536621832651 0.02064659662936669 0.029441974940974593 0.04114562806732786 0.05636642236368778 0.07571291136315779 0.09974635395640084 0.12892591786299543 0.16355098363967388 0.2037070739356759 0.2492227762733422 0.2996447790411445 0.3542366472376647 0.4120043165857612 0.4717478305369751 0.5321351439649855 0.5917905331900021 0.6493879077094642 0.703738554678437 0.7538637148767087 0.7990447160429015 0.8388467204449178 0.873115847966319 0.9019528532024963 0.9256691164292237 0.9447321211750686 0.9597077624664234 0.9712059257124355 0.97983413097892 0.9861620572601533 0.9906978299797562 0.9938753630166326 0.9960509565820551 0.9975067989074349 0.9984589366577328 0.9990675396402898 0.9994477440923806 0.999679883637532 0.9998184091764997 0.9998991994975787 0.999945250338248 0.9999709048947031 0.9999848730852998 0.9999923060909439 0.9999961718734318 0.9999981368572579 0.999999113035517 0.9999995870022256 0.9999998119154907 0.999999916226656 0.999999963508563 0.9999999844548768 0.9999999935240693 0.9999999973618308 0.9999999989490456 0.9999999995906121 0.9999999998440642 0.9999999999419227 0.99999999997885 0.9999999999924691 0.9999999999973782 0.9999999999991076 0.999999999999703 0.9999999999999034 0.9999999999999692
3.3858283402019995e-14 1.062333052010263e-13 3.258768836691188e-13 9.773496165913105e-13 2.8658711823984416e-12 8.216387209911076e-12 2.3031925913231698e-11 6.312665872791755e-11 1.6917535622453558e-10 4.4331480305941184e-10 1.1359203131926052e-9 2.84612702844065e-9 6.973365512297358e-9 1.6707982072605885e-8 3.914817046011539e-8 8.970531600525678e-8 2.0102886031208197e-7 4.406030175050029e-7 9.444995966659921e-7 1.98033649947991e-6 4.0614219198919335e-6 8.14778565979669e-6 0.000015989892474936173 0.00003069868861264651 0.00005766181047649232 0.0001059690161738836 0.00019055577419272777 0.00033531344555890385 0.0005774328319369678 0.0009732242115526263 0.0016055660369453028 0.0025929505645777653 0.00409979901903462 0.006347309394305358 0.009623602286119385 0.014291406549015506 0.020791078994889373 0.029636514845333993 0.04140162368460977 0.056695642461621495 0.07612669196499802 0.10025461156843839 0.12953605524456765 0.16426679956083745 0.20452781289842056 0.25014246047439825 0.3006519481069237 0.3553145907631414 0.41313182454376357 0.4729004161675341 0.53328662493095 0.5929148023653849 0.6504606954977562 0.704738986083487 0.7547754964040609 0.7998568435854843 0.8395536687657584 0.8737172724065183 0.9024528928674727 0.926075426714351 0.9450547782214616 0.9599581740816016 0.9713958575467325 0.9799749207274198 0.9862640511795981 0.9907700416694006 0.9939253285709887 0.9960847446913964 0.9975291288213715 0.9984733591456924 0.9990766434526626 0.9994533602125169 0.9996832695790899 0.9998204042206168 0.9999003483269422 0.9999458968680199 0.9999712604863144 0.9999850642221668 0.9999924064987313 0.9999962234224393 0.9999981627217049 0.9999991257183438 0.9999995930802006 0.9999998147621253 0.9999999175296262 0.9999999640914272 0.9999999847096948 0.9999999936329429 0.9999999974072925 0.9999999989675978 0.9999999995980112 0.9999999998469482 0.9999999999430212 0.999999999979259 0.9999999999926179 0.9999999999974312 0.999999999999126 0.9999999999997092 0.9999999999999054 0.9999999999999699
3.461376598810499e-14 1.0855683664104532e-13 3.3286085786306066e-13 9.978653324799073e-13 2.9247692035705314e-12 8.381638443079983e-12 2.3485051610093097e-11 6.434094938114167e-11 1.723555720176742e-10 4.5145472997095087e-10 1.15628203025133e-9 2.8959051230474508e-9 7.092295703416557e-9 1.698568211262806e-8 3.978187927096152e-8 9.111861329481908e-8 2.041092615144399e-7 4.4716463666283623e-7 9.581594090121704e-7 2.008127771428709e-6 4.116680801677459e-6 8.255166238011797e-6 0.00001619382164961215 0.00003107718606667317 0.00005834836738410162 0.00010718609889575862 0.00019266437141778335 0.00033888368334222406 0.0005833406978575024 0.0009827784064571198 0.0016206664052593356 0.002616274990404345 0.0041350088840739485 0.006399254871082388 0.009698498711542236 0.0143969434706061 0.020936416510140957 0.029832120325301 0.04165890857472089 0.057026375456235144 0.07654219169157468 0.10076475692620059 0.130148190105556 0.16498464387524447 0.205350516491877 0.2510639417208264 0.3016606424504851 0.3563936931356062 0.4142600494604033 0.4740532287389177 0.5344378273627387 0.5940383064880758 0.6515322829510244 0.705737859711504 0.7556854588132242 0.8006669952601682 0.8402585877290548 0.8743167073155387 0.902951059742163 0.9264800376703852 0.9453759448467564 0.9602073196437486 0.9715847462046145 0.9801148757805191 0.9863653959314074 0.9908417622705484 0.9939749325547034 0.9961182735808517 0.997551277700811 0.9984876584308502 0.9990856655367883 0.9994589234730029 0.9996866221802858 0.9998223787535128 0.9999014848462784 0.9999465361894497 0.9999716119590751 0.9999852530621969 0.9999925056564272 0.9999962743073211 0.9999981882417296 0.9999991382267908 0.9999995990719779 0.9999998175671578 0.9999999188129911 0.9999999646652692 0.9999999849604584 0.9999999937400372 0.9999999974519916 0.999999998985831 0.9999999996052799 0.99999999984978 0.9999999999440996 0.9999999999796603 0.9999999999927639 0.9999999999974829 0.999999999999144 0.9999999999997153 0.9999999999999074 0.9999999999999706
3.5385813722979065e-14 1.1093027348669985e-13 3.399917059535861e-13 1.0188033069925818e-12 2.9848531052059803e-12 8.550142966443616e-12 2.3946895261773108e-11 6.557805953254878e-11 1.755941304732693e-10 4.5974035142505726e-10 1.1769991040285326e-9 2.9465297359076015e-9 7.213195339897168e-9 1.7267856929934457e-8 4.042551699071897e-8 9.255342430345747e-8 2.0723518173842454e-7 4.5382029558603545e-7 9.72008912472955e-7 2.036292613858129e-6 4.172657905660184e-6 8.363894764890831e-6 0.000016400220160357514 0.00003146009860928044 0.000059042628117401714 0.0001084162985217879 0.00019479475867722695 0.0003424892331489947 0.0005893043790642197 0.0009924186347348364 0.0016358960647609056 0.0026397888026928077 0.004170489069236883 0.006451576190335454 0.009773903942032619 0.014503150738035762 0.021082613010315613 0.03002879556790258 0.04191748706206445 0.05735862551321105 0.07695941418593055 0.101276792746469 0.13076232383443048 0.16570451629293506 0.20617518250213723 0.2519872157802535 0.30267085590878984 0.35747394654048503 0.4153889823228941 0.47520625862501614 0.5355887416746767 0.5951610366620234 0.6526026624347344 0.7067351696233861 0.7565935981167411 0.8014751690957593 0.84096147726492 0.8749141542638528 0.9034473566781125 0.9268829530251373 0.9456956252542716 0.9604552034748136 0.9717725958400467 0.980253999919974 0.9864660948027923 0.9909129945254892 0.994024177171217 0.9961515449600802 0.9975732468291865 0.9985018354467485 0.9990946065513803 0.9994644343251395 0.9996899417415703 0.999824332969675 0.9999026091780628 0.9999471683776029 0.9999719593577805 0.9999854396314254 0.9999926035787741 0.999996324536212 0.9999982134217074 0.9999991505631518 0.9999996049787304 0.9999998203311733 0.9999999200770349 0.999999965230224 0.9999999852072301 0.9999999938453805 0.9999999974959406 0.9999999990037503 0.9999999996124203 0.9999999998525608 0.9999999999451579 0.999999999980054 0.999999999992907 0.9999999999975338 0.9999999999991616 0.9999999999997213 0.9999999999999094 0.9999999999999712
3.617478320637555e-14 1.1335466728503364e-13 3.472724556523289e-13 1.0401720519161416e-12 3.0461462502965545e-12 8.721963386205289e-12 2.441762065008108e-11 6.683840744555044e-11 1.7889207425608107e-10 4.681742044352359e-10 1.1980775594889796e-9 2.9980148309537755e-9 7.336096004311905e-9 1.7554576224981263e-8 4.1079233701984224e-8 9.401006430347314e-8 2.104072670124378e-7 4.605712854105281e-7 9.86050623479501e-7 2.0648358089053016e-6 4.2293620912722825e-6 8.473987237859501e-6 0.00001660911615577966 0.000031847474492461 0.000059744673232436876 0.0001096597459880467 0.00019694714309444382 0.0003461304136989557 0.0005953243523876141 0.001002145589514151 0.00165125599362871 0.0026634933403804828 0.004206241350013732 0.006504275629402151 0.009849820797395391 0.014610031712742956 0.021229672338822895 0.03022654476507062 0.0421773634710321 0.05769239679183302 0.07737836307725493 0.10179072172432264 0.13137845779061005 0.16642641648906162 0.20700180867705445 0.25291227838196956 0.30368258228401607 0.3585553431355504 0.4165186141009156 0.4763594961942595 0.5367393582883214 0.5962829840102826 0.65367182634321 0.7077309099155378 0.7574999103656934 0.8022813631590133 0.8416623373376615 0.8755096148500168 0.9039417865474707 0.9272841765191788 0.9460138236527473 0.9607018298959693 0.9719594106015246 0.9803922969189851 0.9865661510708136 0.9909837411660041 0.994073064614013 0.9961845605299137 0.9975950374825182 0.998515891120989 0.9991034671505868 0.9994698932168506 0.9996932285609845 0.999826267061928 0.9999037214436607 0.9999477935068264 0.9999723027267745 0.9999856239556129 0.9999927002803513 0.9999963741171529 0.9999982382659607 0.9999991627296925 0.9999996108016159 0.9999998230547485 0.9999999213220381 0.9999999657864248 0.9999999854500714 0.9999999939490006 0.9999999975391516 0.9999999990213609 0.9999999996194346 0.9999999998552912 0.9999999999461966 0.9999999999804401 0.9999999999930473 0.9999999999975837 0.9999999999991789 0.9999999999997272 0.9999999999999114 0.9999999999999718
3.6981038567020105e-14 1.158310912955292e-13 3.5470619577722413e-13 1.0619802468555862e-12 3.1086724515471724e-12 8.897163484387756e-12 2.4897394556102608e-11 6.812241884671822e-11 1.8225046414488722e-10 4.767588688939641e-10 1.21952352058002e-9 3.0503745949111293e-9 7.461029768117411e-9 1.7845910743918476e-8 4.174318166716656e-8 9.548885299471727e-8 2.136261721256175e-7 4.6741891415497385e-7 1.0002870901401964e-6 2.0937621965589586e-6 4.286802320744654e-6 8.585459832000337e-6 0.00001682053808294528 0.00003223936245534071 0.000060454584057172845 0.00011091657341721888 0.00019912173356056116 0.00034980754626085973 0.0006014010982103357 0.0010119599686977075 0.0016667471762139305 0.002687389950052831 0.004242267510929206 0.006557355475712453 0.009926252107956527 0.014717589766151938 0.021377598347239433 0.03042537211356324 0.0424385421258952 0.05802769344485249 0.07779904198073495 0.10230654653298979 0.1319965933043343 0.16715034410379892 0.20783039272620923 0.2538391252169603 0.30469581534366263 0.3596378750510892 0.41764893574682893 0.47751293180985893 0.5378896676327001 0.5974041396752247 0.6547397670997911 0.7087250747199642 0.7584043916497254 0.8030855755545905 0.8423611679456842 0.8761030907005369 0.9044343522428426 0.9276837119056944 0.9463305442562147 0.9609472032275079 0.9721451946320012 0.9805297705421534 0.9866655680023649 0.9910540049133691 0.994121597066635 0.9962173219823811 0.9976166509294415 0.9985298263752609 0.9991122479840157 0.9994753005927051 0.9996964829341762 0.9998281812214472 0.999904821763336 0.9999484116507547 0.9999726421099542 0.9999858060602471 0.999992795775577 0.999996423058092 0.9999982627787602 0.9999991747286497 0.999999616541777 0.9999998257384526 0.9999999225482772 0.9999999663340025 0.9999999856890429 0.9999999940509247 0.9999999975816367 0.9999999990386681 0.999999999626325 0.9999999998579722 0.999999999947216 0.999999999980819 0.9999999999931849 0.9999999999976324 0.9999999999991959 0.9999999999997329 0.9999999999999133 0.9999999999999725
3.780495161835684e-14 1.1836064092888053e-13 3.6229607745826147e-13 1.084236742465389e-12 3.1724559798195675e-12 9.075808240345479e-12 2.5386386813630344e-11 6.94305270551246e-11 1.8567037933762174e-10 4.854969682741361e-10 1.2413432118024146e-9 3.103623440723278e-9 7.588029198930238e-9 1.8141932293632047e-8 4.2417515358751875e-8 9.699011456382654e-8 2.1689256074059058e-7 4.743645069293606e-7 1.0147208926155935e-6 2.1230766753137396e-6 4.344987660214878e-6 8.69832890187122e-6 0.000017034514690270428 0.00003263581172862109 0.00006117244269809222 0.00011218691412803036 0.0002013187407474096 0.0003535209546695278 0.0006075351004885578 0.0010218624749877133 0.0016823706030681055 0.00271147998597139 0.004278569345566567 0.006610818026803828 0.010003200714562909 0.014825828279650927 0.021526394895259843 0.030625281814884952 0.042701027350694795 0.05836451961835346 0.07822145449740633 0.10282426982369974 0.13261673167653432 0.16787629874225454 0.20866093232087582 0.2547677519379423 0.3057105488206539 0.36072153439007176 0.4187799381958943 0.4786665558300482 0.5390396601445502 0.5985244948187465 0.6558064771569916 0.7097176582043618 0.7593070380970628 0.80388780442501 0.8430579691213911 0.8766945834697351 0.9049250566771384 0.9280815629503363 0.946645791283865 0.9611913277887372 0.9723299520688142 0.9806664245454375 0.9867643488541555 0.9911237884783579 0.994169776702704 0.9962498310007348 0.9976380884312357 0.9985436421253684 0.9991209496967586 0.9994806568939357 0.9996997051544165 0.9998300756377702 0.9999059102562605 0.999949022882316 0.999972977550773 0.9999859859705462 0.9999928900787095 0.9999964713668854 0.9999982869643254 0.9999991865622329 0.9999996222003416 0.9999998283828472 0.9999999237560249 0.999999966873086 0.9999999859242044 0.9999999941511797 0.9999999976234079 0.999999999055677 0.9999999996330937 0.9999999998606046 0.9999999999482166 0.9999999999811907 0.9999999999933198 0.9999999999976803 0.9999999999992124 0.9999999999997387 0.9999999999999152 0.9999999999999731
3.864690201742402e-14 1.209444341944257e-13 3.700453153664636e-13 1.1069505637414264e-12 3.237521572730431e-12 9.257963852659834e-12 2.5884770363516407e-11 7.07631731138602e-11 1.8915291776149465e-10 4.943911703415519e-10 1.263542959805056e-9 3.1577760110286773e-9 7.717127367906047e-9 1.8442713756992484e-8 4.310239148996616e-8 9.85141777442058e-8 2.2020710550758078e-7 4.814094061460132e-7 1.0293546434974626e-6 2.152784202831258e-6 4.403927280845828e-6 8.81261098334027e-6 0.00001725107503043539 0.00003303687203905643 0.0000618983320468343 0.00011347090264473944 0.00020353837712056008 0.00035727096534297984 0.00061372684677342 0.0010318538159112857 0.0016981272709710648 0.0027357648101017534 0.0043151486565917024 0.006664665590336162 0.010080669468581915 0.014934750644569915 0.021676065850647144 0.03082627807520673 0.04296482346913173 0.05870287945161792 0.07864560421400456 0.10334389422553517 0.13323887417870556 0.16860427997438063 0.2094934250939909 0.25569815415939834 0.306726776413447 0.36180631322832213 0.4199116123664886 0.47982035860832556 0.5401893262685566 0.599644040622479 0.6568719489966552 0.710708654572209 0.7602078458745338 0.8046880479506042 0.8437527409310843 0.8772840948396151 0.9054139027834238 0.9284777334310745 0.9469595689599207 0.9614342078978766 0.972513687043612 0.9808022626761103 0.9868624968726932 0.9911930945612466 0.9942176056859363 0.9962820892594753 0.9976593512418518 0.9985573392812578 0.9991295729294156 0.9994859625584609 0.9997028955126155 0.9998319504988087 0.9999069870405224 0.9999496272737383 0.9999733090922458 0.9999861637114607 0.9999929832038488 0.9999965190512982 0.9999983108268241 0.9999991982326231 0.9999996277784224 0.9999998309884861 0.99999992494555 0.9999999674038029 0.9999999861556145 0.999999994249792 0.9999999976644766 0.9999999990723926 0.9999999996397428 0.9999999998631894 0.9999999999491986 0.9999999999815554 0.9999999999934521 0.9999999999977273 0.9999999999992287 0.9999999999997441 0.999999999999917 0.9999999999999737
3.9507277426947e-14 1.2358361215642377e-13 3.7795718896651386e-13 1.1301309133746884e-12 3.3038944434066537e-12 9.443697761423476e-12 2.63927213089652e-11 7.212080592375318e-11 1.9269919638814824e-10 5.034441878786789e-10 1.286129195004024e-9 3.212847181688503e-9 7.848357857224375e-9 1.8748329108312465e-8 4.37979690458429e-8 1.0006137587677456e-7 2.2357048817990305e-7 4.885549717330316e-7 1.0441909881920114e-6 2.1828897966081567e-6 4.463630459955391e-6 8.928322795437847e-6 0.00001747024846332468 0.00003344259361396802 0.00006263233578688673 0.00011476867470669124 0.00020578085695243498 0.0003610579072996649 0.0006199768282325749 0.0010419347038458779 0.0017140181829589014 0.0027602457921414806 0.004352007255777022 0.006718900484106417 0.010158661231900526 0.015044360262157856 0.02182661508918254 0.031028365105285092 0.0432299348044555 0.05904277707699009 0.07907149470281502 0.10386542234528408 0.13386302205277983 0.16933428733488629 0.21032786864012223 0.25663032745761477 0.3077444917861386 0.3628922036146896 0.42104394916032384 0.48097433049369576 0.5413386564575908 0.6007627682879945 0.6579361751301114 0.7116980580628538 0.761106811187585 0.8054863043494709 0.844445483474865 0.8778716265197274 0.9059008935147708 0.9288722271380527 0.9472718815135054 0.9616758478719554 0.9726964036822814 0.980937288672717 0.9869600152942691 0.9912619258518165 0.9942650861701614 0.9963140984243765 0.9976804406079409 0.9985709187470455 0.9991381183181204 0.999491218020904 0.9997060542973387 0.9998338059908618 0.999908052233135 0.9999502248965557 0.9999736367769524 0.9999863393076767 0.9999930751649388 0.9999965661190056 0.9999983343703747 0.9999992097419743 0.9999996332771185 0.9999998335559157 0.9999999261171177 0.9999999679262788 0.9999999863833312 0.9999999943467881 0.9999999977048544 0.9999999990888198 0.9999999996462743 0.9999999998657274 0.9999999999501625 0.9999999999819131 0.9999999999935819 0.9999999999977733 0.9999999999992446 0.9999999999997495 0.9999999999999187 0.9999999999999742
4.0386473680703e-14 1.262793393993178e-13 3.860350437935013e-13 1.1537871751677782e-12 3.3716002894001595e-12 9.633078670920333e-12 2.6910418971779603e-11 7.350388237933036e-11 1.963103515539373e-10 5.126587794197862e-10 1.309108453226417e-9 3.268852065366273e-9 7.981754767679265e-9 1.9058853429015393e-8 4.450440931469786e-8 1.0163204697147458e-7 2.2698339973085249e-7 4.958025813501929e-7 1.0592326053072696e-6 2.213398534650991e-6 4.524106582157223e-6 9.045481242225525e-6 0.000017692064658991665 0.00003385302718579229 0.00006337453840032201 0.00011608036727793349 0.00020804639633548812 0.000364882112175756 0.0006262855396717929 0.0010521058560447752 0.0017300443483519283 0.0027849243095479817 0.004389146964025303 0.00677352503606305 0.010237178876924212 0.015154660543559455 0.021978046494614805 0.031231547120381026 0.043496365679353326 0.05938421661974109 0.07949912952152409 0.10438885676729268 0.13448917651099906 0.17006632032315117 0.2111642605154396 0.25756426737072 0.30876368856857517 0.3639791975712207 0.4221769394626665 0.48212846183091207 0.5424876411729479 0.6018806690370142 0.6589991480983286 0.7126858629516023 0.7620039302802992 0.8062825718774234 0.8451361968865319 0.8784571802470338 0.9063860318441057 0.9292650478734396 0.9475827331785146 0.9619162520267088 0.9728781061048769 0.9810715062650341 0.9870569073449413 0.99133028502936 0.9943122202993397 0.9963458601525121 0.9977013577688827 0.9985843814210453 0.9991465864945634 0.9994964237126147 0.9997091817948227 0.9998356422986263 0.9999091059500451 0.9999508158216135 0.9999739606470414 0.9999865127836178 0.9999931659757682 0.9999966125775938 0.9999983575990451 0.9999992210924138 0.999999638697514 0.9999998360856753 0.9999999272709894 0.9999999684406371 0.9999999866074116 0.9999999944421932 0.9999999977445524 0.9999999991049633 0.9999999996526902 0.9999999998682194 0.9999999999511084 0.999999999982264 0.9999999999937091 0.9999999999978184 0.9999999999992603 0.9999999999997548 0.9999999999999205 0.9999999999999748
4.1284894952232873e-14 1.2903280450219032e-13 3.942822927542234e-13 1.1779289175156432e-12 3.4406653017660143e-12 9.826176572708639e-12 2.7438045949580473e-11 7.491286750706286e-11 1.999875392854311e-10 5.22037749997656e-10 1.332487377379145e-9 3.3258060151603327e-9 8.117352726377874e-9 1.9374362923519498e-8 4.522187592002021e-8 1.0322653376955486e-7 2.30446540471998e-7 5.031536306073366e-7 1.0744822070447657e-6 2.2443155561581325e-6 4.585365140512641e-6 9.164103414682143e-6 0.000017916553600649178 0.0000342682239966652 0.00006412502517458342 0.00011740611855689361 0.0002103352131954674 0.0003687439142425332 0.0006326534795566533 0.0010623679946626281 0.001746206782782701 0.0028098017475663537 0.004426569611393346 0.006828541584320209 0.010316225286575328 0.015265654909791471 0.02213036395860892 0.03143582834017772 0.043764120415837944 0.059727202197932275 0.07992851221306935 0.10491420005331788 0.13511733873578904 0.17080037840314005 0.21200259823768658 0.25849996939872466 0.3097843603564621 0.36506728709333314 0.4233105741425571 0.4832827429607187 0.5436362708845848 0.6029977341116136 0.6600608604720675 0.7136720635498036 0.7628991994354102 0.8070768488279416 0.8458248813334792 0.8790407577857718 0.9068693207640619 0.9296561994512837 0.9478921281934876 0.9621554246764781 0.9730587984255494 0.9812049191740273 0.9871531762405201 0.991398174762684 0.9943590102075808 0.996377376092281 0.9977221039568134 0.9985977281957952 0.9991549780860169 0.999501580061688 0.9997122782889911 0.9998374596052103 0.9999101483061423 0.9999514001190752 0.9999742807442344 0.9999866841634485 0.9999932556499722 0.999996658434561 0.9999983805168546 0.9999992322860415 0.9999996440406791 0.9999998385782967 0.9999999284074228 0.9999999689469997 0.999999986827912 0.9999999945360329 0.9999999977835821 0.9999999991208279 0.9999999996589924 0.9999999998706662 0.9999999999520368 0.9999999999826082 0.9999999999938339 0.9999999999978626 0.9999999999992756 0.99999999999976 0.9999999999999223 0.9999999999999754
4.220295392695707e-14 1.3184522052255882e-13 4.027024174534874e-13 1.20256589695132e-12 3.5111161743055414e-12 1.002306276911366e-11 2.7975788174009683e-11 7.634823460591854e-11 2.0373193563018883e-10 5.315839519020833e-10 1.356272719143137e-9 3.3837246282896342e-9 8.255186894548488e-9 1.9694934935337496e-8 4.595053485278018e-8 1.0484518380664305e-7 2.3396062017290876e-7 5.106095332852511e-7 1.0899425395954379e-6 2.2756460622087804e-6 4.647415737693661e-6 9.284206592606928e-6 0.000018143745587684713 0.00003468823580304318 0.00006488388220932005 0.00011874606798611589 0.00021264752730474143 0.0003726436504238517 0.0006390811500343221 0.0010727218467810843 0.0017625065082240638 0.002834879499257212 0.0044642770371155415 0.006883952477171695 0.010395803354291251 0.015377346791718514 0.02228357138069428 0.031641212988698375 0.04403320333513566 0.06007173792227911 0.08035964630548989 0.10544145474238038 0.13574750987963372 0.17153646100331787 0.2128428792861532 0.2594374290035624 0.3108065007114764 0.3661564641499901 0.4244448440530309 0.48443716422009364 0.5447845360713567 0.6041139547744278 0.661121304852032 0.7146566542049352 0.763792614974317 0.8078691335321209 0.8465115370165948 0.8796223609273186 0.9073507632868275 0.9300456856973665 0.9482000708014792 0.9623933701341083 0.9732384847524753 0.9813375311118115 0.9872488251865525 0.9914655977101156 0.9944054580191618 0.9964086478834326 0.9977426803966544 0.9986109599580854 0.9991632937153594 0.9995066874929854 0.9997153440614708 0.9998392580921438 0.9999111794152666 0.999951977858428 0.9999745971098303 0.9999868534710761 0.9999933442010349 0.9999967036973185 0.9999984031277738 0.9999992433249314 0.9999996493076699 0.9999998410343043 0.9999999295266719 0.9999999694454869 0.9999999870448877 0.9999999946283322 0.9999999978219541 0.9999999991364186 0.9999999996651832 0.9999999998730686 0.9999999999529479 0.999999999982946 0.9999999999939562 0.9999999999979059 0.9999999999992906 0.9999999999997651 0.9999999999999238 0.9999999999999759
4.314107197776629e-14 1.3471782548970994e-13 4.1129896954590773e-13 1.2277080617581589e-12 3.5829801129782572e-12 1.0223809897136668e-11 2.852383496993998e-11 7.78104653902761e-11 2.0754473699290548e-10 5.413002854502724e-10 1.380471340693429e-9 3.442623749833965e-9 8.395292975459307e-9 2.0020647963398103e-8 4.6690554504162693e-8 1.0648834947660976e-7 2.375263581823229e-7 5.181717215591277e-7 1.1056163835399052e-6 2.307395316459058e-6 4.7102680871576654e-6 9.405808246540568e-6 0.000018373671238702447 0.00003511311488035982 0.0000656511964232708 0.00012010035626206689 0.00021498356029571333 0.00037658166031368835 0.0006455690569554093 0.0010831681444344518 0.001778944553017184 0.0028601589655244445 0.0045022710896272826 0.0069397600731046696 0.010475915984022009 0.015489739630028407 0.022437672668212148 0.0318477052942228 0.04430361875757303 0.06041782789601403 0.0807925353117766 0.10597062335061774 0.13637969106495057 0.17227456751656636 0.21368510110165037 0.2603766416091329 0.31183010316137927 0.367246720683876 0.42557974003133914 0.4855917159424906 0.5459324272212542 0.6052293223088556 0.6621804738690207 0.715639629300686 0.7646841732570959 0.8086594243586195 0.8471961641701554 0.8802019914900534 0.9078303624439952 0.9304335104490568 0.9485065652499315 0.9626300927108473 0.9734171691877875 0.9814693457816108 0.987343857378309 0.9915325565195073 0.9944515658485461 0.9964396771570934 0.9977630883061401 0.9986240775889854 0.9991715340010988 0.9995117464281544 0.9997183793916069 0.9998410379393912 0.9999121993902174 0.9999525491084881 0.9999749097847082 0.9999870207301533 0.9999934316422898 0.9999967483731912 0.9999984254357248 0.9999992542111313 0.999999654499529 0.9999998434542157 0.9999999306289877 0.9999999699362168 0.9999999872583931 0.9999999947191154 0.9999999978596794 0.9999999991517395 0.9999999996712641 0.9999999998754274 0.9999999999538421 0.9999999999832773 0.9999999999940762 0.9999999999979483 0.9999999999993052 0.99999999999977 0.9999999999999256 0.9999999999999765
4.4099679344159285e-14 1.3765188290774207e-13 4.2007557211366663e-13 1.2533655556496484e-12 3.656284845485247e-12 1.0428491952788082e-11 2.9082379115702584e-11 7.930005013522342e-11 2.114271604770276e-10 5.511896997693427e-10 1.4050902164453076e-9 3.5025194765289324e-9 8.537707222449218e-9 2.0351581678588833e-8 4.744210569873033e-8 1.0815638809623767e-7 2.411444835507673e-7 5.258416462245524e-7 1.1215065542531022e-6 2.339568645845346e-6 4.773932014333182e-6 9.528926039703291e-6 0.00001860636149459012 0.00003554291402771947 0.000066427055561196 0.00012146912534499767 0.0002173435356742989 0.0003805582861937746 0.0006521177098958951 0.0010937076246354451 0.0017955219518996657 0.0028856415551429494 0.004540553626588267 0.006995966740813114 0.010556566090227735 0.015602836875207025 0.022592671736262823 0.032055309489204056 0.044575371002463664 0.06076547621474934 0.08122718272972232 0.10650170837113788 0.13701388338396608 0.17301469730010136 0.21452926108648532 0.2613176026013454 0.31285516120013057 0.3683380486115728 0.42671525289917067 0.4867463884580827 0.5470799348316397 0.6063438280192639 0.6632383601840752 0.7166209832570383 0.7655738706825123 0.8094477197136049 0.8478787630617233 0.8807796513192213 0.9083081212864133 0.9308196775551648 0.9488116157905477 0.9628655967162477 0.9735948558275049 0.9816003668777188 0.9874382760007684 0.9915990538282429 0.9944973358004021 0.9964704655357921 0.9977833288958471 0.9986370819638712 0.9991796995573978 0.999516757285648 0.9997213845564792 0.9998427993253625 0.9999132083427621 0.9999531139374074 0.999975218809332 0.999987185964081 0.9999935179869218 0.9999967924694189 0.9999984474445829 0.9999992649466629 0.9999996596172851 0.9999998458385414 0.9999999317146171 0.9999999704193061 0.9999999874684822 0.9999999948084068 0.9999999978967684 0.9999999991667956 0.9999999996772373 0.9999999998777434 0.9999999999547198 0.9999999999836022 0.9999999999941938 0.9999999999979898 0.9999999999993197 0.9999999999997748 0.9999999999999272 0.9999999999999769
4.507921531498988e-14 1.4064868226852208e-13 4.2903592107070153e-13 1.2795487215180145e-12 3.731058631027103e-12 1.0637184315851798e-11 2.965161690435295e-11 8.081748782428845e-11 2.1538044423189203e-10 5.612551935911697e-10 1.4301364348270602e-9 3.5634281606166566e-9 8.68246644707276e-9 2.0687816940524974e-8 4.820536172802043e-8 1.0984966197070285e-7 2.4481573515466444e-7 5.336207769260986e-7 1.13761590231332e-6 2.3721714412948526e-6 4.8384174578174734e-6 9.653577829950814e-6 0.00001884184762161228 0.000035977686572627315 0.00006721154820086085 0.00012285251846887106 0.00021972767883348424 0.00038457387305130766 0.0006587276221791556 0.0011043410294009925 0.0018122397460336313 0.0029113286847863152 0.0045791265149056504 0.0070525748592110415 0.010637756597875579 0.015716641987512592 0.022748572507651974 0.03226402981018375 0.04484846438799423 0.061114686966339524 0.08166359204177166 0.10703471227387266 0.13765008789859207 0.17375684967539073 0.2153753566044382 0.26226030732816485 0.31388166828800435 0.3694304398237386 0.4278513734628747 0.48790117209400485 0.5482270494094833 0.6074574632311887 0.6642949564886284 0.7176007105303481 0.76646170368803 0.8102340180406997 0.84855933399204 0.8813553422867955 0.9087840428840339 0.931204190875797 0.9491152266791645 0.9630998864580651 0.9737715487614649 0.9817305980854596 0.9875320842286052 0.9916650922632431 0.9945427699696223 0.9965010146334865 0.9978034033692212 0.9986499739524526 0.9991877909940969 0.9995217204807458 0.9997243598309167 0.9998445424269256 0.9999142063836438 0.9999536724126785 0.9999755242237544 0.9999873491960101 0.9999936032479689 0.999996835993157 0.9999984691581759 0.9999992755335231 0.9999996646619537 0.9999998481877851 0.9999999327838036 0.9999999708948701 0.9999999876752078 0.99999999489623 0.9999999979332317 0.9999999991815911 0.9999999996831046 0.9999999998800173 0.999999999955581 0.9999999999839211 0.9999999999943092 0.9999999999980307 0.9999999999993336 0.9999999999997795 0.9999999999999287 0.9999999999999775
4.60801284149005e-14 1.4370953957472204e-13 4.381837865938722e-13 1.306268105253012e-12 3.807330270239342e-12 1.084996377508751e-11 3.023174820599088e-11 8.236328629963834e-11 2.1940584780549962e-10 5.714998160596437e-10 1.4556172000795892e-9 3.625366413753219e-9 8.829608027359936e-9 2.1029435814547244e-8 4.898049838458158e-8 1.1156853845987613e-7 2.4854086182191617e-7 5.415106023885454e-7 1.1539473139156804e-6 2.4052091584434644e-6 4.903734470585575e-6 9.779781671748158e-6 0.000019080161214529865 0.00003641748637575564 0.00006800476376006597 0.00012425068015135325 0.00022213621706695854 0.00038862876859674107 0.0006653993108980417 0.0011150691057780885 0.00182909898303386 0.002937221779054476 0.00461799163075708 0.007109586817445468 0.010719490442436344 0.015831158436949638 0.02290537891283656 0.032473870497707495 0.04512290323110996 0.0614654642307432 0.08210176671487117 0.10756963750543189 0.13828830564030264 0.17450102392807426 0.21622338498073995 0.2632047510996574 0.3149096178517056 0.3705238861852853 0.42898809251368364 0.48905605717459694 0.549373761471598 0.6085702192915381 0.6653502555046515 0.7185788056134249 0.7673476687498204 0.8110183178209263 0.8492378772949216 0.881929066291339 0.9092581303257632 0.9315870542822102 0.9494174021756261 0.9633329662421608 0.9739472520732547 0.9818600430811499 0.9876252852261762 0.9917306744409717 0.9945878704413418 0.9965313260555893 0.9978233129226071 0.9986627544188 0.9991958089167388 0.9995266364255726 0.9997273054875145 0.9998462674194172 0.9999151936225903 0.999954224601141 0.99997582606762 0.9999875104488446 0.9999936874383235 0.9999968789514777 0.9999984905802853 0.9999992859736829 0.9999996696345366 0.9999998505024434 0.9999999338367876 0.9999999713630217 0.9999999878786221 0.9999999949826086 0.9999999979690792 0.9999999991961305 0.9999999996888678 0.9999999998822499 0.9999999999564262 0.9999999999842337 0.9999999999944222 0.9999999999980707 0.9999999999993475 0.9999999999997842 0.9999999999999303 0.999999999999978
4.71028765945133e-14 1.4683579787314912e-13 4.475230145815388e-13 1.3335344596319784e-12 3.885129115308939e-12 1.1066908553880205e-11 3.082297653115315e-11 8.393796241478828e-11 2.2350465250300507e-10 5.819266675506581e-10 1.4815398340834535e-9 3.6883511109731806e-9 8.979169916193195e-9 2.1376521588951206e-8 4.976769399645863e-8 1.1331339004546342e-7 2.5232062245900716e-7 5.495126306507364e-7 1.1705037112901802e-6 2.4386873183611346e-6 4.969893221211181e-6 9.907555818161365e-6 0.00001932133419974621 0.000036862367835749246 0.00006880679250372961 0.00012566375620386676 0.00022456937958282428 0.0003927233232816721 0.0006721332969370692 0.0011258926058697236 0.0018461007169959507 0.0029633222705013084 0.004657150859613557 0.007167005014909148 0.010801770569880662 0.01594638970324232 0.023063094889870038 0.03268483579623926 0.04539869184739954 0.061817812079884925 0.0825417102003189 0.10810648648895728 0.13892853761001192 0.17524721930788312 0.2170733435020516 0.2641509291880396 0.3159390032844889 0.3716183795355594 0.430125400827937 0.49021103402164723 0.5505200615448755 0.6096820875687929 0.6664042499847999 0.719555263035609 0.7682317623827692 0.8118006175726493 0.8499143933371509 0.8825008252578661 0.9097303867193103 0.9319682716566675 0.9497181465436578 0.9635648403724031 0.9741219698401442 0.9819887055320606 0.9877178821475083 0.9917958029674433 0.9946326392909589 0.9965614013989941 0.9978430587452758 0.998675424221372 0.999203753926592 0.9995315055291185 0.9997302217966482 0.9998479744766549 0.9999161701683219 0.9999547705689872 0.9999761243801699 0.9999876697452441 0.9999937705707338 0.9999969213513711 0.9999985117146468 0.9999992962690889 0.999999674536023 0.9999998527830066 0.9999999348738058 0.9999999718238728 0.9999999880787764 0.9999999950675657 0.9999999980043215 0.999999999210418 0.9999999996945286 0.9999999998844418 0.9999999999572557 0.9999999999845406 0.9999999999945332 0.9999999999981097 0.999999999999361 0.9999999999997888 0.9999999999999318 0.9999999999999785
4.814792742444768e-14 1.5002882779855201e-13 4.570575281400956e-13 1.3613587482825348e-12 3.964485080274325e-12 1.1288098336341884e-11 3.142550909529323e-11 8.55420421898524e-11 2.276781617509919e-10 5.925389005049105e-10 1.5079117782135216e-9 3.752399394712206e-9 9.131190649802785e-9 2.1729158792450322e-8 5.056712946212486e-8 1.1508459439898182e-7 2.5615578617962805e-7 5.576283893021216e-7 1.1872880531241939e-6 2.472611508284601e-6 5.036903995099379e-6 0.000010036918722867382 0.000019565398838479177 0.00003731238589406634 0.00006961772555101997 0.00012709189374170968 0.00022702739751737723 0.0003968578903167958 0.0006789301049946653 0.001136812286860877 0.0018632460085244655 0.002989631599662179 0.004696606096262217 0.007224831861253008 0.010884599936674946 0.016062339275807334 0.023221724384347255 0.032896929954075366 0.04567583455097974 0.062171734577516215 0.08298342593361452 0.10864526162397721 0.13957078477795176 0.1759954350285618 0.21792522941644446 0.2650988368277271 0.3169698179462774 0.372713911688522 0.4312632891673056 0.49136609295463557 0.5516659401665205 0.6107930594532065 0.6674569327125568 0.7205300773628482 0.7691139811404837 0.8125809158515185 0.8505888825183705 0.8830706211377042 0.9102008151910376 0.9323478468922926 0.9500174640507419 0.9637955131505691 0.9742957061330187 0.9821165890963792 0.9878098781362856 0.9918604804382285 0.9946770785841532 0.9965912422521017 0.9978626420194534 0.9986879842130423 0.9992116266206749 0.9995363281972589 0.9997331090264892 0.9998496637709482 0.9999171361285595 0.9999553103817669 0.9999764192002445 0.9999878271076255 0.9999938526578057 0.9999969631997448 0.9999985325649505 0.9999993064216629 0.9999996793673888 0.9999998550299579 0.9999999358950917 0.9999999722775335 0.9999999882757212 0.9999999951511237 0.9999999980389682 0.9999999992244579 0.9999999997000889 0.9999999998865939 0.9999999999580698 0.9999999999848415 0.9999999999946418 0.9999999999981481 0.9999999999993743 0.9999999999997933 0.9999999999999332 0.9999999999999789
4.921575829325312e-14 1.5329002812811815e-13 4.667913290990264e-13 1.3897521497193867e-12 4.045428651513087e-12 1.1513614293876253e-11 3.203955688437431e-11 8.717606096939858e-11 2.3192770146767732e-10 6.033397202737796e-10 1.5347405952218017e-9 3.817528678888864e-9 9.285709356382033e-9 2.2087433211877775e-8 5.1378988285874185e-8 1.1688253445058886e-7 2.6004713243484075e-7 5.658594257219962e-7 1.2043033349896393e-6 2.50698738235768e-6 5.1047771957312836e-6 0.000010167889042182083 0.000019812387729960768 0.000037767596039857735 0.00007043765488253644 0.00012853524119423655 0.0002295105039489704 0.0004010328256899479 0.0006857902636054977 0.001147828911044544 0.001880535924761133 0.003016151215081447 0.0047363592448288905 0.007283069776398351 0.010967981509776726 0.016179010653726237 0.023381271349348382 0.03311015722325774 0.04595433565437928 0.0625272357790769 0.08342691733430853 0.10918596528626101 0.14021504808355126 0.1767456702677898 0.21877903993338202 0.26604846921538566 0.3180020551637839 0.37381047443293147 0.4324017482790169 0.49252122429097683 0.5528113878842852 0.6119031263570035 0.6685082965023773 0.7215032431977735 0.7699943216152951 0.8133592112504094 0.8512613452709739 0.8836384559083534 0.9106694188858089 0.9327257838929257 0.9503153589679912 0.964024988876248 0.9744684650163131 0.9822436974231743 0.9879012763258382 0.9919247094384622 0.9947211903769066 0.996620850194847 0.9978820639203492 0.9987004352411264 0.9992194275917792 0.9995411048327731 0.9997359674430206 0.9998513354731098 0.9999180916100332 0.9999558441043939 0.999976710566288 0.9999879825581658 0.9999939337120036 0.9999970045034268 0.999998553134842 0.9999993164333025 0.9999996841295972 0.999999857243774 0.9999999369008757 0.999999972724112 0.9999999884695066 0.9999999952333052 0.9999999980730292 0.9999999992382544 0.9999999997055504 0.9999999998887068 0.9999999999588687 0.9999999999851368 0.9999999999947484 0.9999999999981859 0.9999999999993873 0.9999999999997977 0.9999999999999347 0.9999999999999793
5.030685660931632e-14 1.5662082634685985e-13 4.767284995549075e-13 1.4187260614562565e-12 4.127990898419861e-12 1.174353911221175e-11 3.2665334721583437e-11 8.884056358292117e-11 2.362546204390658e-10 6.143323859784251e-10 1.562033971148743e-9 3.883756653045766e-9 9.442765764824012e-9 2.2451431910127256e-8 5.220345661367269e-8 1.1870759845877518e-7 2.639954511447956e-7 5.742073073214591e-7 1.221552589774719e-6 2.5418206623791927e-6 5.173523345920604e-6 0.000010300485637106529 0.000020062333814662946 0.00003822805431488409 0.00007126667334754305 0.00012999394831510248 0.0002320189339119462 0.00040524848818423293 0.0006927143051628883 0.00115894324584786 0.001897971539413062 0.003042882573339938 0.004776412218800613 0.007341721190548847 0.011051918266629848 0.016296407345717474 0.023541739745382664 0.033324521859486804 0.04623419946842227 0.06288431973155545 0.08387218780585226 0.10972859982767436 0.14086132843531565 0.1774979241671054 0.2196347722237026 0.266999821509983 0.31903570823063276 0.3749080595325257 0.4335407688960802 0.4936764183462643 0.5539563952567028 0.6130122797145787 0.6695583341998301 0.7224747551797717 0.7708727804382642 0.8141355023993637 0.8519317820599965 0.8842043315733484 0.9111362009668402 0.93310208657298 0.9506118355700258 0.9642532718467449 0.9746402505479452 0.9823700341523574 0.9879920798391306 0.991988492542851 0.9947649767155222 0.996650226798725 0.9979013256161842 0.9987127781474091 0.999227157428494 0.9995458358353653 0.9997387973100519 0.9998529897524677 0.99991903671849 0.9999563718011513 0.9999769985163519 0.9999881361188048 0.9999940137456529 0.9999970452691644 0.9999985734279221 0.9999993263058813 0.9999996888235987 0.9999998594249255 0.9999999378913846 0.9999999731637153 0.9999999886601815 0.9999999953141321 0.9999999981065141 0.9999999992518118 0.9999999997109148 0.9999999998907814 0.9999999999596527 0.9999999999854263 0.999999999994853 0.9999999999982228 0.9999999999994 0.9999999999998019 0.999999999999936 0.9999999999999798
5.142172000683412e-14 1.6002267922409144e-13 4.868732034450269e-13 1.4482921041946901e-12 4.212203484278066e-12 1.1977957018912546e-11 3.330306133519333e-11 9.053610450799439e-11 2.406602907012013e-10 6.255202113823773e-10 1.589799717263578e-9 3.951101286551691e-9 9.602400213582159e-9 2.2821243244339393e-8 5.3040723269479846e-8 1.2056018008092948e-7 2.680015428320416e-7 5.826736217881665e-7 1.2390388881203818e-6 2.5771171385585305e-6 5.243153089082676e-6 0.000010434727575392248 0.00002031527037755112 0.00003869381731847102 0.00007210487467125288 0.0001314681661925768 0.00023455292441065012 0.00040950523939623065 0.0006997027659413116 0.001170156063858244 0.0019155539327809408 0.0030698271390823205 0.004816766941047894 0.007400788544202149 0.01113641319515908 0.016414532870107586 0.02370313354033127 0.03354002812203355 0.046515430302111076 0.0632429904733494 0.0843192407354472 0.11027316757603414 0.1415096267107069 0.1782521958318292 0.2204924234196037 0.267952888832843 0.32007077040748344 0.3760066587262065 0.4346803417375128 0.49483166543451335 0.5551009528533217 0.614120510982694 0.670607038681738 0.7234446079850593 0.7717493542791826 0.8149097879655276 0.8526001933830065 0.8847682501621174 0.9116011646155475 0.9334767588572961 0.9509068981348481 0.9644803663569843 0.9748110667792524 0.9824956029146485 0.9880822917887507 0.9920518323156808 0.994808439636645 0.996679373626817 0.9979204282682193 0.998725013768171 0.9992348167152287 0.9995505216016818 0.9997415988892342 0.9998546267768753 0.9999199715587022 0.9999568935356966 0.9999772830880983 0.9999882878112465 0.9999940927709401 0.9999970855036266 0.999998593447748 0.9999993360412494 0.9999996934503316 0.9999998615738763 0.9999999388668424 0.9999999735964487 0.9999999888477942 0.999999995393626 0.9999999981394323 0.9999999992651337 0.9999999997161839 0.999999999892818 0.9999999999604221 0.9999999999857103 0.9999999999949555 0.9999999999982588 0.9999999999994125 0.9999999999998062 0.9999999999999374 0.9999999999999802
5.256085655592685e-14 1.634970734012207e-13 4.972296881510579e-13 1.4784621260907937e-12 4.298098677329258e-12 1.2216953811374627e-11 3.3952959427588017e-11 9.22632480361425e-11 2.451461079285862e-10 6.369065657777361e-10 1.6180457720339352e-9 4.019580832864817e-9 9.764653659654918e-9 2.3196956884333322e-8 5.3890979792043104e-8 1.2244067844478153e-7 2.720662187564091e-7 5.912599773338405e-7 1.2567653388615043e-6 2.612882670278997e-6 5.313677190515346e-6 0.000010570634133624651 0.000020571231051364832 0.00003916494221250279 0.00007295235346216183 0.00013295804725991635 0.00023711271443352036 0.00041380344375429033 0.0007067561861189499 0.0011814681428496407 0.0019332841917873045 0.0030969863850444815 0.004857425343846932 0.007460274288161373 0.011221469293764533 0.016533390754802264 0.02386545670938989 0.03375668027365113 0.04679803246250885 0.06360325203412516 0.0847680794938946 0.11081967083496427 0.1421599437560242 0.17900848433099 0.22135199061462743 0.2689076662676995 0.32110723492215487 0.377106263728224 0.43582045750856707 0.4959869558684051 0.5562450512549377 0.6152278116406746 0.671654402856318 0.7244127963267525 0.7726240398465726 0.8156820666530897 0.853266579769993 0.8853302137298413 0.9120643130313972 0.9338498046809998 0.9512005509437202 0.9647062766994147 0.9749809177549251 0.982620407331541 0.9881719152768998 0.992114731310825 0.9948515811672817 0.996708292233818 0.9979393730307837 0.9987371429342156 0.9992424060322369 0.9995551625253323 0.9997443724400754 0.9998562467127237 0.9999208962344746 0.9999574093710679 0.9999775643188038 0.9999884376569627 0.9999941707999156 0.9999971252134043 0.9999986131978336 0.9999993456412328 0.9999996980107214 0.9999998636910838 0.9999999398274696 0.9999999740224159 0.9999999890323925 0.9999999954718085 0.9999999981717931 0.9999999992782244 0.9999999997213591 0.9999999998948176 0.999999999961177 0.999999999985989 0.999999999995056 0.9999999999982943 0.9999999999994247 0.9999999999998103 0.9999999999999388 0.9999999999999807
5.3724784976974596e-14 1.6704552599106632e-13 5.078022861334204e-13 1.5092482071015368e-12 4.3857093620428825e-12 1.2460616885316724e-11 3.461525574547051e-11 9.402256844146665e-11 2.497134918288742e-10 6.484948748852431e-10 1.6467802031252222e-9 4.089213833858401e-9 9.92956768769766e-9 2.357866383128871e-8 5.475442047217131e-8 1.243494982207436e-7 2.761903010515212e-7 5.999680029446069e-7 1.2747350894728339e-6 2.6491231868689383e-6 5.385106538692543e-6 0.000010708224799325417 0.00002083024981992593 0.00003964148672645423 0.00007380920521943668 0.0001344637453058048 0.00023969854496725266 0.00041814346853690366 0.0007138751098003559 0.0011928802658087772 0.0019511634100047568 0.0031243617920808002 0.004898389368901577 0.007520180883546205 0.01130708957131544 0.016652984537256603 0.02402871323501037 0.03397448258048581 0.04708201025462133 0.0639651084346778 0.08521870743544473 0.11136811188375141 0.1428122803862858 0.17976678869725066 0.2222134708636471 0.2698641488607535 0.3221450949697515 0.3782068662283631 0.4369611069009574 0.49714227995953003 0.5573886810538268 0.6163341731906048 0.672700419663319 0.7253793149549376 0.7734968338876884 0.8164523372032185 0.8539309417832557 0.8858902243573146 0.9125256494317546 0.934221227989358 0.9514927982810402 0.9649310071639134 0.9751498075129437 0.9827444510152656 0.9882609533953819 0.9921771920717526 0.9948944033248214 0.9967369841660628 0.9979581610513035 0.9987491664708958 0.9992499259556402 0.9995597589969081 0.9997471182199545 0.9998578497249515 0.9999218108486532 0.9999579193696888 0.9999778422453633 0.999988585677194 0.9999942478444939 0.9999971644050107 0.9999986326816499 0.9999993551076353 0.9999997025056819 0.9999998657769995 0.9999999407734838 0.9999999744417195 0.9999999892140232 0.9999999955487003 0.9999999982036059 0.9999999992910876 0.9999999997264423 0.9999999998967807 0.999999999961918 0.9999999999862623 0.9999999999951545 0.9999999999983289 0.9999999999994366 0.9999999999998143 0.9999999999999402 0.9999999999999811
5.4914034859256494e-14 1.7066958518892293e-13 5.185954165968698e-13 1.5406626634119549e-12 4.475069050590523e-12 1.2709035263772658e-11 3.5290181151276234e-11 9.58146501520842e-11 2.5436388654391744e-10 6.602886217683947e-10 1.6760112094303525e-9 4.160019124209413e-9 1.0097184519262355e-8 2.3966456436681213e-8 5.563124239049237e-8 1.2628704969514654e-7 2.803746228629193e-7 6.087993486341838e-7 1.2929513265197316e-6 2.6858446883807113e-6 5.457452146570035e-6 0.000010847519273073975 0.000021092361021473984 0.0000401235091624609 0.00007467552634035196 0.00013598541548485914 0.00024231065901103832 0.0004225256838911557 0.0007210600850391605 0.001204393220961515 0.001969192687684268 0.003151954849191419 0.00493966096736525 0.0075805108018038615 0.011393277047143822 0.016773317764445128 0.02419290710684213 0.034193439311987456 0.047367367981278316 0.06432856368679027 0.08567112789764648 0.11191849297720116 0.1434666373851108 0.18052710792683568 0.22307686118285522 0.2708223316207301 0.32318434371279026 0.3793084578921298 0.4381022805930883 0.4982976280186319 0.558531832853977 0.6174395871575222 0.6737450820741596 0.7263441586567387 0.7743677331885126 0.8172205983939965 0.8545932800172917 0.8864482841508021 0.9129851770517339 0.9345910327376359 0.95178364443422 0.9651545620376938 0.9753177400845155 0.9828677375687578 0.9883494092255943 0.9922392171315372 0.9949369081170563 0.996765450961553 0.9979767934703299 0.9987610851981414 0.9992573770574503 0.9995643114040014 0.9997498364841375 0.9998594359770572 0.9999227155031329 0.9999584235933738 0.9999781169042932 0.9999887318929528 0.9999943239164562 0.9999972030848832 0.9999986519026254 0.999999364442237 0.9999997069361146 0.9999998678320688 0.9999999417050993 0.9999999748544599 0.9999999893927326 0.9999999956243222 0.9999999982348795 0.9999999993037274 0.9999999997314348 0.9999999998987079 0.9999999999626452 0.9999999999865303 0.9999999999952511 0.999999999998363 0.9999999999994482 0.9999999999998181 0.9999999999999414 0.9999999999999816
5.612914688398525e-14 1.7437083089559124e-13 5.29613587187914e-13 1.5727180519447948e-12 4.566211894528016e-12 1.2962299626595174e-11 3.5977970695806934e-11 9.764008792441169e-11 2.5909876105730264e-10 6.722913477618729e-10 1.7057471231299404e-9 4.232015835851489e-9 1.0267547022167475e-8 2.4360428421474345e-8 5.652164545570558e-8 1.282537488443991e-7 2.8462002848784573e-7 6.177556856999533e-7 1.3114172761138508e-6 2.7230532463777465e-6 5.530725152903934e-6 0.00001098853747064788 0.000021357599352030756 0.00004061106840043009 0.00007555141412778066 0.00013752321432819938 0.000244949301590891 0.0004269504628512755 0.000728311663860896 0.0012160078017992317 0.001987373131783426 0.003179767053549389 0.0049812420998626055 0.007641266524719597 0.011480034751037498 0.016894393992831 0.024358042321672727 0.03441355474081928 0.04765410994301437 0.0646936217930924 0.0861253442011966 0.11247081634549452 0.14412301550460244 0.18128944097945918 0.22394215854975275 0.27178220951893745 0.32422497428132935 0.3804110303609397 0.43924396925028275 0.4994529903558513 0.5596744972713203 0.6185440450896115 0.6747883830920635 0.7273073222563858 0.7752367345737543 0.8179868490403565 0.8552535950986837 0.8870043952418992 0.9134428991440469 0.9349592228909541 0.9520730936935632 0.9653769456052099 0.9754847194940117 0.9829902705856226 0.9884372858385183 0.9923008090128659 0.9949790975422019 0.9967936941499835 0.9979952714215665 0.9987728999304848 0.9992647599055939 0.9995688201312242 0.9997525274857914 0.9998610056311092 0.9999236102988648 0.9999589221033338 0.9999783883317348 0.9999888763250256 0.9999943990274509 0.9999972412593833 0.9999986708641468 0.999999373646796 0.9999997113029091 0.9999998698567307 0.9999999426225279 0.9999999752607367 0.9999999895685661 0.9999999956986945 0.9999999982656228 0.9999999993161474 0.9999999997363386 0.9999999999006002 0.9999999999633586 0.9999999999867933 0.9999999999953458 0.9999999999983964 0.9999999999994598 0.999999999999822 0.9999999999999427 0.999999999999982
5.737067305181006e-14 1.7815087535261596e-13 5.408613957245876e-13 1.6054271749538937e-12 4.659172696688987e-12 1.3220502340478973e-11 3.667886369210767e-11 9.949948702034285e-11 2.639196096084211e-10 6.845066534144185e-10 1.7359964117837723e-9 4.305223402492496e-9 1.0440698719999673e-8 2.476067489557026e-8 5.742583244332664e-8 1.3025001741006286e-7 2.889273735166884e-7 6.26838706981918e-7 1.330136204373641e-6 2.760755004729519e-6 5.604936823581812e-6 0.000011131299525182621 0.000021625999868791397 0.00004110422390318913 0.00007643696679773718 0.00013907729975408612 0.0002476147197740354 0.00043141818135725184 0.0007356304022858657 0.0012277248071052816 0.002005705855994745 0.0032077999105278305 0.005023134736511151 0.0077024505444271505 0.011567365723232957 0.017016216788335037 0.024524122883368124 0.0346348331427671 0.047942240437949465 0.06506028674691941 0.086581359649789 0.11302508419404465 0.14478141546523143 0.18205378677825462 0.22480935990313963 0.27274377748932765 0.3252669797730973 0.38151457525230625 0.44038616352501114 0.5006083572809695 0.5608166649339633 0.6196475385583972 0.6758303157521943 0.7282688006152793 0.7761038349068436 0.8187510879940134 0.8559118876859859 0.8875585597873887 0.9138988189788522 0.9353258024241458 0.9523611503521437 0.9655981621480645 0.9756507497589046 0.983112053650103 0.9885245862947104 0.9923619702280485 0.9950209735889187 0.9968217152527696 0.9980135960319 0.9987846114770883 0.9992720750639345 0.9995732855602274 0.9997551914759988 0.9998625588477573 0.9999244953358647 0.9999594149601817 0.9999786565634585 0.9999890189939751 0.9999944731889949 0.999997278934798 0.9999986895695596 0.9999993827230477 0.9999997156069436 0.9999998718514186 0.9999999435259779 0.9999999756606476 0.9999999897415686 0.9999999957718373 0.9999999982958446 0.9999999993283513 0.9999999997411548 0.9999999999024577 0.9999999999640589 0.9999999999870512 0.9999999999954386 0.999999999998429 0.999999999999471 0.9999999999998258 0.9999999999999439 0.9999999999999823
5.863917691489085e-14 1.820113637899568e-13 5.523435319593361e-13 1.6388030847032446e-12 4.753986923293825e-12 1.348373748951272e-11 3.7393103790610564e-11 1.0139346338737632e-10 2.6882795211323823e-10 6.969381994464076e-10 1.7667676804537023e-9 4.379661564198086e-9 1.0616683801748738e-8 2.516729237752466e-8 5.8344009034939867e-8 1.3227628297486436e-7 2.9329752497610836e-7 6.360501271246277e-7 1.3491114178898932e-6 2.7989561804146333e-6 5.680098552966573e-6 0.000011275825789350693 0.00002189759799354502 0.00004160303572167386 0.00007733228348697181 0.0001406478310786226 0.0002503071626833872 0.00043592921827353894 0.000743016860352103 0.0012395450409814785 0.0020241919807739562 0.003236054933726961 0.0050653408569425636 0.00776406536341874 0.011655273014407538 0.01713878972630392 0.024691152802811974 0.03485727879664788 0.04823176376166871 0.06542856253217055 0.08703917752996407 0.113581298703354 0.1454418379557202 0.18282014420970485 0.22567846214310658 0.2737070304285576 0.32631035325362473 0.3826190841600311 0.44152885405712083 0.5017637191036526 0.5619583264824178 0.620750059158935 0.6768708731217885 0.7292285886320548 0.776969031089927 0.8195133141433983 0.8565681584696091 0.8881107799690997 0.914352939843605 0.9356907753216147 0.952647818705684 0.9658182159449158 0.975815834889707 0.9832330903370456 0.9886113136442938 0.9924227032790269 0.9950625382363327 0.9968495157830743 0.9980317684214258 0.9987962206417708 0.9992793230922962 0.9995777080697197 0.9997578287037733 0.999864095786243 0.9999253707132203 0.9999599022239368 0.9999789216348667 0.9999891599201423 0.9999945464124762 0.9999973161173406 0.9999987080221683 0.9999993916727056 0.9999997198490844 0.9999998738165594 0.9999999444156548 0.999999976054289 0.9999999899117842 0.9999999958437702 0.9999999983255535 0.9999999993403428 0.9999999997458852 0.9999999999042813 0.999999999964746 0.9999999999873043 0.9999999999955298 0.999999999998461 0.999999999999482 0.9999999999998295 0.9999999999999452 0.9999999999999827
5.993523381362031e-14 1.8595397508632158e-13 5.640647793754244e-13 1.6728590882327355e-12 4.850690716277729e-12 1.3752100906268737e-11 3.812093905555874e-11 1.0332264384172544e-10 2.7382533459181157e-10 7.095897077223982e-10 1.79806967385854e-9 4.4553503720417735e-9 1.0795547131577591e-8 2.55803788145269e-8 5.927638385795647e-8 1.3433297903965323e-7 2.977313614738604e-7 6.453916828420314e-7 1.3683462641962272e-6 2.8376630643321375e-6 5.756221865253081e-6 0.000011422136837560021 0.000022172429516122922 0.00004210756450015704 0.00007823746426061738 0.00014223496902652063 0.0002530268815120992 0.0004404839554078457 0.0007504716021384094 0.0012514693128746783 0.002042832633368333 0.003264533645001138 0.005107862450324013 0.007826113494554922 0.011743759685671488 0.017262116391478233 0.024859136097844774 0.035080895984218013 0.04852268420710179 0.06579845312316689 0.08749880111095798 0.11413946202887178 0.14610428363292802 0.1835885121235738 0.22654946213102795 0.27467196319605247 0.3273550877563757 0.38372454865439454 0.44267203147406614 0.5029190661336947 0.563099472569831 0.621851598510003 0.6779100483002886 0.7301866812426463 0.7778323200638594 0.8202735264135885 0.8572224081717066 0.8886610579937637 0.9148052650429055 0.9360541455771934 0.9529331030524356 0.9660371112713861 0.9759799788899107 0.98335338421187 0.9886974709269503 0.9924830106573852 0.9951037934540568 0.9968770972458344 0.9980497897034784 0.9988077282230339 0.9992865045464866 0.9995820880354865 0.9997604394160733 0.9998656166044109 0.9999262365290987 0.999960383954031 0.9999791835809972 0.9999892991236484 0.9999946187091536 0.9999973528131507 0.9999987262252367 0.9999994004974614 0.9999997240301866 0.999999875752575 0.9999999452917612 0.9999999764417562 0.9999999900792564 0.9999999959145128 0.999999998354758 0.9999999993521256 0.9999999997505311 0.9999999999060717 0.9999999999654202 0.9999999999875524 0.9999999999956191 0.9999999999984924 0.9999999999994927 0.9999999999998331 0.9999999999999463 0.9999999999999831
6.125943111808997e-14 1.8998042244241945e-13 5.760300170176452e-13 1.707608752212543e-12 4.949320905841437e-12 1.4025690203438715e-11 3.8862622042740684e-11 1.0528766625446475e-10 2.7891332960268563e-10 7.224649622387767e-10 1.8299112785615187e-9 4.532310192822989e-9 1.0977334258730085e-8 2.6000033602650616e-8 6.022316852589063e-8 1.3642054510131842e-7 3.0222977334535603e-7 6.548651331853802e-7 1.3878441322446855e-6 2.8768820221210856e-6 5.833318415838099e-6 0.000011570253468172603 0.000022450530597875976 0.000042617871481516904 0.00007915261011989203 0.0001438388757419399 0.000255774129538193 0.0004450827775300112 0.0007579951957874726 0.0012634984376033627 0.002061628947844983 0.003293237574485747 0.005150701515379156 0.007888597461074015 0.011832828808559412 0.017386200377959557 0.025028076793202052 0.03530568899008053 0.04881500606440173 0.06616996248450925 0.08796023364455183 0.11469957630085166 0.14676875312173654 0.18435888933283906 0.2274223566895566 0.27563857061407016 0.3284011762828819 0.3848309602823473 0.443815686391139 0.5040743886812624 0.5642400938622145 0.622952148254291 0.6789478344194725 0.7311430734203472 0.7786936988081965 0.8210317237662389 0.857874637546058 0.8892093960928731 0.9152557978983494 0.9364159171940007 0.9532170076930575 0.9662548523999703 0.9761431857559254 0.9834729388305363 0.9887830611719127 0.9925428948443593 0.9951447412022119 0.9969044611377883 0.9980676609846583 0.9988191350140887 0.9992936199783198 0.9995864258304081 0.9997630238578168 0.9998671214587183 0.9999270928807548 0.9999608602093134 0.9999794424365269 0.999989436624398 0.9999946900901593 0.9999973890282963 0.9999987441819888 0.9999994091989852 0.9999997281510935 0.9999998776598806 0.9999999461544968 0.9999999768231427 0.9999999902440282 0.9999999959840842 0.9999999983834662 0.9999999993637031 0.9999999997550941 0.9999999999078293 0.9999999999660818 0.9999999999877959 0.9999999999957065 0.9999999999985232 0.9999999999995033 0.9999999999998367 0.9999999999999475 0.9999999999999836
6.261236847439805e-14 1.94092454067362e-13 5.88244221357904e-13 1.7430659078876288e-12 5.0499150232289376e-12 1.4304604806025997e-11 3.961840987854873e-11 1.0728917974077014e-10 2.840935366842865e-10 7.35567810126773e-10 1.8623015251905577e-9 4.610561713853435e-9 1.1162091427576698e-8 2.6426357607377468e-8 6.118457767915719e-8 1.385394267316663e-7 3.0679366280193946e-7 6.644722598141156e-7 1.4076084528864274e-6 2.916619494988336e-6 5.911399992703012e-6 0.000011720196705742501 0.000022731937775180856 0.00004313401851254476 0.00008007782300985115 0.00014545971479938712 0.0002585491621392664 0.0004497260723909516 0.0007655882135290443 0.0012756332353843307 0.0020805820651192027 0.003322168260624118 0.005193860060409129 0.007951519796601409 0.011922483465021472 0.017511045289177476 0.0251979789204523 0.035531662101592185 0.04910873362082363 0.06654309457093537 0.08842347836492102 0.11526164362421 0.14743524701493646 0.1851312746136249 0.22829714260261888 0.27660684746776654 0.32944861180287666 0.3859383105677035 0.4449598094116998 0.5052296770571383 0.5653801810386739 0.6240517000585897 0.6799842246435845 0.7320977601758714 0.7795531643411852 0.8217879051995102 0.8585248473779528 0.8897557965225369 0.915704541748376 0.9367760941843022 0.9534995369304984 0.9664714435999449 0.97630545947702 0.9835917577395142 0.9888680873979577 0.992602358310848 0.9951853834314495 0.9969316089475031 0.9980853833648613 0.9988304418028824 0.9993006699356393 0.999590721824479 0.9997655822718958 0.9998686105042474 0.9999279398645378 0.9999613310480555 0.9999796982357753 0.9999895724420802 0.9999947605664994 0.9999974247687737 0.9999987618956091 0.9999994177789261 0.9999997322126382 0.9999998795388866 0.9999999470040588 0.9999999771985406 0.9999999904061415 0.999999996052503 0.9999999984116865 0.9999999993750788 0.9999999997595757 0.9999999999095548 0.9999999999667311 0.9999999999880347 0.9999999999957923 0.9999999999985533 0.9999999999995137 0.9999999999998401 0.9999999999999487 0.9999999999999838
6.399465805588362e-14 1.9829185387849014e-13 6.007124681963117e-13 1.7792446561139074e-12 5.152511313735944e-12 1.4588945984103185e-11 4.038856434038842e-11 1.0932784485228522e-10 2.89367582803388e-10 7.489021626711336e-10 1.8952495906920033e-9 4.690125947812945e-9 1.1349865587801745e-8 2.6859453184396946e-8 6.216082902639671e-8 1.4069007565728505e-7 3.114239440809438e-7 6.742148672698352e-7 1.4276426993575691e-6 2.9568820005448962e-6 5.9904785178098266e-6 0.000011871987803273911 0.00002301668796297514 0.00004365606804929475 0.00008101320582719638 0.00014709765121468431 0.0002613522368072777 0.00045441423074170676 0.0007732512317032208 0.0012878745318593932 0.00209969313298278 0.0033513272501942883 0.005237340103313226 0.008014883045158435 0.012012726747413997 0.017636654737855733 0.02536884651793399 0.035758819608769594 0.04940387116060217 0.06691785332717741 0.08888853848848455 0.11582566607838432 0.14810376587311438 0.18590566670513767 0.22917381661541206 0.2775767885052631 0.33049738725443123 0.387046591011334 0.44610439112740913 0.5063849215729646 0.5665197247916369 0.6251502456139781 0.6810192121694629 0.7330507365574108 0.780410713719752 0.8225420697479983 0.8591730384840729 0.8903002615633375 0.9161514999481182 0.9371346805693674 0.9537806950698761 0.9666868891372788 0.9764668040352624 0.9837098444757528 0.9889525526133989 0.9926614035174227 0.9952257220829721 0.9969585421554013 0.9981029579373062 0.998841649372124 0.9993076549623403 0.9995949763848255 0.9997681148991906 0.9998700838947145 0.9999287775758994 0.9999617965279566 0.9999799510127073 0.9999897065961713 0.999994830149056 0.9999974600405084 0.9999987793692431 0.9999994262389118 0.999999736215642 0.9999998813899971 0.9999999478406411 0.999999977568041 0.999999990565638 0.9999999961197878 0.999999998439427 0.9999999993862562 0.999999999763977 0.9999999999112485 0.9999999999673682 0.9999999999882687 0.9999999999958764 0.9999999999985828 0.9999999999995238 0.9999999999998436 0.9999999999999498 0.9999999999999842
6.540692481939095e-14 2.025804422148489e-13 6.134399345985187e-13 1.8161593724879668e-12 5.257148749953007e-12 1.4878816886144983e-11 4.1173351938459334e-11 1.1140433377267747e-10 2.947371228107756e-10 7.624719963445735e-10 1.928764800618176e-9 4.771024237676172e-9 1.1540704404732552e-8 2.7299424200686852e-8 6.315214338633411e-8 1.4287294984038957e-7 3.161215435975089e-7 6.840947832533565e-7 1.447950387770204e-6 2.99767613365056e-6 6.070566048510588e-6 0.000012025648244499511 0.000023304818458321305 0.000044184083162471995 0.0000819588624281355 0.00014875285145600546 0.00026418361316340555 0.00045914764635254877 0.0007809848307837727 0.0013002231581221548 0.002118963306132358 0.0033807160983357824 0.005281143671609514 0.00807868976117112 0.012103561758489891 0.01776303234597816 0.025540683630692305 0.035987165804195226 0.049700422964829384 0.06729424268781858 0.08935541721375392 0.11639164571719204 0.148774310224541 0.1866820643096007 0.2300523754344024 0.278548388437715 0.33154749554409224 0.38815579309136106 0.4472494221184598 0.5075401125414871 0.5676587158270807 0.6262477766360108 0.6820527902266673 0.7340019976506943 0.781266344039492 0.8232942164826607 0.8598192117123753 0.8908427935201874 0.9165966758692519 0.9374916803793297 0.9540604864183596 0.9669011932745418 0.9766272234054614 0.9838272025666497 0.9890364598160801 0.9927200329143391 0.9952657590885561 0.9969852622337884 0.998120385788563 0.9988527584993117 0.9993145755983934 0.9995991898757255 0.9997706219785839 0.9998715417824812 0.9999296061094012 0.9999622567061484 0.9999802008009373 0.9999898391059368 0.9999948988485878 0.9999974948493561 0.9999987966059976 0.9999994345805494 0.9999997401609155 0.999999883213611 0.9999999486644351 0.9999999779317336 0.9999999907225587 0.999999996185957 0.9999999984666956 0.9999999993972386 0.9999999997682999 0.9999999999129114 0.9999999999679934 0.9999999999884985 0.9999999999959589 0.9999999999986118 0.9999999999995337 0.9999999999998469 0.9999999999999508 0.9999999999999846
6.68498067666607e-14 2.0696007656459597e-13 6.26431900869865e-13 1.8538247125717274e-12 5.363867045248045e-12 1.517432257294547e-11 4.197304399893067e-11 1.13519330516431e-10 3.002038399042431e-10 7.762813538583026e-10 1.9628566314494145e-9 4.853278261710426e-9 1.1734656269813506e-8 2.7746376055877787e-8 6.415874473018227e-8 1.4508851356067876e-7 3.208874000982052e-7 6.941138589049039e-7 1.468535077608768e-6 3.039008567267304e-6 6.1516747789701014e-6 0.000012181199746179108 0.000023596366944001323 0.00004471812754286431 0.00008291489763629833 0.0001504254834549804 0.00026704355297299716 0.00046392671603219814 0.0007887895954015681 0.0013126799507448277 0.002138393746197746 0.0034103363685762307 0.005325272802455213 0.008142942509478413 0.012194991611388414 0.017890181744753736 0.02571349431041503 0.036216704982922183 0.04999839331133131 0.06767226657714984 0.08982411772118287 0.11695958456868996 0.1494468805650594 0.18746046609219172 0.2309328157273247 0.2795216419393812 0.3325989295470194 0.38926590826335383 0.44839489295380913 0.5086952402767989 0.5687971448647601 0.6273442848649036 0.6830849520776043 0.734951538579043 0.7821200524346548 0.824044344510743 0.8604633679419733 0.8913833947221836 0.9170400728998451 0.9378470976530466 0.9543389152850512 0.9671143602708181 0.9767867215551085 0.983943835530022 0.9891198119933698 0.9927782489415481 0.995305496370573 0.9970117706468803 0.998137667998582 0.998863769956758 0.9993214323798665 0.9996033626586256 0.999773103746975 0.9998729843185645 0.9999304255587215 0.9999627116392008 0.9999804476337316 0.9999899699904331 0.9999949666757318 0.9999975292011034 0.999998813608941 0.9999994428054255 0.9999997440492588 0.9999998850101217 0.9999999494756296 0.9999999782897064 0.9999999908769438 0.9999999962510284 0.9999999984935 0.9999999994080293 0.9999999997725453 0.9999999999145439 0.9999999999686068 0.9999999999887237 0.9999999999960398 0.9999999999986402 0.9999999999995435 0.9999999999998501 0.9999999999999519 0.9999999999999849
6.832395521094442e-14 2.1143265230659155e-13 6.396937525670704e-13 1.892255617213899e-12 5.472706667491325e-12 1.547557005213076e-11 4.278791674853082e-11 1.1567353113091792e-10 3.0576944609898795e-10 7.903343452289128e-10 1.9975347129508505e-9 4.936910038545969e-9 1.1931770311226404e-8 2.8200415703903875e-8 6.518086022458934e-8 1.473372374981973e-7 3.2572246481647504e-7 7.042739690874363e-7 1.4894003722316247e-6 3.080886053321155e-6 6.23381704160231e-6 0.000012338664260418436 0.00002389137149213951 0.00004525826550681303 0.0000838814172507067 0.00015211571661786382 0.0002699323201605822 0.0004687518396471027 0.0007966661143680698 0.0013252457518051126 0.0021579856217702827 0.0034401896328579945 0.005369729542666973 0.0082076438653404 0.012287019429624796 0.01801810657458152 0.02588728261536817 0.03644744144237913 0.05029778647454486 0.06805192890902616 0.09029464317301625 0.11752948463503349 0.15012147735797488 0.18824087068098025 0.23181513412318305 0.2804965436476954 0.3336516821071258 0.39037692796052503 0.44954079419141235 0.5098502950945839 0.5699350026384337 0.6284397620657185 0.6841156910176521 0.735899354503425 0.7829718360781301 0.8247924529757047 0.861105508083017 0.8919220675224651 0.9174816944442078 0.9382009364379584 0.9546159859808682 0.9673263943816158 0.9769453024443193 0.984059746874077 0.9892026121221553 0.9928360540287069 0.9953449358420123 0.9970380688508305 0.9981548056407206 0.9988746845116169 0.9993282258389471 0.9996074950921601 0.9997755604392942 0.9998744116526478 0.9999312360166632 0.9999631613831259 0.9999806915440128 0.9999900992685107 0.9999950336410045 0.9999975631014685 0.9999988303811045 0.9999994509151067 0.9999997478814613 0.9999998867799172 0.9999999502744106 0.9999999786420468 0.999999991028833 0.9999999963150199 0.9999999985198478 0.9999999994186316 0.9999999997767148 0.9999999999161464 0.9999999999692086 0.9999999999889447 0.9999999999961191 0.999999999998668 0.999999999999553 0.9999999999998533 0.9999999999999529 0.9999999999999852
6.983003504895072e-14 2.1600010346645552e-13 6.532309825482216e-13 1.931467317970125e-12 5.583708853028528e-12 1.5782668313276716e-11 4.3618251400584266e-11 1.1786764390182818e-10 3.1143568270555946e-10 8.046351488617675e-10 2.032808830564626e-9 5.021941932320083e-9 1.2132096404659083e-8 2.8661651674945935e-8 6.621872027514146e-8 1.496195988172239e-7 3.3062770162990623e-7 7.145770126731963e-7 1.5105499193780424e-6 3.123315423572808e-6 6.317005308520196e-6 0.000012498063977009013 0.000024189870567856354 0.000045804562001725624 0.00008485852805379845 0.00015382372183677688 0.0002728501808249767 0.0004736234201408069 0.0008046149806989034 0.001337921408913102 0.0021777401084311612 0.003470277471564657 0.005414515948740875 0.00827279641444597 0.012379648347079122 0.01814681048501467 0.026062052610330545 0.036679379482273934 0.050598606725393326 0.06843323358672242 0.09076699671313966 0.11810134789233703 0.15079810103394467 0.18902327666686694 0.232699327212253 0.2814730881633385 0.33470574603721837 0.39148884359392777 0.4506871163784556 0.5110052673123605 0.5710722798960899 0.6295342000285471 0.6851450003752839 0.7368454406225093 0.783821692181432 0.825538541057142 0.8617456330765743 0.8924588142980661 0.9179215439227413 0.9385532007899502 0.9548917028184267 0.9675372998587799 0.9771029700257783 0.9841749400973843 0.9892848631688371 0.9928934505951913 0.9953840794065034 0.9970641582937572 0.998171799781773 0.9988855029259094 0.9993349565039659 0.9996115875321687 0.9997779922885163 0.9998758239330903 0.9999320375751612 0.9999636059933836 0.9999809325643619 0.999990226958815 0.999995099754803 0.9999975965561019 0.9999988469254815 0.999999458911139 0.9999997516583017 0.9999998885233801 0.9999999510609614 0.9999999789888401 0.9999999911782653 0.9999999963779486 0.9999999985457468 0.9999999994290487 0.9999999997808098 0.9999999999177196 0.9999999999697993 0.9999999999891614 0.9999999999961968 0.9999999999986952 0.9999999999995624 0.9999999999998564 0.999999999999954 0.9999999999999856
7.136872503822365e-14 2.2066440348736025e-13 6.67049193061622e-13 1.9714753426232862e-12 5.696915620905003e-12 1.6095728363641103e-11 4.446433424250601e-11 1.2010238956197403e-10 3.1720432081544547e-10 8.191880126511878e-10 2.06868892783789e-9 5.108396657895296e-9 1.2335685184224006e-8 2.9130194097667864e-8 6.727255857042749e-8 1.5193608125119788e-7 3.3560408721935603e-7 7.250249128334352e-7 1.5319874116806008e-6 3.1663035904970535e-6 6.401252192999411e-6 0.000012659421325788121 0.000024491903032951506 0.00004635708261163037 0.00008584633781950473 0.0001555496715010098 0.00027579740325445635 0.0004785418635534048 0.0008126367916374889 0.0013507077752382697 0.002197658388779795 0.003500601473547505 0.005459634086872355 0.008338402752920391 0.012472881507985097 0.01827629713472431 0.026237808366528243 0.03691252340449748 0.05090085833116231 0.06881618450278941 0.09124118146692847 0.11867517629053398 0.15147675199086924 0.18980768260352301 0.23358539154608504 0.2824512700503128 0.3357611141191399 0.3926016465526542 0.45183385005159005 0.512160147249725 0.572208967400173 0.6306275905686943 0.6861728735121899 0.7377897921727172 0.7846696179946813 0.8262826079707121 0.8623837438945091 0.8929936374497727 0.9183596247717878 0.9389038947732107 0.9551660701119247 0.967747080950406 0.9772597282446813 0.9842894186888461 0.9893665680893243 0.9929504410501072 0.9954229289583383 0.9970900404157714 0.9981886514819971 0.9988962259565501 0.999341624899418 0.9996156403317153 0.9997803995256748 0.9998772213069376 0.9999328303252892 0.9999640455248866 0.9999811707270224 0.9999903530797889 0.9999951650274065 0.9999976295705874 0.9999988632450288 0.9999994667950489 0.9999997553805486 0.9999998902408879 0.9999999518354628 0.999999979330171 0.9999999913252795 0.9999999964398317 0.9999999985712043 0.9999999994392837 0.9999999997848312 0.9999999999192638 0.9999999999703788 0.999999999989374 0.999999999996273 0.9999999999987219 0.9999999999995715 0.9999999999998594 0.9999999999999549 0.9999999999999859
7.294071808005613e-14 2.2542756601582713e-13 6.811540978743924e-13 2.012295520805926e-12 5.812369787346412e-12 1.641486326452215e-11 4.5326456724787747e-11 1.2237850150355165e-10 3.2307716179445677e-10 8.339972550977437e-10 2.105185108887332e-9 5.196297286153106e-9 1.254258805352996e-8 2.96061547217524e-8 6.83426121266703e-8 1.5428717518869468e-7 3.4065261122997317e-7 7.356196173314488e-7 1.5537165871830292e-6 3.2098575481710834e-6 6.486570450956038e-6 0.000012822758979020496 0.00002479750814961761 0.00004691589356277309 0.00008684495532138702 0.00015729373950840238 0.00027877425794201527 0.0004835075790410792 0.00082073214867878 0.0013636057095364681 0.0022177416524621304 0.0035311632361518406 0.005505086032975897 0.008404465487332405 0.012566722066918199 0.018406570191462513 0.026414553961568173 0.03714687751302609 0.05120454555537445 0.06920078553890927 0.09171720054109753 0.11925097175323786 0.1521574305937836 0.19059408700733207 0.23447332363750933 0.2834310838360171 0.33681777910391275 0.3937153282040346 0.45298098573716633 0.5133149252285949 0.5733450559278077 0.6317199255268593 0.6871993038233974 0.738732404428274 0.785515610806587 0.8270246529680549 0.8630198415393615 0.8935265394019762 0.9187959404434798 0.9392530224600948 0.9554390921770253 0.9679557419007517 0.9774155810386798 0.9844031861276713 0.9894477298290303 0.993007027792303 0.9954614863824938 0.997115716649004 0.998205361795144 0.9989068543553729 0.9993482315459864 0.9996196538411056 0.9997827823798758 0.9998786039199323 0.9999336143572667 0.9999644800320047 0.999981406063903 0.9999904776496747 0.9999952294689773 0.9999976621504424 0.9999988793426668 0.9999994745683438 0.9999997590489607 0.9999998919328126 0.9999999525980929 0.9999999796661228 0.9999999914699134 0.9999999965006862 0.9999999985962277 0.9999999994493398 0.9999999997887807 0.9999999999207798 0.9999999999709476 0.9999999999895826 0.9999999999963476 0.999999999998748 0.9999999999995803 0.9999999999998626 0.9999999999999559 0.9999999999999862
7.454672150805194e-14 2.3029164570282975e-13 6.955515244414121e-13 2.0539439897267814e-12 5.930114980499671e-12 1.6740188168252466e-11 4.6204915551496585e-11 1.2469672599390218e-10 3.290560377839769e-10 8.490672664427901e-10 2.142307640900483e-9 5.2856672493645515e-9 1.275285719690727e-8 3.0089646940738945e-8 6.942912133293385e-8 1.5667337776045634e-7 3.4577427643409534e-7 7.463630988188595e-7 1.575741229863603e-6 3.253984373171647e-6 6.572972982438058e-6 0.00001298809985380038 0.000025106725584184478 0.000047481061729254685 0.00008785449034082387 0.00015905610127678506 0.0002817810176007038 0.000488520978895712 0.0008289016575930403 0.0013766160761770172 0.0022379910961990153 0.003561964365243314 0.005550873872704542 0.008470987234701187 0.012661173188783492 0.018537633332025034 0.026592293479371223 0.037382446113824075 0.05150967265766439 0.06958704056575062 0.09219505702355014 0.11982873617760317 0.15284013717475012 0.1913824883573317 0.23536311996064174 0.2844125240113231 0.33787573371188295 0.3948298798938371 0.454128513951469 0.5144695915734526 0.5744805362710235 0.6328111967693167 0.6882242847373911 0.7396732727012569 0.7863596679444282 0.8277646753367147 0.8636539270442245 0.8940575226025285 0.9192304944055911 0.9396005879309834 0.9557107733307431 0.9681632869501522 0.9775705323378259 0.9845162458833476 0.9895283513228681 0.993063213210382 0.9954997535546548 0.9971411884176333 0.998221931768485 0.9989173888691569 0.9993547769605631 0.9996236284079049 0.9997851410783118 0.9998799719165237 0.9999343897604668 0.9999649095685703 0.9999816386065806 0.9999906006865167 0.9999952930895626 0.9999976943011193 0.9999988952212796 0.9999994822325111 0.9999997626642859 0.9999998935995215 0.9999999533490274 0.9999999799967774 0.9999999916122041 0.9999999965605286 0.9999999986208241 0.9999999994592199 0.9999999997926594 0.9999999999222678 0.9999999999715055 0.999999999989787 0.9999999999964209 0.9999999999987736 0.9999999999995892 0.9999999999998654 0.9999999999999569 0.9999999999999865
7.618745738244351e-14 2.352587390204855e-13 7.102474161154319e-13 2.0964372000029605e-12 6.050195655439522e-12 1.707182035584142e-11 4.71000127723096e-11 1.270578223948328e-10 3.351428122102408e-10 8.64402509820594e-10 2.180066956674437e-9 5.376530346638065e-9 1.2966545590789536e-8 3.0580785815167146e-8 7.053232999691111e-8 1.5909519292750252e-7 3.509700988960718e-7 7.572573551352303e-7 1.5980651701640752e-6 3.298691225481374e-6 6.6604728331310055e-6 0.000013155467114475047 0.00002541959541089381 0.000048052654638712874 0.00008887505367525779 0.0001608369337554917 0.0002848179571790423 0.0004935824785645937 0.0008371459284497228 0.0013897397451697968 0.002258407923814501 0.003593006475234097 0.0055969997014692265 0.008537970622502862 0.012756238048802921 0.01866949024221336 0.026771031010104612 0.037619233514745214 0.051816243893652414 0.06997495344282356 0.09267475398322804 0.12040847143418729 0.15352487203275159 0.19217288509515737 0.2362547769508911 0.28539558503065354 0.33893497063286604 0.395945292946469 0.4552764252009521 0.5156241366115881 0.5756153992369781 0.6339013961880965 0.6892478097162308 0.7406123923416444 0.7872017867740309 0.8285026744000596 0.8642860014726231 0.8945865895225957 0.9196632901413844 0.9399465952741468 0.9559811178913271 0.9683697203349343 0.9777245860645172 0.9846286014156151 0.9896084354952472 0.9931189996827153 0.9955377323412369 0.9971664571379127 0.9982383624428404 0.9989278302396528 0.9993612616562717 0.9996275643769562 0.9997874758462753 0.999881325439878 0.9999351566234229 0.9999653341878825 0.9999818683863047 0.9999907222081623 0.9999953558990946 0.9999977260280055 0.9999989108837161 0.9999994897890194 0.9999997662272627 0.9999998952413764 0.9999999540884397 0.9999999803222153 0.9999999917521887 0.9999999966193752 0.9999999986450006 0.9999999994689273 0.9999999997964686 0.9999999999237287 0.999999999972053 0.9999999999899876 0.9999999999964926 0.9999999999987987 0.9999999999995978 0.9999999999998683 0.9999999999999578 0.9999999999999868
7.786366279027815e-14 2.403309850946338e-13 7.252478343990928e-13 2.1397919215999315e-12 6.172657109444359e-12 1.7409879275274107e-11 4.8012055876115107e-11 1.29462563385546e-10 3.413393803017325e-10 8.800075224282467e-10 2.2184736571927027e-9 5.468910749445975e-9 1.3183707015253962e-8 3.107968809602952e-8 7.165248539129865e-8 1.6155313157031855e-7 3.562411081390298e-7 7.68304409611046e-7 1.620692285524204e-6 3.3439853494040125e-6 6.7490831958779094e-6 0.000013324884175089758 0.000025736158115704275 0.00004863074047804414 0.00008990675714649467 0.000162636415436942 0.0002878853538765117 0.0004986924966701957 0.0008454655756413998 0.001402977592192413 0.0022789933462642126 0.0036242911891090305 0.00564346562445796 0.008605418288676834 0.012851919832502326 0.018802144616796298 0.026950770650113937 0.03785724402543414 0.05212426351481852 0.07036452801833454 0.09315629446996045 0.12099017936681218 0.15421163543358532 0.19296527562498622 0.23714829100496818 0.2863802613120615 0.3399954825262941 0.39706155866517834 0.45642470998247425 0.5167785506733426 0.5767496356481816 0.6349905157011622 0.6902698722556682 0.7415497587373621 0.7880419646997473 0.829238649517201 0.8649160659183897 0.8951137426565123 0.9200943311494638 0.9402910485856052 0.9562501301781479 0.9685750462873315 0.9778777461334436 0.9847402561744398 0.9896879852600697 0.9931743895774546 0.9955754245994093 0.9971915242181987 0.9982546548526073 0.9989381792036083 0.99936768614249 0.9996314620903981 0.9997897869071724 0.9998826646318878 0.9999359150338356 0.9999657539427127 0.9999820954339984 0.9999908422322643 0.9999954179073929 0.9999977573364246 0.9999989263327896 0.9999994972393189 0.9999997697386196 0.9999998968587347 0.9999999548165 0.9999999806425166 0.9999999918899032 0.9999999966772423 0.9999999986687642 0.9999999994784644 0.9999999998002094 0.9999999999251625 0.9999999999725901 0.9999999999901842 0.999999999996563 0.9999999999988234 0.9999999999996061 0.9999999999998711 0.9999999999999587 0.9999999999999871
7.957609015158433e-14 2.455105665535929e-13 7.405589612396338e-13 2.184025249881194e-12 6.297545497546843e-12 1.7754486580480317e-11 4.8941357886199163e-11 1.3191173518925307e-10 3.476476696148718e-10 8.958869167137236e-10 2.2575385142403956e-9 5.5628330072310785e-9 1.3404396065721952e-8 3.158647224854023e-8 7.278983830077191e-8 1.6404771157914528e-7 3.6158834731359366e-7 7.795063113740854e-7 1.6436265009220606e-6 3.389874074489077e-6 6.838817412213474e-6 0.000013496374701854338 0.000026056454600128946 0.000049215388099171455 0.00009094971360906137 0.00016445472636829415 0.00029098348715913636 0.000503851455030049 0.0008538612179077827 0.0014163304986174142 0.002299748581663636 0.0036558201384516284 0.005690273756654755 0.008673332881631681 0.012948221735697903 0.01893560015947092 0.027131516501854414 0.03809648195722652 0.052433735768375275 0.07075576812904073 0.09363968151431407 0.12157386179242707 0.15490042760975792 0.19375965831348335 0.23804365848089537 0.2873665472373111 0.34105726202136377 0.39817866833225646 0.45757335878353517 0.5179328240923509 0.5778832363427175 0.636078547252589 0.6912904658852624 0.7424853673143277 0.7888801991644323 0.8299726000829123 0.8655441215055415 0.8956389845216346 0.9205236209436226 0.9406339519689919 0.9565178145115824 0.9687792690353996 0.9780300164515329 0.9848512135999888 0.9897670035207273 0.9932293852525453 0.9956128321771184 0.9972163910589777 0.9982708100257884 0.998948436492794 0.9993740509248714 0.9996353218876826 0.9997920744825362 0.9998839896331829 0.9999366650785801 0.9999661688853085 0.9999823197802636 0.9999909607762831 0.999995479124165 0.9999977882316369 0.9999989415712791 0.9999995045848402 0.9999997731990755 0.9999998984519483 0.999999955533377 0.9999999809577594 0.9999999920253834 0.9999999967341454 0.9999999986921217 0.9999999994878346 0.9999999998038831 0.9999999999265702 0.9999999999731173 0.999999999990377 0.999999999996632 0.9999999999988475 0.9999999999996144 0.9999999999998739 0.9999999999999596 0.9999999999999873
8.132550753164002e-14 2.5079971039341997e-13 7.561871013670047e-13 2.2291546117693704e-12 6.4249078483634635e-12 1.8105766170983197e-11 4.9888237457046607e-11 1.3440613780350183e-10 3.5406964056806375e-10 9.120453815822346e-10 2.297272473058514e-9 5.658322053093673e-9 1.3628668164822501e-8 3.2101258476218626e-8 7.394464306955843e-8 1.6657945794538034e-7 3.6701287336859183e-7 7.908651356591954e-7 1.6668717894199593e-6 3.4363648164655794e-6 6.929688973912838e-6 0.000013669962615631062 0.000026380526185102805 0.000049806667024852463 0.00009200403695861962 0.00016629204816316325 0.0002941126387751329 0.0005090597786766877 0.0008623334783598117 0.0014297993515395217 0.002320674855316452 0.0036875949634700665 0.00573742622285843 0.008741717060250866 0.013045146964482267 0.019069860582823152 0.027313272673821578 0.038336951623049356 0.052744664897140935 0.07114867760010445 0.09412491812744231 0.12215952050097127 0.15559124876038116 0.1945560314897478 0.23894087569801814 0.2883544371519593 0.34212030171718544 0.3992966132092416 0.45872236208251166 0.5190869472057847 0.5790161921744654 0.6371654828127407 0.6923095841684945 0.7434192135364959 0.7897164876494185 0.8307045255275456 0.8661701693881553 0.8961623176581942 0.920951163052695 0.9409753095354156 0.9567841752129016 0.9689823928029336 0.9781814009178981 0.9849614771226043 0.9898454931700995 0.9932839890557406 0.9956499569131105 0.997241059052895 0.9982868289840188 0.9989586028340294 0.9993803565053672 0.9996391441055918 0.9997943387920407 0.9998853005831396 0.9999374068437129 0.999966579067399 0.9999825414553829 0.9999910778574884 0.9999955395590078 0.9999978187188401 0.9999989566019287 0.9999995118269966 0.9999997766093397 0.9999999000213644 0.9999999562392363 0.9999999812680211 0.9999999921586644 0.9999999967901003 0.9999999987150798 0.9999999994970405 0.9999999998074907 0.9999999999279519 0.9999999999736344 0.9999999999905662 0.9999999999966996 0.9999999999988711 0.9999999999996225 0.9999999999998765 0.9999999999999605 0.9999999999999877
8.311269895945861e-14 2.5620068885997853e-13 7.721386846763794e-13 2.275197772021312e-12 6.5547920802085356e-12 1.8463844232240617e-11 5.0853018972787214e-11 1.3694658523430895e-10 3.6060728698426444e-10 9.284876836212327e-10 2.3376866550379723e-9 5.755403209560767e-9 1.3856579574420177e-8 3.2624168745297007e-8 7.511715764962284e-8 1.691489028540949e-7 3.7251575722376156e-7 8.023829841215627e-7 1.6904321727162186e-6 3.483465078185167e-6 7.02171152455479e-6 0.000013845672094444965 0.00002670841461488196 0.000050404647454532 0.00009306984214043563 0.00016814856401341523 0.00029727309277064384 0.0005143178958776777 0.0008708829845038159 0.001443385043802932 0.0023417733997428583 0.003719617313023021 0.005784925157701159 0.008810573493898046 0.01314269873521004 0.019204929608287676 0.02749604328048139 0.03857865733732008 0.05305705513941132 0.07154326024494685 0.0946120073009354 0.12274715725523744 0.15628409905106821 0.19535439344526093 0.23983993893701777 0.2893439253654395 0.34318459418293407 0.40041538453712344 0.4598717103488947 0.5202409103545953 0.580148494013322 0.6382513143784443 0.6933272207028801 0.7443512929059001 0.7905508276744903 0.8314344253169481 0.8667942107502434 0.8966837446291511 0.9213769610204053 0.9413151254033243 0.9570492166041569 0.9691844218093839 0.9783319034237854 0.9850710501627795 0.9899234570905497 0.9933382033246143 0.995686800636956 0.9972655295847812 0.9983027127425954 0.9989686789492082 0.9993866033822478 0.9996429290782571 0.9997965800535142 0.9998865976198905 0.9999381404144783 0.999966984540199 0.9999827604893227 0.9999911934929614 0.9999955992214085 0.9999978488031702 0.9999989714274491 0.9999995189671825 0.9999997799701119 0.9999999015673255 0.9999999569342417 0.999999981573378 0.9999999922897809 0.9999999968451223 0.9999999987376454 0.9999999995060851 0.9999999998110336 0.9999999999293082 0.9999999999741419 0.9999999999907518 0.9999999999967659 0.9999999999988942 0.9999999999996303 0.9999999999998792 0.9999999999999614 0.999999999999988
8.493846475260926e-14 2.61715820348117e-13 7.884202686556212e-13 2.3221728396184847e-12 6.687247017497212e-12 1.882884927669023e-11 5.183603264730393e-11 1.395339057341324e-10 3.67262636642221e-10 9.452186683442845e-10 2.3787923604535857e-9 5.854102194438099e-9 1.4088187407809656e-8 3.3155326809452325e-8 7.630764364946992e-8 1.7175658577769282e-7 3.7809808394446986e-7 8.140619851534436e-7 1.714311721702769e-6 3.531182450574706e-6 7.11489886109956e-6 0.000014023527576015441 0.000027040162060974902 0.00005100940027023831 0.00009414724515790575 0.00017002445870102308 0.00030046513550555413 0.0005196262381557347 0.0008795103682657314 0.0014570884740286636 0.002363045454707838 0.0037518888446454587 0.005832772705666895 0.008879904862422107 0.01324088027448311 0.01934081096610734 0.027679832442199844 0.03882160341584576 0.05337091072883197 0.0719395198651021 0.09510095200666994 0.12333677379073532 0.156978978613831 0.19615474243383493 0.2407408444399251 0.29033500615114594 0.34425013195800036 0.40153497353654777 0.46102139404352616 0.5213947038837554 0.5812801327454212 0.6393360339731653 0.6943433691200813 0.745281600962694 0.7913832167978572 0.8321622989523776 0.8674162468056272 0.897203268020047 0.921801018405219 0.9416534036983677 0.957312943008068 0.9693853602697743 0.9784815278525214 0.9851799361311344 0.9900008981539254 0.9933920303865755 0.9957233651690721 0.9972898040316811 0.9983184623105041 0.9989786655553241 0.9993927920501255 0.999646677137175 0.999798798482952 0.9998878808803342 0.9999388658753157 0.9999673853544144 0.9999829769117363 0.9999913076995961 0.999995658120746 0.999997878489702 0.999998986050517 0.9999995260067748 0.9999997832820826 0.9999999030901697 0.9999999576185541 0.9999999818739049 0.9999999924187667 0.9999999968992266 0.9999999987598249 0.9999999995149709 0.9999999998145128 0.9999999999306395 0.9999999999746398 0.9999999999909337 0.999999999996831 0.999999999998917 0.9999999999996381 0.9999999999998818 0.9999999999999623 0.9999999999999882
8.680362184850256e-14 2.673474703183076e-13 8.050385408587319e-13 2.3700982742752795e-12 6.822322407442358e-12 1.9200912185509242e-11 5.2837614626042206e-11 1.4216894204375298e-10 3.740377518364504e-10 9.622432614541968e-10 2.4206010712390505e-9 5.9544451267467895e-9 1.4323549642080312e-8 3.369485823486878e-8 7.751636638357152e-8 1.744030535707163e-7 3.8376095291850464e-7 8.259042942044495e-7 1.7385145570286447e-6 3.5795246135984203e-6 7.209264935481819e-6 0.0000142035537603109 0.000027375811126105354 0.000051620997042523274 0.00009523636308114297 0.00017191991861000307 0.00030368905566938365 0.0005249852403089239 0.0008882162660154302 0.001470910546641915 0.0023844922672494736 0.0037844112245742955 0.005880971021109534 0.008949713856161839 0.013339694819135344 0.019477508395292015 0.02786464428517185 0.039065794175720946 0.053686235894269276 0.07233746025007073 0.09559175519665897 0.12392837181555613 0.15767588754697848 0.1969570766715632 0.241643588410136 0.29132767374652024 0.3453169075521442 0.40265537140802327 0.46217140361883674 0.5225483181425022 0.5824110992733545 0.6404196336471808 0.6953580230860166 0.7462101332851911 0.7922136526161249 0.8328881459704167 0.8680362787978118 0.8977208904388572 0.9222233387801925 0.9419901485532624 0.9575753587479114 0.96958521239462 0.978630278079463 0.9852881384283916 0.990077819221555 0.9934454725588828 0.995759652320747 0.997313883762881 0.9983340786904481 0.9989885633644964 0.9993989229999752 0.9996503886112256 0.9998009942945303 0.9998891505001456 0.9999395833098665 0.9999677815602456 0.9999831907519676 0.9999914204941018 0.999995716266292 0.9999979077834498 0.9999990004737758 0.9999995329471323 0.9999997865459331 0.9999999045902298 0.9999999582923323 0.9999999821696757 0.9999999925456555 0.9999999969524278 0.9999999987816246 0.9999999995237008 0.9999999998179294 0.9999999999319464 0.9999999999751283 0.9999999999911122 0.9999999999968947 0.9999999999989392 0.9999999999996456 0.9999999999998843 0.9999999999999631 0.9999999999999885
8.87090041422578e-14 2.7309805223104854e-13 8.220003214260534e-13 2.41899289306712e-12 6.960068937050802e-12 1.958016625110247e-11 5.385810708953833e-11 1.4485255163813903e-10 3.8093472994617264e-10 9.795664701254965e-10 2.463124453803072e-9 6.056458532744916e-9 1.4562725130651189e-8 3.424289042563455e-8 7.874359492242688e-8 1.7708886056580856e-7 3.8950547803490904e-7 8.379120941053971e-7 1.7630448496694439e-6 3.628499337229491e-6 7.3048238562182025e-6 0.000014385775612125067 0.00002771540484820741 0.00005223951003644538 0.00009633731405561707 0.00017383513173841337 0.0003069451442972643 0.0005303953404309317 0.0008970013185910742 0.0014848521718995092 0.0024061150917072103 0.0038171861277740133 0.005929522268270926 0.009020003175950368 0.013439145616216903 0.019615025643576957 0.028050482941349618 0.03931123393522568 0.05400303485968177 0.07273708517717306 0.09608441980290183 0.12452195301023718 0.15837482591501528 0.19776139433677156 0.24254816701242798 0.29232192235313825 0.34638491344564826 0.40377656933212763 0.46332172951908357 0.5237017434845795 0.5835413845163899 0.6415021054777521 0.6963711763009703 0.7471368854899034 0.7930421327642665 0.8336119659428866 0.8686543079998583 0.8982366145158441 0.922643925732824 0.9423253641076541 0.9578364681474085 0.9697839823898461 0.9787781579719461 0.9853956604453539 0.9901542231442471 0.9934985321486578 0.9957956638941641 0.9973377701399366 0.9983495628788758 0.9989983730839955 0.9994049967191567 0.9996540638266891 0.9998031677006192 0.9998904066137845 0.9999402928009805 0.9999681732073927 0.9999834020390528 0.9999915318930046 0.999995773667212 0.9999979366893681 0.9999990146998368 0.9999995397895964 0.9999997897623356 0.9999999060678344 0.9999999589557331 0.9999999824607634 0.9999999926704806 0.9999999970047408 0.9999999988030508 0.9999999995322774 0.9999999998212845 0.9999999999332291 0.9999999999756076 0.9999999999912872 0.9999999999969571 0.999999999998961 0.9999999999996532 0.9999999999998868 0.9999999999999638 0.9999999999999887
9.065546283129323e-14 2.7897002849940403e-13 8.393125656520559e-13 2.4688758771805793e-12 7.100538250424e-12 1.9966747220330092e-11 5.489785835870053e-11 1.4758560697633504e-10 3.8795570401326795e-10 9.971933843067712e-10 2.506374361887524e-9 6.160169352035877e-9 1.4805773615979787e-8 3.47995526494761e-8 7.998960214326198e-8 1.798145686708589e-7 3.95332787864915e-7 8.50087595395756e-7 1.787906821502788e-6 3.6781144824315203e-6 7.401589890030008e-6 0.000014570218363675987 0.000028058986704452872 0.000052865012217599026 0.00009745021731085353 0.00017577028771042634 0.00031023369478599434 0.0005358569799314372 0.0009058661713235779 0.0014989142659173353 0.002427915189750116 0.003850215237962145 0.005978428621298639 0.009090775533119167 0.013539235922978059 0.019753366467380573 0.02823735254837031 0.039557927013722495 0.054321311843990215 0.07313839841140238 0.09657894873723431 0.12511751902762683 0.15907579374854194 0.19856769356997025 0.243454576372978 0.29331774613679906 0.34745414208947323 0.4048985584697157 0.4644723621805884 0.5248549702684793 0.58467097941069 0.6425834415692958 0.6973828224997005 0.7480618532315785 0.7938686549155913 0.834333758476759 0.8692703357142577 0.898750442903409 0.923062782864905 0.9426590545079852 0.9580962755306157 0.9699816744567069 0.9789251713892355 0.985502505562881 0.9902301127622899 0.9935512114529013 0.9958314016824246 0.9973614645167014 0.9983649158660086 0.9990080954162679 0.999411013691436 0.9996577031072638 0.9998053189117955 0.9998916493545059 0.9999409944307227 0.9999685603450605 0.9999836108017243 0.9999916419126498 0.9999958303325667 0.9999979652123522 0.9999990287312781 0.9999995465354917 0.9999997929319533 0.9999999075233073 0.9999999596089109 0.9999999827472397 0.9999999927932742 0.9999999970561798 0.99999999882411 0.9999999995407033 0.9999999998245793 0.9999999999344882 0.9999999999760778 0.9999999999914588 0.9999999999970184 0.9999999999989824 0.9999999999996604 0.9999999999998892 0.9999999999999647 0.9999999999999889
9.264386676675293e-14 2.8496591145997715e-13 8.569823666016941e-13 2.519766778787563e-12 7.243782966368393e-12 2.036079333848794e-11 5.595722300186983e-11 1.503689957554549e-10 3.9510284332941933e-10 1.0151291780429763e-9 2.55036283946801e-9 6.265604943764199e-9 1.5052755742446964e-8 3.536497606383445e-8 8.12546647813745e-8 1.8258074746732724e-7 4.0124402584499425e-7 8.624330366547171e-7 1.8131047458898062e-6 3.7283780021495993e-6 7.499577463481136e-6 0.0000147569075172278 0.00002840660061531046 0.00005349757725818614 0.00009857519316919135 0.00017772557778847226 0.0003135550029101691 0.0005413706035565482 0.0009148114740611153 0.0015130977506978588 0.002449893830405137 0.0038835002476346647 0.006027692264263581 0.009162033649501836 0.013639969006852682 0.019892534631761678 0.028425257249483422 0.039805877731553044 0.05464107106094803 0.07354140370527766 0.09707534489117899 0.12571507149275055 0.15977879104415496 0.19937597247380806 0.24436281257938192 0.2943151392276154 0.3485245859054146 0.4060213299621278 0.46562329203197617 0.5260079888576835 0.5857998749095301 0.6436636340535538 0.6983929554515443 0.7489850322032354 0.7946932167817127 0.8350535232140679 0.8698843632728019 0.8992623782759439 0.9234799137923692 0.9429912239073565 0.9583547852218133 0.9701782927917069 0.9790713221824756 0.9856086771518675 0.9903054909054507 0.9936035127585067 0.995866867469573 0.9973849682393539 0.9983801386358697 0.9990177310589624 0.9994169743970064 0.9996613067740825 0.9998074481368562 0.9998928788543693 0.9999416882803799 0.9999689430219619 0.9999838170684132 0.9999917505692026 0.9999958862713126 0.999997993357239 0.9999990425706464 0.999999553186125 0.9999997960554403 0.999999908956968 0.9999999602520178 0.999999983029175 0.9999999929140685 0.9999999971067591 0.9999999988448081 0.9999999995489811 0.9999999998278147 0.9999999999357241 0.9999999999765392 0.9999999999916271 0.9999999999970783 0.9999999999990032 0.9999999999996675 0.9999999999998916 0.9999999999999654 0.9999999999999892
9.467510281191625e-14 2.91088264362702e-13 8.750169577760898e-13 2.5716855280460992e-12 7.389856696320648e-12 2.076244539405211e-11 5.7036561943690594e-11 1.532036211688404e-10 4.0237835403261364e-10 1.033379110818079e-9 2.5951021236977345e-9 6.372793092900727e-9 1.530373306941962e-8 3.5939293742290586e-8 8.253906348213957e-8 1.8538797430977618e-7 4.072403504620377e-7 8.749506848359939e-7 1.8386429482628492e-6 3.779297942311332e-6 7.5988011646313415e-6 0.000014945868847735456 0.00002875829094863928 0.000054137279543134165 0.00009971236305459795 0.00017970119488545526 0.0003169093668384057 0.0005469366594093306 0.0009238378811937134 0.0015274035541576745 0.002472052290085321 0.0039170428580912854 0.006077315391177355 0.009233780257437447 0.013741348145441144 0.02003253391037609 0.02861420119347709 0.04005509040993402 0.054962316719010744 0.07394610479869666 0.09757361113579528 0.12631461200267652 0.16048381776434892 0.20018622911302628 0.2452728716806751 0.29531409572010414 0.34959623728625944 0.4071448749313991 0.46677450949441396 0.5271607896209063 0.5869280619835155 0.6447426750897627 0.6994015689605244 0.7499064181361985 0.7955158161125152 0.8357712598318208 0.8704963920364559 0.899772423329684 0.9238953221451456 0.9433218764653953 0.9586120015453963 0.9703738415865188 0.9792166141946406 0.9857141785732209 0.990380360392976 0.9936554383422763 0.9959020630306208 0.9974082826464259 0.9983952321663103 0.9990272807049543 0.9994228793125104 0.9996648751457302 0.999809555582831 0.9998940952442479 0.9999423744304673 0.9999693212863234 0.9999840208672524 0.9999918578786513 0.999995941492304 0.9999980211288078 0.9999990562204564 0.9999995597427866 0.9999997991334424 0.9999999103691317 0.9999999608852035 0.9999999833066395 0.999999993032895 0.9999999971564927 0.999999998865151 0.9999999995571134 0.9999999998309919 0.9999999999369371 0.999999999976992 0.9999999999917923 0.9999999999971372 0.9999999999990237 0.9999999999996745 0.9999999999998939 0.9999999999999662 0.9999999999999895
9.675007620771527e-14 2.9733970237977944e-13 8.93423715828504e-13 2.6246524402294633e-12 7.53881406259371e-12 2.1171846764202408e-11 5.81362425758148e-11 1.560904021684373e-10 4.0978447971308207e-10 1.0519485289184059e-9 2.6406046478949213e-9 6.481762016617259e-9 1.5558768084494246e-8 3.6522640701338734e-8 8.384308285367304e-8 1.8823683442661733e-7 4.133229354407019e-7 8.876428356062699e-7 1.8645258067192838e-6 3.830882442837804e-6 7.699275744704685e-6 0.000015137128405511968 0.000029114102523813782 0.00005478419417625895 0.0001008618495015439 0.00018169733357703614 0.00032029708714963575 0.0005525555989704227 0.0009329460516779134 0.0015418326101550655 0.0024943918526180342 0.003950844779460681 0.006127300206009454 0.009306018099773713 0.013843376626492874 0.020173368085432977 0.028804188534604286 0.040305569370852716 0.05528505302120531 0.07435250541878816 0.09807375032153015 0.12691614212638277 0.16119087383741837 0.2009984615144153 0.24618474968735424 0.2963146096732802 0.3506690885959459 0.40826918448046956 0.4679260049818499 0.5283133629323347 0.5880555316207969 0.6458205568648216 0.7004086568654517 0.7508260068001316 0.7963364506961202 0.8364869680419077 0.8711064233952286 0.9002805807825591 0.9243090115670084 0.94365101634812 0.9588679288257655 0.9705683250279074 0.9793610512604872 0.9858190131778408 0.990454724033591 0.993706990470936 0.9959369901315703 0.9974314090688312 0.9984101974290396 0.9990367450423716 0.9994287289110609 0.9996684085382608 0.999811641454996 0.9998952986538385 0.9999430529607352 0.9999696951858885 0.9999842222260793 0.9999919638568082 0.999995996004293 0.9999980485317802 0.9999990696831913 0.9999995662067501 0.9999998021665966 0.999999911760109 0.999999961508616 0.9999999835797013 0.9999999931497847 0.9999999972053941 0.9999999988851449 0.9999999995651025 0.9999999998341118 0.9999999999381279 0.999999999977436 0.9999999999919542 0.9999999999971949 0.9999999999990439 0.9999999999996814 0.9999999999998961 0.9999999999999669 0.9999999999999897
9.886971094550767e-14 3.0372289363416346e-13 9.122101633316024e-13 2.6786882229865604e-12 7.690710716948966e-12 2.1589143461136748e-11 5.925663886948409e-11 1.5903027373149222e-10 4.1732350202887644e-10 1.0708428668168652e-9 2.6868830445747026e-9 6.592540370753215e-9 1.5817924216922946e-8 3.711515392751786e-8 8.516701152016772e-8 1.9112792102208455e-7 4.1949296993292905e-7 9.005118136874515e-7 1.8907577526215617e-6 3.883139738664487e-6 7.801016119773868e-6 0.00001533071251891949 0.000029474080615882296 0.000055438396986471765 0.00010202377616393503 0.00018371419011399366 0.0003237184668494823 0.0005582278771187164 0.0009421366490614991 0.0015563858585176302 0.002516913809273148 0.003984907730725548 0.006177648922704188 0.009378749929869616 0.013946057747888345 0.02031504094765022 0.02899522343250802 0.04055731893696187 0.055609284164998725 0.0747606092797645 0.0985757652780685 0.127519663404624 0.1618999591573613 0.20181266766677103 0.2470984425714008 0.2973166751107497 0.3517431321697224 0.4093942496933948 0.4690777689012528 0.5294656991718696 0.5891822748272872 0.6468972715934596 0.7014142130400283 0.7517437940030685 0.7971551183588503 0.8372006475910101 0.8717144587680425 0.9007868533740451 0.9247209857154286 0.9439786477278063 0.9591225713872185 0.9707617472976491 0.9795046372065062 0.9859231843065974 0.9905285846255012 0.9937581714011512 0.9959716505294397 0.9974543488298926 0.9984250353896503 0.9990461247546196 0.9994345236622619 0.9996719072652134 0.9998137059568852 0.99989648921167 0.9999437239501751 0.999970064767923 0.9999844211724386 0.9999920685193115 0.9999960498159317 0.9999980755708218 0.9999990829613039 0.9999995725792727 0.999999805155531 0.9999999131302062 0.9999999621224012 0.9999999838484284 0.9999999932647685 0.9999999972534771 0.9999999989047955 0.9999999995729512 0.9999999998371754 0.9999999999392966 0.9999999999778717 0.999999999992113 0.9999999999972514 0.9999999999990634 0.999999999999688 0.9999999999998983 0.9999999999999676 0.99999999999999
1.0103495014723983e-13 3.102405602478976e-13 9.313839715968062e-13 2.7338139837353737e-12 7.84560335949987e-12 2.2014484179189005e-11 6.039813149000128e-11 1.6202418713158936e-10 4.249977413311869e-10 1.0900676485784095e-9 2.7339501485258604e-9 6.705157256374444e-9 1.608126585122448e-8 3.7716972404901155e-8 8.651114217590937e-8 1.9406183537944688e-7 4.257516587096678e-7 9.135599732026717e-7 1.9173432712035977e-6 3.936078160772351e-6 7.904037372459796e-6 0.000015526647797083106 0.000029838270959759158 0.00005609996453403291 0.00010319826782410236 0.00018575196243465053 0.00032717381138672126 0.0005639539521521362 0.0009514103415082801 0.0015710642450699485 0.002539619458791228 0.004019233439747625 0.006228363765197508 0.009451978511597929 0.0140493948176208 0.020457556296209618 0.029187310052146358 0.04081034343147405 0.055935014342166606 0.0751704200827735 0.09907965881418403 0.12812517734979922 0.1626110735837831 0.20262884552085342 0.24801394626630546 0.29832028602080607 0.35281836031430897 0.410520061635558 0.47022979165285195 0.5306177887253676 0.5903082826268753 0.6479728115184001 0.7024182313929485 0.7526597755914441 0.7979718169651921 0.8379122982605087 0.8723204996026054 0.9012912438650156 0.925131248261425 0.9443047747828537 0.9593759335538419 0.9709541125724558 0.9796473758508746 0.9860266952903115 0.9906019449563923 0.9938089833795425 0.9960060459722871 0.9974771032453702 0.9984397470076487 0.9990554205204063 0.9994402640322305 0.9996753716376303 0.9998157492903046 0.9998976670451136 0.9999443874770266 0.9999704300792188 0.9999846177335854 0.9999921718816273 0.9999961029357722 0.999998102250542 0.9999990960572163 0.9999995788615951 0.9999998081008656 0.9999999144797254 0.9999999627267024 0.999999984112887 0.9999999933778762 0.9999999973007548 0.9999999989241086 0.9999999995806615 0.9999999998401838 0.9999999999404438 0.9999999999782992 0.9999999999922686 0.9999999999973068 0.9999999999990827 0.9999999999996946 0.9999999999999005 0.9999999999999684 0.9999999999999902
1.032467564531401e-13 3.168954794107547e-13 9.509529635467607e-13 2.7900512371920474e-12 8.003549757953347e-12 2.2448020342765456e-11 6.156110791313638e-11 1.6507311021413227e-10 4.328095572996058e-10 1.1096284892871398e-9 2.7818189999334123e-9 6.819642226425844e-9 1.6348858340983893e-8 3.832823714295092e-8 8.787577163998002e-8 1.9703918696548998e-7 4.3210022235484356e-7 9.267896980261449e-7 1.9442869021835185e-6 3.989706137229179e-6 8.008354753647457e-6 0.000015724961132628533 0.000030206719754450168 0.00005676897411685144 0.00010438545040185597 0.00018781085017737672 0.00033066342866982075 0.0005697342858084964 0.0009607678018229818 0.0015858687216612466 0.0025625101074116625 0.0040538236432925544 0.006279446967433454 0.009525706619347183 0.014153391153777247 0.020600917938711258 0.029380452563716356 0.04106464717805527 0.05626224773866103 0.07558194151575072 0.09958543371758993 0.12873268544581987 0.16332421694180166 0.20344699298934557 0.24893125666709437 0.2993254363565264 0.35389476530805897 0.4116466113538819 0.47138206363037694 0.5317696219848805 0.5914335460616409 0.6490471689105272 0.7034207058679982 0.7535739474501233 0.7987865444177592 0.8386219198663913 0.8729245473752774 0.901793755037593 0.9255398028894168 0.9446294016976533 0.9596280196494039 0.9711454250238959 0.97978927100341 0.9861295494497346 0.9906748078034328 0.9938594286427015 0.9960401781992356 0.9974996736234901 0.9984543332364807 0.9990646330137669 0.9994459504836168 0.9996788019640728 0.9998177716553438 0.999898832280391 0.999945043618784 0.9999707911660981 0.9999848119364876 0.9999922739590512 0.9999961553722685 0.9999981285754951 0.9999991089733199 0.9999995850549421 0.9999998110032124 0.9999999158089646 0.9999999633216612 0.9999999843731431 0.9999999934891375 0.9999999973472404 0.9999999989430897 0.999999999588236 0.9999999998431378 0.9999999999415696 0.9999999999787186 0.9999999999924214 0.9999999999973612 0.9999999999991016 0.9999999999997009 0.9999999999999027 0.999999999999969 0.9999999999999905
1.0550611241709408e-13 3.236904844694935e-13 9.709251166419664e-13 2.8474219130382727e-12 8.164608767194176e-12 2.2889906155112684e-11 6.274596254349285e-11 1.6817802767632646e-10 4.4076134958741896e-10 1.1295310964951984e-9 2.830502847547249e-9 6.936025292479585e-9 1.6620768022841262e-8 3.8949091204742686e-8 8.92612009116537e-8 2.000605935362534e-7 4.3853989746156123e-7 9.402034021368846e-7 1.971593240382773e-6 4.044032194241081e-6 8.11398368421728e-6 0.000015925679704443483 0.00003057947366731209 0.000057445503776829006 0.00010558545096359339 0.00018989105469316387 0.0003341876290835641 0.0005755693432864303 0.0009702097074761653 0.0016008002461931502 0.00258558706890082 0.004088680087054698 0.006330900773380549 0.009599937038023516 0.014258050084519278 0.020745129691127615 0.029574655142577882 0.04132023450071846 0.05659098853447809 0.07599517725327114 0.1000930927547901 0.12934218914797876 0.16403938902195309 0.20426710794681463 0.24985036963035637 0.3003321200358696 0.3549723394011227 0.41277388987704255 0.4725345752212982 0.5329211893488967 0.5925580561920675 0.6501203360690478 0.7044216304441544 0.7544863055024285 0.799599298657252 0.8393295122591575 0.8735266035909418 0.9022943896949993 0.9259466532970743 0.9449525326624543 0.9598788339972473 0.9713356888183198 0.9799303264655232 0.9862317500955298 0.990747175933274 0.9939095094172077 0.9960740489404978 0.997522061264972 0.9984687950235605 0.9990737629040896 0.9994515834756261 0.9996821985506381 0.9998197732503892 0.9998999850425846 0.9999456924522014 0.9999711480744182 0.9999850038078293 0.9999923747667103 0.9999962071337769 0.9999981545501806 0.999999121711977 0.9999995911605228 0.9999998138631745 0.9999999171182177 0.9999999639074173 0.999999984629261 0.9999999935985819 0.9999999973929468 0.9999999989617445 0.9999999995956771 0.9999999998460385 0.9999999999426747 0.9999999999791301 0.999999999992571 0.9999999999974144 0.9999999999991201 0.9999999999997073 0.9999999999999047 0.9999999999999697 0.9999999999999906
1.0781402090984804e-13 3.3062846603816303e-13 9.913085658624065e-13 2.9059483637289485e-12 8.328840349219306e-12 2.334029864793019e-11 6.395309683486749e-11 1.713399413517368e-10 4.4885555847713367e-10 1.1497812716939187e-9 2.8800151518977155e-9 7.054336931579286e-9 1.689706223067327e-8 3.9579679735562155e-8 9.066773522650052e-8 2.0312668124406664e-7 4.4507193683058726e-7 9.538035299763222e-7 1.99926693635181e-6 4.099064957214531e-6 8.220939756792704e-6 0.000016128830980462733 0.00003095657983834596 0.00005812963230625271 0.00010679839773146957 0.00019199277905827125 0.0003377467255057529 0.0005814595932664172 0.0009797367406292302 0.0016158597826474196 0.0026088516645801237 0.004123804525681755 0.00638272743704785 0.009674672563051934 0.014363374948063173 0.020890195377756732 0.02976992196917643 0.04157710972371598 0.0569212409035249 0.07641013095640077 0.10060263867093006 0.1299536898828188 0.16475658958009864 0.20508918822967298 0.25077128097427137 0.30134033094177626 0.35605107481561166 0.4139018882156826 0.4736873168070673 0.5340724812225802 0.5936818040972552 0.6511923053216553 0.7054209991356809 0.7553968457101659 0.8004100776624179 0.8400350753237253 0.8741266697828718 0.9027931506614073 0.9263518031951714 0.9452741718732325 0.960128380920183 0.9715249081167825 0.980070546030174 0.9863333005282516 0.9908190521020538 0.9939592279196446 0.9961076599174006 0.9975442674630575 0.9984831333102979 0.9990828108561394 0.9994571634640386 0.9996855617009758 0.9998217542721364 0.9999011254556454 0.9999463340533008 0.9999715008495752 0.9999851933740124 0.9999924743195643 0.999996258228558 0.999998180179044 0.9999991342755199 0.9999995971795304 0.9999998166813474 0.9999999184077739 0.9999999644841082 0.9999999848813046 0.9999999937062379 0.9999999974378866 0.9999999989800783 0.9999999996029869 0.9999999998488869 0.9999999999437594 0.9999999999795338 0.9999999999927178 0.9999999999974667 0.9999999999991382 0.9999999999997135 0.9999999999999067 0.9999999999999704 0.9999999999999908
1.1017150553019172e-13 3.3771237312983757e-13 1.012111606745308e-12 2.9656533724430138e-12 8.49630559342684e-12 2.379935773184453e-11 6.518291941263309e-11 1.745598704994842e-10 4.5709466554635535e-10 1.170384911807437e-9 2.930369588558956e-9 7.174608093181917e-9 1.7177809309970088e-8 4.0220149991879773e-8 9.209568411319621e-8 2.0623808474587462e-7 4.51697609671141e-7 9.675925568098467e-7 2.027312697002178e-6 4.154813151828741e-6 8.329238737503946e-6 0.00001633444272047698 0.000031338085884523936 0.00005882143925423178 0.00010802442009262773 0.000194116228086942 0.0003413410333239858 0.0005874055079318752 0.0009893495881594912 0.0016310483011137645 0.002632305223354161 0.004159198722799363 0.006434929222500888 0.009749916000377452 0.014469369092659775 0.02103611883117521 0.029966257228965818 0.041835277171431845 0.057253009013486525 0.07682680627254805 0.10111407418964849 0.1305671890480032 0.16547581833733216 0.2059132316361417 0.2516939864786408 0.3023500629222685 0.35713096374576386 0.41503059736262626 0.4748402787633581 0.5352234880180116 0.5948047808751327 0.6522630690246893 0.7064188059922253 0.7563055640736509 0.8012188794500099 0.8407386089793341 0.8747247475125992 0.9032900407817912 0.9267552563074375 0.9455943235315581 0.9603766647403844 0.9717130870749688 0.980209933481824 0.986434204038329 0.9908904390553973 0.9940085863566162 0.99614101284241 0.9975662935035381 0.9984973490321262 0.999091777530084 0.9994626909012313 0.9996888917163047 0.9998237149156026 0.9999022536424028 0.9999469684973767 0.9999718495365085 0.9999853806611606 0.9999925726324081 0.9999963086647765 0.9999982054664776 0.9999991466662521 0.9999996031131426 0.9999998194583183 0.9999999196779195 0.9999999650518692 0.9999999851293366 0.999999993812134 0.9999999974820722 0.9999999989980966 0.9999999996101677 0.9999999998516838 0.9999999999448241 0.9999999999799298 0.9999999999928619 0.9999999999975178 0.999999999999156 0.9999999999997194 0.9999999999999089 0.999999999999971 0.999999999999991
1.1257961102427069e-13 3.4494521431017377e-13 1.0333426984800276e-12 3.0265601611798715e-12 8.667066737266882e-12 2.4267246247755952e-11 6.64358461981857e-11 1.778388520981759e-10 4.6548119434422923e-10 1.1913480107092566e-9 2.9815800514603203e-9 7.296870206199249e-9 1.746307863240985e-8 4.0870651370710706e-8 9.354536145105966e-8 2.0939544731288453e-7 4.584182018040104e-7 9.815729890923908e-7 2.0557352862453655e-6 4.211285605118693e-6 8.438896567768108e-6 0.000016542542978966726 0.00003172403990415237 0.00005952100493318277 0.00010926364860848913 0.00019626160834420093 0.0003449708704525338 0.0005934075629903462 0.000999048941685309 0.001646366777817652 0.002655949081738706 0.004194864451035504 0.006487508403877242 0.009825670166465739 0.014576035876573676 0.02118290389219034 0.030163665112329655 0.04209474116827314 0.057586297025692144 0.07724520683531545 0.10162740201292858 0.1311826880121853 0.1661970749798889 0.20673923592621435 0.25261848188491853 0.30336130979055315 0.3582119983581106 0.41616000829309485 0.4759934514603075 0.5363742001544264 0.5959269776426679 0.6533326195632975 0.7074150450989126 0.7572124566317311 0.8020257020747434 0.8414401131794494 0.875320838369781 0.9037850629217776 0.9271570163704099 0.9459129918444646 0.960623689779282 0.9719002298431183 0.9803484925963941 0.9865344639060464 0.9909613395284209 0.9940575869247642 0.996174109419157 0.9975881406647836 0.9985114431185296 0.9991006635815181 0.9994681662361977 0.9996921888954289 0.9998256553741389 0.9999033697245736 0.9999475958590036 0.999972194179705 0.9999855656951214 0.9999926697198724 0.999996358450503 0.9999982304168203 0.9999991588864479 0.999999608962522 0.9999998221946667 0.9999999209289359 0.9999999656108342 0.9999999853734187 0.999999993916298 0.9999999975255162 0.9999999990158046 0.9999999996172219 0.99999999985443 0.999999999945869 0.9999999999803184 0.9999999999930032 0.999999999997568 0.9999999999991734 0.9999999999997253 0.9999999999999107 0.9999999999999717 0.9999999999999911
1.150394037131938e-13 3.5233005887322495e-13 1.0550104670610055e-12 3.0886923990037284e-12 8.841187187259737e-12 2.4744130019073725e-11 6.77123005354751e-11 1.8117794114460808e-10 4.740177110785368e-10 1.2126766607619154e-9 3.033660656246702e-9 7.4211551861391865e-9 1.775294061063289e-8 4.153133543936013e-8 9.501708552831355e-8 2.125994209415409e-7 4.6523501586700675e-7 9.957473648379645e-7 2.084539525638202e-6 4.2684912465688365e-6 8.54992936608553e-6 0.000016753160107959507 0.00003211449048126778 0.000060228410425361963 0.00011051621502410498 0.0001984291281587148 0.00034863655734928233 0.0005994662376947635 0.001008835497591305 0.0016618161951481717 0.002679784583888768 0.004230803492044877 0.006540467265402062 0.00990193788830351 0.014683378668062118 0.021330554409791973 0.030362149814502887 0.04235550603856129 0.057921109094981015 0.0776653362643503 0.10214262482094981 0.13180018811487987 0.16692035915905476 0.20756719882162228 0.2535447628962443 0.30437406532512434 0.35929417079164394 0.4172901119649227 0.4771468252627569 0.5375246080584557 0.5970483855360785 0.654400949351593 0.7084097105764392 0.7581175194618093 0.8028305436292534 0.8421395879116644 0.8759149439720675 0.9042782199674951 0.9275570871332866 0.9462301810243182 0.9608694603574591 0.9720863405659517 0.9804862271412198 0.9866340834015261 0.9910317562457341 0.9941062318107851 0.9962069513424615 0.9976098102177704 0.9985254164930708 0.9991094696614875 0.9994735899145694 0.999695453534754 0.9998275758394428 0.9999044738227705 0.9999482162120414 0.9999725348232027 0.9999857485014689 0.9999927655964266 0.9999964075937151 0.9999982550343597 0.9999991709383533 0.9999996147288159 0.9999998248909642 0.9999999221611007 0.9999999661611345 0.999999985613612 0.9999999940187574 0.9999999975682304 0.9999999990332076 0.9999999996241513 0.9999999998571265 0.9999999999468945 0.9999999999806995 0.9999999999931415 0.999999999997617 0.9999999999991905 0.9999999999997311 0.9999999999999127 0.9999999999999722 0.9999999999999913
1.1755197192909116e-13 3.598700380399193e-13 1.077123708500127e-12 3.1520742104392596e-12 9.018731540388552e-12 2.5230177904857155e-11 6.901271331967005e-11 1.8457821095735822e-10 4.827068253136442e-10 1.2343770543801866e-9 3.0866257436887066e-9 7.547495442348905e-9 1.8047466713219207e-8 4.220235596556088e-8 9.651117910108237e-8 2.1585066646584366e-7 4.721493715228075e-7 1.0101182539933167e-6 2.1137302950349787e-6 4.326439109217379e-6 8.662353429852914e-6 0.000016966322759912347 0.000032509486690068214 0.000060943737589442644 0.00011178225227756767 0.00020061899763573293 0.0003523384170327605 0.0006055820148647834 0.0010187099570536189 0.0016773975416859211 0.0027038130816265647 0.0042670176365330595 0.006593808101403191 0.009978722003398471 0.014791400845353258 0.021479074241103492 0.03056171553549219 0.0426175761064224 0.05825744936956792 0.07808719816519602 0.10265974527193969 0.132419690666334 0.16764567049107681 0.20839711800580124 0.2544728251774767 0.3053883232698687 0.3603774731579858 0.41842089931877413 0.4783003905304936 0.5386747021643636 0.5981689957110418 0.6554680508328133 0.7094027965811636 0.7590207486798639 0.8036334022440479 0.8428370331976025 0.8765070659649661 0.9047695148254259 0.9279554723577781 0.9465458952886865 0.9611139807945468 0.972271423382596 0.9806231408750068 0.9867330657847114 0.9911016919214439 0.9941545231914473 0.996239540298359 0.9976313034261093 0.998539270073419 0.999118196416515 0.9994789623786355 0.9996986859283037 0.9998294765015703 0.9999055660565106 0.9999488296296422 0.999972871510596 0.9999859291055064 0.9999928602763792 0.999996456102298 0.9999982793233309 0.9999991828241865 0.9999996204131568 0.9999998275477746 0.9999999233746879 0.9999999667029001 0.9999999858499763 0.9999999941195392 0.999999997610227 0.9999999990503107 0.9999999996309585 0.9999999998597744 0.999999999947901 0.9999999999810736 0.9999999999932774 0.9999999999976652 0.9999999999992073 0.9999999999997369 0.9999999999999145 0.9999999999999729 0.9999999999999916
1.2011842645977943e-13 3.675683461796087e-13 1.0996913920992104e-12 3.216730184020223e-12 9.199765605872443e-12 2.5725561853872417e-11 7.033752312797756e-11 1.8804075348530722e-10 4.915511906794955e-10 1.2564554856182295e-9 3.1404898831429456e-9 7.675923885361586e-9 1.8346729479871185e-8 4.288386894801132e-8 9.802796945314258e-8 2.191498536710208e-7 4.791626056691914e-7 1.0246882588156522e-6 2.143312533246462e-6 4.385138330771688e-6 8.776185237193006e-6 0.00001718205989061883 0.00003290907809938008 0.0000616670690671437 0.00011306189450948206 0.000202831428670101 0.00035607677509925354 0.0006117553809082252 0.0010286730260652501 0.0016931118122309342 0.0027280359344694976 0.004303508684280622 0.0066475332163261945 0.010056025359778982 0.014900105796624161 0.02162846725133249 0.030762366479996205 0.04288095569567718 0.05859532199090824 0.07851079612914282 0.10317876600202597 0.13304119694739938 0.1683730085570746 0.20922899112385912 0.2554026643552296 0.30640407733417097 0.36146189754155766 0.4195523612783609 0.47945413761849276 0.5398244729142869 0.5992887993429026 0.6565339164794768 0.7103942973051975 0.759922140440469 0.8044342760874632 0.8435324490928175 0.8770972060217098 0.9052589504222543 0.9283521758179611 0.9468601388602089 0.9613572554091214 0.9724554824265137 0.9807592375477893 0.98683141430535 0.9911711492591574 0.9942024632336088 0.9962718779641245 0.9976526215460744 0.9985530047713767 0.9991268444886233 0.9994842840673644 0.9997018863677357 0.9998313575489479 0.9999066465442255 0.999949436184255 0.9999732042850381 0.999986107532269 0.9999929537738806 0.9999965039840455 0.9999983032879183 0.9999991945461375 0.9999996260166625 0.9999998301656545 0.9999999245699678 0.999999967236259 0.9999999860825708 0.9999999942186701 0.9999999976515173 0.9999999990671188 0.9999999996376453 0.9999999998623742 0.9999999999488889 0.9999999999814404 0.9999999999934104 0.9999999999977125 0.9999999999992235 0.9999999999997424 0.9999999999999164 0.9999999999999735 0.9999999999999918
1.2273990100221227e-13 3.7542824205515155e-13 1.1227226637839893e-12 3.282685380994553e-12 9.38435642732635e-12 2.6230456959586577e-11 7.16871763526579e-11 1.915666796211843e-10 5.005535055917593e-10 1.2789183517808777e-9 3.195267876063356e-9 7.806473934347146e-9 1.8650802536804482e-8 4.357603264731174e-8 9.956778845642153e-8 2.2249766140859043e-7 4.862760726517086e-7 1.0394600142545247e-6 2.17329123870565e-6 4.4445981547343924e-6 8.891441448801223e-6 0.000017400400762140673 0.00003331331477716026 0.00006239848828990278 0.00011435527707250228 0.0002050666349593437 0.00035985195973999907 0.0006179868258425709 0.0010387254154614646 0.0017089600078306053 0.0027524545096580763 0.004340278444167098 0.006701644924749077 0.010133850815993368 0.015009496919978106 0.02177873731372078 0.03096410685732488 0.04314564912973042 0.05893473109356303 0.07893613373307862 0.10369968962508865 0.1336647082094048 0.1691023729029523 0.2100628157825448 0.25633427601790826 0.3074213211930218 0.3625474359997515 0.4206844887506605 0.4806080568771589 0.540973910758473 0.6004077876268819 0.6575985387935374 0.7113842069764953 0.7608216909368123 0.8052331633656157 0.844225835686694 0.8776853658431205 0.9057465297047191 0.9287472013001314 0.9471729159664677 0.9615992885186007 0.9726385218254276 0.9808945209008877 0.9869291322029772 0.9912401309519866 0.9942500540942353 0.9963039660082993 0.9976737658266303 0.9985666214929078 0.9991354145153613 0.9994895554164231 0.999705055142358 0.9998332191683852 0.9999077154032683 0.9999500359476337 0.9999735331892466 0.9999862838065265 0.9999930461029239 0.9999965512466613 0.9999983269322558 0.9999992061063687 0.9999996315404361 0.9999998327451526 0.9999999257472064 0.9999999677613369 0.9999999863114535 0.9999999943161763 0.999999997692113 0.9999999990836369 0.9999999996442139 0.9999999998649269 0.9999999999498586 0.9999999999818003 0.9999999999935409 0.9999999999977588 0.9999999999992396 0.9999999999997478 0.9999999999999183 0.999999999999974 0.999999999999992
1.2541755262487113e-13 3.8345305009195643e-13 1.1462268495006102e-12 3.349965344188378e-12 9.572572305314938e-12 2.674504151610915e-11 7.306212733627552e-11 1.9515711952022567e-10 5.097165139833221e-10 1.3017721550595538e-9 3.250974759564503e-9 7.939179524669204e-9 1.8959760612349524e-8 4.42790076173112e-8 1.0113097263226187e-7 2.2589477771279523e-7 4.934911444787921e-7 1.0544361883379162e-6 2.203671470140467e-6 4.504827931540568e-6 9.008138909809129e-6 0.00001762137494576498 0.000033722247295032976 0.00006313807948559849 0.00011566253654092647 0.00020732483201682848 0.00036366430175845696 0.0006242768433165482 0.001048867840945256 0.0017249431358076904 0.002777070182183816 0.004377328734194847 0.006756145551396803 0.010212201241108828 0.015119577623421573 0.021929888309493918 0.031166940881318335 0.043411660731459946 0.05927568080506298 0.07936321453933957 0.10422251873261267 0.134290225674029 0.16983376303931208 0.21089858955021815 0.2572676557157476 0.30844004848712614 0.363634080563102 0.4218172726261352 0.48176213865256856 0.5421230061555178 0.6015259517782833 0.65866191030654 0.7123725198589408 0.7617193964007123 0.8060300623223537 0.8449171931023463 0.8782715471574748 0.9062322556394615 0.9291405526026573 0.9474842308398577 0.9618400844391419 0.9728205457012513 0.9810289946668656 0.9870262227069007 0.9913086396825523 0.9942972979204174 0.9963358060907156 0.9976947375094616 0.9985801211381644 0.9991439071298265 0.9994947768581979 0.9997081925391444 0.9998350615450862 0.9999087727499236 0.9999506289908418 0.9999738582655066 0.999986457952786 0.9999931372773468 0.9999965978977596 0.9999983502604275 0.999999217507016 0.9999996369855666 0.9999998352868102 0.9999999269066665 0.9999999682782583 0.9999999865366819 0.9999999944120836 0.9999999977320257 0.9999999990998699 0.9999999996506662 0.9999999998674334 0.9999999999508101 0.9999999999821534 0.9999999999936691 0.9999999999978042 0.9999999999992553 0.9999999999997531 0.99999999999992 0.9999999999999747 0.9999999999999921
1.2815256223928892e-13 3.9164616167142136e-13 1.170213458675807e-12 3.418596107031853e-12 9.76448282030692e-12 2.7269497075100336e-11 7.446283850921102e-11 1.9881322292399995e-10 5.190430060473464e-10 1.3250235041930638e-9 3.3076258100370133e-9 8.074075115549294e-9 1.927367955276648e-8 4.499295673686516e-8 1.0271786321346284e-7 2.2934189991845397e-7 5.008092110393487e-7 1.0696194825625184e-6 2.2344583472535146e-6 4.565837119706176e-6 9.126294651664996e-6 0.00001784501232498636 0.00003413592673286327 0.00006388592768532206 0.00011698381072035194 0.00020960623718499876 0.00036751413458766994 0.0006306259306318085 0.0010591010231128719 0.0017410622097882855 0.0028018843348170852 0.004414661381512732 0.006811037431155522 0.010291079514709974 0.015230351324840635 0.022081924127809932 0.03137087277026514 0.04367899482310473 0.059618175245772495 0.07979204209556053 0.10474725589354045 0.13491775053317467 0.1705671784413681 0.21173630995682174 0.2582027989608521 0.3094602528230134 0.36472182323545976 0.4229507037789517 0.48291637328671205 0.543271749572603 0.6026432830327 0.659724023579773 0.7133592302524342 0.762615253102634 0.8068249712392082 0.8456065214965174 0.8788557517203679 0.9067161312128762 0.9295322335358318 0.9477940877174581 0.9620796474855398 0.9730015581700173 0.9811626625694895 0.9871226890361848 0.9913766781229889 0.9943441968493891 0.9963673998625227 0.9977155378290007 0.9985935046015149 0.9991523229606915 0.9994999488218148 0.9997112988427515 0.999836884862662 0.9999098186994155 0.9999512153842582 0.9999741795556747 0.9999866299952933 0.9999932273108334 0.9999966439448669 0.9999983732764679 0.9999992287501879 0.9999996423531285 0.9999998377911616 0.9999999280486068 0.9999999687871455 0.9999999867583125 0.9999999945064175 0.9999999977712664 0.9999999991158226 0.9999999996570044 0.9999999998698945 0.999999999951744 0.9999999999824997 0.9999999999937945 0.9999999999978486 0.9999999999992708 0.9999999999997583 0.9999999999999216 0.9999999999999751 0.9999999999999923
1.309461350808587e-13 4.000110364492785e-13 1.1946921877418555e-12 3.4886042027495325e-12 9.960158856037021e-12 2.7804008503661383e-11 7.588978052948013e-11 2.0253615948950224e-10 5.285358189919638e-10 1.3486791161537993e-9 3.3652365468165805e-9 8.21119569784002e-9 1.959263633827671e-8 4.5718045242009414e-8 1.0432880620709623e-7 2.3283973478023363e-7 5.082316803228592e-7 1.0850126322883119e-6 2.2656570514087175e-6 4.627635286987532e-6 9.245925894031669e-6 0.000018071343098514165 0.000034554404683366104 0.00006464211873019551 0.00011831923865739866 0.0002119110696486794 0.00037140179430770277 0.0006370345887646657 0.0010694256874794136 0.0017573182497298615 0.0028268983581349466 0.004452278222439747 0.006866322909086659 0.010370488526897058 0.01534182145197699 0.02223484866570777 0.03157590674681998 0.043947655726152786 0.059962218528753254 0.08022261993452534 0.10527390365412477 0.1355472839488425 0.17130261854886158 0.21257597449385304 0.25913970122723584 0.31048192777314865 0.36581065599416523 0.42408477306720116 0.48407075111773645 0.5444201314857343 0.6037597726462195 0.6607848712044208 0.7143443324929776 0.763509257351703 0.8076178884353411 0.8462938210594755 0.879437981314578 0.907198159430961 0.9299222479217292 0.9481024908409045 0.9623179819711245 0.9731815633418055 0.9812955283236882 0.9872185343996356 0.9914442489349491 0.9943907530085465 0.9963987489662123 0.9977361680124555 0.9986067727715711 0.9991606626322261 0.9995050717331593 0.9997143743355327 0.9998386893031422 0.9999108533659163 0.9999517951975843 0.9999744971011835 0.9999867999580373 0.9999933162169152 0.9999966893954213 0.9999983959843628 0.9999992398379665 0.9999996476441826 0.9999998402587336 0.9999999291732828 0.9999999692881193 0.9999999869764009 0.9999999945992031 0.9999999978098459 0.9999999991314996 0.9999999996632303 0.9999999998723109 0.9999999999526605 0.9999999999828395 0.9999999999939178 0.9999999999978921 0.9999999999992858 0.9999999999997634 0.9999999999999234 0.9999999999999758 0.9999999999999925
1.3379950119911705e-13 4.085512036992214e-13 1.219672923727656e-12 3.5600166737186335e-12 1.0159672623281485e-11 2.834876404322065e-11 7.734343242489388e-11 2.0632711912359327e-10 5.381978378069075e-10 1.372745817859456e-9 3.4238227359066662e-9 8.350576801908412e-9 1.9916709099313434e-8 4.645444075856022e-8 1.0596415245812275e-7 2.363889985933504e-7 5.157599786420108e-7 1.100618407137454e-6 2.2972728263252597e-6 4.690232111552214e-6 9.367050046701862e-6 0.0000183003977833064 0.00003497773325675184 0.00006540673927824018 0.00011966896064948895 0.0002142395504484671 0.00037532761966316513 0.0006435033223879289 0.0010798425645044923 0.001773712281949331 0.0028521136505489254 0.004490181102488472 0.006922004340440666 0.010450431178283802 0.015453991442403392 0.022388665828055043 0.03178204703792077 0.04421764776122851 0.06030781475962771 0.08065495157401731 0.1058024645377819 0.13617882705300613 0.172040082765977 0.2134175806143386 0.2600783579508654 0.3115050668760452 0.3669005707902243 0.4252194713331204 0.4852252624801877 0.5455681423799772 0.6048754118956287 0.6618444458017135 0.7153278209527576 0.7644014054957189 0.8084088122674944 0.8469790920149116 0.880018237749929 0.9076783433191664 0.9303105995940559 0.9484094444562604 0.9625550922076626 0.9733605653206747 0.9814275956355112 0.9873137619957866 0.9915113547696094 0.9944369685154655 0.9964298550356449 0.9977566292798385 0.9986199265312148 0.9991689267643232 0.9995101460148967 0.999717419297556 0.9998404750469868 0.9999118768625548 0.9999523684998486 0.9999748109430449 0.9999869678647513 0.9999934040089736 0.9999967342567754 0.9999984183880501 0.999999250772408 0.9999996528597754 0.9999998426900458 0.9999999302809461 0.9999999697812985 0.9999999871910019 0.9999999946904647 0.9999999978477754 0.9999999991469057 0.9999999996693458 0.9999999998746835 0.9999999999535601 0.9999999999831728 0.9999999999940383 0.999999999997935 0.9999999999993006 0.9999999999997684 0.999999999999925 0.9999999999999762 0.9999999999999927
1.3671391595769626e-13 4.1727026368239486e-13 1.2451657479168688e-12 3.6328610809974203e-12 1.0363097684056863e-11 2.8903955369439293e-11 7.882428173759127e-11 2.1018731232285986e-10 5.480319960421531e-10 1.3972305479109472e-9 3.4834003937560486e-9 8.492254505631203e-9 2.024597713299355e-8 4.7202313335138835e-8 1.0762425771380188e-7 2.399904173157366e-7 5.233955508578727e-7 1.116439611397513e-6 2.3293109787785657e-6 4.753637383161409e-6 9.489684711530692e-6 0.000018532207217628193 0.00003540596508540785 0.00006617987681129422 0.00012103311825469153 0.00021659190249418252 0.0003792919520808152 0.0006500326398928166 0.0010903523896179529 0.0017902453391511015 0.0028775316183327643 0.004528371876388432 0.00697808409067056 0.010530910379994913 0.015566864743498691 0.022543379527495255 0.03198929787470507 0.044488975247979456 0.060654968036441576 0.0810890405166691 0.10633294104494491 0.13681238094748774 0.1727795704612589 0.2142611257328087 0.26101876452970296 0.31252966363637846 0.36799155954848434 0.4263547894033135 0.4863798977052539 0.5467157727496939 0.6059901920786168 0.6629027400230783 0.7163096900402288 0.7652916939211662 0.8091977411299365 0.8476623346198349 0.8805965228631543 0.9081566859222454 0.930697292398007 0.9487149528138904 0.9627909825052552 0.9735385682045914 0.9815588682020917 0.9874083750128848 0.9915779982676753 0.9944828454779215 0.9964607196960753 0.997776922843995 0.9986329667576264 0.9991771159725218 0.9995151720864921 0.9997204340066183 0.9998422422730979 0.999912889301425 0.9999529353594131 0.9999751211218544 0.9999871337389157 0.9999934907002404 0.9999967785361958 0.9999984404914196 0.9999992615555423 0.9999996580009403 0.9999998450856111 0.9999999313718451 0.9999999702668004 0.9999999874021694 0.9999999947802269 0.9999999978850651 0.9999999991620454 0.999999999675353 0.9999999998770129 0.999999999954443 0.9999999999834998 0.9999999999941567 0.9999999999979767 0.999999999999315 0.9999999999997733 0.9999999999999266 0.9999999999999768 0.9999999999999929
1.396906605441009e-13 4.261718890431396e-13 1.2711809395746562e-12 3.707165514027592e-12 1.0570508976245906e-11 2.946977765314394e-11 8.033282467100206e-11 2.1411797051899549e-10 5.580412765987975e-10 1.4221403583566386e-9 3.5439857910918473e-9 8.636265442503126e-9 2.058052091981506e-8 4.7961835476629397e-8 1.0930948268891247e-7 2.436447266916686e-7 5.311398606076688e-7 1.132479084429097e-6 2.3617768793085153e-6 4.817861004363631e-6 9.613847684386089e-6 0.00001876680256413695 0.00003583915332861678 0.00006696161964197812 0.0001224118543016312 0.00021896835057840628 0.0003832951356872443 0.0006566230534109362 0.0011009559032456478 0.0018069184604551846 0.002903153675650108 0.0045668524081092475 0.007034564535445226 0.01061192905366307 0.01568044481242231 0.022698993684394292 0.03219766349242605 0.04476164250496226 0.06100368244952642 0.08152489024981299 0.10686533565291732 0.137447946703834 0.1735210809675299 0.215106607225274 0.2619609163237512 0.3135557115251013 0.369083614167812 0.4274907180889742 0.4875346471210078 0.5478630130987794 0.6071041045139798 0.663959746550286 0.7172899342001939 0.7661801190532256 0.8099846734544082 0.8483435491644676 0.8811728385177585 0.9086331903041032 0.9310823301901189 0.9490190201683328 0.9630256571722389 0.9737155760853625 0.9816893497116043 0.9875023766288764 0.991644182059388 0.9945283859939074 0.996491344564179 0.9977970499106311 0.9986458943223109 0.9991852308680317 0.9995201503642297 0.9997234187382614 0.9998439911588317 0.999913890793594 0.9999534958439793 0.9999754276777946 0.9999872976037607 0.9999935763038 0.9999968222408646 0.9999984622983141 0.9999992721893742 0.9999996630686967 0.9999998474459353 0.9999999324462241 0.9999999707447405 0.999999987609957 0.9999999948685137 0.9999999979217258 0.9999999991769232 0.9999999996812537 0.9999999998793001 0.9999999999553093 0.9999999999838205 0.9999999999942728 0.9999999999980178 0.9999999999993292 0.9999999999997781 0.9999999999999283 0.9999999999999774 0.999999999999993
1.4273104248953392e-13 4.3525982623151997e-13 1.2977289797439915e-12 3.782958600513031e-12 1.0781982838660486e-11 3.0046429622310744e-11 8.186956623925272e-11 2.1812034642978138e-10 5.682287125323939e-10 1.4474824164833796e-9 3.6055954568087e-9 8.782646809860256e-9 2.092042214058161e-8 4.8733182178078277e-8 1.1102019313179864e-7 2.473526723768772e-7 5.389943905351622e-7 1.1487397010779442e-6 2.3946759629351044e-6 4.882912991700168e-6 9.739556957116958e-6 0.00001900421531299368 0.00003627735167731195 0.00006775205692071112 0.000123805312899456 0.00022136912139008894 0.00038733751732664736 0.0006632750788363585 0.0011116538508352857 0.001823732691425334 0.0029289812445821807 0.004605624570883731 0.007091448060662477 0.010693490131425724 0.015794735116088286 0.022855512226786535 0.03240714813036772 0.045035653849528554 0.061353962081361915 0.08196250424533061 0.10739965081572682 0.13808552536319282 0.17426461358180986 0.21595402242920275 0.2629048086551 0.3145832039795605 0.37017672652127126 0.42862724818610853 0.4886895010526502 0.5490098539408975 0.6082171405418205 0.6650154580955998 0.7182685479138841 0.7670666773557822 0.8107696077100678 0.8490227359721401 0.8817471866038804 0.9091078595476461 0.9314657168381255 0.9493216507781737 0.9632591205150869 0.9738915930485665 0.9818190438432286 0.9875957700113945 0.9917099087645295 0.9945735921516532 0.9965217312480777 0.997817011678342 0.9986587100911257 0.999193272057757 0.9995250812612337 0.999726373765788 0.9998457218800094 0.9999148814491114 0.9999540500205932 0.9999757306506392 0.9999874594822682 0.9999936608325909 0.9999968653778806 0.9999984838125299 0.9999992826758828 0.9999996680640509 0.9999998497715172 0.9999999335043248 0.9999999712152325 0.9999999878144166 0.9999999949553483 0.9999999979577678 0.9999999991915434 0.9999999996870498 0.9999999998815456 0.9999999999561597 0.9999999999841351 0.9999999999943866 0.999999999998058 0.9999999999993432 0.9999999999997828 0.9999999999999298 0.9999999999999778 0.9999999999999931
1.4583639619893338e-13 4.4453789695317063e-13 1.3248205551129238e-12 3.860269516478281e-12 1.0997597036548088e-11 3.063411362511517e-11 8.343502041907488e-11 2.2219571441574373e-10 5.785973878688543e-10 1.4732640066348357e-9 3.6682461819152275e-9 8.931436377219707e-9 2.1265763693557996e-8 4.951653095903316e-8 1.1275675989123831e-7 2.51115010065176e-7 5.469606425236627e-7 1.1652243720914819e-6 2.428013729881336e-6 4.948803476922258e-6 9.866830719539038e-6 0.000019244477285000155 0.00003672061435887013 0.00006855127864277751 0.00012521363944787453 0.00022379444352823167 0.00039141944657867774 0.0006699892358477681 0.0011224469828823409 0.0018406890840971552 0.0029550157551553914 0.004644690247230842 0.007148737062461833 0.010775596555921464 0.015909739131138786 0.02301293909032046 0.03261775603175969 0.045311013597710094 0.061705811006437496 0.08240188595950297 0.10793588896397942 0.13872511793619094 0.17501016756523546 0.21680336864349983 0.26385043680797354 0.31561213440361435 0.3712708884563032 0.4297643704757586 0.4898444498227527 0.5501562857997156 0.6093292915237511 0.6660698674019205 0.7192455256990369 0.7679513653314336 0.8115525424034342 0.8496998953991833 0.8823195690381542 0.9095806967546323 0.9318474562208123 0.94962284890592 0.9634913768383109 0.9740666231734852 0.9819479542671106 0.9876885583177457 0.9917751809924298 0.9946184660296453 0.996551881347366 0.9978368093386409 0.9986714149243079 0.9992012401443202 0.9995299651874869 0.999729299360276 0.9998474346109296 0.9999158613770158 0.9999545979556521 0.9999760300797569 0.9999876193971753 0.9999937442994069 0.9999969079542594 0.999998505037817 0.9999992930170224 0.9999996729879961 0.999999852062849 0.9999999345463848 0.9999999716783887 0.9999999880156001 0.999999995040754 0.999999997993201 0.9999999992059103 0.9999999996927429 0.9999999998837505 0.9999999999569942 0.9999999999844438 0.9999999999944982 0.9999999999980975 0.9999999999993567 0.9999999999997874 0.9999999999999313 0.9999999999999782 0.9999999999999933
1.490080834914355e-13 4.540099996468981e-13 1.3524665619541848e-12 3.939127996510287e-12 1.1217430787549088e-11 3.123303569406641e-11 8.502971030424819e-11 2.263453708425934e-10 5.891504384331687e-10 1.4994925320572963e-9 3.731955023538141e-9 9.082672494737112e-9 2.161662971185893e-8 5.031206189833464e-8 1.145195589841523e-7 2.5493250561659404e-7 5.550401379317242e-7 1.1819360445399384e-6 2.461795746303601e-6 5.015542708219908e-6 9.995687361439166e-6 0.00001948762063476318 0.00003716899614194049 0.00006935937565544139 0.0001266369806472521 0.00022624454751564953 0.0003955412757763757 0.0006767660479306901 0.0011333360549560154 0.001857788697006305 0.002981258645368902 0.004684051328978429 0.007206433947237067 0.010858251280285936 0.0160254603439172 0.02317127821820337 0.032829491443691315 0.04558772606410347 0.06205923329111384 0.08284303883286016 0.1084740525047138 0.13936672540281148 0.1757577421429814 0.21765464312848634 0.2647977960287795 0.31664249616775203 0.37236609179490626 0.43090207572422645 0.49099948375150165 0.5513022992091396 0.6104405488430931 0.6671229672429314 0.720220862109973 0.7688341795214967 0.8123334760783296 0.8503750278348225 0.8828899877635705 0.9100517050455198 0.9322275522278716 0.9499226188178753 0.9637224304443618 0.9742406705330379 0.982076084644325 0.9877807446948982 0.9918400013419736 0.9946630096966461 0.9965817964531376 0.9978564440759867 0.9986840096765003 0.999209135726086 0.9995348025498514 0.9997321957905949 0.9998491295243792 0.999916830685345 0.9999551397149089 0.9999763260041151 0.9999877773709756 0.9999938267168988 0.999996949976935 0.99999852597788 0.9999993032147227 0.9999996778415123 0.9999998543204163 0.9999999355726389 0.9999999721343197 0.9999999882135581 0.9999999951247536 0.9999999980280357 0.9999999992200285 0.9999999996983349 0.9999999998859153 0.9999999999578131 0.9999999999847466 0.9999999999946076 0.9999999999981362 0.9999999999993701 0.9999999999997919 0.9999999999999327 0.9999999999999787 0.9999999999999934
1.52247494151456e-13 4.636801109906143e-13 1.3806781101382332e-12 4.0195643441859446e-12 1.1441564788114027e-11 3.184340561124246e-11 8.665416826262114e-11 2.3057063444953063e-10 5.998910526911138e-10 1.526175516773542e-9 3.796739308984979e-9 9.236394101783599e-9 2.1973105581074284e-8 5.111995766936106e-8 1.1630897166416579e-7 2.588059351870447e-7 5.632344178315128e-7 1.1988777022419938e-6 2.4960276450296298e-6 5.083141051462868e-6 0.000010126145474597342 0.000019733677853885282 0.00003762255234131241 0.00007017643966511417 0.0001280754845087701 0.00022871966581280623 0.00039970336002418896 0.0006836060423997927 0.0011443218277252616 0.0018750325952166442 0.0030077113612221483 0.004723709717285906 0.007264541131648518 0.010941457268147436 0.01614190225044063 0.02333053356114575 0.033042358617025175 0.04586579556175393 0.06241423299348378 0.0832859662900311 0.1090141438212559 0.14001034871227305 0.17650733650418213 0.2185078431058814 0.26574688152615933 0.3176742826092137 0.3734623283338181 0.43204035468329943 0.4921545931569407 0.5524478847135489 0.611550903905076 0.668174750423242 0.7211945517376728 0.7697151165060119 0.8131124073158212 0.8510481337010679 0.8834584447493383 0.9105208875593168 0.9326060087597579 0.9502209647840135 0.9639522856335343 0.9744137391937138 0.9822034386268381 0.9878723322794695 0.9919043724016074 0.9947072252117131 0.9966114781480113 0.9978759170678126 0.9986964951967799 0.9992169593971854 0.9995395937520868 0.9997350633234208 0.999850806791645 0.9999177894811422 0.9999556753634788 0.9999766184622834 0.9999879334259218 0.9999939080975759 0.9999969914527604 0.9999985466363785 0.9999993132708891 0.9999996826255668 0.9999998565446979 0.9999999365833182 0.9999999725831343 0.9999999884083408 0.9999999952073696 0.9999999980622816 0.9999999992339018 0.9999999997038276 0.9999999998880404 0.9999999999586168 0.9999999999850436 0.9999999999947149 0.9999999999981739 0.9999999999993832 0.9999999999997963 0.9999999999999343 0.9999999999999792 0.9999999999999936
1.555560464905966e-13 4.735522874361084e-13 1.4094665272212601e-12 4.1016094426893366e-12 1.167008124038677e-11 3.246543697464851e-11 8.830893609574726e-11 2.3487284672349816e-10 6.108224726041284e-10 1.5533206074850423e-9 3.862616639866584e-9 9.392640735643982e-9 2.233527795713429e-8 5.1940403575732834e-8 1.1812538449102257e-7 2.6273608535956365e-7 5.715450432499124e-7 1.2160523661950805e-6 2.530715126303924e-6 5.151608991453357e-6 0.000010258223854827396 0.000019982681774181916 0.00003808133882282027 0.00007100256324457026 0.00012952930036465497 0.00023122003283172158 0.0004039060572160702 0.0006905097504212804 0.0011554050669848677 0.0018924218503484497 0.0030343753567423056 0.0047636673226667476 0.007323061042635049 0.011025217493622126 0.01625906835637192 0.023490709077305084 0.03325636180630996 0.04614522640203925 0.06277081416323331 0.08373067173959303 0.1095561652730737 0.14065598878290875 0.17725894980185486 0.21936296575878422 0.26669768847104003 0.31870748703211227 0.37455958984469795 0.43317919809047484 0.4933097683552151 0.5535930328680296 0.6126603481370371 0.6692252097785308 0.7221665892098494 0.7705941729037475 0.8138893347341609 0.8517192134526071 0.884024941990744 0.9109882474534309 0.9329828297275442 0.950517891077855 0.9641809467038684 0.9745858332155062 0.9823300198574723 0.987963324197715 0.9919682967493466 0.994751114624219 0.9966409280061578 0.9978952294845547 0.9987088723286841 0.9992247117475384 0.9995443391948711 0.9997379022232515 0.9998524665825246 0.9999187378704659 0.9999562049658446 0.9999769074924371 0.9999880875840289 0.9999939884538076 0.9999970323885086 0.9999985670169276 0.9999993231874025 0.9999996873411141 0.9999998587361663 0.9999999375786508 0.99999997302494 0.9999999885999977 0.999999995288624 0.9999999980959482 0.9999999992475346 0.9999999997092226 0.999999999890127 0.9999999999594055 0.9999999999853351 0.99999999999482 0.9999999999982111 0.9999999999993959 0.9999999999998006 0.9999999999999356 0.9999999999999797 0.9999999999999938
1.589351879205768e-13 4.836306667732051e-13 1.4388433626093808e-12 4.185294765621534e-12 1.1903063879563143e-11 3.30993472657119e-11 8.999456520118521e-11 2.392533722794928e-10 6.219479944976121e-10 1.5809355755030716e-9 3.929604896279629e-9 9.55145254033775e-9 2.2703234784417433e-8 5.277358758748603e-8 1.199691894008722e-7 2.66723753277096e-7 5.799735954123838e-7 1.2334630950103533e-6 2.5658639585409163e-6 5.220957133191081e-6 0.000010391941504036144 0.000020234665570926748 0.000038545412008286786 0.0000718378398402152 0.00013099857887846603 0.0002337458849499667 0.0004081497280536623 0.0006974777070353548 0.0011665865436816152 0.0019099575406066457 0.0030612520940117207 0.004803926065010871 0.007381996117425904 0.011109534941308894 0.016376962176991285 0.02365180873222906 0.03347150526969298 0.04642602289455272 0.06312898084150172 0.0841771585739213 0.11010011919563259 0.14130364650204622 0.1780125811528234 0.2202200082316581 0.26765021199668715 0.31974210270755643 0.3756578680743103 0.4343185966691865 0.49446499966081453 0.5547377342386087 0.6137688729886175 0.6702743381756856 0.7231369691910221 0.7714713453722022 0.8146642569887255 0.8523882675766945 0.8845894815090125 0.9114537879035176 0.9333580190527773 0.9508134019763421 0.9644084179510547 0.9747569566518479 0.9824558319698684 0.9880537235655177 0.9920317769527838 0.994794679973872 0.9966701475933262 0.9979143824896799 0.9987211419102371 0.9992323933628784 0.9995490392758193 0.9997407127524214 0.9998541090653383 0.9999196759583966 0.9999567285858615 0.9999771931323618 0.9999882398670756 0.9999940677978242 0.9999970727908731 0.9999985871230981 0.9999993329661204 0.9999996919890963 0.9999998608952871 0.9999999385588616 0.9999999734598425 0.9999999887885771 0.9999999953685388 0.9999999981290453 0.9999999992609307 0.9999999997145218 0.9999999998921756 0.9999999999601794 0.9999999999856208 0.9999999999949232 0.9999999999982474 0.9999999999994085 0.9999999999998048 0.999999999999937 0.9999999999999801 0.9999999999999939
1.623863955374142e-13 4.939194697238068e-13 1.4688203918005159e-12 4.270652388007e-12 1.2140598001731954e-11 3.374535791793518e-11 9.171161673750275e-11 2.4371359924702027e-10 6.332709699427739e-10 1.6090283187089536e-9 3.997722241050294e-9 9.7128702755641e-9 2.30770653141035e-8 5.361970037771469e-8 1.2184078377743632e-7 2.7076974677688773e-7 5.885216759895855e-7 1.2511129853523468e-6 2.601479979085857e-6 5.29119620315046e-6 0.000010527317632300884 0.000020489662766123324 0.0000390148288805041 0.00007268236377940508 0.0001324834720554496 0.00023629746052472424 0.0004124347360645613 0.0007045104511787657 0.0011778670339404615 0.001927640750809006 0.0030883430431952715 0.004844487873606836 0.007441348803552158 0.01119441260628374 0.01649558723716729 0.023813836498798077 0.0336877932688318 0.046708189346985826 0.06348873706074186 0.0846254301690386 0.11064600790025059 0.14195332272588812 0.17876822963764313 0.22107896763031526 0.2686044471987592 0.3207781228737746 0.37675715474470917 0.4354585411290308 0.49562027738681724 0.555881979402487 0.61487646993196 0.6713221285129443 0.7241056863825881 0.7723466306076059 0.8154371727719532 0.8530552965930415 0.8851520653511669 0.9119175121033312 0.9337315806673341 0.9511075017597158 0.9646347036683378 0.9749271135495459 0.9825808785884519 0.9881435334883761 0.992094815569096 0.994837923290736 0.9966991384668702 0.9979333772397142 0.9987333047739783 0.9992400048247757 0.9995536943895027 0.9997434951711168 0.9998557344069403 0.9999206038490456 0.9999572462867639 0.9999774754194561 0.9999883902966069 0.9999941461417191 0.9999971126664697 0.9999986069584179 0.9999993426088768 0.9999996965704431 0.9999998630225203 0.9999999395241721 0.9999999738879461 0.9999999889741271 0.9999999954471352 0.999999998161582 0.9999999992740944 0.9999999997197266 0.9999999998941869 0.999999999960939 0.9999999999859011 0.9999999999950242 0.9999999999982832 0.9999999999994207 0.9999999999998089 0.9999999999999384 0.9999999999999806 0.999999999999994
1.6591117671706286e-13 5.044230015665091e-13 1.4994096207053202e-12 4.357714997499096e-12 1.2382770492208374e-11 3.440369438672904e-11 9.346066179202318e-11 2.4825493966277814e-10 6.44794806652264e-10 1.6376068635439463e-9 4.066987124040197e-9 9.876935325773326e-9 2.3456860122776285e-8 5.447893535969056e-8 1.237405705240579e-7 2.7487488452647503e-7 5.971909073468221e-7 1.2690051723834e-6 2.6375690949833763e-6 5.362337050570016e-6 0.000010664371659965909 0.000020747707231804116 0.00003948964698825335 0.00007353623027781557 0.00013398413325296034 0.00023887499990692628 0.0004167614476206624 0.0007116085257074249 0.001189247319090816 0.0019454725724144376 0.003115649682567683 0.0048853546871638984 0.007501121558857961 0.011279853494093805 0.016614947071327435 0.0239767963571673 0.033905230068805484 0.046991730065010076 0.06385008684457959 0.08507548988446469 0.11119383367395438 0.14260501827939373 0.17952589430052707 0.22193984102190345 0.2695603891353635 0.3218155407362408 0.3778574415534243 0.43659902216599444 0.49677559184513354 0.5570257589482716 0.6159831304619043 0.672368573720033 0.7250727355228922 0.7732200253449195 0.8162080808132826 0.8537203010537044 0.8857126955898869 0.9123794232645721 0.9341035185132786 0.9514001947113921 0.9648598081464215 0.9750963079487176 0.9827051633283972 0.9882327570613956 0.9921574151450536 0.99488084659525 0.9967279021757751 0.9979522148842718 0.9987453617469875 0.9992475467106607 0.9995583049274686 0.999746249737391 0.9998573427727289 0.9999215216455621 0.9999577581311696 0.9999777543907356 0.9999885388939367 0.9999942234974499 0.999997152021836 0.9999986265263712 0.9999993521174821 0.9999997010860717 0.9999998651183192 0.9999999404748009 0.9999999743093537 0.9999999891566946 0.9999999955244344 0.9999999981935678 0.9999999992870294 0.9999999997248388 0.9999999998961615 0.9999999999616844 0.9999999999861762 0.9999999999951235 0.999999999998318 0.9999999999994328 0.999999999999813 0.9999999999999397 0.999999999999981 0.9999999999999942
1.6951106972271963e-13 5.151456537921785e-13 1.5306232900485094e-12 4.4465159057893135e-12 1.2629669854365485e-11 3.5074586220437965e-11 9.524228155136699e-11 2.5287882986968423e-10 6.565229693898459e-10 1.6666793670293224e-9 4.137418286514936e-9 1.0043689709365755e-8 2.3842711131278355e-8 5.535148872446947e-8 1.2566895813665968e-7 2.790399961612911e-7 6.05982932796328e-7 1.287142830212897e-6 2.6741372837540975e-6 5.434390648754344e-6 0.000010803123219757961 0.000021008833193358267 0.000039969924451363404 0.00007439953544686418 0.00013550071719094236 0.00024147874545547935 0.00042113023195659263 0.0007187724774191116 0.0012007281856928472 0.0019634541035512126 0.003143173498540781 0.004926528453833937 0.007561316851511524 0.01136586062075107 0.016735045223428155 0.02414069229470809 0.03412381993802505 0.04727664935215868 0.06421303420767346 0.08552734106306546 0.11174359877933504 0.1432587339561605 0.18028557414927232 0.22280262543489315 0.27051803282711295 0.3228543494678009 0.3789587201736473 0.4377400304626815 0.49793093334674937 0.5581690634762082 0.6170888460961822 0.6734136667583042 0.7260381113872961 0.7740915263578343 0.8169769798790874 0.8543832815429742 0.8862713743233693 0.9128395246167377 0.9344738365427179 0.9516914851178395 0.9650837356733746 0.9752645438827263 0.9828286897955936 0.988321397369277 0.9922195782170289 0.9949234518982502 0.9967564402606846 0.9979708965660824 0.9987573136509126 0.9992550195938471 0.9995628712782587 0.9997489767071792 0.9998589343266584 0.9999224294501421 0.9999582641810858 0.9999780300828364 0.9999886856801494 0.9999942998768401 0.9999971908634336 0.9999986458304001 0.9999993614937244 0.9999997055368878 0.9999998671831309 0.9999999414109634 0.9999999747241664 0.9999999893363263 0.999999995600457 0.9999999982250115 0.9999999992997397 0.9999999997298601 0.9999999998981002 0.9999999999624158 0.9999999999864458 0.9999999999952207 0.9999999999983522 0.9999999999994446 0.999999999999817 0.999999999999941 0.9999999999999813 0.9999999999999942
1.7318764432403704e-13 5.260919057912065e-13 1.5624738798521715e-12 4.53708906022284e-12 1.2881386238975565e-11 3.5758267132586495e-11 9.705706747482388e-11 2.575867309223348e-10 6.684589808942334e-10 1.696254118816834e-9 4.209034765576351e-9 1.0213176088020272e-8 2.4234711623820402e-8 5.623755947898362e-8 1.276263607776041e-7 2.832659224239315e-7 6.148994168524031e-7 1.3055291723513433e-6 2.7111905941790233e-6 5.5073680963885775e-6 0.00001094359215892039 0.000021273075232885844 0.000040455719965808445 0.00007527237630118437 0.000137033379962483 0.00024410894155155196 0.0004255414611882267 0.0007260028570762529 0.0012123104255638663 0.0019815864490452585 0.003170915985690703 0.004968011131233235 0.007621937160015815 0.011452437012725625 0.01685588524692441 0.02430552830594899 0.034343567148143676 0.04756295150970768 0.06457758315557369 0.08598098703090273 0.11229530545440465 0.14391447051830716 0.18104726815518885 0.22366731785906666 0.27147737325718524 0.3238945422088011 0.3800609822544192 0.4388815566885421 0.49908629220197037 0.5593118835984131 0.6181936083756105 0.6744574006208721 0.7270018087882455 0.7749611304587684 0.8177438687726113 0.8550442386772616 0.8868281036751848 0.9132978194069707 0.9348425387176601 0.9519813772684571 0.965306490534537 0.9754318253781201 0.9829514615866111 0.9884094574863089 0.9922813073110042 0.9949657412009891 0.996784754253927 0.9979894234210205 0.9987691613019963 0.9992624240435555 0.9995673938274292 0.9997516763343126 0.99986050923125 0.9999233273640356 0.9999587644979147 0.9999783025320186 0.9999888306761033 0.9999943752915796 0.9999972291976479 0.9999986648739045 0.9999993707393682 0.9999997099237846 0.9999998692173966 0.999999942332872 0.999999975132484 0.9999999895130676 0.9999999956752239 0.9999999982559222 0.999999999312229 0.9999999997347917 0.9999999999000033 0.9999999999631337 0.9999999999867104 0.999999999995316 0.9999999999983857 0.9999999999994561 0.9999999999998208 0.9999999999999423 0.9999999999999818 0.9999999999999944
1.76942502428462e-13 5.37266326572979e-13 1.594974114002475e-12 4.629469055624693e-12 1.3138011474067072e-11 3.6454975075359356e-11 9.89056214706142e-11 2.6238012899899104e-10 6.806064228173402e-10 1.7263395432702055e-9 4.281855898659696e-9 1.0385437776153795e-8 2.463295626735039e-8 5.7137349484629814e-8 1.296131983504764e-7 2.8755351530506225e-7 6.2394204548947e-7 1.3241674521693647e-6 2.74873514709198e-6 5.581280618865439e-6 0.00001108579854136697 0.00002154046829258112 0.00004094709280884407 0.00007615485076615108 0.00013858227904442675 0.0002467658346129515 0.00042999551033127807 0.0007333002194287796 0.0012239948358047541 0.0019998707204484534 0.003198878646785037 0.005009804686464055 0.007682984973218998 0.011539585706938471 0.016977470704738665 0.024471308392515854 0.03456447597396596 0.04785064083655648 0.06494373768458082 0.0864364310970832 0.11284895591245286 0.14457222869635666 0.18181097525302783 0.22453391524550806 0.272438405371382 0.32493611206721684 0.38116421942081924 0.44002359150010106 0.5002416587206656 0.5604542099391037 0.6192974088642854 0.6754997683327486 0.7279638225753364 0.7758288344988629 0.8185087463339029 0.8557031731049862 0.8873828857941379 0.9137543108999089 0.935209629009871 0.9522698754554528 0.9655280770124268 0.9755981564545673 0.9830734822886675 0.9884969404763573 0.9923426049425821 0.9950077164951577 0.9968128456795425 0.9980077965781327 0.9987809055111027 0.9992697606249366 0.9995718729575686 0.9997543488705339 0.9998620676476027 0.9999242154875541 0.999959259142458 0.9999785717741698 0.9999889739024317 0.9999944497532275 0.9999972670307895 0.9999986836602431 0.9999993798561562 0.999999714247644 0.9999998712215512 0.9999999432407362 0.9999999755344047 0.9999999896869638 0.9999999957487546 0.9999999982863086 0.9999999993245011 0.9999999997396356 0.9999999999018718 0.999999999963838 0.99999999998697 0.9999999999954094 0.9999999999984187 0.9999999999994674 0.9999999999998246 0.9999999999999436 0.9999999999999822 0.9999999999999946
1.8077727872492605e-13 5.486735765181364e-13 1.6281369649013078e-12 4.723691146339902e-12 1.3399639095307927e-11 3.7164952314339935e-11 1.0078855607506999e-10 2.672605358202184e-10 6.929689366772123e-10 1.7569442015779548e-9 4.355901328096048e-9 1.0560518750513668e-8 2.503754113118389e-8 5.80510634963612e-8 1.3162989657580176e-7 2.919036381860048e-7 6.331125264030451e-7 1.3430609633616116e-6 2.7867771361801967e-6 5.656139569625004e-6 0.00001122976264985472 0.00002181104767814362 0.00004144410284418351 0.0000770470576854584 0.00014014757330805405 0.0002494496731085717 0.000434492757319981 0.0007406651232370566 0.0012357822188264398 0.002018308036066901 0.003227062992809906 0.005051911096136093 0.007744462790324576 0.011627309750754006 0.017099805169229466 0.024638036563071602 0.034786550693356795 0.048139721629107686 0.0653115017816044 0.08689367655360786 0.11340455234190393 0.14523200918912038 0.18257669434091212 0.22540241450659457 0.2734011240781903 0.3259790521187836 0.3822684232741542 0.4411661255411872 0.501397023212511 0.5615960331348294 0.6204002391497734 0.6765407629509765 0.7289241476353796 0.776694635367977 0.819271611439747 0.8563600855064603 0.8879357228541231 0.9142090023775339 0.9355751114007325 0.9525569839737213 0.9657484993866465 0.9757635411247965 0.9831947554795957 0.9885838493928578 0.992403473616994 0.9950493797629059 0.9968407160533105 0.9980260171596672 0.9987925470837433 0.9992770298990938 0.9995763090483174 0.999756994565512 0.9998636097354036 0.9999250939200792 0.9999597481749232 0.9999788378448087 0.9999891153795455 0.9999945232732121 0.9999973043690946 0.999998702192733 0.9999993888458091 0.9999997185093359 0.9999998731960239 0.9999999441347623 0.9999999759300257 0.9999999898580592 0.9999999958210695 0.9999999983161794 0.9999999993365596 0.999999999744393 0.9999999999037061 0.9999999999645293 0.9999999999872244 0.999999999995501 0.9999999999984509 0.9999999999994785 0.9999999999998284 0.9999999999999447 0.9999999999999827 0.9999999999999947
1.846936413401469e-13 5.603184091643194e-13 1.6619756582043055e-12 4.819791258491566e-12 1.3666364376923506e-11 3.7888445504527265e-11 1.0270649463479346e-10 2.722294890742363e-10 7.055502248257689e-10 1.788076793898192e-9 4.43119100574115e-9 1.0738463659904913e-8 2.544856370689913e-8 5.8978909202282257e-8 1.3367688706769908e-7 2.9631716598303535e-7 6.42412589273654e-7 1.3622130404156947e-6 2.8253228287929385e-6 5.731956431507418e-6 0.000011375504988176166 0.000022084849062217226 0.000041946810527213476 0.0000779490968287512 0.00014172942302983336 0.0002521607075729154 0.00043903358302585597 0.0007480981312948982 0.001247673382376445 0.0020368995209892517 0.0032554705429969724 0.00509433234638777 0.0078063731209012605 0.011715612201972096 0.017222892222159333 0.024805716833255324 0.03500979558714957 0.04843019818114678 0.06568087942402076 0.0873527266752214 0.11396209690617405 0.1458938126635831 0.18334442428026704 0.22627281251598944 0.2743655242488454 0.3270233554071287 0.3833735853921491 0.4423091494431634 0.502552375987234 0.5627373438347025 0.6215020908433027 0.6775803775647622 0.7298827788924642 0.7775585299946808 0.8200324630035976 0.8570149765937749 0.8884866170539844 0.9146618971390207 0.9359389898810997 0.9528427071207246 0.9659677619337919 0.975927983394534 0.9833152847278102 0.9886701872788068 0.9924639158291103 0.9950907329768633 0.9968683668827756 0.9980440862811011 0.9988040868201049 0.9992842324231073 0.9995807024763868 0.9997596136668558 0.9998651356529393 0.9999259627600694 0.999960231654928 0.9999791007790888 0.9999892551276357 0.9999945958628333 0.9999973412187266 0.9999987204746512 0.9999993977100252 0.9999997227097188 0.9999998751412381 0.999999945015154 0.9999999763194423 0.9999999900263975 0.9999999958921879 0.999999998345543 0.9999999993484083 0.9999999997490656 0.999999999905507 0.9999999999652076 0.9999999999874742 0.9999999999955909 0.9999999999984825 0.9999999999994893 0.999999999999832 0.999999999999946 0.999999999999983 0.9999999999999948
1.886932925077407e-13 5.722056730258875e-13 1.6965036776470478e-12 4.917806002460427e-12 1.3938284363157317e-11 3.862570576764903e-11 1.0466007149183925e-10 2.772885528491389e-10 7.183540514316147e-10 1.8197461615356198e-9 4.507745197671891e-9 1.0919317835053883e-8 2.5866122928502645e-8 5.992109726376253e-8 1.3575460741149156e-7 3.0079498529337427e-7 6.518439860337781e-7 1.3816270590861624e-6 2.8643785667584384e-6 5.8087428181184525e-6 0.000011523046283371744 0.000022361908487859013 0.0000424552769102491 0.00007886106889930835 0.0001433279899022323 0.00025489919062070585 0.0004436183712765473 0.0007555998104526559 0.0012596691395654887 0.002055646307115025 0.0032841028248504233 0.005137070432907386 0.0078687184848926 0.011804496128819758 0.017346735454662383 0.02497435322562094 0.03523421493905389 0.04872207478372137 0.06605187457953125 0.0878135847192612 0.114521591743529 0.14655763975478797 0.184114163895753 0.22714510610863572 0.2753316007173946 0.32806901494390406 0.38447969732913834 0.44345265382515664 0.5037077073548564 0.5638781327006266 0.6226029555799532 0.6786186052956064 0.7308397113080198 0.7784205153462478 0.8207912999755076 0.8576678471106847 0.8890355706173703 0.9151129985005874 0.9363012684511596 0.9531270491963704 0.9661858689273604 0.9760914872624442 0.983435073592277 0.9887559571667544 0.9925239340634504 0.9951317781001616 0.9968957996672754 0.9980620050511693 0.9988155255150746 0.9992913687500562 0.999585053615577 0.9997622064201297 0.9998666455571068 0.9999268221050683 0.9999607096415057 0.9999793606118009 0.9999893931666753 0.9999946675332632 0.9999973775857762 0.9999987385092342 0.9999994064504818 0.9999997268496403 0.9999998770576113 0.999999945882112 0.9999999767027485 0.9999999901920218 0.9999999959621289 0.9999999983744079 0.9999999993600506 0.9999999997536548 0.999999999907275 0.9999999999658733 0.9999999999877192 0.9999999999956789 0.9999999999985134 0.9999999999995 0.9999999999998356 0.9999999999999472 0.9999999999999833 0.9999999999999949
1.9277796925043867e-13 5.843403134483932e-13 1.7317347699606534e-12 5.017772685590185e-12 1.4215497900287025e-11 3.9376988770801155e-11 1.0664993217195752e-10 2.8243931807204406e-10 7.313842434782083e-10 1.8519612891513016e-9 4.585584488950749e-9 1.1103127298609982e-8 2.629031919286464e-8 6.087784135606638e-8 1.3786350124228225e-7 3.0533799454292846e-7 6.614084911377736e-7 1.4013064368735498e-6 2.9039507672091476e-6 5.8865104752082425e-6 0.000011672407487961316 0.000022642262372035815 0.0000429695636478302 0.0000797830755417807 0.00014494343704459759 0.0002576653769615652 0.00044824750887476 0.0007631707316403865 0.0012717703088941162 0.0020745495331829225 0.0033129613741738504 0.005180127360954044 0.00793150141262629 0.011893964609942367 0.017471338467211266 0.025143949769574993 0.03545981303556269 0.04901535572501947 0.06642449120601954 0.08827625392550695 0.11508303896694226 0.14722349106572327 0.1848859119751981 0.22801929208075153 0.2762993482807621 0.32911602370892085 0.38558675061625836 0.44459662929428917 0.5048630076259387 0.5650183904075268 0.6237028250188461 0.6796554392974353 0.731794939880877 0.779280588428646 0.8215481213420593 0.8583186978324907 0.8895825857925925 0.9155623097953431 0.9366619511202899 0.953410014502894 0.9664028246376599 0.9762540567200688 0.9835541256224815 0.9888411620787967 0.9925835307941926 0.995172517086455 0.9969230158979674 0.9980797745718922 0.9988268639582676 0.9992984394290415 0.9995893628367967 0.9997647730688667 0.9998681396034232 0.9999276720517116 0.9999611821931107 0.9999796173773776 0.9999895295164216 0.9999947382955479 0.9999974134762619 0.9999987562996788 0.9999994150688342 0.9999997309299364 0.9999998789455551 0.9999999467358339 0.9999999770800372 0.9999999903549743 0.9999999960309114 0.9999999984027822 0.9999999993714899 0.999999999758162 0.9999999999090106 0.9999999999665263 0.9999999999879594 0.9999999999957653 0.9999999999985438 0.9999999999995104 0.999999999999839 0.9999999999999483 0.9999999999999838 0.999999999999995
1.969494440756157e-13 5.967273744983335e-13 1.767682949878811e-12 5.119729325122362e-12 1.4498105669200647e-11 4.014255480642399e-11 1.086767335759739e-10 2.876834029552963e-10 7.446446917774784e-10 1.884731307005825e-9 4.66472978845966e-9 1.1289938775287803e-8 2.6721254380431514e-8 6.184935820950862e-8 1.4000401832449708e-7 3.0994710413577596e-7 6.711079018348686e-7 1.421254633508575e-6 2.944045923415226e-6 5.965271282063024e-6 0.000011823609782196076 0.000022925947509149755 0.00004348973300205659 0.00008071521934998016 0.00014657592901410498 0.0002604595234147715 0.00045292138561726355 0.0007708114698910886 0.0012839777142794125 0.002093610344799149 0.0033420477350970643 0.005223505145378466 0.00799472444482317 0.011984020734394498 0.017596704869583556 0.025314510501314086 0.035686594165858565 0.049310045290247656 0.06679873325140895 0.08874073751602943 0.11564644066395328 0.14789136716720894 0.18565966726953306 0.2288953671898263 0.2772687616988165 0.3301643746502847 0.3866947367616408 0.44574106644590994 0.5060182671118241 0.5661581076435777 0.6248016908433313 0.6806908727567285 0.7327484596473264 0.7801387462865269 0.8223029261262923 0.8589675295659241 0.8901276648524815 0.9160098343731393 0.9370210419069176 0.9536916073447372 0.9666186333317184 0.9764156957517673 0.9836724443583973 0.9889258050265688 0.992642708485185 0.995212951879943 0.9969500170578564 0.998097395938605 0.9988381029340523 0.9993054450052093 0.9995936305080801 0.9997673138545842 0.9998696179460373 0.9999285126957352 0.9999616493676236 0.9999798711098962 0.9999896641964183 0.9999948081606087 0.9999974488961318 0.9999987738491429 0.999999423566717 0.9999997349514319 0.9999998808054757 0.9999999475765149 0.9999999774513997 0.9999999905152969 0.9999999960985542 0.9999999984306741 0.9999999993827299 0.9999999997625888 0.9999999999107143 0.9999999999671674 0.999999999988195 0.99999999999585 0.9999999999985736 0.9999999999995206 0.9999999999998425 0.9999999999999494 0.9999999999999841 0.9999999999999951
2.0120952568440114e-13 6.093720008888768e-13 1.8043625052375382e-12 5.223714661364464e-12 1.4786210218545888e-11 4.0922668873645637e-11 1.1074114417432115e-10 2.9302245344985476e-10 7.581393519992824e-10 1.918065493235979e-9 4.745202333803873e-9 1.1479799702151017e-8 2.7159031876217072e-8 6.28358676511469e-8 1.4217661463242584e-7 3.146232366054174e-7 6.809440384452454e-7 1.441475151441538e-6 2.984670605626701e-6 6.045037252910276e-6 0.000011976674576330513 0.000023213001074594165 0.0000440158478479648 0.00008165760387472457 0.00014822563181677084 0.00026328188892410395 0.0004576403943139888 0.0007785226043640226 0.0012962921850817478 0.0021128298944657654 0.0033713634601028578 0.005267205810643614 0.008058390132606006 0.01207466760163036 0.01772283828082775 0.025486039463761646 0.03591456262171979 0.04960614776150861 0.06717460465351931 0.08920703869504022 0.11621179889652633 0.14856126859778437 0.18643542849272596 0.2297733281546194 0.278239835694438 0.33121406068453274 0.38780364725060695 0.4468859558638262 0.5071734761248816 0.5672972751104315 0.6258995447611748 0.6817248988926462 0.733700265681177 0.7809949860032138 0.8230557133876313 0.8596143431490286 0.8906708100942435 0.9164555756004171 0.937378544838378 0.9539718320284312 0.9668332992731947 0.9765764083346591 0.9837900333304573 0.9890098890112383 0.9927014695899561 0.9952530844153908 0.996976804621821 0.998114870239985 0.9988492432215781 0.9993123860197732 0.9995978569946076 0.9997698290167976 0.9998710807377396 0.9999293441319823 0.9999621112223553 0.9999801218430818 0.9999897972259975 0.9999948771392431 0.9999974838512639 0.9999987911607457 0.9999994319457439 0.9999997389149411 0.9999998826377738 0.9999999484043472 0.999999977816926 0.9999999906730307 0.9999999961650755 0.9999999984580916 0.9999999993937738 0.9999999997669363 0.999999999912387 0.9999999999677962 0.999999999988426 0.9999999999959329 0.9999999999986027 0.9999999999995306 0.9999999999998459 0.9999999999999505 0.9999999999999845 0.9999999999999952
2.055600596946471e-13 6.222794399422874e-13 1.8417880021694803e-12 5.329768171096016e-12 1.5079915998461122e-11 4.171760076101212e-11 1.1284384420479964e-10 2.9845814370593423e-10 7.718722457167994e-10 1.95197327616586e-9 4.827023696287322e-9 1.1672758239040396e-8 2.7603756591075597e-8 6.383759264700875e-8 1.443817524317515e-7 3.1936732676783703e-7 6.909187446392118e-7 1.4619715363369724e-6 3.025831461923965e-6 6.125820538337286e-6 0.000012131623512914283 0.000023503460628337335 0.00004454797167894584 0.00008261033363173602 0.00014989271291853532 0.0002661327345727535 0.0004624049308072081 0.0007863047183681087 0.00130871455613159 0.002132209341609008 0.0034009101100537027 0.005311231390845189 0.008122501037507949 0.01216590832149389 0.01784974232922869 0.025658540706504213 0.036143722697425655 0.04990366741767847 0.06755210933992373 0.08967516064874062 0.11677911570090937 0.14923319586359685 0.18721319432171923 0.23065317165515828 0.27921256495358826 0.3322650746967715 0.38891347354586286 0.4480312881205361 0.5083286249787504 0.5684358835234455 0.6269963785047455 0.6827575109571566 0.7346503530938124 0.7818493047006896 0.8238064822218126 0.8602591394510415 0.8912120238393151 0.9168995368600588 0.9377344639507748 0.954250692862477 0.9670468267222887 0.9767361984385641 0.9839068960595221 0.989093417023499 0.9927598165517263 0.9952929166181531 0.9970033800566418 0.9981321985580801 0.9988602855948006 0.9993192630100374 0.9996020426587221 0.9997723187930339 0.9998725281299725 0.9999301664544109 0.9999625678140537 0.9999803696103109 0.9999899286242817 0.999994945242127 0.9999975183474663 0.9999988082375677 0.9999994402075081 0.9999997428212674 0.9999998844428446 0.9999999492195204 0.9999999781767048 0.9999999908282162 0.9999999962304935 0.9999999984850424 0.999999999404625 0.9999999997712061 0.999999999914029 0.9999999999684133 0.9999999999886527 0.9999999999960143 0.9999999999986312 0.9999999999995404 0.9999999999998491 0.9999999999999516 0.9999999999999848 0.9999999999999953
2.1000292937798376e-13 6.354550435896223e-13 1.8799742903946e-12 5.437930081216093e-12 1.537932939489802e-11 4.2527625130627625e-11 1.1498552587360666e-10 3.03992176541044e-10 7.858474614681866e-10 1.986464236652521e-9 4.910215785959795e-9 1.186886327914732e-8 2.805553498326235e-8 6.485475934486529e-8 1.4661990036209095e-7 3.241803218763567e-7 7.010338877195529e-7 1.4827473775735468e-6 3.0675352190769464e-6 6.207633426723077e-6 0.000012288478469104921 0.00002379736411853705 0.0000450861686122029 0.00008357351410959301 0.0001515773412564132 0.00026901232359832176 0.00046721539399078964 0.0007941583993853943 0.0013212456677563552 0.0021517498526076534 0.0034306892542183636 0.005355583929731868 0.008187059731480697 0.012257746014208258 0.017977420652272518 0.025832018285726968 0.03637407868966127 0.050202608534283155 0.06793125122780502 0.09014510654517113 0.11734839308749391 0.14990714943829064 0.18799296339636665 0.23153489433273958 0.28018694412538103 0.3333174095408161 0.3900242070876955 0.4491770537774616 0.5094837039885831 0.5695739236119093 0.6280921838311992 0.6837887022351596 0.7355987170342464 0.7827016995395817 0.82455523176081 0.8609019193722752 0.8917513084332203 0.9173417215512354 0.9380888032888397 0.9545281941572288 0.9672592199356528 0.9768950700259451 0.9840230360568525 0.9891763920435652 0.9928177518034187 0.9953324504041945 0.9970297448210279 0.9981493819683374 0.9988712308225081 0.9993260765094186 0.9996061878599486 0.9997747834188467 0.9998739602728418 0.9999309797561009 0.9999630191989073 0.9999806144446148 0.9999900584101865 0.9999950124798146 0.999997552390479 0.9999988250826517 0.9999994483535821 0.9999997466712034 0.9999998862210775 0.9999999500222213 0.9999999785308233 0.9999999909808933 0.9999999962948257 0.9999999985115343 0.9999999994152868 0.9999999997753997 0.999999999915641 0.9999999999690189 0.9999999999888751 0.999999999996094 0.9999999999986592 0.9999999999995499 0.9999999999998523 0.9999999999999527 0.9999999999999851 0.9999999999999954
2.1454005641125677e-13 6.489042704084703e-13 1.918936508608693e-12 5.548241382637356e-12 1.5684558764545394e-11 4.335302160372611e-11 1.1716689355969047e-10 3.096262839155282e-10 8.000691558347104e-10 2.021548110466917e-9 4.9948008567372864e-9 1.2068164459735058e-8 2.8514475080283003e-8 6.588759711755963e-8 1.4889153352056126e-7 3.2906318177831884e-7 7.112913589070397e-7 1.5038063087493539e-6 3.1097886834130154e-6 6.290488345684002e-6 0.000012447261559000866 0.00002409474988518437 0.00004563050339425137 0.00008454725177773653 0.00015327968724970702 0.00027192092140789447 0.00047207218582954276 0.0008020842390945954 0.0013338863658073055 0.0021714526008213336 0.0034607024702984217 0.005400265480725437 0.008252068796902347 0.012350183810365081 0.018105876896610883 0.0260064762641487 0.03660563489742155 0.0505029753833746 0.06831203422381173 0.09061687953406065 0.11791963304067445 0.15058312976289695 0.18877473431937236 0.23241849278993038 0.2811629678221542 0.33437105803933076 0.39113583929416973 0.4503232433851813 0.5106387034712895 0.5707113861192703 0.629186952522664 0.6848184660446114 0.7365453526891764 0.7835521677191469 0.8253019611727586 0.8615426838439978 0.892288666245425 0.9177821330892573 0.9384415669057923 0.9548043402247762 0.9674704831663046 0.9770530270518518 0.9841384568240796 0.9892588170411665 0.9928752777676708 0.9953716876801126 0.9970559003656454 0.9981664215396309 0.9988820796683477 0.9993328270474691 0.9996102929550119 0.9997772231278304 0.9998753773151257 0.9999317841292619 0.9999634654325509 0.9999808563786825 0.9999901866024222 0.999995078862741 0.999997585985974 0.9999988416990032 0.9999994563855188 0.9999997504655311 0.9999998879728569 0.999999950812634 0.9999999788793681 0.9999999911311013 0.9999999963580899 0.9999999985375749 0.9999999994257623 0.9999999997795181 0.9999999999172233 0.9999999999696131 0.9999999999890932 0.9999999999961723 0.9999999999986866 0.9999999999995594 0.9999999999998554 0.9999999999999536 0.9999999999999855 0.9999999999999956
2.1917340164260864e-13 6.626326876994086e-13 1.958690089971745e-12 5.660743844429992e-12 1.599571447036614e-11 4.4194074847703265e-11 1.193886640224766e-10 3.1536222741571193e-10 8.145415545355703e-10 2.0572347907104567e-9 5.0808015115967774e-9 1.2270712173009845e-8 2.8980686501036117e-8 6.693633860688911e-8 1.5119713354637112e-7 3.3401687907364e-7 7.216930736291395e-7 1.5251520081925708e-6 3.1525987416935435e-6 6.3743978635331275e-6 0.000012607995135994916 0.000024395656663776966 0.00004618104140646034 0.00008553165409453246 0.00015499992281129725 0.00027485879559318953 0.0004769757113786474 0.0008100828333947196 0.0013466375016865087 0.002191318766618892 0.0034909513444547507 0.0054452781069407475 0.008317530826584981 0.012443224850913228 0.01823511471802493 0.026181918710956407 0.036838395621914946 0.05080477223340639 0.06869446222391393 0.09109048274667579 0.11849283751870915 0.15126113724572457 0.18955850565623014 0.23330396359057168 0.2821406306195434 0.33542601298397046 0.3922483615613263 0.4514698474836649 0.5117936137457798 0.5718482618033605 0.6302806763864224 0.6858467957366459 0.7374902552830362 0.7844007064772547 0.8260466696618787 0.8621814338283122 0.8928240996691926 0.9182207749054232 0.9387927588632012 0.9550791353788275 0.9676806206635387 0.9772100734638625 0.9842531618531773 0.9893406949755424 0.9929323968568468 0.9954106303431606 0.9970818481331433 0.9981833183342901 0.9988928328908524 0.9993395151498989 0.9996143582978549 0.9997796381516326 0.9998767794042855 0.9999325796652399 0.9999639065700701 0.9999810954448642 0.9999903132194958 0.9999951444012226 0.9999976191395559 0.9999988580895905 0.9999994643048509 0.9999997542050229 0.9999998896985618 0.9999999515909404 0.9999999792224237 0.9999999912788788 0.999999996420303 0.9999999985631718 0.9999999994360549 0.9999999997835627 0.9999999999187767 0.9999999999701961 0.999999999989307 0.999999999996249 0.9999999999987135 0.9999999999995686 0.9999999999998586 0.9999999999999547 0.9999999999999858 0.9999999999999957
2.2390496587249e-13 6.766459736019082e-13 1.9992507676977296e-12 5.775480028220352e-12 1.6312908917755424e-11 4.505107466462589e-11 1.2165156661302906e-10 3.2120179874480413e-10 8.292689535397494e-10 2.093534330267934e-9 5.168240707845858e-9 1.247655757714366e-8 2.9454280478254757e-8 6.800121976805932e-8 1.5353718870646272e-7 3.3904239927521357e-7 7.322409718120159e-7 1.5467881994775883e-6 3.19597236199938e-6 6.459374690753365e-6 0.000012770701795149305 0.00002470012358902394 0.000046737848670634903 0.00008652682951538758 0.00015673822135899335 0.0002778262159457964 0.000481926378803155 0.0008181547824287678 0.0013594999323738508 0.0022113495374067303 0.0035214374713339134 0.0054906238812054515 0.00838344842378197 0.012536872287147128 0.01836513778138858 0.026358349701739024 0.03707236516646647 0.0511080033491092 0.06907853911325898 0.09156591929567022 0.11906800845358002 0.1519411722622512 0.1903442759351645 0.23419130325978227 0.28311992705655653 0.336482267135524 0.39336176526338085 0.45261685660250683 0.5129484251332086 0.5729845414366206 0.631373347255094 0.686873684695697 0.7384334200780471 0.7852473130903693 0.8267893564683984 0.862818170318035 0.8933576111214381 0.9186576504468709 0.9391423832308443 0.9553525839345937 0.96788963667284 0.9773662132020289 0.9843671546264338 0.9894220287954378 0.9929891114730494 0.9954492802812693 0.9971075895581822 0.9982000734081282 0.9989034912434654 0.9993461413385987 0.9996183842396568 0.9997820287199701 0.9998781666864768 0.9999333664545249 0.9999643426660066 0.9999813316751747 0.9999904382797131 0.9999952091054587 0.9999976518567634 0.9999988742573456 0.9999994721130914 0.9999997578904398 0.9999998913985663 0.9999999523573191 0.9999999795600738 0.999999991424264 0.9999999964814822 0.9999999985883321 0.9999999994461674 0.999999999787535 0.9999999999203016 0.9999999999707683 0.9999999999895167 0.999999999996324 0.9999999999987398 0.9999999999995776 0.9999999999998616 0.9999999999999556 0.9999999999999861 0.9999999999999958
2.287367906498569e-13 6.909499192503443e-13 2.0406345807479615e-12 5.892493302849237e-12 1.663625659133165e-11 4.592431608124632e-11 1.2395634348869639e-10 3.2714682022163405e-10 8.442557201950376e-10 2.1304569442970607e-9 5.257141762468747e-9 1.2685752607450243e-8 2.993536988124675e-8 6.908247991470576e-8 1.5591219398220917e-7 3.4414074097121004e-7 7.429370181757521e-7 1.5687186519466204e-6 3.239916594625261e-6 6.545431681484662e-6 0.000012935404375590934 0.000025008190198579822 0.00004730099185464213 0.00008753288750092219 0.0001584947578269553 0.00028082345447248247 0.0004869245993975909 0.0008263006906074912 0.0013724745204540694 0.002231546107657146 0.0035521624540944797 0.0055363048860796 0.008449824202194936 0.012631129280694719 0.018495949760631358 0.026535773318420747 0.037307547836420145 0.05141267299136521 0.06946426876602674 0.09204319227493427 0.1196451477508545 0.15262323515501608 0.19113204364707245 0.2350805082839648 0.2841008516356501 0.3375398132240579 0.3944760417529233 0.453764261261161 0.5141031279572179 0.5741202158063254 0.6324649569868168 0.6878991263396177 0.7393748423742674 0.7860919848735297 0.8275300208684748 0.8634528943365758 0.893889203042583 0.9190927631764254 0.9394904440865701 0.9556246902086726 0.9680975354357988 0.9775214501988216 0.9844804386164253 0.9895028214390991 0.9930454240081321 0.9954876393730705 0.9971331260674619 0.9982166878104701 0.9989140554745675 0.9993527061316609 0.9996223711288504 0.9997843950606412 0.9998795393065578 0.9999341445867581 0.9999647737743629 0.999981565101296 0.9999905618011808 0.9999952729855329 0.9999976841430692 0.9999988902051639 0.9999994798117344 0.9999997615225337 0.9999998930732389 0.9999999531119468 0.9999999798924006 0.9999999915672944 0.999999996541644 0.9999999986130633 0.9999999994561031 0.999999999791436 0.9999999999217986 0.9999999999713296 0.9999999999897224 0.9999999999963978 0.9999999999987655 0.9999999999995863 0.9999999999998646 0.9999999999999566 0.9999999999999865 0.9999999999999958
2.336709590839076e-13 7.055504309710373e-13 2.0828578796294155e-12 6.011827859293121e-12 1.6965874092372406e-11 4.6814099440549944e-11 1.263037498312928e-10 3.331991452873589e-10 8.595062943745259e-10 2.168013012755251e-9 5.347528357549366e-9 1.28983499877172e-8 3.0424069238941106e-8 7.018036176449547e-8 1.5832265115717693e-7 3.49312915989293e-7 7.537832025329202e-7 1.590947181236841e-6 3.284438572983114e-6 6.632581835025079e-6 0.000013102125962928276 0.000025319896436809152 0.00004787053827807695 0.00008854993852519625 0.00016026970867718596 0.0002838507854105804 0.0004919707876056143 0.0008345211666332446 0.0013855621341438598 0.002251909678936654 0.003583127904433226 0.005582323213875012 0.008516660785980406 0.012725999003504884 0.018627554338700565 0.02671419364919362 0.03754394793904075 0.05171878541708249 0.06985165504528469 0.09252230475944398 0.12022425728954636 0.15330732623351237 0.19192180724546637 0.2359715751108123 0.28508339882280687 0.3385986439490619 0.39559118236111873 0.4549120519691759 0.5152577125441803 0.5752552757148072 0.6335554974654269 0.6889231141197986 0.7403145175096408 0.7869347191803304 0.8282686621741148 0.8640856069378138 0.8944188778964097 0.9195261165724505 0.9398369455161601 0.9558954585189341 0.9683043211900226 0.9776757883790731 0.9845930172859882 0.9895830758342695 0.9931013368437124 0.9955257094879191 0.9971584590797476 0.9982331625841807 0.9989245263275025 0.9993592100434032 0.9996263193111413 0.9997867373995397 0.9998808974081008 0.9999349141507383 0.9999651999486068 0.9999817957545808 0.9999906838018089 0.9999953360514138 0.9999977160038814 0.9999989059359055 0.9999994874022544 0.9999997651020458 0.9999998947229433 0.9999999538549974 0.9999999802194857 0.9999999917080069 0.999999996600805 0.9999999986373723 0.9999999994658648 0.9999999997952671 0.9999999999232679 0.9999999999718804 0.9999999999899243 0.99999999999647 0.9999999999987909 0.999999999999595 0.9999999999998674 0.9999999999999576 0.9999999999999867 0.999999999999996
2.387095966715681e-13 7.204535325208376e-13 2.125937332300425e-12 6.133528725854417e-12 1.7301880176902876e-11 4.772073049485427e-11 1.2869455406887972e-10 3.39360659020294e-10 8.750251896409002e-10 2.2062130829643585e-9 5.439424545773133e-9 1.3114403241695852e-8 3.092049476324309e-8 7.129511148531834e-8 1.6076906890597258e-7 3.5455994956276185e-7 7.647815400904948e-7 1.6134776498132141e-6 3.329545514514538e-6 6.720838297346218e-6 0.000013270889891689615 0.00002563528265858305 0.000048446555917973435 0.00008957809408399297 0.0001620632519110916 0.0002869084852434646 0.0004970653610397906 0.0008428168235238973 0.0013987636473190282 0.002272441459934339 0.0036143354426113024 0.005628680966674514 0.008583960809756194 0.012821484637834597 0.01875995520752307 0.026893614788449753 0.03778156978341518 0.05202634487906872 0.07024070180284259 0.0930032598051111 0.12080533892197802 0.15399344577408153 0.19271356514641833 0.23686450014931676 0.2860675630476145 0.33965875197959555 0.39670717839790903 0.4560602192264302 0.516412169223442 0.5763897119796789 0.6346449606006376 0.6899456415212853 0.7412524408600443 0.7877755134028981 0.8290052797330942 0.8647163092059756 0.8949466381699152 0.9199577141286969 0.9401818916131894 0.956164893184405 0.968509998169053 0.9778292316599255 0.9847048940881937 0.9896627948981865 0.9931568523511838 0.9955634924859165 0.9971835900058995 0.9982494987656924 0.9989349045406032 0.9993656535843898 0.9996302291295243 0.999789055960669 0.999882241133402 0.9999356752344302 0.9999656212416765 0.9999820236660557 0.9999908042993114 0.9999953983129565 0.9999977474445438 0.999998921452395 0.9999994948861073 0.999999768629708 0.9999998963480381 0.9999999545866424 0.9999999805414088 0.9999999918464381 0.9999999966589812 0.9999999986612662 0.9999999994754556 0.9999999997990294 0.9999999999247104 0.9999999999724208 0.9999999999901221 0.9999999999965409 0.9999999999988156 0.9999999999996034 0.9999999999998702 0.9999999999999585 0.999999999999987 0.999999999999996
2.4385487214108907e-13 7.356653673682024e-13 2.1698899301852218e-12 6.257641783624137e-12 1.764439579445187e-11 4.864452050048842e-11 1.311295381012012e-10 3.45633278658938e-10 8.908169944286732e-10 2.2450678722135806e-9 5.532854756007576e-9 1.3333966704750409e-8 3.142476437270077e-8 7.242697874206816e-8 1.632519628841845e-7 3.598828804986529e-7 7.75934071755122e-7 1.6363139675068932e-6 3.375244721612433e-6 6.810214362622911e-6 0.000013441719747782364 0.000025954389633105527 0.000049029113414556536 0.00009061746670315859 0.00016387556708110878 0.00028999683271609605 0.0005022087405014244 0.0008511882786368325 0.001412079939541666 0.002293142666490165 0.0036457866974803103 0.005675380256350958 0.008651726918607487 0.012917589376235519 0.0188931560679665 0.02707404083671272 0.038020417680353254 0.052335355625904856 0.07063141287910726 0.09348606044863213 0.12138839447364273 0.15468159401980755 0.19350731572850483 0.23775927976977868 0.28705333870334593 0.34072012995443546 0.3978240211522149 0.4572087535233684 0.5175664883275665 0.5775235154340572 0.6357333383282174 0.6909667020628949 0.7421886078393325 0.7886143649718702 0.8297398729288765 0.865345002255512 0.8954724863731648 0.9203875593541534 0.9405252864788902 0.956432998525155 0.9687145706022816 0.9779817839507763 0.9848160724663217 0.9897419815375781 0.9932119728917298 0.9956009902179337 0.9972085202488988 0.9982656973850343 0.998945190847217 0.9993720372614535 0.999634100924302 0.9997913509661553 0.9998835706234905 0.9999364279249695 0.9999660377059856 0.9999822488664243 0.9999909233112099 0.999995459779904 0.9999977784703367 0.9999989367574222 0.9999995022647299 0.9999997721062419 0.9999998979488769 0.9999999553070508 0.9999999808582487 0.9999999919826236 0.9999999967161886 0.9999999986847519 0.9999999994848785 0.9999999998027242 0.9999999999261262 0.9999999999729511 0.9999999999903162 0.9999999999966103 0.9999999999988398 0.9999999999996119 0.999999999999873 0.9999999999999594 0.9999999999999873 0.9999999999999961
2.491089983120358e-13 7.511922010174857e-13 2.214732994299564e-12 6.3842137822225405e-12 1.7993544127483187e-11 4.958578631408231e-11 1.3360949752882528e-10 3.5201895413334797e-10 9.068863732446835e-10 2.2845882704013466e-9 5.627843798964026e-9 1.355709553566985e-8 3.193699771648946e-8 7.357621674402522e-8 1.6577185581942403e-7 3.6528276134781053e-7 7.872428644418391e-7 1.6594600920593662e-6 3.4215435825518298e-6 6.900723474777294e-6 0.000013614639370974617 0.000026277258547771354 0.00004961828007703738 0.00009166816994699752 0.00016570683530240692 0.00029311610885065056 0.0005074013500004798 0.0008596361536930079 0.0014255118960873924 0.0023140145216233184 0.00367748330650826 0.005722423204586032 0.008719961768092553 0.013014316421540167 0.019027160629799894 0.02725547590056843 0.03826049594228775 0.05264582190181752 0.07102379210293686 0.09397070970733834 0.1219734257430671 0.15537177118041257 0.19430305733275383 0.2386559103038177 0.28804072014704085 0.34178277048222483 0.39894170189213923 0.4583576453412373 0.5187206601925766 0.5786566769267844 0.6368206226101673 0.6919862892973292 0.7431230138993831 0.7894512713563695 0.8304724411805307 0.8659716872309725 0.8959964250391456 0.9208156557728965 0.9408671342220134 0.9566997788621838 0.9689180427148643 0.9781334491532239 0.9849265558538354 0.9898206386486603 0.993266700816337 0.9956382045256347 0.9972332512038764 0.9982817594658597 0.9989553859757322 0.9993783615777185 0.9996379350331024 0.9997936226362614 0.9998848860181395 0.9999371723086722 0.9999664493934273 0.9999824713860699 0.9999910408548343 0.9999955204618882 0.9999978090864774 0.9999989518537424 0.9999995095395411 0.99999977553236 0.9999998995258088 0.9999999560163892 0.999999981170083 0.9999999921165987 0.9999999967724427 0.9999999987078361 0.9999999994941363 0.9999999998063528 0.9999999999275162 0.9999999999734714 0.9999999999905066 0.9999999999966783 0.9999999999988637 0.9999999999996199 0.9999999999998757 0.9999999999999603 0.9999999999999876 0.9999999999999962
2.5447423297197364e-13 7.670404233772059e-13 2.2604841814893483e-12 6.513292355822297e-12 1.834945063151597e-11 5.054485049048475e-11 1.361352418860666e-10 3.5851966860501097e-10 9.232380678871967e-10 2.324785342716546e-9 5.7244168729404756e-9 1.3783845728642805e-8 3.245731619871519e-8 7.474308229284732e-8 1.6832927760349104e-7 3.7076065857694683e-7 7.987100113862058e-7 1.6829200296723844e-6 3.4684495724299903e-6 6.992379229037285e-6 0.000013789672857397931 0.00002660393101205562 0.00005021412588945225 0.00009273031842672272 0.0001675572392646516 0.0002962665969622296 0.0005126436167755894 0.0008681610748010806 0.0014390604079726446 0.002335058255560493 0.0037094269158054766 0.00576981194288894 0.008788668024248223 0.01311166898684774 0.019161972611653835 0.027437924092595548 0.03850180888317408 0.05295774794655182 0.07141784329149485 0.09445721057904542 0.12256043450167466 0.15606397743215292 0.1951007882625915 0.23955438804438525 0.2890297016995885 0.3428466661416235 0.4000602118651713 0.45950688515232224 0.5198746751581973 0.5797891873226495 0.6379068054348962 0.69300439681129 0.7440556545301391 0.7902862300639792 0.8312029839426474 0.8665963653068818 0.89651845672362 0.921242006923941 0.9412074389586922 0.9569652385173074 0.9691204187276394 0.9782842311610174 0.9850363476743562 0.9898987691171346 0.9933210384658082 0.9956751372414995 0.9972577842581402 0.9982976860254742 0.9989654906496029 0.999384627032621 0.9996417317908959 0.9997958711893996 0.9998861874558753 0.9999379084710395 0.999966856355379 0.9999826912550591 0.9999911569473252 0.9999955803684311 0.9999978392981217 0.9999989667440765 0.9999995167119411 0.999999778908765 0.9999999010791775 0.9999999567148219 0.9999999814769884 0.9999999922483985 0.9999999968277592 0.9999999987305256 0.9999999995032318 0.999999999809916 0.9999999999288804 0.9999999999739819 0.9999999999906932 0.999999999996745 0.9999999999988869 0.9999999999996279 0.9999999999998783 0.9999999999999611 0.9999999999999878 0.9999999999999962
2.5995287977019955e-13 7.832165511732158e-13 2.3071614907841543e-12 6.6449260394592296e-12 1.8712243075945105e-11 5.1522041382343335e-11 1.387075948777301e-10 3.6513743901530017e-10 9.398768986837508e-10 2.365670332359927e-9 5.822599569647189e-9 1.4014274125399888e-8 3.2985843003043635e-8 7.592783583117653e-8 1.7092476538566993e-7 3.763176527427405e-7 8.103376324599471e-7 1.7066978355636945e-6 3.5159702541161127e-6 7.085195373510057e-6 0.000013966844562072431 0.000026934449061434593 0.00005081672151654523 0.00009380402780896733 0.00016942696324384867 0.0002994485826746473 0.0005179359713141457 0.0008767636724816379 0.0014527263719819787 0.0023562751057642 0.003741619180150387 0.005817548612614825 0.008857848363594961 0.013209650295509407 0.01929759574097996 0.027621389531295146 0.03874436081838914 0.05327113799524305 0.07181357025010415 0.09494556604190299 0.12314942249364909 0.1567582129177162 0.1959005067837913 0.2404547092457776 0.2900202776458126 0.3439118094814586 0.4011795422983917 0.4606564634201846 0.5210285235680991 0.5809210375026091 0.638991878817396 0.6940210182255894 0.7449865252596509 0.7911192386407164 0.8319315007052548 0.8672190376876139 0.8970385840049782 0.9216666163610896 0.9415462048123053 0.9572293818130453 0.9693217028570447 0.9784341338600024 0.9851454513416409 0.9899763758181861 0.9933749881707776 0.9957117901888477 0.997282120791203 0.9983134780748634 0.9989755055873755 0.999390834121932 0.9996454915300137 0.9997980968421456 0.9998874750739872 0.9999386364967657 0.9999672586427073 0.9999829085031444 0.9999912716056361 0.9999956395089455 0.9999978691103635 0.9999989814311123 0.9999995237833125 0.9999997822361505 0.9999999026093224 0.9999999574025107 0.9999999817790401 0.9999999923780569 0.9999999968821531 0.9999999987528269 0.9999999995121677 0.9999999998134154 0.9999999999302196 0.9999999999744829 0.9999999999908764 0.9999999999968106 0.9999999999989098 0.9999999999996356 0.999999999999881 0.999999999999962 0.9999999999999881 0.9999999999999964
2.655472891287847e-13 7.997272304074157e-13 2.354783269867964e-12 6.779164285634988e-12 1.9082051585571856e-11 5.2517693241368766e-11 1.4132739461974486e-10 3.7187431664266414e-10 9.568077657480945e-10 2.407254663305912e-9 5.922417880116478e-9 1.4248438427523446e-8 3.3522703117657545e-8 7.713074149186527e-8 1.7355886366716508e-7 3.8195483866795306e-7 8.221278744901109e-7 1.7307976145286687e-6 3.56411327921027e-6 7.179185810769964e-6 0.00001414617910145405 0.000027268855161338688 0.0000514261383096931 0.00009488941482434903 0.00017131619311425 0.000302662353936302 0.0005232788473724636 0.0008854445816914669 0.0014665106906954597 0.002377666316961083 0.003774061763015249 0.005865635364983031 0.008927505473141722 0.01330826358111323 0.01943403375401011 0.027805876341019862 0.03898815606462994 0.05358599627828858 0.07221097677210034 0.09543577905424487 0.12374039143579857 0.15745447774611926 0.19670221112442343 0.24135687012365123 0.29101244223455613 0.34497819302087807 0.4022996843986779 0.46180637059989893 0.5221821957701395 0.5820522183640078 0.6400758347994158 0.6950361471952616 0.7459156216541165 0.7919502946710035 0.8326579909937332 0.8678397056072664 0.8975568094840917 0.9220894876527843 0.9418834359133414 0.9574922130725094 0.969521899315035 0.9785831611280713 0.9852538702595555 0.990053461616482 0.9934285522517234 0.9957481651818627 0.9973062621748107 0.9983291366187215 0.9989854315027134 0.9993969833377785 0.9996492145801641 0.9998002998092518 0.9998887490085373 0.9999393564697447 0.999967656305773 0.9999831231597673 0.9999913848465345 0.9999956978927375 0.9999978985282364 0.9999989959175035 0.9999995307550196 0.9999997855152005 0.999999904116578 0.9999999580796153 0.9999999820763126 0.9999999925056078 0.9999999969356393 0.9999999987747463 0.9999999995209468 0.9999999998168517 0.9999999999315342 0.9999999999749742 0.999999999991056 0.9999999999968746 0.9999999999989322 0.9999999999996433 0.9999999999998834 0.9999999999999628 0.9999999999999885 0.9999999999999964
2.712598591713239e-13 8.165792388630653e-13 2.403368221669041e-12 6.916057481218434e-12 1.9459008682861363e-11 5.353214632131541e-11 1.439954938837625e-10 3.787323876687181e-10 9.740356502565608e-10 2.449549943105559e-9 6.0238982006971095e-9 1.44863972089282e-8 3.406802336054655e-8 7.835206714783714e-8 1.7623212439670106e-7 3.8767332561961214e-7 8.340829115817756e-7 1.7552235215078581e-6 3.6128863890121382e-6 7.274364599461411e-6 0.000014327701356003907 0.000027607192211137206 0.00005204244831287631 0.00009598659727609296 0.00017322511636033234 0.0003059082010361241 0.0005286726819960432 0.0008942044418479057 0.0014804142725160505 0.002399233141170153 0.003806756336591766 0.0059140743610951564 0.008997642050390402 0.013407512087468522 0.019571290395714775 0.027991388651902333 0.0392331989398114 0.05390232702121848 0.07261006663868555 0.09592785255443863 0.12433334301742027 0.15815277199260672 0.19750589947480582 0.24226086685503875 0.29200618967876857 0.34604580924950323 0.4034206293529109 0.46295659713829074 0.5233356821166054 0.5831827208207966 0.6411586654496335 0.6960497774096721 0.74684293931792 0.7927793957776395 0.8333824543687288 0.8684583703295337 0.8980731357841649 0.9225106243819559 0.9422191363992616 0.957753736619292 0.969721012309001 0.9787313168351104 0.9853616078220538 0.9901300293661699 0.9934817330189833 0.9957842640256147 0.9973302097729695 0.9983446626554793 0.9989952691044232 0.9994030751686654 0.9996529012684507 0.9998024803036598 0.9998900093943701 0.9999400684730768 0.9999680493944344 0.9999833352540615 0.9999914966866046 0.9999957555290058 0.9999979275567137 0.9999990102058718 0.9999995376284097 0.9999997887465901 0.9999999056012743 0.999999958746293 0.9999999823688788 0.9999999926310843 0.9999999969882327 0.9999999987962904 0.9999999995295717 0.9999999998202262 0.9999999999328246 0.9999999999754565 0.9999999999912321 0.9999999999969374 0.9999999999989542 0.9999999999996507 0.999999999999886 0.9999999999999636 0.9999999999999887 0.9999999999999966
2.770930366696692e-13 8.337794886573633e-13 2.45293541107102e-12 7.055656964648626e-12 1.984324933093298e-11 5.456574698270434e-11 1.4671276034575327e-10 3.857137737532981e-10 9.915656157440348e-10 2.4925679657314193e-9 6.12706733913487e-9 1.4728209928514865e-8 3.4621932405133075e-8 7.959208446257899e-8 1.7894510706728537e-7 3.934742374892826e-7 8.462049454443334e-7 1.7799797621605002e-6 3.6622974154992075e-6 7.370745955916875e-6 0.00001451143647277993 0.000027949503548154877 0.00005266572426869219 0.00009709569404871346 0.00017515392208884782 0.000309186416619601 0.000534117915539897 0.0009030438968532726 0.001494438031697067 0.002420976837731096 0.003839704581816605 0.005962867771952909 0.009068260803340023 0.013507399068590017 0.019709369419761046 0.028177930599783362 0.039479493762963676 0.054220134444566546 0.07301084361878135 0.09642178946073604 0.12492827890016535 0.15885309569855055 0.19831156998745597 0.24316669557836637 0.2930015141555946 0.3471146506275845 0.40454236832818286 0.46410713347417454 0.5244889729644558 0.5843125358037524 0.6422403628638286 0.6970619025926257 0.7477684738936696 0.7936065396217693 0.8341048904260666 0.8690750331475795 0.898587565550589 0.922930030145875 0.9425533104143655 0.9580139567773551 0.9699190460416884 0.9788786048429522 0.985468667413154 0.9902060819108771 0.9935345327727687 0.9958200885160852 0.9973539649419744 0.9983600571773316 0.9990050190964798 0.999409110099497 0.9996565519193896 0.9998046385365141 0.9998912563651219 0.9999407725890752 0.9999684379580529 0.9999835448148553 0.9999916071422488 0.9999958124268442 0.9999979562007094 0.9999990242988056 0.9999995444048122 0.9999997919309853 0.9999999070637368 0.9999999594026988 0.9999999826568109 0.9999999927545191 0.9999999970399476 0.9999999988174655 0.9999999995380452 0.99999999982354 0.9999999999340912 0.9999999999759296 0.9999999999914048 0.9999999999969991 0.9999999999989756 0.999999999999658 0.9999999999998884 0.9999999999999645 0.9999999999999889 0.9999999999999967