1.2586622749380725e-11 2.8727772760297235e-11 6.461730123721255e-11 1.4323669991240108e-10 3.129126846769793e-10 6.736904326584273e-10 1.4294572521294852e-9 2.9892418239317927e-9 6.1607815034969585e-9 1.2514155427227515e-8 2.5053286124638104e-8 4.9434717359167584e-8 9.614147547768889e-8 1.8429283645017044e-7 3.4820345749687705e-7 6.48474846947864e-7 1.1904128443848328e-6 2.154051134930427e-6 3.842186621408228e-6 6.755782815431424e-6 0.00001171005930781888 0.000020009712460166656 0.000033708069321089094 0.00005598246059750425 0.00009166633926261186 0.00014798691822517506 0.00023556411089593651 0.0003697305168522858 0.0005722306975966497 0.0008733481391587861 0.0013144869626367985 0.0019511996826280967 0.0028566000215457825 0.0041250304874670286 0.005875770130389519 0.008256473902905742 0.011445940449096822 0.015655722796434176 0.02113004225825327 0.028143457283869588 0.036995792493693516 0.04800396115253292 0.061490521931410996 0.07776909264819933 0.09712708201118908 0.11980656474633947 0.14598447455603278 0.17575357521576368 0.2091058445365575 0.24591992794612968 0.28595416204984136 0.3288463289728796 0.3741207996928686 0.42120310383037474 0.4694412897948073 0.5181327904213099 0.5665549644344638 0.6139971121871516 0.6597916132844537 0.7033419236580979 0.7441454886166481 0.7818101349144354 0.8160631344067474 0.8467528067364198 0.8738431696060185 0.8974026831580333 0.9175885191337714 0.9346279891742255 0.9487987884639919 0.960409572005307 0.9697821189874747 0.977236003106478 0.9830763219556953 0.9875846902454124 0.9910134031301536 0.9935824483792559 0.995478897892538 0.9968581374722512 0.9978463879381775 0.9985440148574867 0.9990292009181211 0.9993616478105778 0.9995860696479819 0.9997353273732078 0.9998331270426739 0.9998962615527125 0.9999364152088523 0.9999615753008626 0.9999771073300234 0.9999865538752168 0.9999922142690257 0.9999955558278684 0.9999974993093108 0.9999986129382181 0.9999992416178634 0.9999995912787889 0.9999997828779479 0.999999886313272 0.9999999413272361 0.9999999701546558
8.477126538802826e-12 1.9641100646448965e-11 4.483421889004034e-11 1.0082879433410492e-10 2.2340634062451075e-10 4.876939708712977e-10 1.0489276248200778e-9 2.2227747429488714e-9 4.640908635883939e-9 9.547163815532242e-9 1.9351561343687942e-8 3.864868991192828e-8 7.605677493856525e-8 1.4747997074945427e-7 2.8179175068715133e-7 5.305571429097529e-7 9.843596163224526e-7 1.7997109801088773e-6 3.2425696692258415e-6 5.757372018723566e-6 0.000010074401192716507 0.000017373465406259167 0.000029528339550250024 0.00004946419315810635 0.0000816689703743528 0.00013290870386155172 0.00021320481842066467 0.00033713677623299686 0.0005255334396096362 0.0008076081982344887 0.0012235727964896759 0.0018277295680815034 0.0026919888675294382 0.003909686932852328 0.005599490864385315 0.0079090770113139 0.011018166118397819 0.015140406655060347 0.020523533966090992 0.02744721634451779 0.0362180482850482 0.047161280444878446 0.060609091836596615 0.07688550785832175 0.09628842961846773 0.11906963312069382 0.1454139764265606 0.17541936638027572 0.2090792305698559 0.24626926932472143 0.28674009746182344 0.3301170204548304 0.37590764662052 0.42351736523198386 0.47227199231077177 0.5214461868865485 0.5702956577834515 0.6180907897550589 0.6641491697041445 0.7078646085547982 0.7487306167562771 0.7863568534421737 0.8204777581007143 0.85095330297011 0.8777624876932206 0.9009907605957517 0.9208129405821969 0.937473404541399 0.9512652996699906 0.9625103648499433 0.9715406441210597 0.9786830011674581 0.9842469496457853 0.9885159462316202 0.9917419857002379 0.994143110332729 0.9959033057410127 0.9971741964784453 0.9980779639188115 0.9987109677076085 0.9991476414367022 0.9994443355659313 0.9996428819437668 0.9997737447130779 0.9998586962737843 0.9999130122674934 0.9999472169215977 0.9999684319577936 0.9999813919113651 0.9999891895697111 0.9999938104640882 0.9999965075138295 0.9999980579466007 0.9999989357918933 0.9999994253272729 0.9999996942027737 0.9999998396546808 0.9999999171523499 0.9999999578209183 0.9999999788407943
5.645672383611251e-12 1.3284584973239486e-11 3.07875849070114e-11 7.027537127598352e-11 1.5799210324020872e-10 3.4984637115685903e-10 7.630174024098119e-10 1.6391254121718507e-9 3.4682986331037996e-9 7.228589372552938e-9 1.483986468905282e-8 3.000907118010036e-8 5.977625360211595e-8 1.1729137457880449e-7 2.267111446434925e-7 4.3167581950207585e-7 8.097105547403339e-7 1.4962316248677742e-6 2.723799513317254e-6 4.8850577409952794e-6 8.63165748411404e-6 0.00001502661177804126 0.00002577410312521436 0.000043558792481199104 0.00007253589721420904 0.00011902308029695646 0.00019245434542574375 0.00030666282145340673 0.0004815609707640384 0.0007452801096481298 0.00113681245586012 0.0017091644666240415 0.0025329769188675005 0.0037004935334931364 0.005329667155577873 0.007568085504935303 0.010596286767913993 0.014629933043821196 0.019920235288191517 0.02675199781495648 0.03543869425784237 0.04631411677590527 0.05972036463942218 0.07599225338712516 0.0954386127043338 0.118321365374679 0.14483369250210792 0.17507893408200598 0.20905208999875718 0.24662582386595264 0.28754269790365705 0.3314149743767405 0.3777327318467461 0.42588031712470764 0.475160366081588 0.5248238729905962 0.5741041646267457 0.6222522241108012 0.6685706658586591 0.7124438065331136 0.7533616880552192 0.7909365321258804 0.8249108591642673 0.8551572923049997 0.8816707944940498 0.9045546740495595 0.9240020867914818 0.9402749371356205 0.953682043271949 0.9645582155979995 0.9732455537274216 0.9800778545622761 0.9853685997097377 0.9894026035471601 0.9924310881580027 0.9946697269796514 0.9962990690903619 0.9974667121992538 0.9982906179645608 0.9988630376244039 0.99925461817608 0.9995183710829216 0.9996932924884969 0.9998075167133638 0.9998809584660024 0.999927452517382 0.999956434046088 0.9999742215382513 0.9999849707763022 0.9999913668014144 0.9999951140469694 0.9999972756883844 0.9999985034799648 0.9999991901295167 0.9999995682368629 0.9999997732419158 0.9999998826837806 0.9999999402107986 0.999999969984285 0.9999999851567787
3.716367665360711e-12 8.885144813691875e-12 2.0915601341082262e-11 4.8477567871340814e-11 1.1063199929125654e-10 2.485966449978755e-10 5.500341927694992e-10 1.1983113557517048e-9 2.570639420175548e-9 5.430132331865604e-9 1.1294942661108055e-8 2.313497247434125e-8 4.666299935546155e-8 9.268358235552312e-8 1.812874399726075e-7 3.4920149897775836e-7 6.624257745215089e-7 1.2375447533666967e-6 2.2769715926534485e-6 4.126087365752304e-6 7.364023192381327e-6 0.00001294495012124382 0.000022413389619184186 0.0000382253042483076 0.00006421639471028182 0.00010626954500107866 0.00017324359639152065 0.0002782337605312672 0.00044023736319014333 0.0006862938114172641 0.0010541506678876638 0.0015954743056984934 0.002379570174379439 0.003497502160284569 0.005066403545976216 0.007233658296200405 0.010180510383273764 0.014124545501210157 0.01932040351432721 0.02605804418473394 0.03465792613863966 0.04546258877630572 0.05882435940811554 0.0750892406556633 0.09457744689952485 0.11756151638770375 0.14424337483218866 0.17473210372740589 0.20902440703771794 0.2469898167244016 0.28836249378044987 0.3327410587807368 0.37959725040962733 0.42829342215165395 0.4781080345344818 0.5282674875892215 0.5779819710312394 0.6264825778338657 0.6730567897331807 0.7170796198030958 0.7580381630743585 0.7955479973298785 0.8293607000363925 0.8593625975643673 0.8855656360932593 0.9080918747127156 0.9271534941955448 0.9430303682377728 0.9560471699326494 0.9665517249649571 0.974895932790639 0.9814201233946653 0.9864412623640397 0.9902450118930732 0.9930813346332225 0.9951631079768926 0.9966670991804378 0.9977366248219308 0.9984852615902451 0.9990010661145607 0.9993508768858298 0.9995843921316055 0.9997378295658642 0.9998370683500535 0.9999002463038014 0.999939836138027 0.9999642555842748 0.9999790815138598 0.9999879416835895 0.9999931535842488 0.9999961713407138 0.9999978912526599 0.9999988561079746 0.9999993888931376 0.9999996784780898 0.9999998334074729 0.9999999149953276 0.9999999572866389 0.9999999788646143 0.999999989701491
2.4168878117465655e-12 5.873841124987139e-12 1.4051039388990654e-11 3.308414442932917e-11 7.667635336426291e-11 1.7491949362344738e-10 3.927856313643955e-10 8.681989931838228e-10 1.889014350459526e-9 4.0458506270530096e-9 8.530013184399685e-9 1.7703611321836507e-8 3.617043828879414e-8 7.27500477102332e-8 1.4404849526141974e-7 2.8079471163742586e-7 5.388690417719961e-7 1.0181261392044698e-6 1.893889075343877e-6 3.4685927521864473e-6 6.254748583643443e-6 0.00001110546911946991 0.000019415476385476483 0.000033423951359185836 0.00005666066079502492 0.0000945880298347492 0.00015550315432769996 0.0002517733579738009 0.0004014841084661697 0.0006305753224529425 0.0009755269793953824 0.0014866228815413331 0.002231768119078361 0.003300758591841707 0.004809799864476823 0.00690595192994739 0.009771045709354874 0.013624491837153543 0.018724303526845194 0.02536560799579041 0.03387595067833035 0.04460682517012623 0.05792110242876892 0.0741763839252316 0.09370474573675573 0.11678983477270004 0.14364276728214623 0.17437869416764945 0.20899616526392173 0.2473614825002178 0.2892000380310573 0.3340961781874898 0.38150244577594433 0.4307581982829289 0.48111667562606086 0.5317787139564681 0.5819305879331383 0.6307830109563786 0.6776081946160415 0.7217720832413448 0.7627594065766685 0.8001899595981805 0.8338254188902805 0.8635669218984245 0.8894444560931595 0.9115997388594879 0.9302646586590787 0.9457374753786131 0.9583588615116829 0.9684895542172614 0.9764909479830594 0.9827094610921057 0.9874650233354816 0.9910436104008324 0.9936934263054598 0.9956241236960373 0.9970083500215865 0.9979848997916505 0.998662816030478 0.9991258918074863 0.9994371511941087 0.999643018419202 0.9997770003765178 0.9998628028431271 0.9999168717474183 0.9999503983617268 0.9999708546179498 0.9999831362739954 0.9999903920191107 0.999994609968939 0.9999970227343422 0.9999983808072066 0.9999991329933444 0.99999954293481 0.9999997627778063 0.999999878788406 0.9999999390272947 0.9999999698060084 0.9999999852805644 0.9999999929361806
1.5520930486952987e-12 3.836348663653305e-12 9.330290443408949e-12 2.232820005792447e-11 5.257734436185978e-11 1.2182463868968844e-10 2.777593035932207e-10 6.23167542994725e-10 1.375782571951966e-9 2.9888898983049154e-9 6.389868006181294e-9 1.344320471077673e-8 2.7832370434943874e-8 5.670769286363873e-8 1.1370683385107577e-7 2.2438450951133116e-7 4.3578306272119783e-7 8.329693654082279e-7 1.5670382181110627e-6 2.901572153844285e-6 5.288134297662684e-6 9.486363863312216e-6 0.000016750934262767986 0.00002911621606041976 0.00004981993842963641 0.00008391906040209223 0.00013916346653736317 0.0002272042263462735 0.0003652202851545815 0.0005780468499802082 0.0009008757676611635 0.001382567744507615 0.0020895634722287297 0.003110302138531574 0.004559950769378793 0.006585120113967225 0.009368101855302664 0.01313002389828586 0.01813220778935844 0.024674952074095174 0.03309298608929479 0.04374696532368832 0.05701062773394636 0.07325360066958163 0.09282032077016875 0.11600606272756814 0.14303160520761493 0.17401851739006075 0.20896734758479368 0.24774106573846663 0.29005590732639697 0.3354812754923536 0.38344961221652196 0.43327622123579335 0.4841880237187175 0.5353592804892802 0.5859515501485149 0.6351546780048881 0.6822254942466252 0.7265211581022413 0.7675246805910574 0.8048610070654199 0.8383030244130485 0.8677678457911953 0.8933045953812202 0.9150755704845037 0.9333330406622062 0.9483940393726455 0.9606153390149939 0.970370433032318 0.9780298545230435 0.9839456195725215 0.9884400669498312 0.9917989285750601 0.9942681404144051 0.9960537027198328 0.9973238149052682 0.9982125238799735 0.9988242083483363 0.9992383469744923 0.9995141597733911 0.9996948495070166 0.9998112897004786 0.9998851009794181 0.9999311258850608 0.999959356051575 0.9999763887839127 0.9999864977221813 0.9999923994217805 0.9999957886356835 0.9999977032053504 0.9999987670878743 0.9999993486103074 0.9999996612827154 0.9999998266550745 0.9999999126923308 0.9999999567235226 0.9999999788893821 0.9999999898657574 0.9999999952124294
9.837398267888614e-13 2.474222569214537e-12 6.121047823951782e-12 1.4895188317207295e-11 3.5653683017528766e-11 8.394719485159058e-11 1.9442712444701904e-10 4.4295761327344066e-10 9.92723333642992e-10 2.18857510158048e-9 4.746446857251061e-9 1.0126442435341324e-8 2.125366613452784e-8 4.388413123108376e-8 8.914281421231395e-8 1.7814734758272153e-7 3.502644943109087e-7 6.775584265194686e-7 1.2895614759739033e-6 2.4148685401000327e-6 4.449521484292883e-6 8.0670460095481e-6 0.000014391666688038167 0.000025264916077708422 0.00004364663368005495 0.00007420391513266372 0.00012415503525765666 0.00020444802871915022 0.0003313627429903367 0.0005286269177205376 0.0008301262728939118 0.0012832601027204231 0.001952941945678655 0.002926165264890003 0.004316945275667171 0.006271313222084619 0.008971887864646049 0.012641397298383346 0.017544396309120455 0.023986349750493373 0.032309262490410225 0.04288315981865681 0.05609297766408567 0.07232081197771954 0.09192398171288119 0.11520993588689052 0.14240961511437394 0.1736513781920758 0.20893793620350612 0.24812882146041315 0.29093070334434495 0.3368973339783859 0.38544009731568785 0.4358491270064485 0.48732387149816414 0.5390109613395793 0.5900464151737813 0.6395987247015021 0.6869092575343183 0.7313267252846657 0.7723331371055413 0.8095595986572768 0.84279139059762 0.871962824324658 0.8971432923751255 0.9185166045710691 0.9363560711669353 0.9509978519781352 0.9628148710184283 0.9721931676140414 0.97951200304429 0.9851284541952803 0.9893666788292211 0.9925115867428189 0.9948063287542057 0.9964528288711993 0.9976145225480528 0.9984205010156302 0.9989703674394719 0.9993392540611473 0.9995826036089007 0.9997404628859834 0.999841158741521 0.9999043206138383 0.9999432789409207 0.9999669080583291 0.9999810008356325 0.9999892659250725 0.9999940324338438 0.9999967354901766 0.9999982428316498 0.9999990693833856 0.9999995150706946 0.9999997513862526 0.9999998745991507 0.999999937770744 0.9999999696192656 0.9999999854084066 0.9999999931055485 0.9999999967953435
6.150497985646226e-13 1.5749249304949892e-12 3.965381418957568e-12 9.817261562490011e-12 2.389907201081496e-11 5.7208722294464835e-11 1.3466028313897662e-10 3.1168699895404895e-10 7.09424006422429e-10 1.5878430786127145e-9 3.4948667794001626e-9 7.564535116795913e-9 1.6101638685226336e-8 3.37056120192353e-8 6.938845803074822e-8 1.4048638103847336e-7 2.797388802487384e-7 5.478394588469615e-7 1.0552286183445634e-6 1.9991445329279096e-6 3.725277054633642e-6 6.828147729324312e-6 0.000012310941849165466 0.000021834274084347023 0.000038094428910040824 0.00006538478300937725 0.00011040861214743465 0.00018342569128393024 0.00029982630360104366 0.00048223051550129415 0.0007632026539006513 0.0011886447461684196 0.0018218820148199828 0.0027483732124433135 0.004080866268174425 0.005964677769568806 0.008582612248919258 0.012158871111325666 0.01696115657012738 0.023300085068354823 0.03152502235878098 0.042015571049731 0.0551682034634917 0.071377942989611 0.09101553659447117 0.11440118317452726 0.14177651430291688 0.17327707383658572 0.20890791258233163 0.24852501572914876 0.29182505412693494 0.338345379454535 0.3874753046231625 0.4384786145179048 0.49052607192857317 0.5427355769595125 0.5942167617510665 0.6441162842922398 0.6916600028161591 0.7361885781303544 0.777183810382635 0.8142840570952613 0.8472882515839707 0.8761491847545464 0.9009576838070406 0.921920011045356 0.9393311582056727 0.9535467241984796 0.9649557825523414 0.9739566490256069 0.9809368464207731 0.9862579284336832 0.99024524813984 0.9931822959647916 0.9953089156265242 0.996822537770423 0.9978815328830322 0.9986098479048596 0.9991022199655901 0.999429422267072 0.9996431633993359 0.9997804122326156 0.9998670441663751 0.9999207963534256 0.9999535804367532 0.999973235693282 0.9999848192824066 0.9999915298046436 0.9999953511671013 0.9999974902561917 0.9999986672880825 0.999999303931559 0.999999642427178 0.999999819339668 0.9999999102289371 0.9999999561292227 0.9999999789151555 0.9999999900341847 0.9999999953677248 0.9999999978825792
3.7910707402973043e-13 9.888836390985762e-13 2.535398166384649e-12 6.389540352854162e-12 1.582780024904976e-11 3.853934211258279e-11 9.224150895250478e-11 2.1701649194638624e-10 5.018911154242904e-10 1.1409936785223633e-9 2.549886380950556e-9 5.6018254581341774e-9 1.209810036173637e-8 2.5685724908634514e-8 5.36120187581121e-8 1.1001131760373242e-7 2.219357125529318e-7 4.401918513186749e-7 8.584061282851572e-7 1.6458542083303387e-6 3.1027741945887213e-6 5.751519403671206e-6 0.00001048341756382795 0.00001878997987147503 0.000033118390150563126 0.000057404918799674514 0.0000978553954800783 0.00016405762527629754 0.0002705239774795128 0.0004387692708325915 0.0007000240683844863 0.0010986599934369842 0.0016963547047002172 0.002576943625199657 0.0038517900019846177 0.005665355860854123 0.008200482483251106 0.011682707523855093 0.016382783433766746 0.02261645297534607 0.030740520986850615 0.04114437384734517 0.05423636591277939 0.07042492336727893 0.09009479194041803 0.11357952665779576 0.14113201049703047 0.17289539368741927 0.20887725740368232 0.24892992625217217 0.2927396155260643 0.33982648252793923 0.38955669645723157 0.44116644838838714 0.4937965402409044 0.5465349945436802 0.5984641881708257 0.6487084734677291 0.6964781916189366 0.7411064147298949 0.7820756088919831 0.819032561725086 0.8517911965927737 0.8803241244581765 0.9047448061134702 0.92528289947528 0.9422556942306362 0.9560384952355072 0.9670364644273877 0.9756598616933609 0.9823039464845056 0.9873341182015887 0.9910762693300299 0.9938118573652733 0.9957768952311681 0.9971639129216682 0.9981259325184215 0.9987815894734065 0.9992206862545003 0.9995096442088832 0.9996964971191933 0.9998152258655693 0.9998893573492864 0.9999348394261931 0.9999622595025668 0.9999785033087307 0.9999879590960016 0.9999933678637598 0.9999964079766472 0.9999980870582811 0.9999989983231449 0.9999994842916686 0.9999997389526135 0.9999998700841739 0.9999999364344564 0.9999999694234432 0.9999999855405028 0.9999999932778714 0.9999999969278586 0.9999999986197794
2.302375310348102e-13 6.121334525286632e-13 1.599082355403108e-12 4.104451181529782e-12 1.0351516406879294e-11 2.5652093092429804e-11 6.246219037076925e-11 1.4944903019269654e-10 3.5136356453517167e-10 8.117357391333039e-10 1.8427816972914724e-9 4.110945787775586e-9 9.012100604551969e-9 1.941489204301578e-8 4.110336107664195e-8 8.551895268319347e-8 1.7486381201420533e-7 3.513989922500251e-7 6.94025178833555e-7 1.347212046454411e-6 2.570368340382888e-6 4.820221087902404e-6 8.88515863371923e-6 0.000016099244629415503 0.000028675067710043212 0.000050208794598185736 0.00008642722879068642 0.00014626395718805591 0.00024336719675452123 0.00039815164284575294 0.0006405047792448907 0.0010132376633044324 0.0015763233939781777 0.002411886180333307 0.0036297855917256706 0.005373484609768538 0.007825704462464986 0.011213171445313317 0.01580957900360031 0.021935759496356406 0.029956026943315877 0.040269756125662415 0.05329753599968776 0.06946168780396215 0.08916155297570896 0.11274468140404421 0.14047580145565264 0.17250611882363015 0.2088459505286655 0.24934384302376558 0.29367507274445137 0.3413417610199978 0.3916857968686128 0.4439144618246824 0.4971372559489556 0.550411128350012 0.6027903102810932 0.6533763878384494 0.7013642218895864 0.746079829712447 0.7870073068578776 0.8238031411928436 0.8562976650009159 0.8844847093210393 0.9085015975016935 0.9286023245743992 0.9451270642607714 0.958471042099637 0.9690553829737868 0.9773018920275376 0.9836129805663858 0.9883572157625986 0.9918603432981103 0.994401160840424 0.9962113284781132 0.9974780813361321 0.9983488298891661 0.9989367541671011 0.999326676206898 0.9995806927029165 0.9997432377711618 0.9998454054209728 0.999908483829838 0.9999467377341251 0.9999695253297592 0.9999828589760893 0.999990522473896 0.9999948489350733 0.9999972481339011 0.9999985549886313 0.999999254212137 0.999999621690983 0.9999998113948896 0.9999999075888484 0.9999999555011352 0.9999999789419967 0.9999999902069083 0.9999999955244332 0.9999999979900116 0.9999999991129492
1.3768295033422717e-13 3.7333669289469077e-13 9.942775575488558e-13 2.6007937002715176e-12 6.681909485798941e-12 1.6861533298428247e-11 4.179275442793208e-11 1.0174623491515284e-10 2.43307454672491e-10 5.715034337712401e-10 1.3186078399335184e-9 2.9885000495884485e-9 6.653337322291416e-9 1.4550663678570642e-8 3.126020868722132e-8 6.597450197651503e-8 1.3678721159460444e-7 2.7861890657200865e-7 5.575484936211846e-7 1.0961593461729916e-6 2.117368866821276e-6 4.018507832669183e-6 7.49364649273328e-6 0.00001373084680425649 0.000024722589108111307 0.000043742246450913966 0.0000760567996228564 0.00012996476608772602 0.00021826606311610157 0.00036028313881800064 0.0005845542881576486 0.0009323030734606921 0.0014617436395763614 0.0022532022268532377 0.003414914491701059 0.005089195532717788 0.007458481916339913 0.010750530071458623 0.015241852450628802 0.021258321884291238 0.029171822535984458 0.039391919556014766 0.052351795630239874 0.06848817657419058 0.08821562385503319 0.11189635534054265 0.13980757456725276 0.1721090216311502 0.20881397095296786 0.24976706901025894 0.29463214197917303 0.34289238253665555 0.3938641947750259 0.44672455964474816 0.50055026488648 0.5543659398785582 0.607196759169585 0.658121096923596 0.7063184206558486 0.7511083054956809 0.7919775354225211 0.8285936659989425 0.8608049416154528 0.8886278726356298 0.9122249007683012 0.9318752925721041 0.9479426548596228 0.9608422898751341 0.9710110901575869 0.9788819370965889 0.9848637477833906 0.9893275331465203 0.9925981779293556 0.9949511831077773 0.9966133392106526 0.9977662087059669 0.9985513501336571 0.9990763691526328 0.9994210852525551 0.999643317704699 0.9997839913556374 0.9998714247621492 0.999924782989011 0.9999567560869261 0.9999755677578814 0.9999864352502946 0.9999925996475976 0.99999603294314 0.9999979104910883 0.9999989186526845 0.9999994501835832 0.9999997253441026 0.9999998652071385 0.9999999350109263 0.9999999692178664 0.9999999856770633 0.9999999934531703 0.9999999970604094 0.9999999987034445 0.9999999994382591
8.101892102390393e-14 2.2419853250406493e-13 6.091043431938483e-13 1.6246811487514934e-12 4.254683395544231e-12 1.0939423486649993e-11 2.761565878098497e-11 6.84472781214929e-11 1.6657242397931015e-10 3.9801815136024513e-10 9.33818733128145e-10 2.1512441737743195e-9 4.866224974971664e-9 1.0808823193869024e-8 2.357530431953736e-8 5.049383169075485e-8 1.0620171469016413e-7 2.1935503352316745e-7 4.449364080512984e-7 8.863284479779991e-7 1.7340067887236784e-6 3.331809017707698e-6 6.287781044132942e-6 0.000011655169059857755 0.000021220743447496023 0.00003795261480574606 0.0000666778369238762 0.00011508032670613792 0.00019512961004845435 0.00032506655331492794 0.0005320774975897132 0.0008557750686084908 0.0013525630250341813 0.0021008844353253807 0.0032072299691458506 0.004812613915560549 0.007099015782825672 0.010295052399406828 0.014679919795140552 0.020584468745105184 0.028388204274415643 0.038511080265791114 0.05139923838227196 0.06750433612783514 0.08725680792221815 0.11103424911874894 0.13912700642595313 0.17170386537026006 0.2087812967598646 0.25019992088155085 0.2956115721757562 0.34447956720418793 0.3960935472770991 0.44959872143373936 0.5040376812573173 0.5584014378847596 0.6116851784813309 0.6629436386093159 0.7113410360773067 0.7561912029731761 0.7969847734297386 0.8334018409662434 0.8653101522103459 0.8927504145930609 0.9159114669497188 0.935098768511605 0.9506998639733597 0.963150222630804 0.9729022340277048 0.9803993132825812 0.9860561749885028 0.9902455049947545 0.9932905879426592 0.9954629850646572 0.9969841098362422 0.9980294941504866 0.9987346297340784 0.9992014554645317 0.9995047904005698 0.9996982434418326 0.9998193350823829 0.9998937291363845 0.9999385879452938 0.9999651366103542 0.9999805579841747 0.9999893500079613 0.9999942697240896 0.9999969716698158 0.9999984281298472 0.9999991986888164 0.9999995988164382 0.9999998027442764 0.9999999047535867 0.9999999548363641 0.9999999789699736 0.9999999903840671 0.9999999956824801 0.9999999980964699 0.9999999991759392 0.9999999996497121
4.688044217914737e-14 1.3248026023556435e-13 3.6740379480322766e-13 9.999401918823986e-13 2.670837837220995e-12 7.0011532299305645e-12 1.8011337517937028e-11 4.547604940444407e-11 1.126902330447833e-10 2.740711770896689e-10 6.542159636040384e-10 1.5327352697800885e-9 3.524596530736681e-9 7.955296930552271e-9 1.7624512142859072e-8 3.832667071314908e-8 8.181228558785846e-8 1.7142738647652058e-7 3.5261245173397054e-7 7.120051327085818e-7 1.411398823012206e-6 2.7467019235504403e-6 5.247874663993709e-6 9.844225952620097e-6 0.000018131056385421116 0.00003278887752376664 0.00005822530555077308 0.00010153135677993233 0.0001738660783078041 0.00029240222976464566 0.00048297490225166146 0.0007835660801822772 0.001248721035703438 0.0019549164620013544 0.003006776573251412 0.004543858155234805 0.006747503538182612 0.009847008690700402 0.014124103640998273 0.019914540133080753 0.027605483329839402 0.037627469562590596 0.05043997030339242 0.06651011973140145 0.0862849080018156 0.11015805598415558 0.13843376238858546 0.171290403717206 0.2087479050701342 0.2506427297925623 0.2966141469015101 0.34610459058269955 0.398375583166909 0.45253900483739207 0.5076016896888886 0.5625196782007456 0.6162572213306633 0.6678450130285455 0.7164322288451761 0.7613277516177486 0.802027337838459 0.8382251976662258 0.8698102593988195 0.8968490024553732 0.9195579598886731 0.9382696845366069 0.9533961116526966 0.9653928949573081 0.974727569436823 0.9818534648353678 0.9871903222931404 0.9911116907540403 0.9939384939897189 0.9959377084290125 0.9973248763694051 0.9982691645640569 0.9988998109653341 0.9993130231483852 0.9995786464296414 0.9997461657759118 0.9998498158467057 0.9999127345879997 0.99995020566929 0.9999720993202128 0.9999846493831517 0.999991707345794 0.9999956015482794 0.9999977095133588 0.9999988289872974 0.9999994122581048 0.9999997104062799 0.9999998599264268 0.9999999334917087 0.9999999690017929 0.9999999858183117 0.9999999936314599 0.9999999971928668 0.9999999987855253 0.9999999994842871 0.9999999997850618
2.665482431852605e-14 7.697480245083882e-14 2.1805630310718052e-13 6.05955841058353e-13 1.6518507385537224e-12 4.417368431308658e-12 1.1588446949920136e-11 2.9823716097344204e-11 7.529733992433784e-11 1.8650294107874686e-10 4.531970929126028e-10 1.0804173526258882e-9 2.5270106236369256e-9 5.798854723150202e-9 1.3055879107483456e-8 2.8840872445870843e-8 6.251141260168518e-8 1.329443245102043e-7 2.77428772420837e-7 5.680895822433626e-7 1.141508202324862e-6 2.250879835453507e-6 4.355638435400104e-6 8.271682014295754e-6 0.000015416854928150893 0.000028201774192374857 0.000050635596276202986 0.00008923926698574507 0.00015438320335614948 0.0002621883440355857 0.0004371428108047339 0.0007155822198637102 0.0011501489640460332 0.001815272630993897 0.002813589602989873 0.0042830390775643774 0.006404138483238958 0.009406669879498127 0.013574732857968707 0.019248887611964992 0.02682398598946962 0.036741334683245974 0.04947411075545911 0.0655054881600633 0.08529972672602398 0.10926746165309043 0.1377274961118575 0.17086838027816198 0.20871377198863636 0.2510958422186328 0.29764068634756013 0.3477687867705501 0.40071210664113316 0.45554754899637445 0.5112445472775518 0.5667227633348035 0.6209145467621515 0.6728261758109472 0.7215920628875873 0.7665170389809028 0.8071033737807404 0.843061086855324 0.8743020589233927 0.9009201715040376 0.9231609618041932 0.9413849492258953 0.9560288516755748 0.9675684441017536 0.9764859689675509 0.9832439722332239 0.9882663880656919 0.991926776136808 0.9945429209531875 0.9963765716433031 0.9976369228997541 0.9984864686033408 0.9990480362037879 0.9994120664537596 0.9996434822648801 0.9997877498272933 0.999875948989259 0.999928827633211 0.9999599173118104 0.9999778428504178 0.9999879784218525 0.9999935985250816 0.9999966545744079 0.999998284232224 0.9999991364536893 0.9999995735010254 0.9999997932993776 0.9999999017021315 0.999999954131679 0.9999999789991598 0.9999999905658032 0.9999999958417787 0.9999999982018113 0.9999999992370798 0.9999999996824365 0.9999999998703173
1.4879928687645727e-14 4.39440917842292e-14 1.2724930402244923e-13 3.6130221163396285e-13 1.0058920368896508e-12 2.7460169230678033e-12 7.350755546817016e-12 1.9294958349481878e-11 4.966441340927679e-11 1.253554582069514e-10 3.102736747483062e-10 7.531093613313799e-10 1.7926303702612729e-9 4.1845781643688984e-9 9.57965844933193e-9 2.150777678377768e-8 4.735856559677648e-8 1.0227514969614499e-7 2.1663171618570195e-7 4.500563012167093e-7 9.17102669709695e-7 1.8331150411731192e-6 3.594160768714225e-6 6.912860036203228e-6 0.000013043321350581641 0.000024143920506358196 0.00004384670962546055 0.00007812641164395977 0.0001365885132272124 0.00023432120932377832 0.00039447359841859636 0.000651723408979991 0.0010567698483885078 0.0016819176384250424 0.002627694577180867 0.00403025923308594 0.006069108985226111 0.008974306922896264 0.013032142207453832 0.018587874277157107 0.026044054101904 0.03585293956706722 0.04850179330767415 0.0644904104441662 0.08430106690043966 0.10836214419803454 0.13700784906878333 0.17043752807359275 0.20867887254729336 0.2515596208492443 0.29869204946990857 0.3494735517140221 0.4031050012315248 0.45862657812480473 0.5149685856121868 0.5710128418153766 0.6256588157104517 0.6778880306475433 0.7268204953356917 0.7717579995709984 0.8122108442855588 0.8479066709829439 0.8787821764556112 0.9049603268678779 0.9267169799557706 0.9444414580321536 0.9585955840790483 0.9696751026582473 0.9781764339827008 0.984570560247479 0.9892847133042781 0.9926915737664792 0.9951049953953583 0.9967808650305299 0.9979215755077492 0.9986826703601015 0.9991804421530242 0.999499559133047 0.999700097587348 0.9998236278939142 0.9998982173547103 0.9999423651981991 0.999967978736926 0.9999825453210658 0.9999906656550412 0.999995102947733 0.9999974797347149 0.999998727665288 0.9999993699366414 0.999999693958735 0.999999854194191 0.9999999318672704 0.9999999687744037 0.9999999859644862 0.9999999938127477 0.9999999973250895 0.9999999988658954 0.9999999995284578 0.9999999998077336 0.9999999999231235
8.149100319960598e-15 2.4629978719087643e-14 7.295835581307319e-14 2.1181060851773118e-13 6.026807903404212e-13 1.6807361754045646e-12 4.5939915505217094e-12 1.2307376724256262e-11 3.231707261356775e-11 8.317574185981176e-11 2.0982963917737523e-10 5.188600449538961e-10 1.2576363882110415e-9 2.9880657988862215e-9 6.959285916603411e-9 1.588870530165264e-8 3.556084928360285e-8 7.802372513042302e-8 1.6782786801125774e-7 3.5391340556628566e-7 7.317101168906834e-7 1.4832171485789915e-6 2.9478786562710512e-6 5.744739455501679e-6 0.000010977535637184851 0.000020569911528540825 0.00003779843183698732 0.0000681163382271113 0.0001203896350609683 0.00020869560136622513 0.00035485599051781626 0.000591883545738009 0.0009684984485529958 0.0015548062827539099 0.0024491067106787666 0.0037856121731967437 0.005742597674974403 0.008550190090448582 0.012496671906740375 0.01793187473369119 0.025266045509831345 0.03496256565236028 0.047523166680386926 0.06346486467417702 0.08328873191245802 0.10744177394322951 0.13627445004351382 0.16999756899091556 0.208643180644186 0.2520344455448628 0.2997691362807884 0.35122034673773156 0.4055562339661636 0.46177840523557584 0.5187762127599312 0.5753921072416779 0.6304916864039868 0.6830314211105568 0.7321173657047584 0.7770494030958651 0.8173475196971132 0.8527589168431378 0.8832470650081949 0.9089657463413985 0.9302224544945387 0.9474361048769653 0.961093868598659 0.9717112117596266 0.9797981057051193 0.9858331055986065 0.9902457852773081 0.9934070229276262 0.9956259421156755 0.9971519452012843 0.998180195661131 0.9988590427743872 0.9992981540493064 0.999576449904337 0.9997492597212324 0.9998543976919112 0.9999170706601116 0.9999536748174938 0.9999746212480147 0.9999863653301857 0.9999928167835714 0.9999962891492487 0.9999981202942505 0.9999990664211449 0.9999995453879228 0.9999997829574452 0.999999898410484 0.9999999533834665 0.9999999790296354 0.9999999907522623 0.9999999960022297 0.9999999983058848 0.9999999992962777 0.9999999997134608 0.9999999998856377 0.9999999999552607
4.374462574113223e-15 1.3541810047667897e-14 4.1065751555840863e-14 1.2199413561102226e-13 3.55025540178495e-13 1.0121557162905317e-12 2.826884695654068e-12 7.734783220902486e-12 2.0733570663317805e-11 5.4449381363397796e-11 1.4009159773284192e-10 3.531338500321426e-10 8.721336321534947e-10 2.1103376754704673e-9 5.003287484880829e-9 1.1622605485106306e-8 2.645493221797824e-8 5.900328681460542e-8 1.2895084134856158e-7 2.7616168389344667e-7 5.795723548113211e-7 1.1919872089234054e-6 2.4025419034031203e-6 4.745944859394972e-6 9.188505950990248e-6 0.000017436412708809606 0.00003243250122173487 0.00005913403357821219 0.00010569460830163569 0.0001852051026863738 0.0003181753777585567 0.0005359507120690814 0.0008852412618134192 0.0014338832257603225 0.00227783040101612 0.0035491817094319383 0.005424780599633374 0.00813458819005624 0.011968667126659104 0.01728127502428864 0.024490334465749823 0.03407051269493347 0.04653839574166949 0.062428838868319646 0.08226252618651785 0.106506013372592 0.13552691460369617 0.16954821320319236 0.2086066689784549 0.25252071436214985 0.3008728903026267 0.35301070231259196 0.4080678597757157 0.4650054360144327 0.5226699151951654 0.5798627969982522 0.6354148091518612 0.6882571216647339 0.7374823842436247 0.7823898420596231 0.8225109668251716 0.8576145884535891 0.8876930030737284 0.9129325843121123 0.9336737675955231 0.9503657949478621 0.9635213390015105 0.973675234700577 0.9813502762184133 0.987031644081467 0.9911502403220448 0.9940741883442157 0.9961070797838653 0.9974912287218196 0.9984141731359205 0.9990168608514163 0.9994022799141862 0.9996436581372672 0.9997917008412396 0.9998806209415236 0.9999329251789172 0.9999630550853663 0.9999800524915392 0.9999894430509293 0.999994523758484 0.999997215794306 0.9999986126815583 0.9999993225301662 0.9999996757897525 0.9999998479551994 0.9999999301268152 0.9999999685347921 0.9999999861158411 0.9999999939970321 0.9999999974569247 0.999999998944425 0.9999999995707146 0.9999999998289506 0.9999999999332261 0.9999999999744615
2.2995694543930355e-15 7.297179679310402e-15 2.267262219022358e-14 6.897501075983824e-14 2.0546152160237195e-13 5.99271456163228e-13 1.7115005174483435e-12 4.786269402834825e-12 1.3106616013053705e-11 3.514506842007063e-11 9.22839238031172e-11 2.3729219563198276e-10 5.975097277647197e-10 1.4733961132993573e-9 3.5580866479531836e-9 8.414843164567402e-9 1.949030934893493e-8 4.421259806380568e-8 9.822908483137552e-8 2.137538309741331e-7 4.5559752376862606e-7 9.511681853678166e-7 1.9451707698759818e-6 3.896724744631615e-6 7.647186763004338e-6 0.000014702237630277175 0.000027692763204499123 0.00005110616463277029 0.00009241220231500356 0.0001637424642479557 0.0002843141619406823 0.0004838074216304606 0.0008068965826115277 0.0013190827889118 0.002113858730313614 0.0033210411592393993 0.0051158263315259425 0.007727767727551275 0.011448477417331293 0.016636472501252858 0.02371731202582354 0.033177099606905104 0.04554766255866861 0.06138233190739791 0.08122225569077432 0.10555451705221791 0.13476484454947918 0.16908915855139608 0.208569308980664 0.25301884465329155 0.3020043011980811 0.35484622207955263 0.41064202615973666 0.46831017284386345 0.5266522596496115 0.5844271905854794 0.640429820447425 0.6935658278020738 0.7429151194055331 0.7877777187085702 0.8276985378751648 0.8624702402585223 0.8921160936160806 0.9168568769228116 0.9370672539649185 0.9532274587352303 0.9658757182851111 0.9755657709058031 0.9828323992652693 0.9881663770282425 0.9919988656895824 0.9946942579144389 0.9965498156258249 0.9978001850655478 0.9986249185172881 0.999157394753645 0.9994939049255558 0.9997020698205101 0.9998281155393809 0.9999028223167121 0.9999461637413158 0.9999707763484709 0.999984457520253 0.9999919014144211 0.9999958659131323 0.999997932661233 0.9999989872860002 0.9999995140541582 0.999999771598593 0.9999998948511408 0.9999999525876734 0.999999979061488 0.9999999909435919 0.9999999961637198 0.9999999984085315 0.9999999993534396 0.9999999997427627 0.999999999899778 0.9999999999617625 0.9999999999857142
1.1826392125441714e-15 3.850286297662482e-15 1.2267371779003761e-14 3.825013172422729e-14 1.1671929878431835e-13 3.4856714264763993e-13 1.0187562653344376e-12 2.914073972864124e-12 8.158005759187792e-12 2.235258263946457e-11 5.99431004617247e-11 1.5733540424403788e-10 4.0420151636565734e-10 1.01639521720586e-9 2.5016700052171432e-9 6.027126557174537e-9 1.421393371578294e-8 3.281356869427473e-8 7.41549495094772e-8 1.6405423921867001e-7 3.553116607016918e-7 7.533923526081175e-7 1.56400754460705e-6 3.1789207954767604e-6 6.326484414460586e-6 0.000012328411564793433 0.000023525312365830907 0.00004396131134971898 0.00008045223594972517 0.00014419998254812174 0.0002531521321847798 0.0004353309102275488 0.0007333546094031528 0.0012103287900672105 0.0019571729877557093 0.0031012525822314615 0.004815895034264664 0.007329991997516373 0.01093645605649627 0.01599787563546049 0.022947386416373564 0.032282665313666185 0.04455116750565055 0.060325354541590964 0.08016772850022692 0.10458693157006574 0.13398782733828424 0.16862008988759394 0.20853107073825372 0.25352927424575666 0.3031644075908889 0.3567285871488861 0.41328097812886666 0.4716952189767695 0.5307258948576912 0.5890876075120538 0.6455383363153875 0.6989581452274584 0.74841498439362 0.793211231327295 0.8329073592174439 0.8673222107664336 0.8965122640533896 0.9207345486014937 0.940399212814624 0.9560180673365533 0.9681548346976853 0.9773815701388743 0.9842441007050953 0.9892376769693707 0.9927926003246761 0.9952685393381114 0.9969556391516767 0.9980803288839298 0.9988138553472312 0.9992819028470397 0.9995740859811441 0.9997525338679456 0.999859158785807 0.9999214887711462 0.9999571360459986 0.9999770816236537 0.9999879999948493 0.9999938473573944 0.9999969111057772 0.9999984816025616 0.9999992692137312 0.9999996556496746 0.9999998411454272 0.999999928258073 0.9999999682819535 0.999999986272647 0.9999999941843014 0.999999997588206 0.9999999990209814 0.9999999996110049 0.999999999848717 0.9999999999424136 0.9999999999785452 0.9999999999921765
5.944207580142305e-16 1.9872870218141073e-15 6.4985514581843e-15 2.0785814718536327e-14 6.503056510472707e-14 1.990094728939473e-13 5.957194653199195e-13 1.7443276586679458e-12 4.9961947234669866e-12 1.3998542772725854e-11 3.836772732115123e-11 1.0287198964734406e-10 2.6982647261606966e-10 6.923686337160818e-10 1.738061971732079e-9 4.268530823402607e-9 1.0256231019738712e-8 2.411043343137329e-8 5.545523120847001e-8 1.2479971354832982e-7 2.748099425117043e-7 5.921262507003156e-7 1.2484626597846273e-6 2.5759280711257785e-6 5.201250036969727e-6 0.000010278220057086327 0.000019878619868830468 0.00003763018949560567 0.0000697258963490984 0.00012646988982408156 0.00022456687028880006 0.00039039346957987775 0.00066449760188215 0.0011075344256615378 0.0018077422184270937 0.0028898660115558757 0.004525137487854267 0.006941520103171452 0.010432959314758983 0.015365903755159381 0.02218098336680572 0.031387569626324295 0.04354913043052509 0.059257930474287075 0.0790987554218041 0.1036028954957512 0.13319543548446805 0.1681406783761717 0.20849192291567495 0.25405246270941007 0.30435430009367875 0.35865956069648325 0.41598706343959607 0.4751632828585352 0.5348935531670176 0.593846404688808 0.6507419448223408 0.7044345780182288 0.7539812227353081 0.7986883598939338 0.8381343200685759 0.8721666167492542 0.9008772673845562 0.9245614200976587 0.943665921392596 0.9587346490425968 0.9703566385169209 0.9791215468279193 0.9855851884777448 0.9902460923458991 0.9935325344711308 0.9957984555825404 0.9973261149296088 0.9983332116473094 0.9989824119975956 0.9993916247872262 0.9996438465297917 0.9997958588175682 0.9998854443127145 0.9999370692468261 0.9999661592727987 0.9999821877207533 0.9999908235008275 0.9999953731131489 0.9999977168556691 0.9999988974700538 0.9999994789957077 0.999999759082284 0.9999998909924575 0.9999999517397378 0.9999999790948124 0.9999999911399416 0.9999999963261204 0.9999999985095837 0.9999999994084741 0.9999999997703253 0.9999999999127598 0.9999999999675828 0.9999999999882163 0.9999999999958099
2.9167333080600217e-16 1.0023095058026524e-15 3.36712731526718e-15 1.1057959928506377e-14 3.550207805310187e-14 1.1142987111346222e-13 3.4192014999250434e-13 1.0257214594576104e-12 3.008310789986573e-12 8.626044717607575e-12 2.4182662231980246e-11 6.628389671476961e-11 1.7763644889916863e-10 4.6546326208168207e-10 1.1925531263469536e-9 2.987579102349679e-9 7.318489791401624e-9 1.7530555434144984e-8 4.106337055600494e-8 9.40614483372201e-8 2.1070811629308172e-7 4.6161384316814894e-7 9.890560260016914e-7 2.07264662067827e-6 4.248259918895263e-6 8.517241917111169e-6 0.000016703644753264805 0.00003204586089802661 0.00006014605412131029 0.00011044475468472956 0.0001984341837272442 0.00034886282495159783 0.0006002000916400364 0.001010602203662358 0.001665522804800538 0.002686918685741732 0.0042436940751849565 0.006562605903528837 0.009938345631987661 0.014740986706725448 0.021418546402016424 0.030492194126346434 0.042541791881458055 0.0581800975283147 0.07801515068742694 0.10260203936377046 0.13238722593302057 0.16765058074997863 0.20845183266875597 0.2545888927186023 0.30557512456045555 0.3606409928804625 0.41876273813911136 0.4787171825944664 0.5391580519790096 0.5987059732558256 0.656042197662944 0.7099955156763772 0.7596128928417567 0.804206851112889 0.8433760611729153 0.8769993481466829 0.9052066846246027 0.9283332181685376 0.9468636501515614 0.9613743072043922 0.9724792195029407 0.9807847943636512 0.9868556619054434 0.991192351121553 0.994219907998315 0.9962855391452606 0.9976628744252296 0.998560412721593 0.999132013358209 0.9994877747366263 0.9997041717455999 0.9998328099726941 0.9999075434436869 0.9999499747647127 0.9999735189799874 0.9999862865465136 0.9999930529556623 0.9999965575242957 0.9999983314566111 0.9999992089940478 0.9999996332425943 0.9999998336903253 0.9999999262470476 0.9999999680147702 0.9999999864351932 0.999999994374532 0.9999999977187531 0.9999999990954285 0.9999999996492805 0.9999999998670426 0.9999999999507176 0.9999999999821396 0.9999999999936715 0.9999999999978078
1.3955864912349797e-16 4.934386271282557e-16 1.7045766895028038e-15 5.753236449268716e-15 1.897255072142909e-14 6.113119554339582e-14 1.9245530808502704e-13 5.920157397026635e-13 1.7794256982723026e-12 5.226091394215044e-12 1.4997967321597e-11 4.2058546000370456e-11 1.1525273658144069e-10 3.086260712542445e-10 8.076220486265996e-10 2.065324850414366e-9 5.1616002265936665e-9 1.2606892246415275e-8 3.0093458581726575e-8 7.020857226372849e-8 1.6009460991559e-7 3.5681854505212196e-7 7.773543355659116e-7 1.6554251673966168e-6 3.446183577448052e-6 7.013366182590139e-6 0.000013953927711662318 0.000027143928793267747 0.000051627571804015004 0.00009601789011667777 0.0001746285642700626 0.0003106025567006212 0.0005403291490549917 0.000919423932679361 0.0015304580876542217 0.002492434287138849 0.00397169373309325 0.006193496886486457 0.009452974699036516 0.014123564428961484 0.02066053708649065 0.029596943058427933 0.04152941439495168 0.057091908900223004 0.07691673272164469 0.10158398568390797 0.13156273940647067 0.16714943851801528 0.20841076555281027 0.2551390715176139 0.3068280855831945 0.3626748261033995 0.4216105724385398 0.48235985055755787 0.5435222949789911 0.6036687347664682 0.6614406007258242 0.7156412189877702 0.7653088515115194 0.8097642028546266 0.8486289635901203 0.8818160638380004 0.9094959287277422 0.9320455870621284 0.9499886796298063 0.9639342393609561 0.9745208249175865 0.9823705992034895 0.9880557201511715 0.9920773631399484 0.9948561073521932 0.9967314250873152 0.9979676069440698 0.9987635299625203 0.9992640724403854 0.9995715348076029 0.9997560041180502 0.9998641070290484 0.999925984383195 0.9999605788895305 0.9999794702645431 0.9999895465625289 0.9999947960802725 0.9999974673562355 0.9999987950533646 0.9999994396086235 0.9999997452429595 0.9999998867978711 0.9999999508345088 0.9999999791297136 0.9999999913414626 0.9999999964892851 0.9999999986088655 0.9999999994612916 0.9999999997961371 0.9999999999246101 0.9999999999727562 0.9999999999903796 0.9999999999966804 0.9999999999988807
6.503381905005528e-17 2.3683236589572046e-16 8.421609688656529e-16 2.9241976693938437e-15 9.914743654942122e-15 3.2826553683054734e-14 1.061315106618125e-13 3.350774688107125e-13 1.0330821979661181e-12 3.110431591906461e-12 9.14556089229519e-12 2.6261057683736422e-11 7.364360307529858e-11 2.016917390632125e-10 5.394874856014704e-10 1.409371161716904e-9 3.596096911494815e-9 8.962133559032064e-9 2.1816159446393126e-8 5.18735288307781e-8 1.204837896501078e-7 2.7336478985787043e-7 6.059051346225861e-7 1.3119976209167109e-6 2.775539971865417e-6 5.736792816363231e-6 0.000011585666129241746 0.000022862715943819345 0.00004408760242066589 0.00008308376546015951 0.0001530236696830818 0.0002754725652677563 0.00048474470885553634 0.000833880772629353 0.0014024780336614208 0.0023064221938738074 0.00370925287203214 0.005834432967098583 0.00897720643897828 0.013514086431942459 0.01990743521140052 0.028702244226817587 0.040512283846468364 0.05599343450854952 0.07580332499104935 0.10054834898306819 0.13072149972421362 0.16663687712099118 0.20836868542394427 0.2557035324986978 0.30811445025391215 0.3647631006476968 0.42453325693372546 0.4860943381291508 0.5479892731087416 0.6087371366427446 0.6669386035345203 0.7213718045989204 0.7710677363419967 0.8153576480457247 0.8538891377140654 0.8866121884637091 0.9137402501903295 0.9356941019452735 0.9530373191057175 0.9664117575853111 0.976479877975936 0.9838784545931656 0.9891857696392278 0.9929022210723296 0.9954426610454347 0.9971378428288559 0.9982420497343611 0.9989441699252126 0.9993799820054203 0.9996440488287068 0.9998002395272645 0.9998904222238241 0.999941251972554 0.9999692185535772 0.9999842391586398 0.9999921143675907 0.9999961449083667 0.9999981585913261 0.9999991406679614 0.9999996082158881 0.9999998255026805 0.9999999240777113 0.999999967731996 0.9999999866037884 0.9999999945676867 0.9999999978483716 0.9999999991676287 0.9999999996854987 0.9999999998839426 0.9999999999581729 0.999999999985278 0.9999999999949395 0.9999999999983012 0.9999999999994431
2.947650842409719e-17 1.1068279697778252e-16 4.055758117351681e-16 1.450297636965241e-15 5.06105470577301e-15 1.723572905475226e-14 5.728346576658817e-14 1.858003534653822e-13 5.881504213296333e-13 1.817030974075119e-12 5.478682688424385e-12 1.6122715838291127e-11 4.630813988439033e-11 1.298204070726564e-10 3.5522629100989575e-10 9.487557170489427e-10 2.473444986241219e-9 6.294493592553155e-9 1.5636624705167554e-8 3.791951784380093e-8 8.977079590180194e-8 2.074797948088448e-7 4.68168504185989e-7 1.0314132831382648e-6 2.218642469923234e-6 4.660017123401499e-6 9.557769371941058e-6 0.000019143423298170847 0.000037445874829218024 0.00007153841861384903 0.00013349282543371484 0.0002433295785290615 0.00043329995636546956 0.0007538433523002686 0.0012814989573302494 0.0021288767530928537 0.0034564742693644233 0.005485645210963548 0.008511399882133877 0.012913011170849132 0.01915973891504529 0.02780854988944184 0.03949071086430993 0.05488476244231437 0.07467475694336478 0.09949473588333906 0.12986301309354242 0.16611250503077418 0.20832555433297298 0.25628283690290343 0.3094355522156939 0.3669079607139754 0.4275336091933766 0.48992382056207434 0.5525620652270439 0.6139136468060925 0.672537587449374 0.7271872282182323 0.7768879470182369 0.8209841380682884 0.8591524126707222 0.8913829105006107 0.9179347445385555 0.9392742844237647 0.9560059270718703 0.9688043099802214 0.9783549965673517 0.9853080736945325 0.9902464302330486 0.9936681998045027 0.9959812336159704 0.9975066067197733 0.9984879773280271 0.9991039378022945 0.999481106335446 0.9997064165310265 0.9998377238676375 0.999912379033919 0.9999537879095721 0.9999761952171258 0.9999880242310792 0.9999941163729913 0.999997177307529 0.9999986776852222 0.9999993951649663 0.9999997298845638 0.9999998822249478 0.9999999498661506 0.9999999791663059 0.9999999915483061 0.9999999966530497 0.9999999987061928 0.9999999995118063 0.9999999998201934 0.9999999999353604 0.999999999977319 0.9999999999922324 0.9999999999974036 0.999999999999153 0.9999999999997303
1.2976662263226678e-17 5.0300284464138894e-17 1.9014771920069823e-16 7.010200124986975e-16 2.520542336055925e-15 8.838688758628368e-15 3.022861611587258e-14 1.0083050533519768e-13 3.280317927895939e-13 1.0408729537549857e-12 3.2214042591775233e-12 9.724490598439941e-12 2.8633309811471253e-11 8.223729181486188e-11 2.3039269892228344e-10 6.296251413218471e-10 1.6784961115551548e-9 4.3651163321839155e-9 1.1074436524323617e-8 2.7410177342419672e-8 6.618834432166246e-8 1.5593616117622248e-7 3.5844721391291457e-7 8.039617074075711e-7 1.7595333537070246e-6 3.757798106534998e-6 7.831893543385322e-6 0.00001593026711118808 0.000031624962516007314 0.00006127986441798753 0.00011590954277177676 0.00021402769977069003 0.00038584177589701915 0.0006791719589988568 0.001167423305351585 0.0019597765841312996 0.003213445942359343 0.005147354483489981 0.008055911929374666 0.012320805304665288 0.018417964725907197 0.026916337643133694 0.038465032306978265 0.05376600051623091 0.07353086504482075 0.09842274522169743 0.12898676737173279 0.16557591278939696 0.20828133241128588 0.2568775756549437 0.31079279602855703 0.3691116608950246 0.43061458073515224 0.4938516019524377 0.5572438383954342 0.6192007473763147 0.6782388525064749 0.7330872663458888 0.7827676254568061 0.8266403257468321 0.864414326267535 0.896123181816586 0.9220743619175643 0.9427816202971893 0.9588909335543712 0.971109503225016 0.9801450120526093 0.9866594018859869 0.9912385399573969 0.9943767541189306 0.9964736180021543 0.9978396054217555 0.998707190219541 0.9992444272186227 0.9995687732697391 0.9997596882491364 0.9998692502750544 0.9999305514403795 0.9999639914196945 0.999981776336103 0.999990998358627 0.9999956605383749 0.9999979584868881 0.9999990627688531 0.9999995801469375 0.9999998164799538 0.9999999217316355 0.9999999674322375 0.999999986778763 0.9999999947637125 0.999999997976851 0.9999999992374438 0.9999999997196225 0.9999999998994389 0.9999999999648179 0.9999999999879937 0.9999999999960035 0.9999999999987024 0.9999999999995891 0.9999999999998731
5.5406072901658224e-18 2.2197034652465208e-17 8.66683446139104e-17 3.298066503830858e-16 1.2231997714938104e-15 4.4216104134633696e-15 1.5578119176409676e-14 5.3494331133112563e-14 1.790464903324483e-13 5.841127877269508e-13 1.8574129152840613e-12 5.75717640722695e-12 1.739438007803823e-11 5.122905002820616e-11 1.4707599156352177e-10 4.1161982397226285e-10 1.1230301250399214e-9 2.987029848302813e-9 7.745581422548895e-9 1.958163757209849e-8 4.8265828629099756e-8 1.1599591093029747e-7 2.718162191443693e-7 6.210932481703511e-7 1.3839088165536472e-6 3.0071112238116356e-6 6.372455200573424e-6 0.000013170592641342035 0.000026550532497248656 0.000052208494894584276 0.00010014804899725371 0.00018741899382213395 0.00034221126211647456 0.0006097168051997937 0.0010601395117326928 0.0017990839211452418 0.0029802400081574898 0.004819770026791752 0.007611095998502509 0.011737942829101641 0.017682647516486506 0.026026111292141545 0.03743561280369479 0.05263727793940704 0.07237149392524568 0.09733196821749591 0.12809223129865796 0.1650266719829208 0.20823597774794492 0.2574883713445426 0.3121876618786364 0.371376573120647 0.4337792644107674 0.49788112030196335 0.5620378477166207 0.6246009273186122 0.6840436027592048 0.7390714964344088 0.7887046347927367 0.8323225480227125 0.869670115694316 0.9008277189547647 0.9261539190087422 0.9462115796829486 0.9616888642780718 0.9733251260405905 0.9818489879109259 0.9879326279805342 0.9921631580474246 0.9950295145397663 0.9969217263055885 0.9981387901643684 0.9989015030044234 0.9993672100239479 0.9996442666327557 0.9998048602259744 0.9998955570028553 0.9999454637648574 0.9999722203569097 0.9999861971014177 0.999993310629345 0.9999968381356509 0.999998542467881 0.9999993447818811 0.9999997127736406 0.9999998772242089 0.9999999488280262 0.9999999792047153 0.9999999917606227 0.999999996817229 0.9999999988013741 0.9999999995599361 0.9999999998424969 0.9999999999450468 0.9999999999813098 0.9999999999938035 0.9999999999979975 0.9999999999993692 0.9999999999998064 0.999999999999942
2.2907339902157405e-18 9.497222602450734e-18 3.834864115120942e-17 1.50813493710454e-16 5.7766097935327085e-16 2.15503607427227e-15 7.830529870902077e-15 2.7713388611868105e-14 9.553382462103209e-14 3.207756198650445e-13 1.0491323026611878e-12 3.3423539775229143e-12 1.0372346089392807e-11 3.135549095227937e-11 9.233632085606777e-11 2.648895774066641e-10 7.402906241953487e-10 2.015567004711273e-9 5.346422338844194e-9 1.3817029858095816e-8 3.479100468231919e-8 8.53565131265242e-8 2.0405236047254718e-7 4.753363965263668e-7 1.0790355565059592e-6 2.387086258549761e-6 5.146623815851705e-6 0.00001081496279203373 0.00002215157106427628 0.00004422746680264306 0.00008608382517500619 0.00016335410810380043 0.0003022442944508614 0.0005453183767147957 0.0009595219323193342 0.0016467440056309958 0.0027569115392457213 0.004503087967098757 0.007177300548964424 0.011164904072615169 0.016954340354855702 0.025138401690771025 0.03640284635703133 0.05149874710450936 0.07119649764115318 0.09622198869463833 0.1271788536995244 0.1644643341450292 0.20818944625721597 0.2581158803680498 0.31362171066215483 0.3737051941118915 0.4370309022216927 0.5020159526478446 0.5669474356421214 0.6301166739047335 0.6899529299771835 0.7451392753812291 0.7946965372109922 0.8380268084420717 0.8749147092063574 0.9054910064211157 0.9301681135099622 0.949559639631127 0.9643963666478915 0.9754491734013208 0.9834662379766566 0.98912819408704 0.9930215661068558 0.995628281225587 0.997327578939845 0.9984061619661244 0.9990727321210391 0.9994738262360215 0.9997088191803926 0.9998428706030118 0.9999173259797249 0.9999575910718712 0.9999787927033745 0.9999896624088398 0.9999950883382013 0.9999977255093359 0.9999989734969128 0.9999995485261569 0.9999998065009494 0.9999999191875375 0.9999999671139309 0.9999999869604697 0.999999994962538 0.999999998103966 0.9999999993047346 0.9999999997516227 0.9999999999135594 0.9999999999706941 0.9999999999903213 0.9999999999968863 0.9999999999990242 0.9999999999997021 0.9999999999999114 0.9999999999999744
9.155569975332937e-19 3.933463781324746e-18 1.6447046823393255e-17 6.693129050071739e-17 2.650969669395575e-16 1.0219290043550327e-15 3.834277676061106e-15 1.4002323282223182e-14 4.9771138895384443e-14 1.7219623951414742e-13 5.798911562126195e-13 1.9008799125379718e-12 6.0653718192347485e-12 1.8839288468601028e-11 5.6962138799370965e-11 1.6766171420463677e-10 4.804179116378452e-10 1.3401543677968355e-9 3.6396060116099352e-9 9.623485064925799e-9 2.4774474219407867e-8 6.209939435766135e-8 1.515650955032257e-7 3.6021303349860336e-7 8.336602076532803e-7 1.8789312596483253e-6 4.124293094966846e-6 8.817220368568115e-6 0.000018360583253786445 0.000037243071809303725 0.00007359414602697538 0.00014168292452034994 0.0002657721737378108 0.0004858078663612248 0.0008654308674297135 0.0015026845401408299 0.0025434974243760794 0.004197489756905238 0.006754867480802947 0.010602174543995035 0.016233614239617097 0.024253767549577115 0.035367158005791474 0.0503505855045804 0.07000574106806143 0.09509238336627346 0.12624606265751478 0.16388842958478206 0.208141691535655 0.2587607952455875 0.3150965894788859 0.3761001533865026 0.44037289358719806 0.506259820231064 0.5719760306529691 0.6357504628386088 0.6959677955460299 0.7512897162552177 0.8007405706403643 0.8437487596129141 0.8801427190538378 0.9101073022738524 0.9341115414183379 0.9528213093334411 0.9670102374799825 0.9774798712799844 0.984996343970534 0.9902468038234804 0.9938152671624403 0.9961750158171894 0.9976932921946786 0.9986437579415153 0.9992226833602764 0.9995657742950708 0.9997636061878243 0.9998745961662391 0.9999351820689989 0.9999673601182215 0.9999839884279619 0.9999923490139426 0.999996439034565 0.9999983858034436 0.9999992873815473 0.9999996936305661 0.9999998717376717 0.9999999477125583 0.9999999792450804 0.9999999919785608 0.9999999969816156 0.9999999988942105 0.9999999996056048 0.9999999998630573 0.9999999999537106 0.9999999999847684 0.999999999995121 0.9999999999984788 0.9999999999995383 0.9999999999998637 0.9999999999999607 0.999999999999989
3.5311115731265016e-19 1.5742860859696696e-18 6.825869515710865e-18 2.87832577684133e-17 1.1804168168880206e-16 4.708151911268987e-16 1.826382329035997e-15 6.890741610020547e-15 2.5286025212102137e-14 9.024917329859672e-14 3.133012765522465e-13 1.0579035493268695e-12 3.474595268884155e-12 1.1100600486485533e-11 3.449715865444784e-11 1.042859960254004e-10 3.066807016772763e-10 8.773593265447099e-10 2.44181555083273e-9 6.611610044948822e-9 1.7417122992547697e-8 4.464135874607583e-8 1.1132904478816353e-7 2.701527452317555e-7 6.379129644822977e-7 1.4658437477729667e-6 3.2780316014047894e-6 7.134522977833129e-6 0.000015113763145778422 0.0000311650844963974 0.00006255861624006757 0.00012225523727126553 0.00023262231933836544 0.00043100769640721105 0.0007777126813021644 0.001366815215339795 0.0023400152463378394 0.0039031405575904775 0.006344130404561925 0.010050243619649648 0.015521057702588862 0.023372796192865527 0.0343290055452442 0.04919299778480647 0.06879910143427331 0.0939427221908197 0.12529326465632035 0.16329846613244994 0.20809266470777454 0.2594238471306954 0.3166140375735206 0.3785642218611528 0.4438088040865543 0.5106165936671304 0.5771271452030666 0.6415047468798529 0.7020890104000466 0.7575216631618662 0.8068336243484454 0.8494836858213906 0.8853484359582031 0.9146706463373347 0.9379787173559868 0.9559921580047508 0.9695274523736327 0.9794157016653378 0.9864391719956156 0.9912894285783063 0.9945459824129605 0.9966718311765247 0.998021064280683 0.9988536368459373 0.9993531393267723 0.9996445017955053 0.9998097397953987 0.9999008499048262 0.999949693033783 0.9999751508184449 0.9999880516560988 0.9999944078235308 0.9999974525817354 0.9999988706276567 0.9999995127351324 0.9999997954216149 0.9999999164207256 0.9999999667753166 0.9999999871492862 0.9999999951640708 0.999999998229474 0.9999999993693638 0.9999999997814779 0.9999999999263389 0.9999999999758457 0.9999999999922953 0.9999999999976095 0.9999999999992786 0.9999999999997882 0.9999999999999396 0.9999999999999831 0.9999999999999954
1.3116626073824045e-19 6.077496922370366e-19 2.7364996194824727e-18 1.1974010720995375e-17 5.091706687264694e-17 2.104131148393473e-16 8.450345933048076e-16 3.298187707832327e-15 1.2510734299525542e-14 4.6121622770984227e-14 1.6525285725491677e-13 5.754727753797367e-13 1.947786458761624e-12 6.407794967935599e-12 2.048977477853325e-11 6.3685182239145e-11 1.9240853701892257e-10 5.650774177909717e-10 1.6132553172260156e-9 4.4773873970440705e-9 1.2080603602232931e-8 3.168926621216158e-8 8.081906897581108e-8 2.0040733135736964e-7 4.83206841334372e-7 1.132910605534305e-6 2.5830134885340232e-6 5.727350001010797e-6 0.000012351132394159662 0.00002590708343015179 0.000052859696992683475 0.00010492145077314679 0.00020261902384200809 0.0003807321321973656 0.0006962000268780074 0.0012390273233262197 0.0021464621895626104 0.003620187569984466 0.005945412779938166 0.009509603058545564 0.014817276262167332 0.02249610425346157 0.033288881300636224 0.048026217936627986 0.06757647000946794 0.09277256880930164 0.12431984369283137 0.16269392779681194 0.20804231425921274 0.26010580853130966 0.31817589276740843 0.38110032109998193 0.44734237469679794 0.515090298074695 0.5824043727982416 0.6473819427795634 0.7083172128083046 0.7638336641569449 0.8129722135013766 0.8552264860364833 0.8905258254754178 0.9191748713861326 0.9417640981748984 0.9590678454831976 0.971945196564939 0.9812554275419212 0.9877948876344973 0.9922573115085382 0.99521564548932 0.9971209789878956 0.998313159958242 0.9990378640414568 0.9994658470516553 0.9997113968615108 0.9998482642182724 0.9999223794230093 0.9999613701962147 0.9999812981831604 0.9999911930966866 0.9999959662733393 0.999998203190401 0.9999992216388769 0.9999996721183261 0.9999998656970293 0.9999999465110605 0.9999999792875545 0.9999999922022649 0.9999999971459776 0.9999999989844965 0.999999999648743 0.9999999998818934 0.9999999999613975 0.9999999999877359 0.9999999999962128 0.9999999999988632 0.9999999999996684 0.999999999999906 0.999999999999974 0.9999999999999931 0.9999999999999982
4.683061708635711e-20 2.2586369769455593e-19 1.0577500165954327e-18 4.8100026109231796e-18 2.123924961116121e-17 9.106906248155303e-17 3.7918139065975813e-16 1.5331145829884948e-15 6.0195091288028184e-15 2.2951668547555816e-14 8.498504649319208e-14 3.056009512508911e-13 1.0672354706498921e-12 3.619671918822415e-12 1.1923185048096642e-11 3.81452891694857e-11 1.185297344527978e-10 3.577375793928117e-10 1.0487372341031669e-9 2.9864051471335623e-9 8.26089013654732e-9 2.2198235379605564e-8 5.794851359787105e-8 1.469665987604266e-7 3.6213406519060825e-7 8.669982691890238e-7 2.0169304943540255e-6 4.559481514543451e-6 0.000010016644779497232 0.00002138674063111011 0.00004438321614347777 0.00008953329101106099 0.000175584261297525 0.0003347879883002635 0.0006207121840616073 0.001119193470809842 0.0019628139921693466 0.0033487583222919005 0.005559025922279413 0.008980745332690832 0.014122891708858361 0.021624338288650534 0.03224731394845672 0.046850511641532866 0.06633775396259686 0.09158148107523825 0.1233251603605638 0.16207427332668348 0.20799058585620664 0.2608074962630619 0.31978409842776845 0.3837115332633843 0.4509775315467962 0.5196851181076615 0.5878113840654664 0.6533844163223683 0.7146528438235397 0.7702239421268965 0.819152452782797 0.8609716575770905 0.8956685266280887 0.9236136176661311 0.945462110066331 0.9620441555542325 0.974260897046384 0.9829981174688627 0.989063969253393 0.9931519689624848 0.9958263940686019 0.9975248352340775 0.9985718938964303 0.9991984960963632 0.9995625059692952 0.9997677803292291 0.9998801519106395 0.9999398662271185 0.9999706697626576 0.9999860946760548 0.9999935926669001 0.9999971307417359 0.9999987513908357 0.99999947201823 0.9999997830697065 0.9999999134024133 0.9999999664144066 0.9999999873456169 0.999999995368195 0.9999999983531163 0.9999999994311966 0.9999999998091761 0.9999999999378186 0.9999999999803197 0.9999999999939504 0.9999999999981939 0.9999999999994763 0.9999999999998526 0.9999999999999596 0.9999999999999893 0.9999999999999972 0.9999999999999993
1.603560654203135e-20 8.063758879022412e-20 3.9341150604954917e-19 1.8621712411429877e-18 8.551871575825342e-18 3.8104654138235416e-17 1.6473157064967308e-16 6.909787139661919e-16 2.812218011524563e-15 1.1105489723541718e-14 4.255389042569469e-14 1.5822044382382336e-13 5.708437017799568e-13 1.9985418882104366e-12 6.7898711980630434e-12 2.238585069668719e-11 7.162453290268164e-11 2.2240234097308758e-10 6.702247002731599e-10 1.9602896286489546e-9 5.5648716410085634e-9 1.5333551997286996e-8 4.10111637740206e-8 1.0647646824714282e-7 2.6836112203863095e-7 6.566350083457629e-7 1.5598866990477123e-6 3.597949513139216e-6 8.058255039975185e-6 0.000017526075003605267 0.000037018855265278606 0.00007594452278480074 0.0001513385436187513 0.0002929754272628806 0.0005510555189997428 0.0010071674062827527 0.0017890239587377947 0.003088958926971985 0.00518526687765972 0.008464161761225917 0.013438541203030398 0.02075817529896954 0.031204870378271847 0.045666178771764786 0.06508287840487284 0.09036901168980202 0.12230855090482268 0.16143893466879408 0.20793742215004105 0.2615297746582696 0.32144071102656735 0.38640111181565634 0.45471839620698956 0.5244054028245229 0.5933519216452583 0.6595144652460188 0.7210961201924718 0.7766903635663323 0.82537002920306 0.8667132807658353 0.9007698532325342 0.9279803511373372 0.9490671793813245 0.9649170319531917 0.9764722556721539 0.9846431693396933 0.9902472190918019 0.9939751890224411 0.9963805587202252 0.997885883607835 0.9987996129512305 0.9993375652591885 0.9996447564782229 0.9998148988890048 0.9999063007566089 0.9999539258891814 0.9999779947702201 0.9999897929255561 0.9999954022525119 0.999997988950716 0.9999991459126053 0.9999996478280399 0.9999998590213574 0.9999999452135309 0.9999999793323071 0.9999999924318734 0.9999999973100573 0.9999999990720214 0.9999999996892892 0.9999999998990322 0.9999999999681578 0.9999999999902545 0.9999999999971055 0.9999999999991658 0.9999999999997666 0.9999999999999367 0.9999999999999833 0.9999999999999958 0.9999999999999989 0.9999999999999998
5.253787247998382e-21 2.759450766912277e-20 1.4049213210849973e-19 6.933718927076883e-19 3.31719761859081e-18 1.5384156459917138e-17 6.916397993494954e-17 3.014375262258319e-16 1.2736005669540537e-15 5.216698620762703e-15 2.0715399564950592e-14 7.975078517436268e-14 2.976667387562584e-13 1.0771832033050356e-12 3.779407102824713e-12 1.2857137177526743e-11 4.240956852020758e-11 1.3564249288936526e-10 4.2068238873887556e-10 1.2651876576585798e-9 3.6898962807090065e-9 1.0436377879124507e-8 2.8627346277932405e-8 7.616033240064037e-8 1.965239627072708e-7 4.918872115093522e-7 1.1942778720513627e-6 2.8129622900991154e-6 6.4279507812726084e-6 0.000014251665627770744 0.000030660606566193535 0.00006401166451534509 0.00012970181845491452 0.0002550888495965513 0.0004870240710611039 0.0009027839756713655 0.0016250220517833743 0.00284087232057037 0.004824416169208543 0.007960340436572974 0.012764876163470102 0.019898323129027156 0.03016215758594474 0.04447355605486795 0.0638117886349469 0.08913470895657823 0.12126932625106907 0.16078731531338816 0.20788276256499236 0.26227355905672567 0.323147908347069 0.38917249305530743 0.4585692965323297 0.5292556703148446 0.5990297937161517 0.6657742997855316 0.7276470045167495 0.783230405200219 0.8316201742738932 0.8724450049507109 0.9058227983928299 0.9322683858363783 0.9525737673406459 0.9676826169399535 0.9785772828977877 0.9861903328500405 0.9913457716957879 0.9947290268801225 0.9968806489071493 0.9982066969729747 0.9989986775968496 0.9994570640719201 0.9997141693082169 0.9998539193263621 0.99992753233733 0.999965109066833 0.9999836975943885 0.9999926087194481 0.9999967485402856 0.9999986123086237 0.9999994254453992 0.9999997692379627 0.9999999100988642 0.9999999660289471 0.9999999875498944 0.9999999955747665 0.9999999984746166 0.9999999994901019 0.9999999998347153 0.9999999999480469 0.9999999999841656 0.9999999999953205 0.9999999999986591 0.9999999999996274 0.9999999999998996 0.9999999999999738 0.9999999999999933 0.9999999999999984 0.9999999999999996 0.9999999999999999
1.6428665504377584e-21 9.029353318667568e-21 4.8061306345899907e-20 2.477563469391045e-19 1.236944891562431e-18 5.981066805280693e-18 2.801021611884522e-17 1.2704890735157586e-16 5.581483826571669e-16 2.374984205802585e-15 9.788421419193444e-15 3.9076402175623397e-14 1.5110406629881735e-13 5.659886594534404e-13 2.053621139617255e-12 7.218146950522388e-12 2.4577432377785624e-11 8.107112467877512e-11 2.590772433808067e-10 8.021235736502664e-10 2.4061294013060293e-9 6.9932718627819265e-9 1.969450420211198e-8 5.3744491518934016e-8 1.4212482223927733e-7 3.642316827245067e-7 9.04657531582391e-7 2.177803342010584e-6 5.0817468821029395e-6 0.000011494821288967158 0.000025207192742104433 0.000053594691560455354 0.00011049440040896062 0.00022091787195921707 0.0004284002730514015 0.0008058592210860828 0.0014707140815743446 0.002604556503141428 0.004476735419710475 0.007469763931812115 0.01210256092392315 0.01904552072682924 0.02911982458677045 0.04327301990855883 0.06252445260482976 0.08787811767213444 0.12020677100857194 0.16011878851813816 0.20782654306812182 0.2630398196074556 0.3249079984024977 0.39202930853731277 0.4625347780730594 0.5342406119862587 0.6048488659324157 0.6721660205623164 0.7343051724456122 0.7898411184211329 0.8378976357756234 0.8781600363385874 0.9108200426802828 0.9364709107633413 0.9559764087725158 0.9703372922663115 0.9805743317247737 0.9876397301460764 0.9923610992404116 0.9954157967864142 0.9973293361198265 0.9984899170476997 0.9991714427874374 0.9995589304059698 0.9997722359105885 0.9998859239798196 0.9999445912983101 0.9999739033371114 0.999988082943464 0.9999947242051801 0.9999977358600427 0.9999990581536444 0.9999996202601202 0.9999998516142079 0.9999999438083993 0.9999999793795267 0.9999999926675162 0.9999999974735674 0.9999999991565702 0.9999999997271923 0.9999999999145103 0.9999999999740459 0.9999999999923666 0.9999999999978251 0.9999999999993998 0.9999999999998395 0.9999999999999585 0.9999999999999896 0.9999999999999974 0.9999999999999993 0.9999999999999999 1.
4.88997812568244e-22 2.8178544229108907e-21 1.5710960723427753e-20 8.475498621193351e-20 4.42397017890119e-19 2.2343437262683e-18 1.0919065114175266e-17 5.1632817416092993e-17 2.362537671874112e-16 1.0460497398590394e-15 4.481828516896354e-15 1.8582178294383484e-14 7.455663084735702e-14 2.894906987394253e-13 1.0878093088301433e-12 3.955966795082458e-12 1.3923452721883827e-11 4.742958607104152e-11 1.5637756630626997e-10 4.99043069452167e-10 1.5415478545075973e-9 4.60945586938147e-9 1.3342453620247203e-8 3.738836425031289e-8 1.0143201792908229e-7 2.664259928060616e-7 6.775920938050298e-7 1.6687066717943597e-6 3.979642488485651e-6 9.191703221749634e-6 0.000020562442970245656 0.00004455771838915685 0.00009353792606236298 0.00019024838864160003 0.00037495580873284247 0.0007161906371213502 0.0013259810155138855 0.002380042796743216 0.0041424648582275205 0.006992906779510547 0.011452271133451345 0.018200538235095126 0.02807856433433582 0.042064989451704504 0.06122086362658258 0.08659878017066215 0.11912014245211612 0.15943269540005467 0.2077686959190751 0.2638295854141107 0.32672342913857855 0.39497539846263074 0.4666196160642401 0.539365096396049 0.6108130515250275 0.67869159351055 0.7410699766759808 0.7965190915422244 0.8441966494056179 0.8838511281543637 0.9157539665629802 0.9405810216958769 0.9592697549631954 0.9728777222715477 0.9824621313372319 0.9889918740762275 0.9932950132851703 0.9960380603589234 0.9977294341853746 0.9987382325453832 0.9993202385673134 0.9996450332164886 0.9998203600761912 0.9999119075074796 0.9999581458127694 0.9999807357800099 0.9999914112535839 0.9999962912157856 0.9999984489772162 0.9999993718629858 0.9999997536752911 0.9999999064703216 0.9999999656163735 0.9999999877625825 0.99999999578361 0.9999999985936823 0.9999999995459556 0.9999999998581051 0.9999999999570787 0.9999999999874338 0.9999999999964393 0.9999999999990234 0.9999999999997409 0.9999999999999334 0.9999999999999835 0.999999999999996 0.9999999999999991 0.9999999999999998 1. 1.
1.381441323183683e-22 8.3638229856299775e-22 4.894624091047555e-21 2.768737519572866e-20 1.5139038663714407e-19 8.001572960644176e-19 4.088084541282206e-18 2.0190127904563873e-17 9.639193325231092e-17 4.448697956398121e-16 1.984835249361041e-15 8.561001695370357e-15 3.569793892977626e-14 1.4390989705190882e-13 5.608908795291754e-13 2.1135781020872894e-12 7.700577396609922e-12 2.712733518788999e-11 9.240269399446816e-11 3.0434887785559497e-10 9.69360876496699e-10 2.9856883069862257e-9 8.893416153996082e-9 2.5620024609733575e-8 7.138396696896895e-8 1.9237891396669184e-7 5.015076898910688e-7 1.2647108496249812e-6 3.0855414119375515e-6 7.283398776602366e-6 0.000016635618602206147 0.000036769649521835825 0.00007865632186318884 0.00016286370943060962 0.00032645260991062187 0.0006335575986543678 0.0011906784297634092 0.0021673341455419872 0.0038218207217014443 0.006530232713751253 0.010814691875257331 0.01736417688485088 0.027039115627815212 0.0408499296962628 0.05990104334141106 0.0852962375433422 0.11800866948542393 0.1587283428841275 0.20770914939783774 0.2646439490606227 0.3285967989998849 0.39801482611666045 0.47082882799970305 0.5446341724884038 0.6169262992802895 0.6853528215027471 0.7479404075332965 0.803260409905096 0.8505109106682003 0.8895105737154582 0.9206166676938674 0.9445917583204291 0.9624486206364447 0.9753008987435052 0.9842398198300693 0.9902476834244298 0.9941496625179516 0.9965986110870358 0.9980838768687355 0.9989543560721381 0.9994473507837238 0.9997171593142724 0.9998598509650782 0.9999327750229967 0.9999687891072881 0.999985976227366 0.9999939023890468 0.9999974346413425 0.9999989557819703 0.9999995887995339 0.9999998433598944 0.9999999422822146 0.9999999794294225 0.9999999929093111 0.9999999976361904 0.9999999992379256 0.9999999997624126 0.9999999999283737 0.9999999999791201 0.9999999999941147 0.9999999999983961 0.9999999999995773 0.9999999999998923 0.9999999999999735 0.9999999999999937 0.9999999999999986 0.9999999999999997 1. 1. 1.
3.692590580512479e-23 2.3540840246069084e-22 1.4491218806273413e-21 8.613623214745547e-21 4.9439151835751603e-20 2.740102912201918e-19 1.4664942978599255e-18 7.579121284587535e-18 3.782597107853539e-17 1.8230657181003972e-16 8.485244286246995e-16 3.8140422945734285e-15 1.6556774821008815e-14 6.941377773851154e-14 2.8106493162152626e-13 1.0991850589344566e-12 4.1519406286785955e-12 1.5148218095027368e-11 5.33847267371591e-11 1.8173294091372833e-10 5.976250334083271e-10 1.8985459525139737e-9 5.826810233059091e-9 1.7277462491011455e-8 4.9498508688200274e-8 1.3702289722130998e-7 3.6653136687748576e-7 9.474946373362552e-7 2.3671374957190263e-6 5.715944569863968e-6 0.000013341682661136841 0.00003010478889356893 0.00006567677260008444 0.00013854576473331046 0.0002826439931768226 0.0005577219731706021 0.0010646361270167872 0.0019664034832668504 0.0035149925661664746 0.006082191669123386 0.010190515477617556 0.01653726865809581 0.026002264986771068 0.03962835492372178 0.058565044974395186 0.08397003105570415 0.11687155159095151 0.1580050014963333 0.20764782750814184 0.26548407155826215 0.3305308684492009 0.40115189344525815 0.4751676867894427 0.550053072071591 0.623192579070483 0.6921513123049015 0.754915049908892 0.8100606139310145 0.8568335474497957 0.8951302030936106 0.9253999837056307 0.9484961470435442 0.9655080349912193 0.9776041870714582 0.9859069753383439 0.9914084944686261 0.9949275260708696 0.9971004549458126 0.9983956929654629 0.9991410001445069 0.9995550022848605 0.99977700144834 0.9998919177028559 0.9999493416257899 0.999977041986085 0.999989941074807 0.9999957395469796 0.9999982557688818 0.9999993098280413 0.9999997360752917 0.9999999024696566 0.9999999651737537 0.9999999879841777 0.9999999959945145 0.9999999987100034 0.9999999995986415 0.9999999998793667 0.9999999999649754 0.9999999999901772 0.999999999997339 0.9999999999993037 0.999999999999824 0.999999999999957 0.9999999999999899 0.9999999999999977 0.9999999999999996 0.9999999999999999 1. 1. 1.
9.307927516981168e-24 6.262939061895405e-23 4.06466563317863e-22 2.5444786027511923e-21 1.5364072391498552e-20 8.948578160067465e-20 5.027462593580171e-19 2.724571255141585e-18 1.4243274433865698e-17 7.182773785357854e-17 3.494250717460569e-16 1.639852882219342e-15 7.424286199508115e-15 3.2427557083712574e-14 1.3664536948715803e-13 5.555319166133298e-13 2.179062282844367e-12 8.2469029469127e-12 3.0115346346185035e-11 1.0611501910821101e-10 3.608073779005994e-10 1.1838657556310257e-9 3.748680961444278e-9 1.1455806185982319e-8 3.378843368806504e-8 9.619042815614722e-8 2.643294539257083e-7 7.011973701840211e-7 1.7957672666665021e-6 4.440298637352602e-6 0.000010601508003029517 0.000024443397283586453 0.00005443067697495577 0.00011707636654082101 0.00024327593385948303 0.0004884289292532826 0.0009476579452796772 0.0017771921970848466 0.0032221405064081507 0.005649216533085652 0.009580438989878332 0.01572067568266246 0.02496884846839535 0.038400832247918 0.05721295689979735 0.08261970378928155 0.11570795777199365 0.15726190298749076 0.20758464965394982 0.26635118776037725 0.33252857253949986 0.4043911578641797 0.47964173449060893 0.555627211337443 0.629615864565499 0.6990884424584136 0.7619920363377937 0.816914655265057 0.8631570938189664 0.9007013841232554 0.930095521193262 0.9522872498016766 0.968443296620306 0.979785373093437 0.9874636447886997 0.992476068186867 0.9956314020381127 0.9975467871175322 0.9986679791754896 0.9993008527513931 0.9996453350048938 0.9998261479750696 0.9999176656618314 0.9999623333113754 0.9999833562613673 0.999992897540015 0.9999970732635242 0.9999988355194749 0.9999995526829949 0.9999998341187035 0.9999999406192563 0.9999999794822292 0.9999999931573604 0.999999997797576 0.9999999993158697 0.9999999997949235 0.9999999999406785 0.9999999999834419 0.9999999999955405 0.9999999999988411 0.9999999999997095 0.9999999999999297 0.9999999999999836 0.9999999999999962 0.9999999999999992 0.9999999999999998 1. 1. 1. 1.
2.204631545256624e-24 1.5695473422802367e-23 1.0765681709157313e-22 7.114482203718632e-22 4.5298724694691645e-21 2.7789210150187726e-20 1.6425591001065776e-19 9.354656095713883e-19 5.133393650165999e-18 2.71431112620252e-17 1.3829355045208835e-16 6.789549716825108e-16 3.212084030918471e-15 1.4643689719616626e-14 6.433442020625109e-14 2.723816760887243e-13 1.1113919957543553e-12 4.370445900766244e-12 1.6564130051241895e-11 6.050794092879111e-11 2.1304665716205195e-10 7.230608520532718e-10 2.3655573562597214e-9 7.46058869485242e-9 2.2683919249482795e-8 6.649592130858793e-8 1.879458631287583e-7 5.122276020966232e-7 1.3462329219765085e-6 3.4122621596348766e-6 8.342019968471328e-6 0.00001967218770996227 0.000044754575760968056 0.0000982385114414122 0.00020808847180588076 0.00042540795093638767 0.000839521783045926 0.001599608720330038 0.0029433924076241904 0.005231719651444208 0.008985161296138425 0.014915289318460919 0.023939753397325618 0.0371679853638999 0.05584490654354433 0.08124480253719893 0.11451702549448003 0.15649823777311375 0.20751953028611642 0.26724661229697544 0.33459303464996787 0.4077374504056347 0.484256796591122 0.5613621911883436 0.6362001127035276 0.7061653166525218 0.7691689960171085 0.8238168512388235 0.8694734657010332 0.90621502860734 0.9346946915876777 0.9559582191223965 0.971250032004359 0.98184270990594 0.9889103694096575 0.9934525924297617 0.9962643908942685 0.9979409649228951 0.9989038711413154 0.9994365529387769 0.9997203933446441 0.9998660743607548 0.9999380945007426 0.9999723892069431 0.9999881189707636 0.9999950682404155 0.9999980254208488 0.9999992375196645 0.9999997160611703 0.999999898040647 0.9999999646977222 0.999999988215212 0.9999999962072279 0.999999998823255 0.9999999996480544 0.9999999998985354 0.9999999999718046 0.9999999999924482 0.9999999999980504 0.999999999999515 0.9999999999998836 0.9999999999999731 0.999999999999994 0.9999999999999987 0.9999999999999998 1. 1. 1. 1. 1.
4.887602545952461e-25 3.6914254579847485e-24 2.6829024477133403e-23 1.8764378829443334e-22 1.2629563748830047e-21 8.180390483648063e-21 5.099156314597131e-20 3.058924265548153e-19 1.7660101536563915e-18 9.81251203346708e-18 5.247334437492013e-17 2.700712847558401e-16 1.3378561591009894e-15 6.3788544875929044e-15 2.927452774867423e-14 1.293193525404158e-13 5.498914380780558e-13 2.25083978371071e-12 8.869147027169049e-12 3.364382914973099e-11 1.2286642756646858e-10 4.3200093824811393e-10 1.462449209436225e-9 4.766990677099422e-9 1.4962354900902412e-8 4.522459188758496e-8 1.3164300022644286e-7 3.690637401246841e-7 9.96599382291217e-7 2.5923524346261327e-6 6.496270524601463e-6 0.000015684749250201067 0.00003649103725900995 0.00008181770952511883 0.00017681724035593756 0.0003683740650832284 0.0007399798662962515 0.0014335272898503089 0.002678841057920488 0.00483008909085341 0.008405379839460365 0.014122028890251794 0.022915919972746907 0.03593049847976871 0.05446106465119113 0.07984487998716627 0.11329785963765654 0.15571315217300116 0.2074523785159749 0.26817174608801686 0.336727581510783 0.41119589531369066 0.48901899681053757 0.5672637960928892 0.6429492394414749 0.7133827221171682 0.7764429995911041 0.8307608379700888 0.8757739392013926 0.9116616046648713 0.9391887546314595 0.959502359598895 0.9739242571241782 0.9837749637600575 0.9902482060627893 0.9943406783966633 0.99682987360366 0.998286477181721 0.9991065131291762 0.9995506669401244 0.9997821092489497 0.9998981367232516 0.9999540979864214 0.9999800650365649 0.999991657240342 0.9999966359582292 0.999998693160438 0.9999995109550082 0.9999998237206643 0.9999999388010479 0.9999999795382083 0.999999993411746 0.9999999979573383 0.999999999390187 0.9999999998247138 0.9999999999514904 0.9999999999870754 0.9999999999966849 0.9999999999991814 0.9999999999998055 0.9999999999999555 0.9999999999999902 0.999999999999998 0.9999999999999996 0.9999999999999999 1. 1. 1. 1. 1.
1.0099830483942145e-25 8.115063990025242e-25 6.2667343764394025e-24 4.6512331988482167e-23 3.318018400295993e-22 2.274992894844504e-21 1.4992670885038065e-20 9.49693006496192e-20 5.78230197224818e-19 3.3840761234411888e-18 1.903752046808738e-17 1.0294878290982311e-16 5.351591283445586e-16 2.6742780603751524e-15 1.2847063390539624e-14 5.9331792393748e-14 2.6343343351704567e-13 1.124523837813944e-12 4.615262582796525e-12 1.8212559028173786e-11 6.910516407494341e-11 2.5213587257761026e-10 8.84636069034352e-10 2.9848573201260107e-9 9.685822498877476e-9 3.022948372516623e-8 9.07477858237498e-8 2.620505064706838e-7 7.279697446786221e-7 1.9456299069123133e-6 5.00344226141141e-6 0.000012381890641285517 0.000029489484314331435 0.00006760332073735632 0.000149195106263479 0.00031702928575235323 0.0006487592821317033 0.0012787869068944947 0.002428541356261149 0.004444684667310164 0.007841786930296697 0.013341840017895611 0.02189834271126563 0.03468912042492099 0.05306164995124267 0.07841949722959396 0.11204953146493486 0.15490574543269775 0.20738309769217544 0.269128083502013 0.338935759656503 0.41477193120878897 0.49393477236484395 0.5733379911399931 0.6498670912419093 0.7207410775340076 0.7838104995681521 0.8377395225306827 0.8820491324917014 0.9170311562574929 0.9435688701561267 0.9629131958191469 0.9764624415584846 0.9855814580186226 0.9914787433973637 0.9951433507989115 0.9973314843286375 0.9985869103532958 0.9992790269236886 0.9996456654058292 0.9998322893578817 0.9999235675654441 0.9999664655659903 0.9999858376817767 0.9999942436345347 0.9999977484611112 0.9999991526179852 0.999999693165702 0.9999998931157661 0.9999999641843971 0.9999999884562547 0.9999999964214519 0.999999998933097 0.9999999996941027 0.9999999999156596 0.9999999999776394 0.9999999999942997 0.9999999999986028 0.9999999999996707 0.9999999999999254 0.9999999999999838 0.9999999999999967 0.9999999999999993 0.9999999999999999 1. 1. 1. 1. 1. 1.
1.936532961106257e-26 1.6602802408112729e-25 1.3662863738771263e-24 1.0792249149040783e-23 8.182734891873251e-23 5.955360693327273e-22 4.160522867592072e-21 2.790137648846558e-20 1.7961777320326984e-19 1.110011681699489e-18 6.585208137636855e-18 3.7504633996071444e-17 2.0506154768803652e-16 1.0764119730433328e-15 5.424749508057556e-15 2.624825737445439e-14 1.2194234529799185e-13 5.439469816380428e-13 2.329819917009484e-12 9.582281233537037e-12 3.7845532913696224e-11 1.4354212166496714e-10 5.228590727887354e-10 1.8291690783936558e-9 6.146280504537049e-9 1.983754431042189e-8 6.150503629720705e-8 1.8319506178203066e-7 5.242439619394834e-7 1.4414831825333168e-6 3.8087821356534367e-6 9.671896254510336e-6 0.000023606947098812215 0.00005538987813625394 0.00012495390446191185 0.0002710642756147373 0.0005655628024720824 0.001135190543326736 0.0021925075567824 0.004075833755729822 0.0072950656145291705 0.012575692490860253 0.020888071677060287 0.033444668923836074 0.05164693424523346 0.07696822663338893 0.11077107762876172 0.15407506650723748 0.2073115849366362 0.27011722023536444 0.34122135346497684 0.418471333950206 0.4990108896190851 0.5795909169005726 0.6569574116818894 0.7282403759333411 0.7912672662894649 0.8447450347493424 0.8882889923283082 0.9223133310206122 0.9478261588228023 0.96618454663617 0.978861574234692 0.9872621139987174 0.9926041117935605 0.9958640311714824 0.9977730777880214 0.9988459119458386 0.9994244805901454 0.9997239022975566 0.9998726045673882 0.9999434737896704 0.9999758856014669 0.9999901106688437 0.9999961018236057 0.9999985232524907 0.9999994624083157 0.9999998119573655 0.9999999368057403 0.9999999795976546 0.9999999936725232 0.9999999981150547 0.9999999994606671 0.9999999998517892 0.9999999999608851 0.9999999999900865 0.9999999999975873 0.9999999999994361 0.9999999999998734 0.9999999999999727 0.9999999999999943 0.9999999999999989 0.9999999999999998 1. 1. 1. 1. 1. 1. 1.
3.428473237356526e-27 3.146448527083225e-26 2.7678870594225376e-25 2.3339420177138907e-24 1.8864798594066518e-23 1.461643716408852e-22 1.085588793871543e-21 7.729142831488257e-21 5.275305574211017e-20 3.4516192813041327e-19 2.165042155552252e-18 1.3019307052260776e-17 7.505816144124108e-17 4.1486589251482533e-16 2.198514330002195e-15 1.1170574027269183e-14 5.4420196246583675e-14 2.5421312584661337e-13 1.1386888239362744e-12 4.891010312229935e-12 2.0146384639902395e-11 7.95830900566831e-11 3.0150283872737335e-10 1.0955510344570622e-9 3.818301111980465e-9 1.2765333464897154e-8 4.094013396063819e-8 1.259664956670587e-7 3.71865930146266e-7 1.0533770172443736e-6 2.863466510062412e-6 7.470688634172481e-6 0.000018708726271025 0.00004497837569765447 0.00010382624752660363 0.0002301602198610816 0.0004900700189409086 0.0010025046373281742 0.0019707106170758844 0.003723826902926748 0.006765885079234226 0.011824577629662431 0.019886213442903616 0.03219803501920212 0.05021724795720732 0.07549065513735734 0.10946149922635737 0.15322011058564133 0.20723773063492001 0.2711408619980795 0.3435884049581545 0.42230024133406696 0.504254460023438 0.5860288816351731 0.664223802490213 0.7358801210198896 0.7988083194446681 0.8517686793781992 0.8944827864427847 0.9274974176034907 0.9519517724181583 0.9693106054724292 0.9811192297778968 0.9888174873794455 0.9936269860517613 0.9965065139091558 0.9981586914852738 0.9990671518280205 0.999545857828293 0.9997875960043383 0.999904582275282 0.9999588370100675 0.9999829501227677 0.9999932203859765 0.9999974123959926 0.999999052136978 0.9999996668043328 0.9999998876133191 0.9999999636292771 0.9999999887079158 0.9999999966368357 0.9999999990391768 0.9999999997367112 0.9999999999308027 0.9999999999825582 0.9999999999957838 0.9999999999990227 0.9999999999997827 0.9999999999999537 0.9999999999999906 0.9999999999999982 0.9999999999999997 1. 1. 1. 1. 1. 1. 1. 1.
5.57488653014424e-28 5.4953696863343584e-27 5.184888934067165e-26 4.682413935302494e-25 4.047570720605246e-24 3.349039430218858e-23 2.6524947840124474e-22 2.010967325639743e-21 1.45941869407784e-20 1.0138832542120167e-19 6.742771698087264e-19 4.2928067793250115e-18 2.6164184199421935e-17 1.5266776407575995e-16 8.528524439208762e-16 4.5614177051370515e-15 2.335818652424108e-14 1.1452669277645366e-13 5.376736757355673e-13 2.417089274014332e-12 1.040512437909274e-11 4.2894625678250105e-11 1.693485882280242e-10 6.403351593051446e-10 2.3190295835494297e-9 8.044644845996289e-9 2.673254073868214e-8 8.510213985554248e-8 2.595643603933499e-7 7.585692166499746e-7 2.1244007638292803e-6 5.701893722535318e-6 0.000014668952058083628 0.00003617749691943577 0.0000855473855758587 0.00019399090269470477 0.00042193880668800623 0.0008804589244333019 0.0017630757050631752 0.0033889132748108736 0.006254895578295092 0.01108950507310786 0.018893931716852646 0.03095018762168967 0.04877298617623237 0.07398638801121649 0.10811976092680538 0.15233981533254135 0.20716141787572973 0.2722008341032766 0.3460412355632023 0.4262651797729999 0.5096729561929678 0.5926583503027655 0.671669678232687 0.7436592563525546 0.8064278552288416 0.8588008895427558 0.9006191032281331 0.9325723937851065 0.9559369741866659 0.9722860261153579 0.9832336341614234 0.9902487987246527 0.9945505798161569 0.9970749347584603 0.9984925032168538 0.9992542822165782 0.9996460286907489 0.9998388132035351 0.9999296015113421 0.9999705161019281 0.9999881609031906 0.9999954428140454 0.9999983186473645 0.9999994055022459 0.9999997985710923 0.9999999346073296 0.9999999796609005 0.9999999939397143 0.9999999982702641 0.9999999995271087 0.9999999998761746 0.9999999999689473 0.9999999999925422 0.9999999999982848 0.9999999999996223 0.9999999999999203 0.9999999999999839 0.9999999999999969 0.9999999999999994 0.9999999999999999 1. 1. 1. 1. 1. 1. 1. 1.
8.278061719605676e-29 8.796483465548808e-28 8.933315334972324e-27 8.670528335980811e-26 8.042930632250619e-25 7.130596703409623e-24 6.042095120622624e-23 4.893360015656405e-22 3.7878518798711224e-21 2.802552937119321e-20 1.9819790590128563e-19 1.3397960836622624e-18 8.657319294466426e-18 5.3474246980014177e-17 3.157436757074056e-16 1.782241270540281e-15 9.617324386895196e-15 4.9615012916884015e-14 2.447142950232905e-13 1.1540126164336487e-12 5.203382884017921e-12 2.243394340061391e-11 9.248949557719064e-11 3.6464515496943284e-10 1.374884406243648e-9 4.9580226264175094e-9 1.710129465789291e-8 5.642379280251976e-8 1.7809282524449654e-7 5.378031782426757e-7 1.5539584883548431e-6 4.296807133790118e-6 0.000011371026307668524 0.00002880475963516674 0.00006985708831997538 0.0001622249704784182 0.00036080713032125193 0.0007687466504929359 0.001569479926245803 0.003071295978411018 0.005762722865507612 0.010371498926838127 0.017912447559619703 0.029702178155778632 0.04731461522611177 0.07245505314699849 0.10674479019428772 0.15143305682098035 0.20708252183349563 0.27329909207146835 0.3485844700574106 0.4303730931115476 0.5152742279473658 0.5994859297288271 0.6792982137701992 0.7515760867965056 0.8141191693656578 0.8658311826193326 0.9066858603387862 0.9375269866703527 0.9597732295197177 0.9751060131793029 0.9852037281063142 0.9915579565648521 0.9953786307990751 0.997573731694612 0.9987787844799698 0.9994108972448954 0.9997277224618182 0.999879455929283 0.9999488910576249 0.9999792518473654 0.9999919366167893 0.9999970005445156 0.9999989321904852 0.9999996362386476 0.9999998814336923 0.9999999630271161 0.9999999889708471 0.9999999968529691 0.9999999991411321 0.9999999997758248 0.9999999999440428 0.999999999986643 0.9999999999969513 0.9999999999993346 0.9999999999998612 0.9999999999999722 0.9999999999999947 0.9999999999999991 0.9999999999999998 1. 1. 1. 1. 1. 1. 1. 1. 1.
1.1154747657941432e-29 1.2827674538514558e-28 1.4075575542255514e-27 1.4737392868885197e-26 1.4723735770644854e-25 1.4036705867529353e-24 1.276937413429567e-23 1.1085086952224232e-22 9.182945829934712e-22 7.259508977105853e-21 5.476766642504103e-20 3.94314804449792e-19 2.7094089573637577e-18 1.7767658591396757e-17 1.112044948470892e-16 6.642999574272508e-16 3.7876520015315154e-15 2.0613663325592314e-14 1.0708682334897602e-13 5.310439162154161e-13 2.513955744156171e-12 1.1361572727710649e-11 4.902250935665567e-11 2.0195447932794182e-10 7.943997971380933e-10 2.9838825636916463e-9 1.07031928626772e-8 3.666647543161252e-8 1.1997419516258385e-7 3.7498339073412986e-7 1.1196669561048483e-6 3.194262332732914e-6 8.70793666410263e-6 0.00002268755229269485 0.00005650151719342804 0.0001345283589759594 0.0003062951992074917 0.0006670252126786828 0.0013897503402056442 0.002771127310497396 0.0052899621301727125 0.009671593206058524 0.01694303910685495 0.028455145261480654 0.04584267979634451 0.07089630594917205 0.10533547663738516 0.15049864512787453 0.2070009090871973 0.2744377333764132 0.35122306294896777 0.43463137373862265 0.5210665180726445 0.6065183491775178 0.6871122835120891 0.759628191674651 0.8218745763881933 0.8728481199441571 0.91267032402336 0.9423497462735984 0.963452307102447 0.9777664160804336 0.9870292264153655 0.9927475714146357 0.9961153760069601 0.9980075983537507 0.999021850618356 0.9995404931286402 0.9997935034822161 0.9999112522230222 0.999963530560209 0.9999856734593142 0.9999946208027723 0.999998069859392 0.9999993382493275 0.9999997832402441 0.9999999321746484 0.9999999797283214 0.9999999942132999 0.9999999984224652 0.9999999995893234 0.9999999998979147 0.9999999999757707 0.9999999999945095 0.9999999999988123 0.9999999999997546 0.9999999999999516 0.9999999999999909 0.9999999999999984 0.9999999999999998 1. 1. 1. 1. 1. 1. 1. 1. 1. 1.
1.3547854513189224e-30 1.6930666186957568e-29 2.0154753129270031e-28 2.2855308969613515e-27 2.468934218615032e-26 2.540690565409153e-25 2.490699398295956e-24 2.3260875322357116e-23 2.0695427317079111e-22 1.7541846258327776e-21 1.4165708414532656e-20 1.0898671611595655e-19 7.988991855982419e-19 5.579626934728701e-18 3.7130053668257624e-17 2.3543259521242884e-16 1.4224681923242964e-15 8.189718167331662e-15 4.493269123158268e-14 2.3493135408231077e-13 1.170641924664805e-12 5.559462472906351e-12 2.5164602720651215e-11 1.0857274701146884e-10 4.465316268737579e-10 1.7507090343404606e-9 6.5439293084379465e-9 2.3321786403221816e-8 7.925431493858717e-8 2.568415433737349e-7 7.938470781686629e-7 2.340404241861417e-6 6.582434730989422e-6 0.00001766403761775066 0.00004523505220134899 0.00011056685503698347 0.0002580079720662638 0.0005749172726393133 0.0012236623419701854 0.002488503997123216 0.004837171439679755 0.008990826503783604 0.015987040698859718 0.027210319500368358 0.044357810667513244 0.06930983490027866 0.1038906715205357 0.14953531956085117 0.20691643686760489 0.27561901047761084 0.3539623275781443 0.4390478961638009 0.5270584774993634 0.6137624354404407 0.6951143913779648 0.7678123290751786 0.8296853257800276 0.8798392720566555 0.91855914120917 0.9470291337506008 0.9669663903297523 0.9802638249958573 0.9887106711712003 0.9938209590859048 0.9967655163679575 0.9983814304724914 0.9992260087648583 0.9996464300258174 0.9998457506569689 0.9999357506263284 0.9999744545213602 0.9999903066960656 0.9999964903408864 0.9999987876601797 0.9999996005261291 0.999999874454394 0.9999999623717633 0.9999999892457443 0.9999999970693756 0.9999999992385941 0.9999999998114116 0.9999999999554727 0.9999999999899788 0.9999999999978504 0.9999999999995606 0.9999999999999143 0.9999999999999841 0.9999999999999971 0.9999999999999996 1. 1. 1. 1. 1. 1. 1. 1. 1. 1. 1.
1.472096877382145e-31 2.008135444702304e-30 2.604831703141303e-29 3.212940625746924e-28 3.76850218248623e-27 4.2032474429927975e-26 4.458191961428946e-25 4.496743992836088e-24 4.313319499045113e-23 3.934668811979262e-22 3.41348062046671e-21 2.8163697206382906e-20 2.2100180645975637e-19 1.6494062936279134e-18 1.1708404355587457e-17 7.905321097708573e-17 5.077004633489351e-16 3.101540557584592e-15 1.802378801453853e-14 9.963950739999749e-14 5.240269915424407e-13 2.622005968679274e-12 1.2482305915124796e-11 5.654085153412524e-11 2.437046360014857e-10 9.996069766422e-10 3.902040886118003e-9 1.4497317933403847e-8 5.1269225525155904e-8 1.7260095505291605e-7 5.532173627476139e-7 1.6883745423694603e-6 4.907073363034904e-6 0.000013583901181640512 0.0000358220355167954 0.00009000875571363365 0.00021553800196183823 0.0004920123820419597 0.0010709384898554353 0.002223462502250314 0.0044048647055612376 0.008330235815845827 0.015045841307588619 0.025969028000602745 0.042860733062220956 0.06769536788819241 0.10240918748103381 0.1485417434820987 0.2068289522240057 0.2768453453058754 0.35680796826057737 0.443631053227652 0.5332591795090545 0.6212250814009467 0.7033065902669029 0.776124330830468 0.8375415158435844 0.8867911915182154 0.9243383865476178 0.9515536254301171 0.970308198434671 0.9825956668606389 0.9902494764931493 0.9947821317096995 0.997334170431086 0.9987002661031549 0.9993955048478311 0.999731896729215 0.9998866412940207 0.9999543186388247 0.9999824589476265 0.9999935832210791 0.9999977641356481 0.9999992580556532 0.9999997655595219 0.9999999294700582 0.9999999798003447 0.9999999944932085 0.9999999985711173 0.9999999996471415 0.9999999999170766 0.9999999999814564 0.9999999999960543 0.9999999999992012 0.9999999999998461 0.9999999999999718 0.9999999999999951 0.9999999999999991 0.9999999999999999 1. 1. 1. 1. 1. 1. 1. 1. 1. 1. 1.
1.4195074657445185e-32 2.123866653341144e-31 3.016020977362673e-30 4.0650450700550624e-29 5.200283136709991e-28 6.3143166597284915e-27 7.277312558186328e-26 7.961025806019262e-25 8.266637784068488e-24 8.148163830052888e-23 7.623795831535089e-22 6.771326747584547e-21 5.709240725492867e-20 4.569796377629064e-19 3.472497521538299e-18 2.5051126845853293e-17 1.7158031613061506e-16 1.1157793383884845e-15 6.889327669898059e-15 4.039070528877006e-14 2.2485990236760663e-13 1.1887490650062969e-12 5.968145889382576e-12 2.8456751523365994e-11 1.2887117245228364e-10 5.543465487951484e-10 2.2651424608045515e-9 8.792960440619973e-9 3.242953513828407e-8 1.1364679124342707e-7 3.784723693623607e-7 1.1979176279487037e-6 3.6041020110694255e-6 0.000010308925015639281 0.000028038392242430324 0.00007252758043671953 0.00017846860251844547 0.0004178691546471494 0.0009312478662143673 0.0019759744986558516 0.0039935042043462154 0.007690849455855805 0.014120882137421442 0.02473269895943286 0.04135227564928332 0.06605267939149913 0.1008897985037388 0.147516498691553 0.2067382911001893 0.27811934539329153 0.3597661158365829 0.44838979511613514 0.5396781324780433 0.6289132068544885 0.7116903897156794 0.7845589877788113 0.8454320064891283 0.8936893957258447 0.9299936267957472 0.9559118336046217 0.9734711163156449 0.9847602990047046 0.991647962354087 0.9956357750173073 0.9978268171513777 0.9989692207135896 0.9995344711092857 0.9997998793188708 0.9999181397887176 0.9999681451091355 0.9999882103218447 0.9999958508223856 0.9999986117172615 0.9999995584501271 0.9999998665234164 0.9999999616559604 0.9999999895333493 0.9999999972855038 0.9999999993311923 0.9999999998434668 0.9999999999652007 0.9999999999926521 0.9999999999985265 0.9999999999997193 0.9999999999999493 0.9999999999999913 0.9999999999999986 0.9999999999999998 1. 1. 1. 1. 1. 1. 1. 1. 1. 1. 1. 1.
1.2040001419601e-33 1.9860233651962955e-32 3.1031398126553563e-31 4.592867307290216e-30 6.439301902386243e-29 8.552108157161675e-28 1.0759564801394815e-26 1.2823643613482602e-25 1.4478780806746834e-24 1.5486936979162455e-23 1.569357278312428e-22 1.5066463117283417e-21 1.3703930536323123e-20 1.1809602469940572e-19 9.642608008044914e-19 7.459961801102135e-18 5.468602393124907e-17 3.7986535399457725e-16 2.5004249074837163e-15 1.5597225095939587e-14 9.220413538465165e-14 5.165886473486716e-13 2.7431811495604043e-12 1.3807186690556376e-11 6.587570573515234e-11 2.9795159383293145e-10 1.2776164082455767e-9 5.1942993229885175e-9 2.002471870776022e-8 7.320899436008903e-8 2.538467477089117e-7 8.349186762199049e-7 2.6052232123495197e-6 7.713370110420217e-6 0.000021673088367373342 0.0000578047848583355 0.0001463773045328733 0.00035201801042710666 0.0008042060605709442 0.0017459426102459344 0.003603492702555101 0.007073678997824244 0.013213653262214171 0.023502865902420886 0.03983338022351972 0.06438159863081906 0.09933124021606886 0.14645807932811014 0.2066442773079499 0.2794438218680324 0.36284336703878073 0.45333367134437563 0.5463252905420706 0.6368337101596182 0.7202666503120019 0.7931099250664986 0.8533443325376053 0.9005183625558524 0.9355100050343372 0.9600926447451081 0.9764493314982612 0.9867570975600679 0.9929093748303992 0.9963872106718309 0.9982492281932955 0.999193418629963 0.9996468757191028 0.9998531348320712 0.9999419914964195 0.9999782463627637 0.9999922564731946 0.9999973840861445 0.9999991614927679 0.9999997450126574 0.9999999264477333 0.999999979877458 0.9999999947793046 0.9999999987156394 0.9999999997004168 0.9999999999337505 0.9999999999861118 0.9999999999972402 0.9999999999994802 0.9999999999999072 0.9999999999999842 0.9999999999999976 0.9999999999999996 1. 1. 1. 1. 1. 1. 1. 1. 1. 1. 1. 1. 1.
8.895889880808798e-35 1.626750769763897e-33 2.8119271731582524e-32 4.594571082925763e-31 7.096603714469449e-30 1.036162884532652e-28 1.4301614811807474e-27 1.8660782021280212e-26 2.3018180525650214e-25 2.68421790943533e-24 2.9592388891764714e-23 3.084382865219962e-22 3.0394415152712283e-21 2.83183930648749e-20 2.4946271903173177e-19 2.0778721179561495e-18 1.6365264839362205e-17 1.2188055441884663e-16 8.583617361011611e-16 5.716755595157519e-15 3.6007471347097855e-14 2.144971203565332e-13 1.2085377501452697e-12 6.440730530398776e-12 3.246944522996973e-11 1.548498707659945e-10 6.986787805428604e-10 2.982723194054876e-9 1.2049220248765993e-8 4.606402746760073e-8 1.6667609744197344e-7 5.708874724635253e-7 1.85121771336188e-6 5.684156400157354e-6 0.00001652938706980326 0.0000455324187031032 0.00011883955935117503 0.0002939645057482 0.0006893758652671168 0.0015331965513552864 0.0032351652567290485 0.0064797101920673885 0.012325689147013768 0.022281171576157607 0.03830511207580013 0.0626820188063594 0.09773221057836573 0.14536488524365868 0.20654672138459668 0.2808218095686852 0.366046828145378 0.45847287586356306 0.553211061410191 0.6449934090567058 0.7290354633195832 0.8017694674575115 0.8612646196137643 0.9072615421189807 0.9408723472830555 0.9640853753847665 0.9792379760187624 0.9885865372982969 0.9940378901245199 0.9970423427995385 0.9986073906691828 0.9993779226187232 0.9997364761430299 0.9998941708725577 0.9999597219278147 0.9999854757076508 0.9999950388468719 0.9999983951222191 0.9999995084208126 0.9999998574502449 0.9999999608710864 0.99999998983445 0.9999999975007199 0.999999999418561 0.9999999998720155 0.9999999999733475 0.9999999999947494 0.9999999999990216 0.9999999999998275 0.9999999999999712 0.9999999999999954 0.9999999999999993 0.9999999999999999 1. 1. 1. 1. 1. 1. 1. 1. 1. 1. 1. 1. 1.
5.665057850500957e-36 1.1553196627044828e-34 2.2222372404445776e-33 4.0315829017934883e-32 6.898656889922293e-31 1.1134341808746924e-29 1.6950531900432198e-28 2.434047783251994e-27 3.2969365819779186e-26 4.212472910061031e-25 5.077133862720417e-24 5.772523136561146e-23 6.191411581622904e-22 6.264735675696635e-21 5.980230961140879e-20 5.385788678759666e-19 4.576272691035089e-18 3.6687826379682935e-17 2.7752182173298604e-16 1.9808718059993947e-15 1.3341980087236784e-14 8.480301136027198e-14 5.086905793869329e-13 2.8798782616195133e-12 1.5388689622216938e-11 7.761900618705526e-11 3.6957997904808763e-10 1.6613504930538656e-9 7.051299169424625e-9 2.8260460224546787e-8 1.0696555048735106e-7 3.82403305630996e-7 1.2914501307757352e-6 4.120834580186513e-6 0.000012425867368023144 0.00003541566494222912 0.00009543263174881783 0.0002431932490575437 0.0005862687712233744 0.0013374898049800788 0.002888780784681746 0.005909892812121425 0.011458562888948923 0.021069371324946216 0.03676867105718767 0.060953907555402975 0.09609137105958358 0.1442352148005057 0.20644541931888777 0.28225658957300015 0.36938416344949176 0.4638182954242813 0.5603463103665671 0.6533989687197076 0.7379960138783579 0.8105284949098415 0.8691775052844726 0.9139013883747826 0.9460652940395565 0.96787994534689 0.981833270274788 0.9902502591183957 0.9950385997923553 0.9976075883574559 0.9989074217659937 0.9995276637045305 0.9998067779147894 0.99992523187726 0.999972641168977 0.9999905358077938 0.9999969056303672 0.9999990439664355 0.9999997209343432 0.999999923051383 0.9999999799602197 0.9999999950713725 0.9999999988554127 0.9999999997490334 0.99999999994805 0.9999999999898488 0.9999999999981277 0.999999999999674 0.9999999999999465 0.9999999999999917 0.9999999999999988 0.9999999999999998 1. 1. 1. 1. 1. 1. 1. 1. 1. 1. 1. 1. 1. 1.
3.0732123446701567e-37 7.034841799722028e-36 1.515263217176825e-34 3.071145018182296e-33 5.857306791339336e-32 1.0512072568502236e-30 1.7753306004194755e-29 2.821492550736457e-28 4.219841713755416e-27 5.939369975844405e-26 7.867225060309652e-25 9.807322207639495e-24 1.1506372624443352e-22 1.2705677038417243e-21 1.3205101429101892e-20 1.2917675571518145e-19 1.1894356254193864e-18 1.030926920166648e-17 8.411296470161028e-17 6.460488234915153e-16 4.671495334449216e-15 3.180221200001249e-14 2.0384226319552623e-13 1.2302505094502114e-12 6.99173151857421e-12 3.7419682533581535e-11 1.886145223608032e-10 8.954657360178134e-10 4.004653065941972e-9 1.6872167077153942e-8 6.697615537057679e-8 2.5053732162438577e-7 8.83271257284856e-7 2.935350685391059e-6 9.197173880611107e-6 0.000027175194349730885 0.00007573961110699364 0.00019917238372705126 0.0004943473448943287 0.0011584969973997365 0.0025645135333855974 0.005365129407755243 0.01061387899898072 0.019869335771568297 0.03522540332641395 0.05919731877790048 0.0944073484061039 0.1430672570383109 0.20634015112736617 0.2837517144834326 0.37286364914669123 0.46938156129656383 0.5677423592656266 0.6620568147963949 0.7471464260758264 0.8193762890718357 0.877066068780117 0.9204194148207165 0.9510734591049395 0.9714670672496064 0.9842326650651477 0.991751121035114 0.9959174748615494 0.998089791594164 0.9991554772784428 0.9996473735545128 0.9998610003589858 0.9999482924918243 0.9999818531847864 0.9999939932899817 0.9999981251815702 0.999999448332869 0.9999998469935134 0.9999999600068246 0.9999999901498812 0.9999999977142984 0.9999999995003466 0.9999999998971171 0.9999999999800473 0.9999999999963558 0.9999999999993732 0.9999999999998985 0.9999999999999845 0.9999999999999978 0.9999999999999998 1. 1. 1. 1. 1. 1. 1. 1. 1. 1. 1. 1. 1. 1. 1.
1.4020479947156885e-38 3.62754264312111e-37 8.809546217587424e-36 2.00813302103256e-34 4.296712520779825e-33 8.629633953722167e-32 1.6269287865350148e-30 2.879208631056739e-29 4.783161225716163e-28 7.459395787463406e-27 1.0920665885519984e-25 1.5009361349775004e-24 1.9366648695865628e-23 2.3460554813315624e-22 2.6682524005028854e-21 2.8492768505126344e-20 2.8567805793364535e-19 2.6894917240496918e-18 2.3775659440242695e-17 1.9737102131111286e-16 1.5386638169174224e-15 1.1265138763434082e-14 7.746165495963958e-14 5.002898419868474e-13 3.0350869147248545e-12 1.7296883611626607e-11 9.260787215823549e-11 4.658552582987691e-10 2.2020192695795897e-9 9.781535179644743e-9 4.0837862657165186e-8 1.6026905422125186e-7 5.91336836955809e-7 2.051611513969038e-6 6.694473202245547e-6 0.000020549268577120944 0.000059353456077095184 0.00016135859875453915 0.00041302855609685445 0.000995812140214942 0.0022624446019857535 0.004846262962861896 0.009793264535276153 0.018683052587318685 0.033676813750392436 0.05741240599353979 0.09267873713272998 0.1418590831518955 0.2062306792601954 0.28531103686806564 0.37649423332505083 0.4751751043975932 0.5754109790408964 0.6709730288426156 0.7564835881610998 0.8283003718754096 0.8849117734331072 0.9267962789140956 0.9558816177192683 0.9748384502834944 0.9864349771591564 0.9930932282665378 0.996681306974732 0.9984961236092562 0.9993576566264721 0.9997415218935027 0.9999020506011698 0.9999650581859267 0.9999882694274256 0.999996294860169 0.9999988992272147 0.9999996924562683 0.9999999192111931 0.9999999800492734 0.9999999953691003 0.9999999989897849 0.999999999792913 0.9999999999601126 0.999999999992782 0.999999999998773 0.999999999999804 0.9999999999999707 0.9999999999999958 0.9999999999999994 1. 1. 1. 1. 1. 1. 1. 1. 1. 1. 1. 1. 1. 1. 1. 1.
5.30332546702711e-40 1.5626412615478466e-38 4.310361925124251e-37 1.1130591267257077e-35 2.6907898404250785e-34 6.089838812037716e-33 1.290340059956959e-31 2.5596661161836424e-30 4.753923076754484e-29 8.266472018924889e-28 1.345853043338263e-26 2.0516125501418539e-25 2.928363336086515e-24 3.913803025165854e-23 4.898135141233098e-22 5.74030243852047e-21 6.299796664413301e-20 6.474746968402578e-19 6.2322046805505774e-18 5.618273682974629e-17 4.743814145338909e-16 3.751796016079711e-15 2.7794753239311173e-14 1.928972764449221e-13 1.2541782984307914e-12 7.640039212334485e-12 4.3608542185690516e-11 2.332531817726845e-10 1.1692524332235308e-9 5.493679101841289e-9 2.4196237811395852e-8 9.991339158546489e-8 3.8686559678714775e-7 1.4048663773253525e-6 4.7856010965701905e-6 0.000015295526839932403 0.000045880975520379816 0.0001292026041814196 0.00034168810923396723 0.0008489479211460464 0.001982553715129482 0.004354063488330337 0.00899835839131811 0.01751262709684323 0.03212457890197049 0.05559943740952137 0.09090410289041956 0.140608637216407 0.20611674681219247 0.2869387413221667 0.3802856028354356 0.48121221380609636 0.583364373898676 0.6801532231641985 0.7660029562121896 0.8372863380845852 0.8926944268796411 0.9330119002633117 0.9604749254659559 0.9779870151127663 0.9884405128359806 0.9942819379465455 0.9973376253637721 0.998833968874387 0.9995199074458367 0.9998142614179668 0.9999325068814793 0.9999769728835677 0.9999926259608858 0.9999977841637075 0.9999993753574863 0.9999998348438084 0.9999999590507301 0.9999999904805214 0.9999999979254137 0.9999999995762169 0.9999999999188669 0.9999999999854439 0.9999999999975528 0.9999999999996145 0.9999999999999432 0.9999999999999921 0.999999999999999 0.9999999999999999 1. 1. 1. 1. 1. 1. 1. 1. 1. 1. 1. 1. 1. 1. 1. 1.
1.6373182014751552e-41 5.539299406700156e-40 1.749440174761578e-38 5.157895076090907e-37 1.4196526891963894e-35 3.6478367323542264e-34 8.750649667943076e-33 1.9597707742856562e-31 4.0976922038083896e-30 7.999301533602993e-29 1.4579872703167756e-27 2.481162963559698e-26 3.942470761981587e-25 5.849326963182728e-24 8.103657287263739e-23 1.0483554020731782e-21 1.2664965072867446e-20 1.428842555377978e-19 1.5054557448553658e-18 1.48140803942834e-17 1.3615263284881149e-16 1.168814232467495e-15 9.37256850428982e-15 7.020910031213856e-14 4.913381568766145e-13 3.212577007809425e-12 1.962680737464549e-11 1.1204946879056217e-10 5.978322805657161e-10 2.9813212782361016e-9 1.3898063538577398e-8 6.057296200711707e-8 2.46861271578758e-7 9.409278674495539e-7 3.3548951559944384e-6 0.000011192396626396845 0.000034946638313607354 0.00010215498192461002 0.0002796658067198871 0.000717336230328549 0.0017247114814318684 0.0038892136202004816 0.008230798539056877 0.016360281418664316 0.030570560566031805 0.053758812894188705 0.08908198689571886 0.1393137260912881 0.20599807551070703 0.28863938069506634 0.384248257926278 0.4875070985412926 0.5916151549417273 0.6896023916474562 0.7756983346989721 0.8463176845330402 0.9003921650965042 0.9390456178861752 0.9648391685554204 0.980907115393147 0.9902511729738872 0.9953238341597894 0.9978945893764273 0.9991108015095934 0.9996479332501895 0.9998693825203591 0.9999546117660298 0.9999852330169011 0.9999955031476815 0.9999987186334642 0.999999658429344 0.999999914839661 0.9999999801453638 0.9999999956720567 0.999999999118075 0.9999999998320213 0.9999999999700981 0.9999999999950259 0.9999999999992268 0.9999999999998876 0.9999999999999848 0.999999999999998 0.9999999999999998 1. 1. 1. 1. 1. 1. 1. 1. 1. 1. 1. 1. 1. 1. 1. 1. 1.
4.0547968449325424e-43 1.5891197969200055e-41 5.796507553738793e-40 1.9679093711193436e-38 6.2184163136024935e-37 1.8289340098681791e-35 5.00688735379072e-34 1.2758442525028722e-32 3.026193037991206e-31 6.681506474264577e-30 1.3732237056766199e-28 2.6272921939789127e-27 4.679371044109064e-26 7.7587421062065005e-25 1.1976599373283416e-23 1.7211898983316262e-22 2.3029947633009244e-21 2.8690829899687017e-20 3.328110791899851e-19 3.594818837364643e-18 3.615785081469612e-17 3.386868279661756e-16 2.9545408480160305e-15 2.4005237556110773e-14 1.8166756275246965e-13 1.2806730829045202e-12 8.410587106574567e-12 5.1461575709438975e-11 2.933963455409562e-10 1.5588074303577288e-9 7.718868088597671e-9 3.5628886419895425e-8 1.5332408693858492e-7 6.15260871779104e-7 2.3027194061520927e-6 8.040077865101823e-6 0.00002619609777932977 0.00007967229517345742 0.00022627194251797862 0.0006003301073721341 0.0014886724134005169 0.003452293343856054 0.007492207031658282 0.015228351792838704 0.02901681962281119 0.05189108306721654 0.08721091164333303 0.1379720084295715 0.20587436344719087 0.2904179171218648 0.38839359564793785 0.49407495234350823 0.6001763004484748 0.6993247326888004 0.7855616326459129 0.8553756398909047 0.9079814674687603 0.9448763919061517 0.9689610449041167 0.9835947598431791 0.9918705325280932 0.9962266694859809 0.9983608574390643 0.9993340550572216 0.9997471079129409 0.9999102798016108 0.9999702753451567 0.9999908070649374 0.9999973468431103 0.999999285632601 0.9999998205993331 0.9999999579876605 0.9999999908272894 0.9999999981331322 0.9999999996458726 0.9999999999373995 0.9999999999896887 0.9999999999984175 0.9999999999997737 0.9999999999999698 0.9999999999999962 0.9999999999999996 1. 1. 1. 1. 1. 1. 1. 1. 1. 1. 1. 1. 1. 1. 1. 1. 1. 1.
7.900940324213469e-45 3.6218171285686965e-43 1.5403160826975357e-41 6.0776475206043325e-40 2.2249007141329002e-38 7.556884926146647e-37 2.381442427819434e-35 6.963234852048978e-34 1.8891429161053366e-32 4.7556638313236205e-31 1.110862887438338e-29 2.4078192746033385e-28 4.842987771949945e-27 9.039444157002147e-26 1.565751069141613e-24 2.5169301824181512e-23 3.7549405791238005e-22 5.19919001699331e-21 6.681711655431637e-20 7.970388090777607e-19 8.825370497784602e-18 9.071355202735954e-17 8.656121766471652e-16 7.668584048355128e-15 6.307817408940794e-14 4.817811048140923e-13 3.4171599477792013e-12 2.250961029898753e-11 1.377224143585892e-10 7.827578294904745e-10 4.133277948294534e-9 2.0280165620877043e-8 9.247653373233127e-8 3.9197441629659437e-7 1.544699971070838e-6 5.661062864542184e-6 0.000019299314259894094 0.00006122331191728381 0.00018079468531300924 0.0004972072838607865 0.0012740690267659905 0.003043764026862047 0.006784172584302151 0.014119283693262683 0.02746563012364938 0.049996970731134176 0.08528938816678257 0.13658098271429908 0.20574528251353927 0.29227976861315835 0.39273400316873897 0.5009320210011488 0.6090610994014527 0.7093234398352495 0.7955825945403077 0.8644390001813123 0.9154372112771831 0.9504830548507259 0.9728284738238003 0.9860478270896593 0.9933038867186799 0.9969992701165253 0.9987454347281498 0.9995109903864613 0.9998224007484221 0.9999399318326299 0.9999810879523006 0.9999944593438796 0.9999984900183551 0.9999996173095572 0.9999999098258417 0.9999999802493582 0.9999999959796657 0.9999999992395834 0.999999999866376 0.9999999999781877 0.9999999999966929 0.9999999999995344 0.9999999999999392 0.9999999999999927 0.9999999999999991 0.9999999999999999 1. 1. 1. 1. 1. 1. 1. 1. 1. 1. 1. 1. 1. 1. 1. 1. 1. 1.
1.1856137028487352e-46 6.42426121277172e-45 3.218532924719439e-43 1.490919793528416e-41 6.385859375181221e-40 2.5290696950428807e-38 9.261615229192614e-37 3.1362147743551107e-35 9.82035498562002e-34 2.8435490725498564e-32 7.614070849787382e-31 1.8854150839435356e-29 4.317605476333506e-28 9.144032705305561e-27 1.7910401168968712e-25 3.2445953772560707e-24 5.436502664369126e-23 8.425582552752535e-22 1.207870664655453e-20 1.6017752868677934e-19 1.9650141864717505e-18 2.2301651467643638e-17 2.3417585720607565e-16 2.2751499100744297e-15 2.045373398622957e-14 1.7016293422140374e-13 1.310164520322365e-12 9.336800567202663e-12 6.159271063890375e-11 3.761599703936671e-10 2.1270963149887847e-9 1.1138829971994288e-8 5.402624211304305e-8 2.4275458255534844e-7 1.0107036077731801e-6 3.9001709163657136e-6 0.000013953162921072234 0.00004629517235377531 0.00014250836512820738 0.00040717547383970995 0.0010804073764729362 0.0026639520172957267 0.00610823057841727 0.013035624264777477 0.025919493307145224 0.04807739488045148 0.08331592516423583 0.1351379742397712 0.20561047549739364 0.29423086209261007 0.3972829622990436 0.5080956715074064 0.6182830740918539 0.719600455235583 0.8057485058161074 0.8734839769623298 0.9227327752021299 0.9558446171145729 0.9764309300734033 0.988266263705406 0.9945582560849964 0.9976514029284316 0.999057503386872 0.9996485670990589 0.9998783157324538 0.9999608949403971 0.9999883413765944 0.9999967766062707 0.9999991737920753 0.9999998037308668 0.9999999567990141 0.9999999911911364 0.9999999983364055 0.9999999997090605 0.9999999999528892 0.9999999999929378 0.99999999999902 0.9999999999998741 0.9999999999999851 0.9999999999999983 0.9999999999999998 1. 1. 1. 1. 1. 1. 1. 1. 1. 1. 1. 1. 1. 1. 1. 1. 1. 1. 1.
1.3377405462749277e-48 8.667171099288018e-47 5.173136346026355e-45 2.8445159535095097e-43 1.4409468097059352e-41 6.724814904371697e-40 2.8914367646165743e-38 1.1453988354585926e-36 4.1804084906174735e-35 1.4057547058306722e-33 4.355517759473886e-32 1.2434283692407507e-30 3.2708801542944866e-29 7.9283789690638085e-28 1.7709002279351852e-26 3.645094639969232e-25 6.914246185441638e-24 1.2087035577171432e-22 1.9473892897902156e-21 2.8917749011989883e-20 3.9580151741542493e-19 4.993628810818314e-18 5.807747643375155e-17 6.2270349870719355e-16 6.155584031533692e-15 5.6105726013542684e-14 4.715571800413224e-13 3.65505834959533e-12 2.612975948030174e-11 1.7231043772368673e-10 1.0482941934313854e-9 5.884613844076179e-9 3.0485432908864834e-8 1.4577830108900625e-7 6.436027530580857e-7 2.6240962257198698e-6 9.883424304767813e-6 0.00003439930813353483 0.00011068252499693474 0.00032937952864492436 0.0009070644201778664 0.002313032151442414 0.005465840378610275 0.011980011565969277 0.024381151219817366 0.046133497531518325 0.0812890403688178 0.133640120952197 0.20546955278227833 0.2962776939371467 0.40205516669281693 0.5155844619786714 0.6278558767001414 0.7301561805040004 0.8160438737521571 0.8824840671391055 0.9298402025790958 0.9609406300153771 0.9797597954675124 0.9902522540870956 0.9956423428990371 0.998193604701924 0.9993062407706166 0.9997533242823307 0.9999188478567603 0.9999753109780629 0.9999930570298772 0.9999981959082205 0.999999566987074 0.9999999040272722 0.9999999803622719 0.9999999962911769 0.9999999993536037 0.9999999998960545 0.9999999999845798 0.9999999999978899 0.9999999999997338 0.999999999999969 0.9999999999999967 0.9999999999999997 1. 1. 1. 1. 1. 1. 1. 1. 1. 1. 1. 1. 1. 1. 1. 1. 1. 1. 1. 1.
1.1049714531371907e-50 8.668545911470974e-49 6.240453682183352e-47 4.1225663200567765e-45 2.4992401794547674e-43 1.390416547334541e-41 7.098828363522927e-40 3.3261512723156497e-38 1.4302772432650457e-36 5.644576209972319e-35 2.0444947162262263e-33 6.796660787734238e-32 2.0738263438776444e-30 5.808038816044887e-29 1.4930732107076206e-27 3.5232414123407584e-26 7.631850495223965e-25 1.5176137362627623e-23 2.770485389507323e-22 4.643384368513616e-21 7.145297965144332e-20 1.0095732639348434e-18 1.3098280744371977e-17 1.5605564556588733e-16 1.7075213229899928e-15 1.7159724486941195e-14 1.5839879194998993e-13 1.343182367836039e-12 1.0464266713959837e-11 7.490799218732364e-11 4.927815798507379e-10 2.9795918118604707e-9 1.6562008729075035e-8 8.464698904943053e-8 3.9788069407756973e-7 1.720489870922848e-6 6.846073192590449e-6 0.000025076906263972204 0.00008459154233104749 0.00026291051986396534 0.0007532876235922571 0.0019910116142019757 0.004858359917120993 0.010955160040180009 0.022853599501986968 0.044166673616122226 0.07920727461709154 0.13208435806287722 0.20532208858840695 0.2984273992742362 0.40706665338831516 0.523418210795893 0.637793153636041 0.7409891391551917 0.8264500860570605 0.8914099558013442 0.9367304360825099 0.9657516080404978 0.9828087181800357 0.9920103492549519 0.9965664324269667 0.9986369759417706 0.9995006328016163 0.9998312765563637 0.9999474587515935 0.9999849281532543 0.999996019122088 0.9999990322338383 0.9999997835303422 0.9999999554617003 0.9999999915730334 0.9999999985340657 0.9999999997655883 0.9999999999655498 0.9999999999953475 0.9999999999994227 0.9999999999999342 0.9999999999999931 0.9999999999999993 1. 1. 1. 1. 1. 1. 1. 1. 1. 1. 1. 1. 1. 1. 1. 1. 1. 1. 1. 1. 1.
6.484347545837884e-53 6.245157030156196e-51 5.4963604464786455e-49 4.420472739654572e-47 3.2488616912422296e-45 2.182079201576441e-43 1.339352391496864e-41 7.512994753614074e-40 3.851541658409247e-38 1.8045521750735862e-36 7.727310395618607e-35 3.0242859029326544e-33 1.0818455010544953e-31 3.5372748524091576e-30 1.0571772217104306e-28 2.8881356616981495e-27 7.212648783888671e-26 1.646635020871581e-24 3.436724757154095e-23 6.557799760039702e-22 1.1440910309814877e-20 1.8250601159629626e-19 2.662167794660695e-18 3.5511211155407375e-17 4.332120273232938e-16 4.833670517824024e-15 4.933277302398445e-14 4.605966855089641e-13 3.934438892270466e-12 3.075227655693515e-11 2.1997164997685114e-10 1.4401955504114265e-9 8.632190377005637e-9 4.737569014805771e-8 2.3813757272105508e-7 1.096619441631616e-6 4.62780721586855e-6 0.000017903704904583056 0.0000635245656817387 0.00020681674342963217 0.0006181972298648327 0.0016977147058385106 0.004287017593190604 0.009963841583661844 0.021340098773055215 0.04217860417101736 0.07706920915804817 0.13046740134808138 0.205167616677803 0.3006878315335426 0.41233495056091896 0.531618062803317 0.6481083700841564 0.7520955844459701 0.8369450513961878 0.900229466300287 0.9433736360776144 0.9702595091826283 0.9855739663843329 0.9935475405293623 0.9973422343392367 0.9989929444403494 0.9996492908819676 0.9998878309870916 0.9999670725660255 0.9999911331183967 0.9999978106502441 0.9999995045247192 0.9999998972584355 0.9999999804853016 0.9999999966056282 0.9999999994594412 0.9999999999211997 0.9999999999894866 0.9999999999987165 0.9999999999998566 0.9999999999999853 0.9999999999999987 0.9999999999999999 1. 1. 1. 1. 1. 1. 1. 1. 1. 1. 1. 1. 1. 1. 1. 1. 1. 1. 1. 1. 1.
2.6139319925756893e-55 3.1378981195675906e-53 3.426749172233018e-51 3.4043300991148777e-49 3.0767645084668915e-47 2.5297518973670903e-45 1.8923044944877988e-43 1.2877821763665968e-41 7.97336362351815e-40 4.491574636437681e-38 2.3021010533463092e-36 1.073570210971106e-34 4.55542882194035e-33 1.7588718084140107e-31 6.179589227748541e-30 1.9757001668259843e-28 5.748244509528743e-27 1.5220199150377163e-25 3.667718641296084e-24 8.044214519394635e-23 1.6058556830735589e-21 2.9180319425845924e-20 4.826830523506865e-19 7.268638416349816e-18 9.965444389361415e-17 1.2440273253995724e-15 1.4141446076511544e-14 1.4639758112129234e-13 1.3803870246839282e-12 1.1856360922035524e-11 9.2778882347768e-11 6.61554606645077e-10 4.299145602192863e-9 2.5467751859558232e-8 1.3756128231466518e-7 6.776721083747424e-7 3.0457898541366526e-6 0.000012493915111288239 0.000046795455690374176 0.000160116547976962 0.000500791600830151 0.001432769186492204 0.0037528816601599697 0.009008861536946756 0.019844183897202227 0.04017129302946423 0.07487348685055348 0.12878572905460048 0.20500562543252066 0.30306765404651637 0.41787924358951256 0.5402065495665312 0.6588145856104974 0.763469046346654 0.8475028287977284 0.9089075749566942 0.9497395948159031 0.974448268514631 0.9880547590680853 0.9948732636495206 0.9979826623172422 0.9992730066557478 0.9997602817445859 0.9999277295164604 0.9999800917405692 0.9999949917692785 0.9999988499537714 0.999999759033789 0.9999999539467233 0.999999991973951 0.999999998724825 0.999999999815342 0.9999999999756324 0.9999999999970703 0.9999999999996791 0.999999999999968 0.9999999999999971 0.9999999999999998 1. 1. 1. 1. 1. 1. 1. 1. 1. 1. 1. 1. 1. 1. 1. 1. 1. 1. 1. 1. 1. 1.
6.96879460871624e-58 1.0602888376926723e-55 1.460441071634776e-53 1.8211436393360785e-51 2.055947878154966e-49 2.101336587838025e-47 1.9444785671008026e-45 1.6290846717080149e-43 1.2357387164024693e-41 8.48715906945827e-40 5.27790571235242e-38 2.9719137029105063e-36 1.5152998552530785e-34 6.996200822565722e-33 2.9251070348216444e-31 1.1075229116192974e-29 3.7976247782140797e-28 1.1793374077065729e-26 3.317039575522764e-25 8.450285652668528e-24 1.949951561413707e-22 4.075995181474077e-21 7.71843154030766e-20 1.3241613592989118e-18 2.0582742619206623e-17 2.899036032582829e-16 3.700271683105683e-15 4.28045019361653e-14 4.488204458539794e-13 4.266195951634672e-12 3.6767040653531275e-11 2.873420943630595e-10 2.0367850438325765e-9 1.3097564805697356e-8 7.642630148934374e-8 4.0478610611683054e-7 1.9466215994073685e-6 8.503084335055312e-6 0.00003375236947916891 0.00012181278228760097 0.00039995599384994853 0.001195594989417374 0.0032568274373872986 0.008093028901494995 0.018369670227181865 0.03814710717292229 0.07261883802261163 0.1270355623402223 0.20483555219656555 0.30557644585052235 0.42372056177898265 0.5492076395898714 0.6699241698097325 0.7750998116004448 0.8580932564277894 0.9174065112385303 0.9557982576295949 0.9783043752052243 0.9902535530016991 0.9959993195978358 0.9985015536417857 0.9994884579297416 0.9998409798891652 0.9999550200810303 0.9999884308640314 0.9999972956528407 0.999999425747969 0.9999998892739608 0.9999999806198677 0.9999999969218056 0.9999999995564354 0.9999999999420248 0.9999999999931282 0.9999999999992615 0.9999999999999281 0.9999999999999937 0.9999999999999996 1. 1. 1. 1. 1. 1. 1. 1. 1. 1. 1. 1. 1. 1. 1. 1. 1. 1. 1. 1. 1. 1. 1.
1.177158258565278e-60 2.312246087356571e-58 4.090303524956855e-56 6.516379025756469e-54 9.349619210547997e-52 1.2081649540995857e-49 1.4060854607975463e-47 1.473870678686679e-45 1.3914859533360983e-43 1.1832603927033943e-41 9.06306029628736e-40 6.252795530111068e-38 3.8858948184596206e-36 2.175398882409049e-34 1.0970652116961422e-32 4.984108189101221e-31 2.0399570487545035e-29 7.522316811822941e-28 2.4991902503263294e-26 7.48145282761455e-25 2.0180656264442782e-23 4.905387804270591e-22 1.0745549014531506e-20 2.1214478333984258e-19 3.775018179945955e-18 6.055175671652871e-17 8.755836417437152e-16 1.1415071114655883e-14 1.341905760457556e-13 1.4226118347595486e-12 1.3603093644732608e-11 1.1734110697163068e-10 9.13288939861267e-10 6.415164081956329e-9 4.067792806388652e-8 2.329098587538156e-7 1.2045957078874058e-6 5.6297558151790376e-6 0.000023786592005856127 0.00009090853277110496 0.00031447505618173856 0.0009853962064207324 0.0027995028927619526 0.0072191200897114205 0.016920655707319442 0.03610882082268383 0.07030411191423225 0.12521284419646095 0.20465677674973906 0.3082248243008109 0.4298819883269792 0.5586467729383705 0.6814484447884891 0.7869743316019854 0.8686815948413145 0.9256859677854012 0.9615203598894988 0.9818174769391874 0.9921762613161302 0.9969397005613119 0.9989133352154073 0.9996501251990519 0.9998979516493752 0.9999730576144077 0.9999935654374006 0.9999986106361007 0.9999997289031601 0.9999999522172045 0.9999999923948298 0.9999999989072812 0.9999999998583036 0.9999999999834208 0.9999999999982501 0.9999999999998335 0.9999999999999857 0.9999999999999989 1. 1. 1. 1. 1. 1. 1. 1. 1. 1. 1. 1. 1. 1. 1. 1. 1. 1. 1. 1. 1. 1. 1. 1.
1.2000949544136127e-63 3.1061023637198915e-61 7.199194864500268e-59 1.4942634762754327e-56 2.7774934020830447e-54 4.6234853193898946e-52 6.892630982366379e-50 9.20256166953249e-48 1.1003992483525331e-45 1.1784740278080401e-43 1.1303917985943335e-41 9.711562254263437e-40 7.473311047109768e-38 5.151273161312826e-36 3.1805953953742726e-34 1.7591810072348345e-32 8.716419288988745e-31 3.869099051627263e-29 1.5386718141449017e-27 5.482373440106209e-26 1.750256690915483e-24 5.006931902000256e-23 1.2835336092521865e-21 2.948764541359434e-20 6.071627740311359e-19 1.1205750451224035e-17 1.8539170781308337e-16 2.74979810586388e-15 3.6570053911030026e-14 4.3613831667095467e-13 4.6651300689018605e-12 4.476307128529458e-11 3.853705916999094e-10 2.9774048149183268e-9 2.0649532687294e-8 1.2859531458597276e-7 7.193376896880793e-7 3.615833201083435e-6 0.000016340203273948678 0.00006642368828107741 0.00024304919169538419 0.0008011573418635844 0.002381293398902676 0.006389835567356611 0.015501517465277321 0.034059663231188954 0.06792831480066247 0.12331321683013342 0.20446861375397438 0.3110245876455012 0.436388896358158 0.5685508727922807 0.6933972387763594 0.7990745544019364 0.8792282056935992 0.933703447976192 0.9668781842279122 0.9849809882113274 0.9938323765230594 0.9977103134573904 0.9992326478426694 0.9997681177353582 0.999936878327041 0.9999845338130136 0.9999965912548325 0.9999993245846555 0.9999998797436297 0.9999999807676689 0.9999999972381944 0.9999999996439896 0.9999999999588159 0.9999999999957254 0.999999999999602 0.9999999999999667 0.9999999999999976 0.9999999999999998 1. 1. 1. 1. 1. 1. 1. 1. 1. 1. 1. 1. 1. 1. 1. 1. 1. 1. 1. 1. 1. 1. 1. 1.
6.986989680929788e-67 2.4374471065783994e-64 7.568164336554924e-62 2.091526072438448e-59 5.144710587850518e-57 1.1263972809565374e-54 2.1951478580768386e-52 3.807909610234125e-50 5.879899393246756e-48 8.082095692771185e-46 9.889174994249895e-44 1.077184448035551e-41 1.044544311571307e-39 9.017460701460053e-38 6.93070050712041e-36 4.742655322692202e-34 2.8895814176796143e-32 1.567603027555566e-30 7.572608457034541e-29 3.2575076106153135e-27 1.2479012234815203e-25 4.257517102275403e-24 1.2937285515365763e-22 3.501648501851489e-21 8.442671792064653e-20 1.813444756958403e-18 3.470477250191418e-17 5.918107137794577e-16 8.99371597690465e-15 1.218200525635901e-13 1.470922726642038e-12 1.5835418087910747e-11 1.5202866185256527e-10 1.3019004740263608e-9 9.947212508969273e-9 6.783111771940012e-8 4.1296626310137557e-7 2.245630097071214e-6 0.000010912184125615958 0.000047411735494343086 0.00018431477623757876 0.0006416448878355278 0.0020022867733873804 0.005607748862329772 0.014116901235934719 0.0320033699559318 0.06549065609754746 0.12133199752528064 0.20427030397837165 0.3139888814037842 0.4432692140500308 0.5789483239422004 0.7057783323531157 0.8113771798865372 0.8896882942161 0.9414147813453572 0.9718464358302152 0.987792670447849 0.9952349698313655 0.9983285995392164 0.9994739462360371 0.9998516121179223 0.9999625231842283 0.9999915321385902 0.9999982894295678 0.9999996912403699 0.9999999502255659 0.9999999928365365 0.9999999990799309 0.9999999998945688 0.999999999989224 0.9999999999990179 0.9999999999999202 0.9999999999999942 0.9999999999999996 1. 1. 1. 1. 1. 1. 1. 1. 1. 1. 1. 1. 1. 1. 1. 1. 1. 1. 1. 1. 1. 1. 1. 1. 1.
2.1810041897015766e-70 1.051730513044937e-67 4.484131506059075e-65 1.690383569668363e-62 5.634207653540605e-60 1.6604629618338513e-57 4.3269603052399786e-55 9.970184467240675e-53 2.0314206006105095e-50 3.6600193257333973e-48 5.831294929102013e-46 8.215931085154196e-44 1.0236975499362007e-41 1.1280375682235893e-39 1.0993285342772147e-37 9.475446603775904e-36 7.223666223251482e-34 4.8710262265212196e-32 2.9054188279520797e-30 1.533010084244021e-28 7.155728065505713e-27 2.9550312302004854e-25 1.0796904064760317e-23 3.4905814201298846e-22 9.986043666532192e-21 2.528284390325129e-19 5.665511814207789e-18 1.1237822118635156e-16 1.9733755787063065e-15 3.0681986731896026e-14 4.2244747534315655e-13 5.1517649277661476e-12 5.565738811671396e-11 5.328135749178407e-10 4.5209626477666554e-9 3.4011484879076437e-8 2.269432880378501e-7 1.3436656349682374e-6 7.0626120547430375e-6 0.000032976066925929815 0.00013686796527216533 0.0005054152710172948 0.0016622400671064007 0.0048752476168733416 0.012771701644203255 0.02994423714605918 0.06299060398751562 0.11926415307395626 0.20406100406622268 0.31713239324145437 0.4505537220021622 0.5898689049267927 0.7185967757455934 0.8238528415750224 0.9000117526338487 0.9487748383154482 0.9764032238888357 0.9902551429076176 0.996400540180086 0.9988130568295248 0.9996510974612698 0.9999086866592983 0.9999787435472256 0.999995602356757 0.9999991919692456 0.999999868214293 0.999999980930754 0.9999999975529268 0.9999999997216076 0.9999999999719305 0.9999999999974923 0.9999999999998015 0.999999999999986 0.9999999999999991 1. 1. 1. 1. 1. 1. 1. 1. 1. 1. 1. 1. 1. 1. 1. 1. 1. 1. 1. 1. 1. 1. 1. 1. 1. 1.
3.3956901370899213e-74 2.3281621207502926e-71 1.401156998426431e-68 7.40211798320887e-66 3.4326417716782616e-63 1.397373118202949e-60 4.993630235000597e-58 1.5665697049972259e-55 4.31441872944567e-53 1.0431449354577615e-50 2.2142575029204304e-48 4.126528478862153e-46 6.751928964316659e-44 9.699988502449083e-42 1.2235734684981042e-39 1.3552540531320424e-37 1.3181380951205835e-35 1.1258222847977132e-33 8.444391708287191e-32 5.5626179631768975e-30 3.218305408540905e-28 1.6354588080779134e-26 7.300391121689034e-25 2.8627250807359155e-23 9.86225894832448e-22 2.9852213928024954e-20 7.940076315089568e-19 1.8559681927066978e-17 3.8130259920118873e-16 6.886284083011414e-15 1.093419011037676e-13 1.5267039729991513e-12 1.874911273098684e-11 2.0256696657993816e-10 1.925921952951092e-9 1.6118700278175944e-8 1.187968048923977e-7 7.713528904816493e-7 4.414686046811296e-6 0.000022284992582744 0.00009929155346790617 0.00039083013522523194 0.0013605499538517309 0.004194466680356109 0.011471031036992761 0.02788717801790834 0.060427952380640845 0.1171042729622013 0.2038397745533928 0.32047158210758864 0.4582763859949426 0.6013436561902857 0.7318540525336806 0.8364652251625948 0.9101431521079668 0.9557384743865093 0.9805311241032437 0.992376274777751 0.9973486915018788 0.9991826822286229 0.9997770044978491 0.9999462175660049 0.9999885451884554 0.9999978473164599 0.9999996432861078 0.9999999479094408 0.9999999932997987 0.9999999992411974 0.9999999999243637 0.9999999999933662 0.9999999999994882 0.9999999999999653 0.999999999999998 0.9999999999999999 1. 1. 1. 1. 1. 1. 1. 1. 1. 1. 1. 1. 1. 1. 1. 1. 1. 1. 1. 1. 1. 1. 1. 1. 1. 1.
2.4266966436427385e-78 2.4414076064003133e-75 2.139106576218959e-72 1.632296791087505e-69 1.0847960821493221e-66 6.278957762084714e-64 3.165382652315802e-61 1.3898674675192306e-58 5.3154375997932395e-56 1.7706542362074183e-53 5.137703125480532e-51 1.2985449421204866e-48 2.858978227266736e-46 5.483334611693668e-44 9.161655421783863e-42 1.3335673629447926e-39 1.6911636038770375e-37 1.8685525966803863e-35 1.7988507801667204e-33 1.5089610203842838e-31 1.1030090072107302e-29 7.02628441827927e-28 3.90075067423105e-26 1.8874683817849476e-24 7.96080355001119e-23 2.9269852093601695e-21 9.382439407722933e-20 2.6223646872310452e-18 6.391591458991704e-17 1.3587110122349058e-15 2.5195277988329018e-14 4.0763049551813126e-13 5.755228280108644e-12 7.092728674112732e-11 7.632061545335114e-10 7.172830513192827e-9 5.8901422238171035e-8 4.2280783095875445e-7 2.6544457331023166e-6 0.00001458460534172254 0.00007018402191730254 0.00029607972365301965 0.001096228976234372 0.0035672137103512796 0.010220174217758818 0.025837780209644272 0.057802901329564185 0.11484654163853707 0.20360556577930025 0.32402494874231025 0.4664747280514623 0.6134046609961176 0.7455470621961064 0.8491701437246113 0.920021942447582 0.9622617287017633 0.984218280165161 0.9941694022661836 0.9981016262587896 0.999456361335205 0.9998632832436842 0.9999698441793992 0.9999941720472738 0.9999990139623853 0.9999998540502757 0.9999999811116156 0.9999999978637246 0.9999999997889372 0.9999999999817901 0.9999999999986284 0.9999999999999098 0.9999999999999949 0.9999999999999998 1. 1. 1. 1. 1. 1. 1. 1. 1. 1. 1. 1. 1. 1. 1. 1. 1. 1. 1. 1. 1. 1. 1. 1. 1. 1. 1.
7.231923481766027e-83 1.106155682966973e-79 1.4608515163708867e-76 1.6658296062561013e-73 1.6402026400784478e-70 1.3944890640539823e-67 1.0237459137789629e-64 6.489901218335935e-62 3.55273523995305e-59 1.6794890207313489e-56 6.8563431473174e-54 2.4172484801225543e-51 7.359980607383018e-49 1.935409797278173e-46 4.3956740781969513e-44 8.622852423747527e-42 1.4610576876519763e-39 2.1384262243992955e-37 2.70366544079719e-35 2.9530213701919067e-33 2.786509566611061e-31 2.2717606255371896e-29 1.600306585539684e-27 9.741280157249389e-26 5.124343711516343e-24 2.329759281114044e-22 9.155462169618178e-21 3.110262971046705e-19 9.135218726329081e-18 2.3201197026787413e-16 5.096176658614063e-15 9.682871498480746e-14 1.5917842620587665e-12 2.2646095568871635e-11 2.7890552435945464e-10 2.9745510519007462e-9 2.748254107221256e-8 2.200718429373866e-7 1.5282091575495578e-6 9.208680190877608e-6 0.00004818956708881598 0.00021921478244207315 0.0008678902801690236 0.0029948884062859873 0.009024526133604664 0.023802362047763707 0.055116153359886066 0.11248471039342023 0.20335720124508438 0.3278133563681993 0.47519023811370575 0.6260847085072543 0.7596668917193461 0.8619146033892736 0.9295829310493705 0.9683032910119796 0.9874594817646793 0.9956533118416588 0.9986834578289159 0.99965224495834 0.9999200196508781 0.9999840040447929 0.9999972208934583 0.9999995809159516 0.9999999451855917 0.9999999937851117 0.9999999993894734 0.9999999999480568 0.999999999996174 0.9999999999997561 0.9999999999999866 0.9999999999999993 1. 1. 1. 1. 1. 1. 1. 1. 1. 1. 1. 1. 1. 1. 1. 1. 1. 1. 1. 1. 1. 1. 1. 1. 1. 1. 1. 1.
8.041438730784748e-88 1.9462491024478537e-84 4.0289401441611215e-81 7.133756183386959e-78 1.0804099162381898e-74 1.3996195874568533e-71 1.5509273511010134e-68 1.4700845967195814e-65 1.1919902730603984e-62 8.267865415759415e-60 4.9058690754997493e-57 2.4903064471260355e-54 1.0814769465522791e-51 4.018127880462319e-49 1.27728489622331e-46 3.4739703898709595e-44 8.084570273827461e-42 1.609904065582724e-39 2.743321820877251e-37 4.000466566684612e-35 4.992605694122993e-33 5.332792654097953e-31 4.8755520208047475e-29 3.815650400917924e-27 2.5563873807122582e-25 1.4663572773679574e-23 7.202022089709449e-22 3.029162323303922e-20 1.0911949635555614e-18 3.367127092852529e-17 8.901604697677487e-16 2.016569616746029e-14 3.915532433616537e-13 6.517966531960782e-12 9.304766405841371e-11 1.1395155094903503e-9 1.1976542172868664e-8 1.0808009205802235e-7 8.379321465508922e-7 5.584906504535352e-6 0.00003202758236058244 0.00015818689892954516 0.0006737437649985648 0.0024783973762652553 0.007889509348397822 0.02178802488299026 0.05236902853801209 0.11001206966341798 0.20309335786264895 0.33186041254181564 0.4844688274537386 0.6394167989799395 0.7741973458007401 0.874635912442089 0.9387571239175289 0.9738262323922284 0.9902571339243194 0.9968519346238915 0.999119363750933 0.9997871600393519 0.9999556280494524 0.9999920310850289 0.9999987683988301 0.9999998363372671 0.9999999813133182 0.9999999981678432 0.9999999998458202 0.9999999999888687 0.9999999999993108 0.9999999999999634 0.9999999999999983 1. 1. 1. 1. 1. 1. 1. 1. 1. 1. 1. 1. 1. 1. 1. 1. 1. 1. 1. 1. 1. 1. 1. 1. 1. 1. 1. 1. 1.
2.9307990225830955e-93 1.1743809589229001e-89 3.983388284338154e-86 1.1437321709590707e-82 2.7799176469173885e-79 5.7198385489357e-76 9.962968458144854e-73 1.469116995618583e-69 1.833989326952085e-66 1.9382994998633913e-63 1.7343640794940524e-60 1.3139156051448283e-57 8.427833308000276e-55 4.577202894731963e-52 2.1049209782799954e-49 8.19671351205731e-47 2.70290250666896e-44 7.547925198458185e-42 1.7850609703223052e-39 3.5754477410420965e-37 6.06576527501223e-35 8.71659615734108e-33 1.0610738551734865e-30 1.0942488121617182e-28 9.560848124423777e-27 7.078298920431187e-25 4.440793983756484e-23 2.361262527637441e-21 1.0642385613384126e-19 4.0664128350140565e-18 1.317459452189469e-16 3.6199483439961495e-15 8.437334182008774e-14 1.6686266969336542e-12 2.8008856908586582e-11 3.991781650849965e-10 4.832289045909e-9 4.971256239420632e-8 4.348703823088196e-7 3.2369707421567613e-6 0.00002051980807002756 0.00011089650379566591 0.0005116067079037258 0.0020180677577552823 0.006820468086490086 0.019802697505764376 0.049563601461031864 0.10742142297660622 0.202812542395295 0.33619292590625766 0.49436132283204337 0.6534334388843375 0.7891132072954408 0.8872609124818094 0.9474730198316086 0.9787999664366867 0.9926220098404694 0.9977937100805441 0.9994346249138945 0.9998761068706485 0.9999768220279731 0.9999963030053411 0.9999994977658229 0.9999999419406346 0.9999999942926037 0.9999999995231882 0.9999999999661635 0.9999999999979612 0.9999999999998958 0.9999999999999954 0.9999999999999998 1. 1. 1. 1. 1. 1. 1. 1. 1. 1. 1. 1. 1. 1. 1. 1. 1. 1. 1. 1. 1. 1. 1. 1. 1. 1. 1. 1. 1.
3.008508107719659e-99 2.1012195346055086e-95 1.2281237193476514e-91 6.007180404619579e-88 2.4590365605878926e-84 8.4242927871911525e-81 2.4153775692835494e-77 5.796011974359391e-74 1.1640627887420288e-70 1.956759117993165e-67 2.7531120272971775e-64 3.2422653690897256e-61 3.196133724954087e-58 2.6373492419850078e-55 1.8217653408768574e-52 1.0534559497808129e-49 5.099856736538108e-47 2.066984972736321e-44 7.014170070297894e-42 1.9929609010033953e-39 4.741665516970188e-37 9.447162309417102e-35 1.5763103078797085e-32 2.2028592562183634e-30 2.5785468701204342e-28 2.528420923818439e-26 2.0771005766094615e-24 1.4297263040108023e-22 8.246991622797915e-21 3.9870641315120793e-19 1.615856325756324e-17 5.490750108330352e-16 1.5647334204825243e-14 3.7406270604997524e-13 7.503742758222452e-12 1.2635647825320796e-10 1.7868467167481325e-9 2.1230763481540607e-8 2.1207695648182445e-7 1.7823208510631889e-6 0.00001261324109033681 0.00007524692109964567 0.0003789317841840127 0.0016135640786208577 0.005822535867537316 0.017855167173873414 0.04670286367885639 0.10470506432309046 0.20251306320499024 0.34084145513482733 0.504923996887751 0.6681656583689242 0.8043782064788563 0.8997054434986189 0.9556584500237765 0.98320236726208 0.9945736610464042 0.9985106021237333 0.9996536197489088 0.999931891714865 0.9999886963471369 0.9999984186485911 0.999999813721934 0.9999999815396703 0.999999998462022 0.9999999998923447 0.9999999999936717 0.9999999999996878 0.9999999999999871 0.9999999999999996 1. 1. 1. 1. 1. 1. 1. 1. 1. 1. 1. 1. 1. 1. 1. 1. 1. 1. 1. 1. 1. 1. 1. 1. 1. 1. 1. 1. 1. 1.
7.276885886992639e-106 9.394196220507166e-102 1.002132193544394e-97 8.833833057986325e-94 6.434874545284763e-90 3.8735231383213575e-86 1.9268877189754368e-82 7.921373061797321e-79 2.6912163693728365e-75 7.556346580022744e-72 1.753484939820592e-68 3.363038344646534e-65 5.33107584418926e-62 6.984991585415682e-59 7.564858276649839e-56 6.772309430931375e-53 5.011786192972655e-50 3.0661140082654534e-47 1.55076564521614e-44 6.484705649150788e-42 2.2420587478335583e-39 6.409812284699252e-37 1.5153645952862362e-34 2.962768272916649e-32 4.790997829072149e-30 6.408337395521301e-28 7.090947158581474e-26 6.491675385123864e-24 4.917721592619667e-22 3.0831489694350094e-20 1.6000244942134134e-18 6.874631653874274e-17 2.4460490616508056e-15 7.209278774895356e-14 1.760623331268392e-12 3.5640956890694734e-11 5.983143477155193e-10 8.33356924576931e-9 9.636586467812456e-8 9.258303767297966e-7 7.396966001462048e-6 0.00004920189648631796 0.00027285487365107423 0.001263814417289448 0.004900474435871616 0.015955089920447963 0.04379091528245688 0.10185476153257131 0.2021929961783169 0.3458409719358838 0.5162191245444095 0.6836416642362921 0.8199426924114365 0.911874196126399 0.9632430445881721 0.9870219179183775 0.9961403508042161 0.9990367886211552 0.9997988628659211 0.9999649325059553 0.999994904189125 0.9999993836491116 0.999999938016466 0.9999999948218434 0.9999999996409039 0.9999999999793403 0.9999999999990143 0.999999999999961 0.9999999999999987 1. 1. 1. 1. 1. 1. 1. 1. 1. 1. 1. 1. 1. 1. 1. 1. 1. 1. 1. 1. 1. 1. 1. 1. 1. 1. 1. 1. 1. 1. 1.
3.3581900810439436e-113 8.571294226433927e-109 1.7825144691556996e-104 3.0204577206476244e-100 4.170359339026693e-96 4.691845634353481e-92 4.301228743732277e-88 3.213139877546985e-84 1.9559842194813356e-80 9.703105916161626e-77 3.922634137415367e-73 1.2923472484530494e-69 3.469994496009269e-66 7.593488292984883e-63 1.3543561161051096e-59 1.968886901562717e-56 2.3330488598478683e-53 2.253525739180353e-50 1.7744310416498008e-47 1.1390374225476633e-44 5.961091485971524e-42 2.5436174204321593e-39 8.850101514079122e-37 2.5110236166867944e-34 5.810304737225733e-32 1.0965703699038472e-29 1.6881561203863298e-27 2.1202259925745167e-25 2.172736112312878e-23 1.817008690381146e-21 1.2402568903095913e-19 6.911329996192768e-18 3.144931134608472e-16 1.168908672877649e-14 3.5498500362817277e-13 8.811777016404327e-12 1.7886887837051832e-10 2.970670759959468e-9 4.039241967259768e-8 4.499944765822562e-7 4.1113938264570086e-6 0.000030843075203907686 0.00019026398557048748 0.0009669535928350172 0.004058483032935312 0.01411297051962088 0.04083318940648046 0.09886174936322963 0.2018501433824096 0.35123166592779587 0.5283155461984131 0.69988501804645 0.8357410265481323 0.9236611530443384 0.9701613757246664 0.9902596997550526 0.9973583872757219 0.9994070948290252 0.9998901885089948 0.9999832551585452 0.999997901416672 0.9999997841335957 0.9999999817954639 0.9999999987424555 0.999999999928895 0.9999999999967111 0.9999999999998757 0.9999999999999962 0.9999999999999999 1. 1. 1. 1. 1. 1. 1. 1. 1. 1. 1. 1. 1. 1. 1. 1. 1. 1. 1. 1. 1. 1. 1. 1. 1. 1. 1. 1. 1. 1. 1.
2.3001108723643058e-121 1.2542915371278039e-116 5.486415047771539e-112 1.9249826476385134e-107 5.417775454561049e-103 1.2231501078168605e-98 2.2151962656343607e-94 3.2183116832258904e-90 3.750920439354458e-86 3.5071361482451966e-82 2.6307791972451264e-78 1.5832374168276564e-74 7.64454113819598e-71 2.9615255049544227e-67 9.205647948125212e-64 2.2960723351424276e-60 4.595450210352268e-57 7.380784009587959e-54 9.513303547728749e-51 9.840999715208057e-48 8.170582527029042e-45 5.445055928374748e-42 2.9128611935029416e-39 1.2509541308188276e-36 4.313274400893228e-34 1.1941568139339576e-31 2.654934884943079e-29 4.740676630485118e-27 6.799601828074229e-25 7.835276475338975e-23 7.254936391871549e-21 5.39900401896567e-19 3.229985779972892e-17 1.5538794685725657e-15 6.013217479512498e-14 1.8725667268432784e-12 4.694692715442681e-11 9.48098779394508e-10 1.5433418443546885e-8 2.0266576512917405e-7 2.1489990232184604e-6 0.00001842310027160284 0.00012788893957062125 0.0007202926796117827 0.003299979336251185 0.012340099770338476 0.03783671302704933 0.09571673758496486 0.20148198257512767 0.35705992693028576 0.5412892044053522 0.7169122010877425 0.8516887638457493 0.9349508741973606 0.9763567674063727 0.9929309664125354 0.998270771189181 0.999655296774099 0.999944174493578 0.9999926714462063 0.9999992215500413 0.999999933186587 0.9999999953715657 0.9999999997414455 0.9999999999883614 0.9999999999995781 0.9999999999999877 0.9999999999999998 1. 1. 1. 1. 1. 1. 1. 1. 1. 1. 1. 1. 1. 1. 1. 1. 1. 1. 1. 1. 1. 1. 1. 1. 1. 1. 1. 1. 1. 1. 1. 1.
1.7307819115185303e-130 2.2060288466428074e-125 2.2161803242566453e-120 1.7548163032551758e-115 1.0952139319464783e-110 5.387851223570331e-106 2.0892515992431644e-101 6.38607784683472e-97 1.5387089433695706e-92 2.922596028230825e-88 4.376059346188916e-84 5.165503754010469e-80 4.8069674867954363e-76 3.526742670758287e-72 2.040030793825392e-68 9.304170644877905e-65 3.3459214459920986e-61 9.487936303693e-58 2.1216240282428042e-54 3.741369037056044e-51 5.203377358301451e-48 5.707719740042682e-45 4.9385044452477403e-42 3.370700652383191e-39 1.8150027017681606e-36 7.71101837104726e-34 2.5850794138999802e-31 6.839434653164172e-29 1.4282832573137424e-26 2.3546611230940204e-24 3.065098836327881e-22 3.151058692105962e-20 2.5590135903710594e-18 1.6421699300517263e-16 8.329888898117526e-15 3.3412410538656424e-13 1.0602971988486493e-11 2.6634359655246733e-10 5.299635386504565e-9 8.35984078811763e-8 1.046506590486994e-6 0.000010409573153486353 0.00008240906546641624 0.0005203252512365425 0.002627356899210587 0.010648433701522218 0.0348104064155784 0.09240994156304246 0.20108560511964363 0.3633795503414845 0.5552235990982615 0.7347293966935426 0.8676797581979834 0.945620929248485 0.9817856609970945 0.9950659885531039 0.9989251458513109 0.9998124713994 0.9999738774815496 0.9999971014821216 0.9999997442788978 0.9999999820868124 0.9999999990048076 0.9999999999561897 0.999999999998473 0.9999999999999578 0.9999999999999991 1. 1. 1. 1. 1. 1. 1. 1. 1. 1. 1. 1. 1. 1. 1. 1. 1. 1. 1. 1. 1. 1. 1. 1. 1. 1. 1. 1. 1. 1. 1. 1. 1.
9.955716618170817e-141 3.2930531440959497e-135 8.417641472725209e-130 1.66285818381475e-124 2.538640619968105e-119 2.9952778518735322e-114 2.7313170503112835e-109 1.9249350968949177e-104 1.048526945432308e-99 4.414422950774654e-95 1.4365186500770177e-90 3.613305091182071e-86 7.025352086539932e-82 1.055885499642441e-77 1.2267815369781637e-73 1.1018870599108425e-69 7.651484032970581e-66 4.107844621911956e-62 1.7051593911115996e-58 5.472977217789496e-55 1.3583680115841615e-51 2.6072134728943882e-48 3.870208639306594e-45 4.443525197643593e-42 3.9463654449064616e-39 2.7113707444720256e-36 1.4412968433674539e-33 5.928545204578063e-31 1.8872854384442265e-28 4.6504502605583956e-26 8.871637607968843e-24 1.3105679113319e-21 1.4995894596142596e-19 1.3294443323606496e-17 9.134866779556987e-16 4.866810550890197e-14 2.011433579104264e-12 6.452623754835472e-11 1.6078277888766717e-9 3.114486433394596e-8 4.695016899149705e-7 5.515306342808046e-6 0.00005057322457893652 0.00036278090336154105 0.0020417289713218633 0.009050396144123589 0.03176542151943957 0.08893114598139631 0.2006576390741238 0.37025322456252263 0.5702100731634 0.7533282886186903 0.8835834373785036 0.9555458102258485 0.9864222787058525 0.9967098288115692 0.9993711471591721 0.9999056006819858 0.9999889055366996 0.9999989815828372 0.9999999271161144 0.9999999959392847 0.9999999998240674 0.9999999999940781 0.9999999999998452 0.9999999999999969 1. 1. 1. 1. 1. 1. 1. 1. 1. 1. 1. 1. 1. 1. 1. 1. 1. 1. 1. 1. 1. 1. 1. 1. 1. 1. 1. 1. 1. 1. 1. 1. 1. 1.
2.8178298680880495e-152 2.73430381654238e-146 2.0052920750003623e-140 1.111514285159777e-134 4.656581080371079e-129 1.4744929586852967e-123 3.528994139808764e-118 6.384131101267354e-113 8.729832356945847e-108 9.023492113361171e-103 7.05050520816425e-98 4.164432553414064e-93 1.8594974600221722e-88 6.277038510573034e-84 1.6019537513566967e-79 3.091000283343777e-75 4.509428039536401e-71 4.9743735853952195e-67 4.149282117066198e-63 2.6172814978045856e-59 1.2485287186852029e-55 4.504512196734381e-52 1.2292261149688602e-48 2.5373934771891126e-45 3.962390411577294e-42 4.6815130516652434e-39 4.185297814558082e-36 2.831624561144913e-33 1.450038919466972e-30 5.621246790524971e-28 1.649982789935958e-25 3.667897287069037e-23 6.176722706811778e-21 7.881930186765595e-19 7.624180149784453e-17 5.5926771477355256e-15 3.1126228895186276e-13 1.3151359809094968e-11 4.22147773715715e-10 1.0303661580821307e-8 1.9143838152596622e-7 2.711306821659164e-6 0.000029323218582470673 0.00024273510712766126 0.0015426753536339451 0.007558583363398394 0.02871551575015134 0.08526981676591337 0.20019415315722963 0.37775437692947694 0.5863477896238283 0.7726806484681478 0.8992426492983878 0.964602641675512 0.9902631313212082 0.9979207405970127 0.9996573879784323 0.9999566293567761 0.999995795787425 0.999999688674647 0.9999999824216346 0.9999999992443013 0.9999999999752924 0.9999999999993863 0.9999999999999885 0.9999999999999998 1. 1. 1. 1. 1. 1. 1. 1. 1. 1. 1. 1. 1. 1. 1. 1. 1. 1. 1. 1. 1. 1. 1. 1. 1. 1. 1. 1. 1. 1. 1. 1. 1. 1.
2.288346620413383e-165 7.527896150459007e-159 1.8249511652540341e-152 3.260336372628397e-146 4.292549549141359e-140 4.165035666417165e-134 2.978392811174101e-128 1.569694197881122e-122 6.097174815428748e-117 1.74555772737708e-111 3.6833591221749094e-106 5.728902440272631e-101 6.567961004220821e-96 5.550560981832719e-91 3.457856934427666e-86 1.588031259563984e-81 5.376659954953622e-77 1.3421125805906974e-72 2.47008266404295e-68 3.3520130457114784e-64 3.354282031331014e-60 2.475277631961434e-56 1.347139986523177e-52 5.40758882813121e-49 1.6011741528861305e-45 3.497551636404619e-42 5.636800110645601e-39 6.703519380336243e-36 5.883574781177061e-33 3.8117402658740774e-30 1.823203123794009e-27 6.439845232695245e-25 1.6801910764941e-22 3.239050370948609e-20 4.61538885147143e-18 4.863114992587398e-16 3.791018504790778e-14 2.18774480071276e-12 9.35316263044295e-11 2.965088600904548e-9 6.977968137005235e-8 1.2208413718429793e-6 0.00001590873440093611 0.00015478053294515524 0.0011280173626768081 0.006185348030174286 0.025677451237409207 0.08141528251020734 0.19969053580434773 0.3859694776676131 0.6037431850572902 0.7927314786294036 0.9144726961120225 0.9726789048012111 0.9933306903437193 0.9987670127092929 0.9998284480536518 0.9999821173652663 0.9999986080264939 0.9999999192911104 0.9999999965207533 0.9999999998886505 0.9999999999973574 0.9999999999999536 0.9999999999999993 1. 1. 1. 1. 1. 1. 1. 1. 1. 1. 1. 1. 1. 1. 1. 1. 1. 1. 1. 1. 1. 1. 1. 1. 1. 1. 1. 1. 1. 1. 1. 1. 1. 1. 1.
2.739116784865296e-180 3.627548835407531e-173 3.4396625555545485e-166 2.3352104175976414e-159 1.1351469029327426e-152 3.950961426441143e-146 9.846629112873e-140 1.7571809444217207e-133 2.245433819433811e-127 2.0547095303580517e-121 1.3464164162665975e-115 6.318303353175132e-110 2.123381469994234e-104 5.110666675687304e-99 8.80979605842191e-94 1.0877049697889201e-88 9.619070380546543e-84 6.093311192386053e-79 2.765001651208778e-74 8.988452998034662e-70 2.093390671198388e-65 3.493192350363066e-61 4.17672568490923e-57 3.578728121313309e-53 2.197571849006224e-49 9.672223488395604e-46 3.051626390959564e-42 6.902680646721561e-39 1.1195743786243574e-35 1.30230718360959e-32 1.0866425893577384e-29 6.505390443483526e-27 2.7950507247462587e-24 8.621269208441165e-22 1.9097519565250213e-19 3.0394516589632753e-17 3.4773704510166996e-15 2.861643745104951e-13 1.6951977138333434e-11 7.235603416524533e-10 2.2278799498023407e-8 4.955920019777506e-7 7.980266214394328e-6 0.00009325797909987902 0.0007936553834529229 0.00494224130941105 0.022671399213691927 0.07735701551917498 0.19914134144022963 0.3950009317068771 0.6225085684468077 0.8133905143036515 0.9290624469252917 0.9796821515563786 0.9956753342606333 0.9993223286654394 0.9999223320898176 0.9999935195547021 0.9999996076775673 0.9999999828103698 0.999999999455939 0.9999999999875793 0.9999999999997957 0.9999999999999976 1. 1. 1. 1. 1. 1. 1. 1. 1. 1. 1. 1. 1. 1. 1. 1. 1. 1. 1. 1. 1. 1. 1. 1. 1. 1. 1. 1. 1. 1. 1. 1. 1. 1. 1. 1.
3.2136243366889627e-197 2.0695330519695053e-189 9.234498857078217e-182 2.8551294381956855e-174 6.116712677468963e-167 9.080275414973058e-160 9.34067100181267e-153 6.658330504632437e-146 3.2890589809453906e-139 1.1259228126645211e-132 2.6710910133758342e-126 4.3916253083569194e-120 5.0041792698524676e-114 3.952092013647255e-108 2.1633398403558918e-102 8.208131344170732e-97 2.1587662683219484e-91 3.935776606392536e-86 4.974420136443946e-81 4.3588072244747395e-76 2.6481010711692304e-71 1.1155127990565085e-66 3.2585348254218703e-62 6.60110216024426e-58 9.274694561873252e-54 9.03898460386788e-50 6.1112512303487455e-46 2.866760740749931e-42 9.331938787257089e-39 2.108381150688704e-35 3.306831238846527e-32 3.601329309262676e-29 2.7240805014208183e-26 1.4315991920665438e-23 5.229133290744431e-21 1.3281197900909145e-18 2.346791376954652e-16 2.8868229466965965e-14 2.4740891018701535e-12 1.47870960416601e-10 6.170987161120131e-9 1.8009860575310994e-7 3.6832797200245755e-6 0.00005293006787861479 0.0005364244715022053 0.003853643809902999 0.019767712990032778 0.07317997602516502 0.19865114850108498 0.40501457609606245 0.6426951473064768 0.8344082499412349 0.9426934591526095 0.9855135109967986 0.9973639027586281 0.9996580772402064 0.9999686001058166 0.9999979681389487 0.999999907672501 0.9999999970614475 0.999999999934617 0.9999999999989845 0.999999999999989 1. 1. 1. 1. 1. 1. 1. 1. 1. 1. 1. 1. 1. 1. 1. 1. 1. 1. 1. 1. 1. 1. 1. 1. 1. 1. 1. 1. 1. 1. 1. 1. 1. 1. 1. 1. 1.
1.0230873032200309e-196 6.436133368168892e-189 2.8054437406040127e-181 8.47325179218815e-174 1.7732869458982156e-166 2.571562998888447e-159 2.5841282128241382e-152 1.7994502088719207e-145 8.68331120942873e-139 2.903770652306336e-132 6.729506142426406e-126 1.0808402063687447e-119 1.2031277322932049e-113 9.282172380891822e-108 4.963547244464644e-102 1.8397455461995882e-96 4.726791734714721e-91 8.418604667561403e-86 1.0394474945632731e-80 8.897744161684751e-76 5.280814118542923e-71 2.1731868279709635e-66 6.2015948734520205e-62 1.2273222072156646e-57 1.6846347686932234e-53 1.6039581469785341e-49 1.0594352078152498e-45 4.855239942220738e-42 1.5440834718174912e-38 3.4082620237616255e-35 5.222602064713302e-32 5.556941580701035e-29 4.1067588714113146e-26 2.108708556540209e-23 7.525788102775733e-21 1.867670045059114e-18 3.2247364906125047e-16 3.876291809940628e-14 3.246478341459035e-12 1.896318389565656e-10 7.734863392641615e-9 2.2066201819068205e-7 4.412008545614936e-6 0.00006199776037975453 0.000614574114201451 0.004320149121630444 0.021696505799782398 0.07870347091948843 0.20960688887074264 0.4200656990985402 0.657016877158798 0.8438471513351674 0.9470021647285349 0.9868758073182446 0.9976622319433495 0.9997033273134277 0.9999733539201239 0.9999983140500626 0.9999999251060652 0.9999999976700129 0.999999999949331 0.9999999999992308 0.9999999999999918 1. 1. 1. 1. 1. 1. 1. 1. 1. 1. 1. 1. 1. 1. 1. 1. 1. 1. 1. 1. 1. 1. 1. 1. 1. 1. 1. 1. 1. 1. 1. 1. 1. 1. 1. 1. 1.
3.2522341655261776e-196 1.998615533295097e-188 8.5102316794533e-181 2.5108804985422776e-173 5.133240483868495e-166 7.271885150377901e-159 7.138414742771492e-152 4.855859373790017e-145 2.289026919892056e-138 7.477697364507775e-132 1.6928934950714874e-125 2.6561322687400626e-119 2.8883024796146245e-113 2.176829119497806e-107 1.137134335781053e-101 4.117404229824773e-96 1.0334267130757326e-90 1.798052054040402e-85 2.168778633456165e-80 1.8136139943063617e-75 1.0515260230459647e-70 4.2273921124615995e-66 1.1785215733832135e-61 2.2785261942939275e-57 3.0553811418482335e-53 2.841974172669348e-49 1.8338872136643524e-45 8.210775598747666e-42 2.551080846283042e-38 5.501381277916012e-35 8.236015940778289e-32 8.561791549205751e-29 6.18208340221881e-26 3.1014781877673886e-23 1.0815138984382027e-20 2.622538356783827e-18 4.4245989752219654e-16 5.197256040977611e-14 4.253757755693121e-12 2.4283141712193326e-10 9.680966116890874e-9 2.699706196509677e-7 5.27733298738914e-6 0.00007251579575852818 0.0007031243376506681 0.004836499000699566 0.023781946701730835 0.08453726490093982 0.22091014803968537 0.4352346547427067 0.671116486397025 0.8529244760418946 0.9510498623640644 0.9881259444378626 0.9979296597916727 0.9997429510106945 0.9999774202512923 0.9999986030846852 0.9999999393357855 0.9999999981552368 0.9999999999607909 0.9999999999994184 0.999999999999994 1. 1. 1. 1. 1. 1. 1. 1. 1. 1. 1. 1. 1. 1. 1. 1. 1. 1. 1. 1. 1. 1. 1. 1. 1. 1. 1. 1. 1. 1. 1. 1. 1. 1. 1. 1. 1.
1.032291730116383e-195 6.197050559964108e-188 2.5777024963895747e-180 7.429397556234156e-173 1.4837333696571193e-165 2.0532817764090322e-158 1.9689796892931077e-151 1.3084108967027962e-144 6.025155585682052e-138 1.9227611595638751e-131 4.252340344773499e-125 6.517632997029929e-119 6.923499586262603e-113 5.0974289200664346e-107 2.601258984416067e-101 9.201137929921305e-96 2.256032113508806e-90 3.8345718579294094e-85 4.51835632843987e-80 3.691156863896396e-75 2.0907013425803394e-70 8.211093042924521e-66 2.236272957664207e-61 4.223794356551698e-57 5.533227562090606e-53 5.0280657324690646e-49 3.1697485896909426e-45 1.386474621602816e-41 4.2085476300457456e-38 8.866770318063818e-35 1.2968889435538694e-31 1.317192732005233e-28 9.292379635947728e-26 4.554891158099822e-23 1.5519228364914923e-20 3.6770742632271075e-18 6.0619676143424e-16 6.958140531539691e-14 5.565397556603127e-12 3.105016444721387e-10 1.2099098242943677e-8 3.29820291169705e-7 6.3033223966869825e-6 0.00008469792928269308 0.0008033094549583161 0.005407165595808815 0.026033390347237936 0.0906895875636484 0.23255453218544725 0.45049953292476147 0.6849766884291154 0.8616410371219625 0.954846683971591 0.9892714431422334 0.9981690290663677 0.9997775960926005 0.9999808933262953 0.9999988442340413 0.9999999509330995 0.9999999985415398 0.9999999999697035 0.9999999999995608 0.9999999999999956 1. 1. 1. 1. 1. 1. 1. 1. 1. 1. 1. 1. 1. 1. 1. 1. 1. 1. 1. 1. 1. 1. 1. 1. 1. 1. 1. 1. 1. 1. 1. 1. 1. 1. 1. 1. 1.
3.2717086155891047e-195 1.9186350761134842e-187 7.79607112280642e-180 2.1949911791078236e-172 4.28224765212358e-165 5.788976615825118e-158 5.422910518821289e-151 3.520253922272518e-144 1.5835707345981803e-137 4.936676665273708e-131 1.0665429260127834e-124 1.5969161303422024e-118 1.6571458525311747e-112 1.1918734750314996e-106 5.941657651910612e-101 2.0531083526785233e-95 4.917713855316315e-90 8.165522554127835e-85 9.399360751501063e-80 7.501236411277929e-75 4.150656646525925e-70 1.5925108331313652e-65 4.237065993155025e-61 7.818164860989898e-57 1.0005647220642527e-52 8.882505932668903e-49 5.470550139740563e-45 2.3377277986291455e-41 6.932579681574805e-38 1.4269676962209208e-34 2.039124735707595e-31 2.0234379547741464e-28 1.394682968345923e-25 6.679507236965884e-23 2.2236482996930027e-20 5.1480395824517155e-18 8.293033244426062e-16 9.301946000600215e-14 7.270812639223337e-12 3.9645007829410553e-10 1.5099263503733382e-8 4.023559804476747e-7 7.517990618609365e-6 0.00009878637127994646 0.0009164889222749613 0.006036920716648719 0.028460420431043174 0.09716814040554456 0.24453242019029786 0.4658379975583936 0.6985811992347799 0.8699986715277863 0.9584028596448035 0.9903194941959642 0.9983829636826926 0.9998078428674018 0.9999838552677086 0.9999990451309384 0.9999999603708688 0.9999999988486292 0.9999999999766243 0.9999999999996688 0.9999999999999967 1. 1. 1. 1. 1. 1. 1. 1. 1. 1. 1. 1. 1. 1. 1. 1. 1. 1. 1. 1. 1. 1. 1. 1. 1. 1. 1. 1. 1. 1. 1. 1. 1. 1. 1. 1. 1.
1.0353765351289752e-194 5.931318996483134e-187 2.3543465334693766e-179 6.475355076851219e-172 1.2340687650446878e-164 1.629696532809254e-157 1.4913356031147267e-150 9.457048582183304e-144 4.155837011772468e-137 1.2655983973955838e-130 2.6710413285309856e-124 3.906846237824065e-118 3.9604803994766615e-112 2.7826672164517403e-106 1.3551390909311727e-100 4.574403793801085e-95 1.0703692465727093e-89 1.7362152771512537e-84 1.9523998060610916e-79 1.5221446291088462e-74 8.228003465817828e-70 3.084017320628122e-65 8.016020076668295e-61 1.4449746007183633e-56 1.8066140019179524e-52 1.566837007614607e-48 9.427383979187206e-45 3.9357749055526376e-41 1.1402815939789437e-37 2.293072674848007e-34 3.2014020844219995e-31 3.1037475035495e-28 2.0901649410821824e-25 9.780657289612622e-23 3.181413255692558e-20 7.196815118976922e-18 1.132852535452332e-15 1.2416982523308774e-13 9.484908893536232e-12 5.054507523714344e-10 1.8815995222158835e-8 4.901353785044757e-7 8.95388781109284e-6 0.00011505509433625802 0.001044157189820388 0.006730844622138663 0.031072823126924016 0.1039800329981985 0.25683496220272284 0.4812273845467562 0.7119147919174043 0.8780001906294037 0.9617286671271457 0.9912769553449261 0.9985738806848096 0.9998342102753316 0.9999863775265361 0.9999992122443235 0.9999999680397531 0.9999999990923836 0.9999999999819906 0.9999999999997506 0.9999999999999976 1. 1. 1. 1. 1. 1. 1. 1. 1. 1. 1. 1. 1. 1. 1. 1. 1. 1. 1. 1. 1. 1. 1. 1. 1. 1. 1. 1. 1. 1. 1. 1. 1. 1. 1. 1. 1.
3.2717005869893063e-194 1.8308878685299458e-186 7.099317122434844e-179 1.9074186598996262e-171 3.551064882904551e-164 4.581032724803443e-157 4.0951525265038643e-150 2.5368164334731815e-143 1.0890087960355316e-136 3.2397316783977104e-130 6.679359600675633e-124 9.54382659484584e-118 9.451202689672192e-112 6.487009493639811e-106 3.0861166920952933e-100 1.0176757634216712e-94 2.3262499996843436e-89 3.6861725355392535e-84 4.049410430921342e-79 3.0841231382549452e-74 1.628639554530386e-69 5.9635411804351e-65 1.5142777002069444e-60 2.666667973693854e-56 3.257160064324324e-52 2.75972562001411e-48 1.622203801968492e-44 6.616386662882214e-41 1.8727680930842757e-37 3.6793958733769847e-34 5.018710087682912e-31 4.753777314808694e-28 3.127823004614023e-25 1.4300423611001104e-22 4.5449817491854385e-20 1.0046108771432446e-17 1.5452317389871659e-15 1.6550841027669597e-13 1.235511959665309e-11 6.434800521782553e-10 2.3413562939546395e-8 5.962033685641663e-7 0.000010648771530321105 0.000133813453586515 0.0011879539725855477 0.007494333782373401 0.03388055719698283 0.11113171940149312 0.2694520856000212 0.4966448021899433 0.7249633439953853 0.8856493270778986 0.9648343842059937 0.9921503504772388 0.9987440021187988 0.9998571615435574 0.9999885221631801 0.9999993510477314 0.9999999742619808 0.9999999992855764 0.9999999999861453 0.9999999999998126 0.9999999999999982 1. 1. 1. 1. 1. 1. 1. 1. 1. 1. 1. 1. 1. 1. 1. 1. 1. 1. 1. 1. 1. 1. 1. 1. 1. 1. 1. 1. 1. 1. 1. 1. 1. 1. 1. 1. 1.
1.0322866726915471e-193 5.643178370800072e-186 2.1375405587781401e-178 5.610222665332635e-171 1.0203038473880677e-163 1.2857950682855032e-156 1.122836518586135e-149 6.794762182310861e-143 2.849417671754903e-136 8.280833750747126e-130 1.6677885816171244e-123 2.3279345953320937e-117 2.2520517449499255e-111 1.5100104245952334e-105 7.017671595103033e-100 2.2606674216025333e-94 5.048141869065277e-89 7.81448292340265e-84 8.386243142879955e-79 6.239650020934135e-74 3.2189064457482955e-69 1.1514488419806852e-64 2.8563105956373254e-60 4.913953379824307e-56 5.863627709442259e-52 4.853575341700295e-48 2.787235571655673e-44 1.1106208862132941e-40 3.0712173651057786e-37 5.895087571649339e-34 7.855963901893197e-31 7.270215408752649e-28 4.673695028113781e-25 2.087791165449938e-22 6.483392714374737e-20 1.400278875511494e-17 2.104622497450181e-15 2.2028550020425728e-13 1.6070317446589334e-11 8.180077141962985e-10 2.9092223899082267e-8 7.241789068622981e-7 0.00001264636612613193 0.00015541013972005877 0.0013496749132684911 0.008333107448086085 0.03689372074959275 0.11862893532281929 0.28237250851322304 0.5120672332872176 0.7377138772226961 0.8929506785481348 0.9677302441890124 0.9929458707630847 0.9988953667295346 0.9998771094270809 0.9999903429901549 0.9999994661648489 0.9999999793029088 0.999999999438467 0.9999999999893571 0.9999999999998592 0.9999999999999987 1. 1. 1. 1. 1. 1. 1. 1. 1. 1. 1. 1. 1. 1. 1. 1. 1. 1. 1. 1. 1. 1. 1. 1. 1. 1. 1. 1. 1. 1. 1. 1. 1. 1. 1. 1. 1.
3.2522103359099905e-193 1.7367502733851728e-185 6.426340778592719e-178 1.6476531943986314e-170 2.9271980890082865e-163 3.6035605900114275e-156 3.0740769169026654e-149 1.8172357785179016e-142 7.444451197293133e-136 2.113445189377903e-129 4.158140154586486e-123 5.669842911914297e-117 5.358234746436851e-111 3.509679930246873e-105 1.593404245555668e-99 5.014368378948139e-94 1.0938534097905075e-88 1.6541593434405622e-83 1.7341861795141776e-78 1.2604960582002322e-73 6.352498977245003e-69 2.219923929819244e-64 5.379705719154054e-60 9.041624895848207e-56 1.0540161058241366e-51 8.523372061760207e-48 4.781850530935897e-44 1.861509037975918e-40 5.0291176588315486e-37 9.431028934185679e-34 1.2278982057428625e-30 1.110226918848434e-27 6.973249461043205e-25 3.0435647805715195e-22 9.23486816516069e-20 1.9489037896301582e-17 2.8623005434650474e-15 2.927613289319662e-13 2.0872083517373092e-11 1.038355221380951e-9 3.609571579712194e-8 8.783562209439715e-7 0.000014997220276225637 0.00018023748415385368 0.0015312826027580138 0.009253212855706065 0.04012251465019458 0.12647663653915533 0.29558376101094513 0.5274716381751717 0.7501545897985513 0.8999096489065052 0.9704263945822329 0.9936693775929165 0.9990298414180007 0.9998944210523938 0.9999918865892667 0.999999561495063 0.9999999833807094 0.9999999995592819 0.9999999999918363 0.9999999999998945 0.9999999999999991 1. 1. 1. 1. 1. 1. 1. 1. 1. 1. 1. 1. 1. 1. 1. 1. 1. 1. 1. 1. 1. 1. 1. 1. 1. 1. 1. 1. 1. 1. 1. 1. 1. 1. 1. 1. 1.
1.023077349526418e-192 5.337065631873421e-185 1.9291444228628141e-177 4.831735456148431e-170 8.385450042950675e-163 1.0084250277419018e-155 8.403586744837718e-149 4.8528861068585364e-142 1.9420531532839768e-135 5.385918986556036e-129 1.0351641227438185e-122 1.37886992884699e-116 1.2729671469675195e-110 8.145302886751653e-105 3.6125272892078983e-99 1.1105755763931753e-93 2.3666776668353076e-88 3.4962860180264715e-83 3.580771578315494e-78 2.5425851164611598e-73 1.25179650590416e-68 4.2735084660003195e-64 1.011730409404116e-59 1.6611747423249232e-55 1.891828183502595e-51 1.494565435978601e-47 8.191669002544775e-44 3.1154360105237023e-40 8.222951889076723e-37 1.5065480660590243e-33 1.9163763209476612e-30 1.692903849969116e-27 1.0388831611309094e-24 4.43032345693994e-22 1.3134614075130945e-19 2.7084793983783882e-17 3.8870200525508525e-15 3.88511224371624e-13 2.706893282300844e-11 1.316136451752737e-9 4.472022134237416e-8 1.0638224624443645e-6 0.000017759673303703353 0.00020873613541258452 0.0017349179157048339 0.010261028891707373 0.04357720262059851 0.13467893911483333 0.30907221397216533 0.5428350579336476 0.7622748808967914 0.9065323873481377 0.9729328590538736 0.9943264071340936 0.9991491324045486 0.9999094223818424 0.9999931932151175 0.9999996403215397 0.9999999866744724 0.9999999996546081 0.9999999999937471 0.9999999999999211 0.9999999999999993 1. 1. 1. 1. 1. 1. 1. 1. 1. 1. 1. 1. 1. 1. 1. 1. 1. 1. 1. 1. 1. 1. 1. 1. 1. 1. 1. 1. 1. 1. 1. 1. 1. 1. 1. 1. 1.
3.2135854636584913e-192 1.6376431863824872e-184 5.782522563824794e-177 1.4147904866537108e-169 2.398569548513417e-162 2.81778024191784e-155 2.2938573384274068e-148 1.2940192121605364e-141 5.0587287336857735e-135 1.370504769617659e-128 2.5731864976011594e-122 3.348324957209909e-116 3.019706589962e-110 1.8875528863700873e-104 8.17802709941457e-99 2.45602242590028e-93 5.112949703742373e-88 7.378856871718375e-83 7.38261376226696e-78 5.121088306796478e-73 2.4630643430400217e-68 8.214555820615866e-64 1.8998717915999652e-59 3.0474567061396168e-55 3.3905467291437876e-51 2.6168103828826503e-47 1.4012089080451529e-43 5.20627274144686e-40 1.3425128053140598e-36 2.4030457141030378e-33 2.986446944860801e-30 2.5775608886083972e-27 1.5454498883698956e-24 6.439405308692527e-22 1.8653581932444161e-19 3.7585472908537165e-17 5.270829177987912e-15 5.148202286290634e-13 3.505424237786284e-11 1.6657985324186052e-9 5.5325074656874935e-8 1.2865942303080616e-6 0.000021000941763508797 0.00024140012506404198 0.0019629116104339533 0.011363268037013081 0.04726806809569183 0.14323906195685548 0.32282311560860405 0.5581347169890762 0.7740653675148279 0.912825726040833 0.975259502733753 0.9949221763281646 0.9992547960520959 0.999922402317474 0.9999942975959419 0.9999997054040876 0.999999989330971 0.9999999997297104 0.9999999999952178 0.9999999999999409 0.9999999999999996 1. 1. 1. 1. 1. 1. 1. 1. 1. 1. 1. 1. 1. 1. 1. 1. 1. 1. 1. 1. 1. 1. 1. 1. 1. 1. 1. 1. 1. 1. 1. 1. 1. 1. 1. 1. 1.
1.00791238394102e-191 5.017502473176887e-184 1.730698977046556e-176 4.136497397086956e-169 6.850620893320268e-162 7.861806360370868e-155 6.252013162849351e-148 3.445348502258008e-141 1.315750454960048e-134 3.4821958761141026e-128 6.38682893509492e-122 8.118652060761899e-116 7.152607515633545e-110 4.367603326793989e-104 1.8485797948066023e-98 5.423365460739047e-93 1.1029513463100513e-87 1.554976206548803e-82 1.5198345707394418e-77 1.0299159716908032e-72 4.839167773641562e-68 1.5766549268187263e-63 3.562353419423236e-59 5.582300025619606e-55 6.067522434448693e-51 4.574919138862058e-47 2.393246855496543e-43 8.68739183717973e-40 2.188587337680755e-36 3.827332781225292e-33 4.6471256927979574e-30 3.918697241348301e-27 2.2956195051340644e-24 9.34573751130411e-22 2.6452427179625293e-19 5.20803532019696e-17 7.136771694536147e-15 6.811925970736621e-13 4.532880781660718e-11 2.10528455023766e-9 6.834552515001224e-8 1.5537756889473208e-6 0.000024798338643534068 0.00027878234055891716 0.0022177961337120876 0.012566976411013895 0.051205367941523236 0.1521592722537293 0.3368206355276117 0.5733481243516009 0.7855178937102498 0.918797116801065 0.9774160008659631 0.995461590154805 0.999348249311258 0.999933616463671 0.9999952296419554 0.999999759058799 0.9999999914703008 0.9999999997887914 0.9999999999963478 0.999999999999956 0.9999999999999996 1. 1. 1. 1. 1. 1. 1. 1. 1. 1. 1. 1. 1. 1. 1. 1. 1. 1. 1. 1. 1. 1. 1. 1. 1. 1. 1. 1. 1. 1. 1. 1. 1. 1. 1. 1. 1.
3.156510604936181e-191 1.5349968317075422e-183 5.1722242552736554e-176 1.20760533762454e-168 1.953706113678943e-161 2.1902278047229243e-154 1.7014732598530056e-147 9.159618869158897e-141 3.417098730071265e-134 8.834414190774645e-128 1.5828919715506388e-121 1.965587097477007e-115 1.6916719324168773e-109 1.0091121176846934e-103 4.172344032751754e-98 1.19579780737359e-92 2.375711076408252e-87 3.2719822972382905e-82 3.124173455984684e-77 2.0682074291265318e-72 9.49332853493209e-68 3.0216369329508177e-63 6.669648421476136e-59 1.0210387421929491e-54 1.084193189266687e-50 7.986352121647858e-47 4.081560475029881e-43 1.4474592299753875e-39 3.562575763550608e-36 6.08675185768755e-33 7.22053992415778e-30 5.948817739460593e-27 3.404879025019169e-24 1.3543750343436114e-21 3.7456504294526447e-19 7.205884829407103e-17 9.649070057429327e-15 9.000085450993321e-13 5.852917626241579e-11 2.656844181401856e-9 8.430792701395251e-8 1.8737413459482611e-6 0.000029240638397470813 0.0003215004209806805 0.0025023175617260363 0.01387953173535759 0.05539928317498661 0.16144083434183276 0.35104791615560393 0.5884531727361898 0.7966255323584035 0.9244545673103037 0.9794118108022074 0.9959492499935656 0.9994307797568891 0.9999432905681498 0.9999960150705969 0.9999998032262225 0.9999999931905714 0.9999999998351992 0.9999999999972149 0.9999999999999671 0.9999999999999998 1. 1. 1. 1. 1. 1. 1. 1. 1. 1. 1. 1. 1. 1. 1. 1. 1. 1. 1. 1. 1. 1. 1. 1. 1. 1. 1. 1. 1. 1. 1. 1. 1. 1. 1. 1. 1.
9.870593587244666e-191 4.688986142112608e-183 1.5434222867459933e-175 3.5202129711437637e-168 5.5633991592206674e-161 6.092674237144208e-154 4.623620074253726e-147 2.431495457714775e-140 8.861217356442199e-134 2.2379698663852084e-127 3.917141357952458e-121 4.751740269839271e-115 3.995029570893667e-109 2.3280260369717157e-103 9.403169803271868e-98 2.6326854863516995e-92 5.109557949189354e-87 6.874651465174795e-82 6.412488706472457e-77 4.1470490788939086e-72 1.8595988140529936e-67 5.782304778217095e-63 1.2468727110730147e-58 1.8647675276629528e-54 1.9344414994595582e-50 1.3920901700439044e-46 6.950549233682489e-43 2.4081177849607348e-39 5.790541000232576e-36 9.665630201782086e-33 1.1202387698494883e-29 9.017285624549568e-27 5.042667245289998e-24 1.959845765624151e-21 5.29599357049707e-19 9.955435921170656e-17 1.3026567702427294e-14 1.1873694143840122e-12 7.546317522564737e-11 3.3480235516286228e-9 1.0384778282992502e-7 2.2563469275695026e-6 0.000034429601899889324 0.00037024308999286133 0.0028194475991380236 0.015308639040341817 0.05985986686274981 0.1710839625358979 0.3654871312723942 0.6034282348403511 0.8073825796269719 0.9298065773588218 0.9812561472953394 0.9963894629209733 0.9995035551924367 0.999951623660945 0.9999966759572783 0.9999998395296099 0.9999999945718036 0.9999999998715978 0.9999999999978793 0.9999999999999756 0.9999999999999998 1. 1. 1. 1. 1. 1. 1. 1. 1. 1. 1. 1. 1. 1. 1. 1. 1. 1. 1. 1. 1. 1. 1. 1. 1. 1. 1. 1. 1. 1. 1. 1. 1. 1. 1. 1. 1.
3.0819872427419903e-190 1.4302171937015135e-182 4.598792354801165e-175 1.024623948774919e-167 1.5818776581730625e-160 1.6923038995834076e-153 1.2545585193725215e-146 6.444976521635041e-140 2.2944633210138175e-133 5.66086286073651e-127 9.679193935542164e-121 1.1470045420842616e-114 9.420543577385217e-109 5.362760830690411e-103 2.1160245870079904e-97 5.787520683893951e-92 1.0973002568750464e-86 1.4422580577085647e-81 1.314228109120803e-76 8.303038380825317e-72 3.637248203435246e-67 1.1048740138238222e-62 2.327526052464719e-58 3.4006396740623573e-54 3.4463404891346087e-50 2.422926140346079e-46 1.1818603973886192e-42 4.0004015502920654e-39 9.397860671584557e-36 1.5326041178582382e-32 1.7354305043936576e-29 1.3648258450013547e-26 7.45720058266826e-24 2.8317994773121903e-21 7.476979801278584e-19 1.3733868711182622e-16 1.7560445173477504e-14 1.5641835363405286e-12 9.715439073009069e-11 4.2128718727024905e-9 1.2773113893362657e-7 2.713172199261324e-6 0.00004048167627825136 0.00042577693814174853 0.003172395548319393 0.01686232394154318 0.06459698941492106 0.18108777844630566 0.38011955133772257 0.6182522560801694 0.8177845424219585 0.9348620755788634 0.9829579610270995 0.9967862517878925 0.999567632804878 0.9999587909108513 0.9999972312195308 0.9999998693245915 0.9999999956791601 0.9999999999001035 0.9999999999983875 0.9999999999999818 0.9999999999999998 1. 1. 1. 1. 1. 1. 1. 1. 1. 1. 1. 1. 1. 1. 1. 1. 1. 1. 1. 1. 1. 1. 1. 1. 1. 1. 1. 1. 1. 1. 1. 1. 1. 1. 1. 1. 1.
9.608817680289227e-190 4.3558871720251495e-182 1.3682153221218116e-174 2.977911022445058e-167 4.4911468248529605e-160 4.6935395580490187e-153 3.3990024766806252e-146 1.7057722197446735e-139 5.932267421909498e-133 1.4297593922654083e-126 2.3881473658837262e-120 2.7645829653082616e-114 2.2181149143891434e-108 1.2335058472800111e-102 4.754659374282825e-97 1.2703941619328655e-91 2.3529900164209925e-86 3.021258041288633e-81 2.689475308081037e-76 1.6599221234514725e-71 7.103617239621871e-67 2.1080340965073185e-62 4.3383066357797416e-58 6.192271534106061e-54 6.130761688358677e-50 4.210822130971089e-46 2.0066305643706937e-42 6.635657263750115e-39 1.5229783037333673e-35 2.426526635891264e-32 2.684476399210273e-29 2.0626946203379667e-26 1.1011545364806685e-23 4.085646612081441e-21 1.054055750286413e-18 1.891843573791763e-16 2.3637531251296444e-14 2.0575590563250505e-12 1.2489775563712127e-10 5.293409788893224e-9 1.5687990925635722e-7 3.2578000244793246e-6 0.00004752988541923074 0.000488953664103778 0.0035646201509408585 0.018548923321496377 0.06962028152715447 0.19145027328628558 0.39492561522508285 0.6329048431233169 0.8278281191140693 0.9396303571006541 0.9845259202811303 0.9971433659302962 0.9996239678588077 0.9999649462184688 0.9999976970417348 0.9999998937414609 0.99999999656562 0.9999999999223943 0.9999999999987759 0.9999999999999865 0.9999999999999999 1. 1. 1. 1. 1. 1. 1. 1. 1. 1. 1. 1. 1. 1. 1. 1. 1. 1. 1. 1. 1. 1. 1. 1. 1. 1. 1. 1. 1. 1. 1. 1. 1. 1. 1. 1. 1.
2.9913044814042603e-189 1.3246551522961866e-181 4.0645897351499105e-174 8.641926840229052e-167 1.2731902554761754e-159 1.299793445555505e-152 9.195255789232139e-146 4.507882199484031e-139 1.5314830538658283e-132 3.6057466699189704e-126 5.883490281297329e-120 6.653438826648641e-114 5.214879050225602e-108 2.832997490502994e-102 1.0667689913008755e-96 2.784433079058361e-91 5.038104208977957e-86 6.319536520647792e-81 5.4956244852215457e-76 3.3135321366369706e-71 1.3852849419382015e-66 4.01601757798527e-62 8.074194642607564e-58 1.1258818951164799e-53 1.0889912053618716e-49 7.307142003880667e-46 3.4019103998542096e-42 1.0990534773334862e-38 2.4644119638978075e-35 3.836148652825249e-32 4.146366826537814e-29 3.112783806437154e-26 1.623594974739369e-23 5.885953891325117e-21 1.4837462586282257e-18 2.6021801375230513e-16 3.177092656859948e-14 2.7025875628464185e-12 1.60328906890443e-10 6.641413103198004e-9 1.9240179452497172e-7 3.906136439625763e-6 0.000055725927752852474 0.000560717781424802 0.0039998411940943696 0.020377073260795065 0.07493907506262769 0.20216827564592466 0.4098850079140812 0.6473663476004855 0.8375111739036877 0.9441210225331831 0.9859683956519835 0.9974642923754671 0.9996734219234704 0.9999702245645453 0.999998087246983 0.9999999137211036 0.9999999972741882 0.9999999999397994 0.9999999999990719 0.99999999999999 1. 1. 1. 1. 1. 1. 1. 1. 1. 1. 1. 1. 1. 1. 1. 1. 1. 1. 1. 1. 1. 1. 1. 1. 1. 1. 1. 1. 1. 1. 1. 1. 1. 1. 1. 1. 1. 1.
9.298284802495581e-189 4.0223571547240964e-181 1.2056759617228978e-173 2.5041544371888232e-166 3.60396905316429e-159 3.594180951563447e-152 2.483864657311852e-145 1.1895313890723414e-138 3.947803687696011e-132 9.079865100531387e-126 1.4473079562748996e-119 1.598875926290422e-113 1.2242118021390247e-107 6.496857862349225e-102 2.3898664723089952e-96 6.093789494201192e-91 1.0771264054338706e-85 1.3198823064342886e-80 1.1212932938977947e-75 6.604614523895961e-71 2.697438987112736e-66 7.639530894274904e-62 1.5004843532227102e-57 2.0440389179974673e-53 1.9314701911443887e-49 1.2661412079106148e-45 5.758807250482478e-42 1.8176415567655637e-38 3.9818766537724796e-35 6.05565481729643e-32 6.394869011281259e-29 4.690502202373133e-26 2.3903646013587598e-23 8.467022611083277e-21 2.0855203773962483e-18 3.573957395386697e-16 4.264016859881607e-14 3.544624425234805e-12 2.055105768151746e-10 8.320575862559968e-9 2.3562556626275103e-7 4.676777047264063e-6 0.0000652424986715461 0.0006421147937596778 0.004482050763187007 0.022355694075153545 0.08056234220250198 0.21323742517810448 0.42497674363321397 0.6616179444262366 0.846832705227093 0.9483439186380256 0.9872934476631889 0.9977522674150512 0.9997167706312 0.9999747441317204 0.999998413622003 0.9999999300454705 0.9999999978397176 0.9999999999533692 0.9999999999992975 0.9999999999999927 1. 1. 1. 1. 1. 1. 1. 1. 1. 1. 1. 1. 1. 1. 1. 1. 1. 1. 1. 1. 1. 1. 1. 1. 1. 1. 1. 1. 1. 1. 1. 1. 1. 1. 1. 1. 1. 1.