1.4157483481883189e-202 1.16766597862513e-194 6.672827546479125e-187 2.642210219647847e-179 7.249348637387703e-172 1.378203136429403e-164 1.8155957303280015e-157 1.6573964381814446e-150 1.048444173221704e-143 4.596073322076033e-137 1.3962500176256966e-130 2.9395902951826676e-124 4.289152944857864e-118 4.33742722877704e-112 3.0400787594149926e-106 1.4768853672459767e-100 4.973211096164984e-95 1.1608487613008143e-89 1.8783882908089526e-84 2.1071259925972545e-79 1.6387692433363392e-74 8.836833914918526e-70 3.3041488518642203e-65 8.56726917301661e-61 1.5405823891652547e-56 1.921460670043226e-52 1.6623853756740467e-48 9.977948084150115e-45 4.155496255580936e-41 1.201013424317379e-37 2.4093353274245427e-34 3.3555521913978954e-31 3.2453031441499024e-28 2.1801955680203916e-25 1.0177239396112159e-22 3.302404990004884e-20 7.452472322821557e-18 1.1702670498812444e-15 1.2796211869893907e-13 9.751130627746598e-12 5.183946426979002e-10 1.9251874162847466e-8 5.003012986733668e-7 9.118100702867169e-6 0.00011689225673904764 0.001058392521646722 0.006807240053404204 0.03135677642983613 0.10471101419971383 0.2581382647320719 0.48283678460864643 0.713291248557557 0.8788155344848672 0.9620631692020458 0.9913720019426037 0.9985925855283808 0.9998367597537015 0.9999866182000665 0.9999992279799875 0.9999999687523133 0.9999999991147316 0.999999999982476 0.999999999999758 0.9999999999999977 1. 1. 1. 1. 1. 1. 1. 1. 1. 1. 1. 1. 1. 1. 1. 1. 1. 1. 1. 1. 1. 1. 1. 1. 1. 1. 1. 1. 1. 1. 1. 1. 1. 1. 1. 1.
1.8566320184125168e-202 1.5230414748486606e-194 8.656781230736627e-187 3.409317605021405e-179 9.303636893442744e-172 1.7592226231732665e-164 2.305051640473507e-157 2.092868754453896e-150 1.3167858387875177e-143 5.741312657193092e-137 1.734770527856027e-130 3.6326239147615266e-124 5.271815042450512e-118 5.302443626695277e-112 3.696444291999125e-106 1.7860839019909464e-100 5.9820217812231496e-95 1.3888107863144762e-89 2.2351645317183095e-84 2.4938578340220238e-79 1.929107672862513e-74 1.034649584172203e-69 3.847818976116263e-65 9.9233070521242e-61 1.774837330699781e-56 2.2017369134126363e-52 1.8946400171906338e-48 1.1310926457294484e-44 4.685357788897323e-41 1.346888894189121e-37 2.6874876761041566e-34 3.7228884365580534e-31 3.5812924240471972e-28 2.393042623813406e-25 1.1111118076724378e-22 3.5861928824256894e-20 8.049752157143444e-18 1.2573318143256108e-15 1.367520927803319e-13 1.0365760052088638e-11 5.481605886277112e-10 2.0250278864462495e-8 5.234952175842037e-7 9.491284036139662e-6 0.00012105089296679582 0.0010904892091371037 0.006978813502955452 0.03199199113058328 0.10633982854615939 0.2610309635594309 0.4863948624192142 0.7163224042999738 0.8806040044421912 0.9627940316285515 0.9915788589368192 0.998633135016125 0.9998422650553846 0.9999871358753875 0.9999992616943063 0.9999999702730427 0.9999999991622399 0.999999999983504 0.9999999999997733 0.9999999999999978 1. 1. 1. 1. 1. 1. 1. 1. 1. 1. 1. 1. 1. 1. 1. 1. 1. 1. 1. 1. 1. 1. 1. 1. 1. 1. 1. 1. 1. 1. 1. 1. 1. 1. 1. 1.
2.490067727548966e-202 2.0307449006101176e-194 1.1475153853419116e-186 4.492913860844402e-179 1.2189112098214685e-171 2.291389653157411e-164 2.9848175014025875e-157 2.694252245949793e-150 1.685274748952807e-143 7.30510149828015e-137 2.1944049707675827e-130 4.568304867602624e-124 6.591054950734031e-118 6.590694782699436e-112 4.56772494307845e-106 2.1942118794548795e-100 7.306105462941773e-95 1.6863301719323458e-89 2.698180397551946e-84 2.9929229871426204e-79 2.3016703877826217e-74 1.2272788646080798e-69 4.537623414868282e-65 1.1634151153290504e-60 2.0687211387929285e-56 2.5513773474817353e-52 2.1827434366338118e-48 1.295513138416411e-44 5.335254363489442e-41 1.5248042039391068e-37 3.0248240441169995e-34 4.165878290029469e-31 3.9841997498165012e-28 2.6468459559895907e-25 1.2218430688090896e-22 3.92079134696586e-20 8.750010694178683e-18 1.3588335927464133e-15 1.4694198668474955e-13 1.1074270801985688e-11 5.822801938007977e-10 2.138827901927442e-8 5.497834518706252e-7 9.911876303100456e-6 0.00012571149394118415 0.0011262579235527027 0.007168941254463571 0.03269194346222345 0.10812455716758525 0.2641827492809641 0.4902498408325167 0.7195880419068079 0.8825200013259402 0.9635726100797501 0.991797983332878 0.9986758479945306 0.9998480315215954 0.9999876750636361 0.9999992966125069 0.9999999718392312 0.9999999992108938 0.9999999999845508 0.999999999999789 0.999999999999998 1. 1. 1. 1. 1. 1. 1. 1. 1. 1. 1. 1. 1. 1. 1. 1. 1. 1. 1. 1. 1. 1. 1. 1. 1. 1. 1. 1. 1. 1. 1. 1. 1. 1. 1. 1.
3.4153302371529363e-202 2.7678351410776584e-194 1.5541996029696975e-186 6.046999472782178e-179 1.6302252397569152e-171 3.04535792560429e-164 3.942041507495886e-157 3.535947845085848e-150 2.1978734429110197e-143 9.467226996797873e-137 2.8260386318300276e-130 5.8463041179725625e-124 8.38197788013533e-118 8.328912450161558e-112 5.736181011228775e-106 2.738215240027007e-100 9.060275718551899e-95 2.078092677753991e-89 3.3041557520165643e-84 3.642107305333337e-79 2.783354194080897e-74 1.4748141063962636e-69 5.418658083115967e-65 1.380600164082266e-60 2.43952804878557e-56 2.9898542085479723e-52 2.541852618207594e-48 1.4992113921932525e-44 6.135510606198556e-41 1.7425510150274657e-37 3.435175051917585e-34 4.701477803126176e-31 4.468378595909788e-28 2.949992357345931e-25 1.3532989412162667e-22 4.3156017022158464e-20 9.571265732744102e-18 1.4771509683374228e-15 1.5874791053952938e-13 1.1890162279424152e-11 6.213324189539461e-10 2.268289254944607e-8 5.795080141375353e-7 0.000010384561240443753 0.00013091755224949302 0.0011659704266731863 0.007378751390486022 0.03345967015037611 0.11007022088455448 0.2675979001319697 0.494401607832779 0.7230837649956313 0.8845585544934279 0.9643959667950053 0.9920283051034617 0.9987204714213402 0.9998540193840494 0.9999882315591686 0.999999332433079 0.9999999734361555 0.9999999992602018 0.9999999999856053 0.9999999999998046 0.9999999999999982 1. 1. 1. 1. 1. 1. 1. 1. 1. 1. 1. 1. 1. 1. 1. 1. 1. 1. 1. 1. 1. 1. 1. 1. 1. 1. 1. 1. 1. 1. 1. 1. 1. 1. 1. 1.
4.7904952947839925e-202 3.8561704744156606e-194 2.1507564055401e-186 8.31175875887884e-179 2.225713863952136e-171 4.129799262810885e-164 5.3098327936828053e-157 4.7308016644292393e-150 2.9207945327812783e-143 1.2496568176607445e-136 3.7052365642152365e-130 7.613587946979492e-124 1.0842385851293817e-117 1.0701319050884661e-111 7.320535281963826e-106 3.471034122334907e-100 1.140786533957387e-94 2.5989621302620066e-89 4.1045736167994383e-84 4.494001848821119e-79 3.4113201186902612e-74 1.795417044815636e-69 6.552310968054268e-65 1.6582349474989608e-60 2.910449889669237e-56 3.543083249717391e-52 2.9919871038309034e-48 1.7528765288521352e-44 7.125568199173533e-41 2.010185033660943e-37 3.936250763620598e-34 5.3512282236144825e-31 5.051919047432999e-28 3.3129672167695793e-25 1.5096724946727704e-22 4.7821872104216864e-20 1.0535495128811168e-17 1.6151610047493432e-15 1.7242904637117247e-13 1.282948498535087e-11 6.659996126372785e-10 2.4153997634600196e-8 6.130647652883739e-7 0.000010914709450744502 0.00013671845886020897 0.0012099322432374965 0.0076094986584395626 0.034298509292677366 0.11218226015629727 0.27128094044999473 0.49884988806262043 0.7268047591400119 0.8867143472894976 0.9652610068708163 0.9922687118337287 0.9987667455444145 0.9998601883298531 0.9999888011524976 0.9999993688581172 0.9999999750494599 0.9999999993096913 0.9999999999866567 0.99999999999982 0.9999999999999983 1. 1. 1. 1. 1. 1. 1. 1. 1. 1. 1. 1. 1. 1. 1. 1. 1. 1. 1. 1. 1. 1. 1. 1. 1. 1. 1. 1. 1. 1. 1. 1. 1. 1. 1. 1.
6.871373251694971e-202 5.491520712527294e-194 3.0408923629590864e-186 1.1667460160307182e-178 3.1018905079543703e-171 5.714259824912374e-164 7.294339610226735e-157 6.452294247383876e-150 3.955076891027419e-143 1.6800391935396301e-136 4.945606529179972e-130 1.0089466886271141e-123 1.4265244553252326e-117 1.3978722750618152e-111 9.493998576782775e-106 4.469322658229066e-100 1.4583578439862251e-94 3.2986556326356736e-89 5.17228979956664e-84 5.622459365065831e-79 4.2373504725968506e-74 2.2141992353766786e-69 8.02280005954685e-65 2.015850843879668e-60 3.5128058738542073e-56 4.245785022271808e-52 3.559754271567277e-48 2.0706011769062566e-44 8.357007319819688e-41 2.3407496707142324e-37 4.55083475675804e-34 6.142612659788984e-31 5.757708513868546e-28 3.7489248112434173e-25 1.6961793203377062e-22 5.3348072394746524e-20 1.1669565281012449e-17 1.7763497176810631e-15 1.8829662807083718e-13 1.3911338018877619e-11 7.170862361760454e-10 2.5824809463368613e-8 6.509115762925119e-7 0.000011508471520021784 0.0001431702012553762 0.0012584860175875203 0.007862574320566766 0.03521211578481587 0.11446654038840694 0.27523661902471624 0.5035942085401278 0.7307457774245196 0.8889817271822402 0.9661644931079686 0.9925180565678386 0.9988144062282647 0.9998664979286811 0.9999893796808317 0.9999994055972524 0.9999999766653604 0.9999999993589159 0.9999999999876952 0.9999999999998352 0.9999999999999984 1. 1. 1. 1. 1. 1. 1. 1. 1. 1. 1. 1. 1. 1. 1. 1. 1. 1. 1. 1. 1. 1. 1. 1. 1. 1. 1. 1. 1. 1. 1. 1. 1. 1. 1. 1.
1.0078840884951172e-201 7.993517720767303e-194 4.3926316169289994e-186 1.6725482022667312e-178 4.4127318078914e-171 8.067147353497432e-164 1.0219393407907165e-156 8.970830388486519e-150 5.456987746570804e-143 2.3003677374723673e-136 6.720127005265196e-130 1.3605248623012237e-123 1.9089657099481e-117 1.856382064675002e-111 1.2512104166919088e-105 5.845270241589166e-100 1.8928190398620096e-94 4.2487828096640065e-89 6.611400267746851e-84 7.132150721693801e-79 5.33424242452967e-74 2.7661764833585025e-69 9.946601074530179e-65 2.480238608128835e-60 4.289201417066175e-56 5.144800038709957e-52 4.280749690409883e-48 2.471080143915408e-44 9.897673561421025e-41 2.7512552548023453e-37 5.308384612899671e-34 7.110857116932788e-31 6.614826221881831e-28 4.2744306732495705e-25 1.9193290224419636e-22 5.991098630409982e-20 1.3006403191365062e-17 1.9649500476583178e-15 2.067250349993074e-13 1.515847681376842e-11 7.755414744147224e-10 2.7722449047548958e-8 6.935779445751944e-7 0.000012172886285095862 0.0001503361636233016 0.0013120153000649854 0.008139517052321214 0.036204477891587566 0.11692935671565584 0.2794698847151058 0.5086338620720183 0.7349011262321635 0.8913547173614448 0.9671030617660701 0.992775165879289 0.9988631872861022 0.999872908050359 0.9999899630762092 0.9999994423712925 0.9999999782708273 0.9999999994074606 0.9999999999887119 0.9999999999998499 0.9999999999999987 1. 1. 1. 1. 1. 1. 1. 1. 1. 1. 1. 1. 1. 1. 1. 1. 1. 1. 1. 1. 1. 1. 1. 1. 1. 1. 1. 1. 1. 1. 1. 1. 1. 1. 1. 1.
1.5117130734516743e-201 1.1892686691175668e-193 6.482615089660057e-186 2.4484299536789412e-178 6.407673071853514e-171 1.1619749555133924e-163 1.4601116612297706e-156 1.2713876616512113e-149 7.67154715524395e-143 3.2078358506208186e-136 9.29560181421026e-130 1.8667749764351304e-123 2.5981809270174266e-117 2.5062520471298626e-111 1.6756149301834926e-105 7.764890868593001e-100 2.4941765234484684e-94 5.5535467042231786e-89 8.572108805330954e-84 9.172836082200131e-79 6.805270487870412e-74 3.50060201709426e-69 1.248614937981102e-64 3.08843955220842e-60 5.29803516881889e-56 6.303774909570405e-52 5.202918307060841e-48 2.979273004788101e-44 1.183734729480081e-40 3.2640112104681013e-37 6.247187996397554e-34 8.301332675120166e-31 7.660384452376467e-28 4.910431780677891e-25 2.1872763463137636e-22 6.772947623869688e-20 1.458648016675014e-17 2.1861145965484936e-15 2.2816552415044453e-13 1.6598056703270296e-11 8.42486568981709e-10 2.987862230074308e-8 7.416763253676391e-7 0.000012916006653556862 0.00015828804295692662 0.0013709488095980165 0.00844202496219401 0.03727993494635406 0.11957743803775507 0.2839858591096657 0.5139678684549082 0.7392646515360204 0.8938270299143641 0.9680732391726672 0.9930388480994116 0.9989128227910169 0.9998793792671425 0.9999905474104835 0.9999994789155111 0.9999999798537436 0.9999999994549482 0.9999999999896986 0.9999999999998641 0.9999999999999988 1. 1. 1. 1. 1. 1. 1. 1. 1. 1. 1. 1. 1. 1. 1. 1. 1. 1. 1. 1. 1. 1. 1. 1. 1. 1. 1. 1. 1. 1. 1. 1. 1. 1. 1. 1.
2.3184992910204696e-201 1.8084471488329426e-193 9.773823559891088e-186 3.6600796757423914e-178 9.497121424376503e-171 1.707565644292572e-163 2.1274331646822023e-156 1.8366960752572126e-149 1.0988336882287774e-142 4.555658008089895e-136 1.3089008506970715e-129 2.6062242450376995e-123 3.596500360522382e-117 3.4397488427451406e-111 2.2801733904637413e-105 1.0476617715979042e-99 3.336610250011227e-94 7.366170668155671e-89 1.1273340627657525e-83 1.19608707270326e-78 8.798313375262916e-74 4.487375095069676e-69 1.5869913730351485e-64 3.892086130805543e-60 6.619976743196977e-56 7.809832551942171e-52 6.391292193276826e-48 3.6287245860771586e-44 1.4295577952880213e-40 3.908448491732014e-37 7.4172822787893136e-34 9.772774960335667e-31 8.941970534986844e-28 5.683529706749082e-25 2.510277006282045e-22 7.707609411009665e-20 1.6459695660604654e-17 2.44613245196331e-15 2.531632660466212e-13 1.8262544304528822e-11 9.192479053086001e-10 3.23304314794732e-8 7.9591548901608e-7 0.00001374704579608748 0.00016710689697406431 0.0014357652244523598 0.008771968810748647 0.03844319615139555 0.12241795006006692 0.2887898060004077 0.5195949335836093 0.7438297259859973 0.8963920806878123 0.9690714591245582 0.9933079016356803 0.9989630493402464 0.9998858732353266 0.9999911289365011 0.999999514982536 0.9999999814030369 0.9999999995010416 0.9999999999906484 0.9999999999998777 0.9999999999999989 1. 1. 1. 1. 1. 1. 1. 1. 1. 1. 1. 1. 1. 1. 1. 1. 1. 1. 1. 1. 1. 1. 1. 1. 1. 1. 1. 1. 1. 1. 1. 1. 1. 1. 1. 1.
3.6358818017342146e-201 2.8106181406188946e-193 1.505407006805301e-185 5.586934547846829e-178 1.4367091035133453e-170 2.5600490547105788e-163 3.1609750029308096e-156 2.7045619837596037e-149 1.6035642917177919e-142 6.588712837327805e-136 1.8760809557304303e-129 3.7021353598281033e-123 5.0631018469860126e-117 4.7990990487077975e-111 3.1528092225692663e-105 1.4356487728331843e-99 4.531378736743279e-94 9.914366454573342e-89 1.5037467722207651e-83 1.581191238537949e-78 1.1527131602671783e-73 5.82659979839974e-69 2.042204471880482e-64 4.9637497912680746e-60 8.36734609367311e-56 9.783133749930071e-52 7.934713538811323e-48 4.4648243146648053e-44 1.7432575078075981e-40 4.723626805383142e-37 8.884429087996129e-34 1.1601620337797114e-30 1.052090049119778e-27 6.627658408398246e-25 2.9012817238746656e-22 8.829150671394518e-20 1.8687776660943765e-17 2.7527021012448793e-15 2.82378529104653e-13 2.0190836785387847e-11 1.007397126033873e-9 3.512134583768452e-8 8.571162758816455e-7 0.000014676547018979426 0.00017688434213363485 0.001506998559162925 0.009131406511042607 0.0396993604383758 0.1254584970638189 0.29388709743916197 0.5255134066160162 0.7485892370998515 0.8990430059373643 0.9700940810087129 0.9935811233092916 0.9990136082471948 0.9998923530512556 0.9999917041249103 0.9999995503447988 0.9999999829087853 0.9999999995454482 0.9999999999915554 0.9999999999998905 0.999999999999999 1. 1. 1. 1. 1. 1. 1. 1. 1. 1. 1. 1. 1. 1. 1. 1. 1. 1. 1. 1. 1. 1. 1. 1. 1. 1. 1. 1. 1. 1. 1. 1. 1. 1. 1. 1.
5.829930689276651e-201 4.464303435146935e-193 2.3686680822896945e-185 8.708081272400136e-178 2.2182810177028066e-170 3.9155706421715094e-163 4.789245927131761e-156 4.059219884361749e-149 2.3841405518438737e-142 9.703897405888523e-136 2.7371440340993552e-129 5.350559226495182e-123 7.24877673760006e-117 6.806272834079875e-111 4.4294453622425595e-105 1.9980315846722637e-99 6.247230203355295e-94 1.354021859384752e-88 2.0344151857874634e-83 2.1191130284567038e-78 1.5303703753745855e-73 7.662965562211241e-69 2.6606526880125724e-64 6.406297709364637e-60 1.0697796738293486e-55 1.2390681835618488e-51 9.955439857771703e-48 5.549413891267168e-44 2.146444128228304e-40 5.7617037723474675e-37 1.0735554131856334e-33 1.3887875593260994e-30 1.247657437708612e-27 7.786304808232016e-25 3.376713447303629e-22 1.0180314959841286e-19 2.1347343571573698e-17 3.115275924033132e-15 3.1661308767937174e-13 2.2429639278069486e-11 1.1087998435882175e-9 3.830236415259135e-8 9.262301931159537e-7 0.000015716581196526263 0.00018772392270706797 0.0015852441922366662 0.009522598996556659 0.041053937332202896 0.12870712210138655 0.2992831761463579 0.5317212353785983 0.7535355768843917 0.9017726808534082 0.9711374085594697 0.9938573166398641 0.9990642476368888 0.9998987835773208 0.9999922696961374 0.9999995847965162 0.9999999843622926 0.9999999995879205 0.999999999992415 0.9999999999999025 0.9999999999999991 1. 1. 1. 1. 1. 1. 1. 1. 1. 1. 1. 1. 1. 1. 1. 1. 1. 1. 1. 1. 1. 1. 1. 1. 1. 1. 1. 1. 1. 1. 1. 1. 1. 1. 1. 1.
9.557687195553205e-201 7.246801130705254e-193 3.807152388675187e-185 1.3858689094664285e-177 3.495586804245678e-170 6.109457969397625e-163 7.399103480845549e-156 6.209536125642868e-149 3.611215003526351e-142 1.45536830326833e-135 4.0647133954755735e-129 7.867511333429429e-123 1.0553809250228808e-116 9.812069339826276e-111 6.322776033720989e-105 2.8240246912619157e-99 8.743028212137212e-94 1.8763284484057554e-88 2.791465311968939e-83 2.8791011943302797e-78 2.0587816631953806e-73 1.0207570743191767e-68 3.509347979935881e-64 8.36679499321228e-60 1.3834430147822816e-55 1.5866398378906925e-51 1.2622961839199632e-47 6.967343699258465e-44 2.66846098643431e-40 7.0927630468846e-37 1.308623317344107e-33 1.676310397865717e-30 1.4912334032695426e-27 9.215460661520186e-25 3.957488331029384e-22 1.1814943720635638e-19 2.4533840623859144e-17 3.5454963069186616e-15 3.568432255141179e-13 2.503516362523882e-11 1.2256748986598002e-9 4.193340888471575e-8 1.00436138474148e-6 0.00001688097631328655 0.00019974267492077114 0.0016711656163571138 0.009948027546057687 0.04251286874266874 0.13217230528187077 0.3049835140481491 0.5382159202347635 0.7586606332276943 0.9045737400398455 0.972197709157585 0.9941353000041309 0.9991147244219343 0.9999051317341129 0.9999928226471814 0.9999996181551916 0.9999999857561361 0.9999999996282574 0.9999999999932234 0.9999999999999138 0.9999999999999992 1. 1. 1. 1. 1. 1. 1. 1. 1. 1. 1. 1. 1. 1. 1. 1. 1. 1. 1. 1. 1. 1. 1. 1. 1. 1. 1. 1. 1. 1. 1. 1. 1. 1. 1. 1.
1.601999012120962e-200 1.2021647324656285e-192 6.250666331964064e-185 2.2519401522095413e-177 5.621648089649523e-170 9.724233268691885e-163 1.1655775615496669e-155 9.681238323868608e-149 5.572307598245955e-142 2.22261867607564e-135 6.143737340197909e-129 1.1769313547115619e-122 1.5625518966244825e-116 1.4377974700818222e-110 9.169745463218996e-105 4.0535064357281e-99 1.2420461048389481e-93 2.6381456945790847e-88 3.884515837551184e-83 3.965309359021453e-78 2.8063816377659498e-73 1.3771334310462068e-68 4.6859562087651685e-64 1.1057327677668317e-59 1.8095592263984393e-55 2.0540533228257064e-51 1.6174020237584637e-47 8.835863862432656e-44 3.3494202954104388e-40 8.811573289622146e-37 1.60910507091358e-33 2.0401346774755018e-30 1.7963379312349366e-27 1.0987563945243398e-24 4.670362389545272e-22 1.3801130083448673e-19 2.836659144151581e-17 4.05774938820883e-15 4.042610887440471e-13 2.8075228042464586e-11 1.3606665777666916e-9 4.608500043904849e-8 1.092792611082307e-6 0.000018185584452230295 0.00021307291366377582 0.0017655019905493097 0.010410412657289961 0.044082551586072806 0.13586295978075946 0.3109935667283324 0.5449944666803461 0.7639557834157003 0.9074386000042887 0.9732712335654213 0.9944139145952486 0.9991648061377272 0.9999113667555425 0.9999933602729916 0.9999996502626314 0.9999999870841867 0.9999999996663032 0.9999999999939784 0.9999999999999243 0.9999999999999993 1. 1. 1. 1. 1. 1. 1. 1. 1. 1. 1. 1. 1. 1. 1. 1. 1. 1. 1. 1. 1. 1. 1. 1. 1. 1. 1. 1. 1. 1. 1. 1. 1. 1. 1. 1.
2.7452076016151903e-200 2.0379340851340066e-192 1.0482524461822668e-184 3.7360274761652105e-177 9.226367884427216e-170 1.57883460439562e-162 1.872133794062196e-155 1.5383011026580877e-148 8.7591220495289e-142 3.4562556177514774e-135 9.451251154573477e-129 1.7911170286263788e-122 2.35246881224708e-116 2.1414315474891697e-110 1.3510807927082314e-104 5.908442425324709e-99 1.79101222660386e-93 3.763387568645607e-88 5.481975696453013e-83 5.536025661031174e-78 3.876050314503885e-73 1.8816605759222237e-68 6.334131994139527e-64 1.478644679150186e-59 2.3939356923675164e-55 2.6883068875623654e-51 2.0941807336722744e-47 1.131816536984554e-43 4.244529346183671e-40 1.1047106405370094e-36 1.995801364543708e-33 2.5034137208503395e-30 2.1807517981106372e-27 1.3196785039903348e-24 5.549715013384547e-22 1.6225342623320949e-19 3.2995323812606286e-17 4.669870272995557e-15 4.603266369473293e-13 3.1631858134252084e-11 1.516932786201063e-9 5.084027067029206e-8 1.1930159992776514e-6 0.00001964859248663978 0.00022786427320950822 0.0018690765820968773 0.010912734562781103 0.04576986111325361 0.13978842517524756 0.3173187235975926 0.5520533369760018 0.7694118901360885 0.9103594836986191 0.9743542359812887 0.9946920321098582 0.9992142726176712 0.9999174604044301 0.9999938801823073 0.9999996809854831 0.9999999883416034 0.9999999997019468 0.9999999999946781 0.9999999999999337 0.9999999999999994 1. 1. 1. 1. 1. 1. 1. 1. 1. 1. 1. 1. 1. 1. 1. 1. 1. 1. 1. 1. 1. 1. 1. 1. 1. 1. 1. 1. 1. 1. 1. 1. 1. 1. 1. 1.
4.809217859851001e-200 3.5302672692831155e-192 1.7955675935862566e-184 6.327972708795117e-177 1.5452694600198156e-169 2.614744646059672e-162 3.0658366550597554e-155 2.4909974140496294e-148 1.4025315302868845e-141 5.472407116623632e-135 1.4797308316588967e-128 2.772928495040779e-122 3.601308438274534e-116 3.2416256494338016e-110 2.0223798348633953e-104 8.745360654601928e-99 2.6213631745184972e-93 5.446684117170785e-88 7.845410689046935e-83 7.834347124298485e-78 5.424018280988187e-73 2.6037604216239087e-68 8.667142118768516e-64 2.0007042773458415e-59 3.2030458205460334e-55 3.5568258070094756e-51 2.7398870335735777e-47 1.4643036828066185e-43 5.430294799533165e-40 1.3976021789542626e-36 2.4968720052760494e-33 3.097124849375468e-30 2.667983484264464e-27 1.5966148525796859e-24 6.639920851839387e-22 1.9197837743387722e-19 3.860861928286055e-17 5.4040438708695435e-15 5.268330812635426e-13 3.580451627028204e-11 1.6982529023850577e-9 5.629738788479937e-8 1.3067694777120572e-6 0.00002129088381488663 0.0002442860378930884 0.0019828061949495566 0.011458255481085668 0.04758217479074488 0.14395845767426318 0.3239642536049222 0.5593884011751284 0.775019300338299 0.9133284471257497 0.9754429942849172 0.9949685620913871 0.999262917491436 0.9999233871467861 0.999994380307955 0.9999997102153149 0.999999989524802 0.9999999997351189 0.9999999999953222 0.9999999999999424 0.9999999999999996 1. 1. 1. 1. 1. 1. 1. 1. 1. 1. 1. 1. 1. 1. 1. 1. 1. 1. 1. 1. 1. 1. 1. 1. 1. 1. 1. 1. 1. 1. 1. 1. 1. 1. 1. 1.
8.612755036613429e-200 6.24882581598175e-192 3.141347753158968e-184 1.0942146644198918e-176 2.6409859921413652e-169 4.4168778250481843e-162 5.118699664456858e-155 4.110633622920866e-148 2.2875644190361916e-141 8.821951751576463e-135 2.3577349619521687e-128 4.366941208692385e-122 5.605648643817229e-116 4.9871886709961905e-110 3.0752724226595956e-104 1.3143986747659894e-98 3.89408786397987e-93 7.997248784664299e-88 1.1385568799348788e-82 1.1237593810336541e-77 7.689959582892723e-73 3.648693161003668e-68 1.200457449999639e-63 2.7389842268934473e-59 4.334180021550634e-55 4.7571309233029136e-51 3.622059798173993e-47 1.9133592662107114e-43 7.013477456845223e-40 1.7841884410885404e-36 3.1506740594706284e-33 3.862951749822052e-30 3.289280729023688e-27 1.9457171549672e-24 7.998517299413965e-22 2.285979030168766e-19 4.5444892807185764e-17 6.287959122169993e-15 6.059895304192759e-13 4.07141202456568e-11 1.9091599544930185e-9 6.257248170700347e-8 1.4360799889535632e-6 0.000023136459745300606 0.00026252980378256466 0.0021077116909119413 0.012050543695140277 0.049527396547819326 0.14838321677991687 0.33093524634532334 0.5669948879576444 0.7807678473202972 0.9163374080024604 0.9765338303355152 0.9952424588603017 0.9993105494918215 0.9999291242837415 0.9999948589117063 0.9999997378682646 0.9999999906314035 0.9999999997657897 0.999999999995911 0.9999999999999503 0.9999999999999996 1. 1. 1. 1. 1. 1. 1. 1. 1. 1. 1. 1. 1. 1. 1. 1. 1. 1. 1. 1. 1. 1. 1. 1. 1. 1. 1. 1. 1. 1. 1. 1. 1. 1. 1. 1.
1.5767378190830846e-199 1.1301705659639725e-191 5.612935079770333e-184 1.9315467506655084e-176 4.6057224145629377e-169 7.609853803450382e-162 8.712647772068121e-155 6.912405374339577e-148 3.800353931120211e-141 1.4479249850253096e-134 3.823027814240814e-128 6.995541858218087e-122 8.87159920175349e-116 7.79766168074469e-110 4.750346636248457e-104 2.005868942958451e-98 5.871047469719152e-93 1.191202471595504e-87 1.675466091726781e-82 1.63377048929478e-77 1.104535148589731e-72 5.177637615947184e-68 1.6829882122503938e-63 3.7937187144790895e-59 5.930963879421363e-55 6.431433587513344e-51 4.8379844200008665e-47 2.5249546361706385e-43 9.144100298578107e-40 2.298272128816647e-36 4.0097784241029055e-33 4.8573100100681256e-30 4.0864025651104704e-27 2.38829675099696e-24 9.700452154873151e-22 2.7392723734594e-19 5.380670897326141e-17 7.356292398018277e-15 7.00525648195326e-13 4.650805552685487e-11 2.1551029086412074e-9 6.980317600790145e-8 1.583314794532341e-6 0.000025212930625280216 0.0002828125181572701 0.0022449297200406635 0.012693499545690368 0.051613981163677866 0.1530732478856639 0.3382365484548645 0.5748673357340351 0.786646856409482 0.9193781764393589 0.9776231301740729 0.9955127279651653 0.9993569935585436 0.9999346520408283 0.9999953145839047 0.9999997638842922 0.9999999916601641 0.9999999997939653 0.9999999999964455 0.9999999999999573 0.9999999999999997 1. 1. 1. 1. 1. 1. 1. 1. 1. 1. 1. 1. 1. 1. 1. 1. 1. 1. 1. 1. 1. 1. 1. 1. 1. 1. 1. 1. 1. 1. 1. 1. 1. 1. 1. 1.
2.9505791101481516e-199 2.088454178671206e-191 1.0242463216440788e-183 3.480593656735876e-176 8.19558304168354e-169 1.3371887445220201e-161 1.5118238368181562e-154 1.1844458622832346e-147 6.430510063321981e-141 2.419375094009971e-134 6.308132421333145e-128 1.139859627664758e-121 1.4274769308038127e-115 1.2389942530370098e-109 7.453641727242072e-104 3.108026518657951e-98 8.983330942993397e-93 1.7998976030715337e-87 2.4999947173081845e-82 2.4073356082302615e-77 1.6071939058609686e-72 7.439857755169144e-68 2.3881385441836439e-63 5.316066243907326e-59 8.207272499669771e-55 8.788836012218752e-51 6.528898566667011e-47 3.3649843344479724e-43 1.2034467205613981e-39 2.9870775668984796e-36 5.146686667061576e-33 6.156999246430749e-30 5.11545828240009e-27 2.9526142528843038e-24 1.184380372569359e-21 3.303102883402635e-19 6.407951288835771e-17 8.65261977304398e-15 8.138245382544662e-13 5.3366440964622124e-11 2.4426463017299305e-9 7.815286251702448e-8 1.7512424482512337e-6 0.000027552088551811696 0.0003053799501384092 0.0023957257873528158 0.013391383421535645 0.05385095852571462 0.15803946028673221 0.345872695229538 0.5829995445398563 0.7926451545963928 0.9224424875675853 0.9787073639728597 0.995778432092413 0.999402091730186 0.9999399536150408 0.999995746238163 0.9999997882260809 0.9999999926108876 0.9999999998196836 0.9999999999969273 0.9999999999999635 0.9999999999999998 1. 1. 1. 1. 1. 1. 1. 1. 1. 1. 1. 1. 1. 1. 1. 1. 1. 1. 1. 1. 1. 1. 1. 1. 1. 1. 1. 1. 1. 1. 1. 1. 1. 1. 1. 1.
5.643718704626267e-199 3.942949585434622e-191 1.908706391111665e-183 6.402163519179512e-176 1.487963631163872e-168 2.3963183673663607e-161 2.674192567237994e-154 2.067981998427244e-147 1.1081981030323126e-140 4.115437845678721e-134 1.0591438666429585e-127 1.8890668385014527e-121 2.335110159501514e-115 2.0005548153073586e-109 1.187936370840291e-103 4.8893772607567725e-98 1.3949258512838526e-92 2.7587173232888984e-87 3.7822047560947295e-82 3.594926968803723e-77 2.369028222099276e-72 1.0824709729190919e-67 3.4297469635387435e-63 7.5360762727027325e-59 1.1484382715714128e-54 1.2139360673387662e-50 8.90147521702587e-47 4.528610155533029e-43 1.5987151376909475e-39 3.917021036010298e-36 6.662014689355066e-33 7.867181651470651e-30 6.452250439910852e-27 3.676334998079295e-24 1.4557516216961643e-21 4.007864635822096e-19 7.675622134770494e-17 1.023188968848937e-14 9.500919187956758e-13 6.150997919690584e-11 2.7797162695870993e-9 8.781587784855634e-8 1.9431053319035123e-6 0.000030190575542864117 0.00033051065319143655 0.0025615087940922703 0.01414884581913009 0.05624795744139878 0.1632931000512815 0.3538478374588485 0.5913845292974959 0.7987510844648281 0.9255220360081045 0.9797831055676525 0.9960386963777692 0.9994457038186249 0.9999450151808082 0.9999961531015182 0.9999998108776327 0.9999999934843276 0.9999999998430102 0.9999999999973588 0.999999999999969 0.9999999999999998 1. 1. 1. 1. 1. 1. 1. 1. 1. 1. 1. 1. 1. 1. 1. 1. 1. 1. 1. 1. 1. 1. 1. 1. 1. 1. 1. 1. 1. 1. 1. 1. 1. 1. 1. 1.
1.1033492012679117e-198 7.605224254963358e-191 3.632230303401226e-183 1.2020007905299272e-175 2.7562230440819313e-168 4.379362986924828e-161 4.821740599039889e-154 3.678773386049914e-147 1.944998215662608e-140 7.12629522591535e-134 1.8094606589246037e-127 3.1841127968438983e-121 3.8832555097501243e-115 3.282366795522628e-109 1.9229966682699663e-103 7.808871724082834e-98 2.198042077373783e-92 4.288871540002473e-87 5.801398857325862e-82 5.4403970146847724e-77 3.537241133988866e-72 1.59465151695911e-67 4.985032843293369e-63 1.080709824500799e-58 1.6249161882655773e-54 1.6946516271782436e-50 1.2260549992552378e-46 6.1542983658583616e-43 2.1436454114769364e-39 5.1821381000639246e-36 8.696275307913433e-33 1.0132705156948558e-29 8.199748323345298e-27 4.609913519763774e-24 1.8011904517178537e-21 4.893138347091922e-19 9.246961876038075e-17 1.2163629969996363e-14 1.1145720689515378e-12 7.120981470167907e-11 3.1759043122165216e-9 9.902378382169625e-8 2.16270602938405e-6 0.00003317066344085253 0.0003585204885276884 0.002743847203307453 0.014970959531304506 0.05881522863270185 0.1688457171774477 0.36216566352928203 0.6000144750784755 0.804952522740084 0.9286085120436823 0.98084705140247 0.9962927130681567 0.9994877078633724 0.9999498258566719 0.9999965347004958 0.9999998318426118 0.9999999942820793 0.9999999998640348 0.9999999999977426 0.9999999999999738 0.9999999999999998 1. 1. 1. 1. 1. 1. 1. 1. 1. 1. 1. 1. 1. 1. 1. 1. 1. 1. 1. 1. 1. 1. 1. 1. 1. 1. 1. 1. 1. 1. 1. 1. 1. 1. 1. 1.
2.2045940755761493e-198 1.4985659118653738e-190 7.058065106775709e-183 2.3033810864475002e-175 5.208641717267767e-168 8.161509585718344e-161 8.86162130469574e-154 6.667492958818131e-147 3.4763968113504656e-140 1.2561022771713878e-133 3.1452985877331776e-127 5.458247734059289e-121 6.564677469968461e-115 5.472147225567896e-109 3.161572097581341e-103 1.2660983947176826e-97 3.51455675389235e-92 6.762913544763583e-87 9.0215401881959e-82 8.343278477532023e-77 5.349708433927517e-72 2.3784376411140864e-67 7.332564612205205e-63 1.5676907004451929e-58 2.324595220237165e-54 2.3909130602319946e-50 1.7059346691073545e-46 8.445054708448186e-43 2.90102218362292e-39 6.91646758043414e-36 1.144694077110352e-32 1.3154260053557302e-29 1.049859365446446e-26 5.821280041932082e-24 2.2432980057808945e-21 6.010688081771924e-19 1.1203518143112552e-16 1.4536119933963152e-14 1.3138242057944587e-12 8.279994062637022e-11 3.6428430298185814e-9 1.1205299682703089e-7 2.4145102755927456e-6 0.00003654116461837993 0.00038976778776990146 0.0029444869912200167 0.015863254007929525 0.06156366648307075 0.17470912644317024 0.3708293169273054 0.6088806950547027 0.8112369037476068 0.9316936393163937 0.9818960387127496 0.9965397454897609 0.9995280003664673 0.999954377635072 0.9999968908436025 0.9999998511424888 0.9999999950064671 0.9999999998828658 0.9999999999980816 0.999999999999978 0.9999999999999998 1. 1. 1. 1. 1. 1. 1. 1. 1. 1. 1. 1. 1. 1. 1. 1. 1. 1. 1. 1. 1. 1. 1. 1. 1. 1. 1. 1. 1. 1. 1. 1. 1. 1. 1. 1.
4.957988598888331e-198 3.3092644600358606e-190 1.530574546104755e-182 4.9054889847446075e-175 1.0894898211694185e-167 1.6768178743237027e-160 1.7884625158934383e-153 1.3219500678915373e-146 6.771770988644442e-140 2.404102564030011e-133 5.915338584256195e-127 1.0087775747410146e-120 1.1923802362517754e-114 9.769068309791764e-109 5.547883226788955e-103 2.1840140934008038e-97 5.960151101772265e-92 1.127598066328842e-86 1.4790064944415334e-81 1.3450246979229232e-76 8.48131287298709e-72 3.7085115529672494e-67 1.1245382699281151e-62 2.3649661638855722e-58 3.449800734160797e-54 3.490829945370091e-50 2.450653445146104e-46 1.1937495144557481e-42 4.035431632603877e-39 9.468667195256945e-36 1.542401110792271e-32 1.7446812280457934e-29 1.3707606390240427e-26 7.482896113921674e-24 2.8392251567190297e-21 7.49101883115857e-19 1.3750508507413442e-16 1.7571399179217212e-14 1.564361663681549e-12 9.712344219496884e-11 4.2100324330887975e-9 1.2760940206123698e-7 2.7100340835434144e-6 0.00004042962469558105 0.00042520541334789314 0.0031681804289456278 0.016841264215814195 0.0645253244710691 0.1809210721780534 0.37985378248226376 0.6179613312991813 0.8175655653500656 0.9347486176711132 0.9829174600562234 0.9967762841365426 0.9995659405595183 0.9999585926301826 0.9999972151791765 0.9999998684283862 0.9999999956445674 0.9999999998991808 0.9999999999983706 0.9999999999999816 0.9999999999999998 1. 1. 1. 1. 1. 1. 1. 1. 1. 1. 1. 1. 1. 1. 1. 1. 1. 1. 1. 1. 1. 1. 1. 1. 1. 1. 1. 1. 1. 1. 1. 1. 1. 1. 1. 1.
7.278658204561362e-181 1.0151057848187934e-173 1.0125673647060177e-166 7.224319613951157e-160 3.6867071110908855e-153 1.3457295314702813e-146 3.5136927763770705e-140 6.562460294632307e-134 8.767529671134458e-128 8.379285380973218e-122 5.728860990537148e-116 2.8020409259797947e-110 9.804826442959719e-105 2.4545964342933686e-99 4.3965479762275703e-94 5.634472379229676e-89 5.166830076200549e-84 3.390362381703401e-79 1.5919982533397071e-74 5.349821744744099e-70 1.2866622023395658e-65 2.2148758126451238e-61 2.7291547888932755e-57 2.407348467253019e-53 1.5202816973751368e-49 6.874335372528199e-46 2.2259316670626265e-42 5.1621065766968754e-39 8.575184711869124e-36 1.0205585384301749e-32 8.70357623919657e-30 5.3201449226046894e-27 2.3314783337083585e-24 7.327519206606192e-22 1.652187068022705e-19 2.673784270493916e-17 3.107300540750331e-15 2.594784415237463e-13 1.5581585187064356e-11 6.734783833612678e-10 2.097733325136693e-8 4.7156790429792727e-7 7.665678407880496e-6 0.0000903408806222445 0.0007745464340792802 0.004854107355139864 0.022386601382861488 0.07671712582028205 0.19815440263965925 0.39398083096395636 0.621839312461814 0.8131565786948604 0.9290648999494653 0.979726642525683 0.995698108778238 0.9993286247495279 0.9999234406541899 0.9999936505358902 0.9999996183084521 0.9999999834105406 0.9999999994796842 0.9999999999882409 0.9999999999998087 0.9999999999999978 1. 1. 1. 1. 1. 1. 1. 1. 1. 1. 1. 1. 1. 1. 1. 1. 1. 1. 1. 1. 1. 1. 1. 1. 1. 1. 1. 1. 1. 1. 1. 1. 1. 1. 1. 1.
7.554053560893113e-166 2.678218338410397e-159 6.982301870426517e-153 1.3385843709622578e-146 1.8871031218354354e-140 1.9563974253736026e-134 1.4915557995522608e-128 8.362823978729365e-123 3.44832507158044e-117 1.0457232877352554e-111 2.3323358747400825e-106 3.8259956801757465e-101 4.6162710723804495e-96 4.096822027458086e-91 2.6744141048317548e-86 1.2842636205233262e-81 4.536735531961459e-77 1.1790115262706277e-72 2.2542468521778443e-68 3.1711696756820004e-64 3.2824668071433385e-60 2.5002024717653598e-56 1.4014524055489318e-52 5.7815985355080564e-49 1.755602696642784e-45 3.924284700908146e-42 6.458083486276655e-39 7.825556489459859e-36 6.983329801598652e-33 4.5900995490354486e-30 2.222702051366977e-27 7.931226804290319e-25 2.0860058710232997e-22 4.0452172729048313e-20 5.785992531340517e-18 6.106763059642352e-16 4.7584470795508523e-14 2.7391143922226336e-12 1.1656674531646655e-10 3.6708314181941104e-9 8.564200073433275e-8 1.4824693295588416e-6 0.000019076211813884427 0.00018293547277320197 0.0013117959811425914 0.007066421676256853 0.028780406313275764 0.0894440158644915 0.21495505794738995 0.4072967562420908 0.6256435297121024 0.8092614996737191 0.9236442610941715 0.9764200030573789 0.9944526473891762 0.9990144178457454 0.9998685650900792 0.999986901104517 0.9999990275481139 0.9999999463505007 0.9999999978045203 0.9999999999334513 0.9999999999985075 0.9999999999999752 0.9999999999999998 1. 1. 1. 1. 1. 1. 1. 1. 1. 1. 1. 1. 1. 1. 1. 1. 1. 1. 1. 1. 1. 1. 1. 1. 1. 1. 1. 1. 1. 1. 1. 1. 1. 1. 1.
1.2278136370583103e-152 1.3046655651819703e-146 1.0445796152769788e-140 6.301838469614518e-135 2.864736217106989e-129 9.81301548269028e-124 2.532971021065652e-118 4.926947303488032e-113 7.22198113960228e-108 7.977688510628951e-103 6.641290913268495e-98 4.1667360442052624e-93 1.9702526535098057e-88 7.021757677580949e-84 1.8861861489873578e-79 3.8190583042439414e-75 5.828822822670958e-71 6.706251202728852e-67 5.816700789987614e-63 3.803621989484351e-59 1.8752966609881168e-55 6.971492333958312e-52 1.9543351810405252e-48 4.1316921158297905e-45 6.588018229443427e-42 7.923677794449163e-39 7.189470566035276e-36 4.9218075670447535e-33 2.5425953360380636e-30 9.913595083409068e-28 2.9179220155892114e-25 6.484925303163798e-23 1.0885312304875366e-20 1.3804357746162049e-18 1.3230885623640162e-16 9.588391490199264e-15 5.256654128922872e-13 2.181463619852527e-11 6.857847518235908e-10 1.634673082565682e-8 2.957868310656953e-7 4.06880255929521e-6 0.00004262957589954721 0.00034102075603037826 0.0020897813133270863 0.009853896354016465 0.035973885114957145 0.10257194448046646 0.23128690449414957 0.41988067834410264 0.629382312301425 0.8058307452344617 0.9184997656171474 0.97303930555306 0.9930509058341295 0.9986155830051411 0.9997880324930684 0.9999751606912737 0.9999977789913561 0.9999998488175732 0.9999999921796702 0.9999999996930113 0.9999999999908649 0.9999999999997942 0.9999999999999964 1. 1. 1. 1. 1. 1. 1. 1. 1. 1. 1. 1. 1. 1. 1. 1. 1. 1. 1. 1. 1. 1. 1. 1. 1. 1. 1. 1. 1. 1. 1. 1. 1. 1. 1.
5.93794708164754e-141 2.1735146991963943e-135 6.12535261692372e-130 1.329075482580651e-124 2.2203760008624155e-119 2.856081276345033e-114 2.828727995174527e-109 2.157240093572141e-104 1.26678594652583e-99 5.7281847739136426e-95 1.9945836472834934e-90 5.3483806729250336e-86 1.104438645693883e-81 1.7564090306351624e-77 2.151252260841139e-73 2.0293496217561857e-69 1.4744908780116663e-65 8.252177736565994e-62 3.557622729122109e-58 1.1815220651311972e-54 3.02303180546896e-51 5.959278549247007e-48 9.051678906416627e-45 1.0594663668309789e-41 9.556747952487885e-39 6.64423904455766e-36 3.560782358366329e-33 1.4711947954019935e-30 4.686911315845374e-28 1.1515198870634183e-25 2.182284894396896e-23 3.1908529806508897e-21 3.600584913693259e-19 3.136495295281253e-17 2.109983211539648e-15 1.0966349350952309e-13 4.405704638325954e-12 1.3690058892393468e-10 3.2927267900445086e-9 6.135707581835514e-8 8.868046301481225e-7 9.955694810985507e-6 0.00008697571591312246 0.0005927247654035882 0.0031609945953710327 0.013249005304815705 0.04390432216741044 0.11598293860687774 0.2471302677780142 0.43180282565085104 0.6330626396467298 0.8028201927211286 0.9136374816325215 0.9696216441246353 0.9915073047805396 0.9981269465278313 0.99967583742734 0.9999561479416803 0.9999953765098204 0.9999996209068742 0.9999999758687618 0.9999999988090538 0.9999999999544777 0.9999999999986535 0.9999999999999691 0.9999999999999994 1. 1. 1. 1. 1. 1. 1. 1. 1. 1. 1. 1. 1. 1. 1. 1. 1. 1. 1. 1. 1. 1. 1. 1. 1. 1. 1. 1. 1. 1. 1. 1. 1. 1.
1.44077038327507e-130 2.0452885867896678e-125 2.278676340619786e-120 1.9924466954155542e-115 1.367335524367873e-110 7.364726871971718e-106 3.1134421190077113e-101 1.03308877335642e-96 2.690654817253145e-92 5.500642388425638e-88 8.827065674416069e-84 1.1119370676480334e-79 1.0995611442271603e-75 8.535902759426478e-72 5.20220279380377e-68 2.489150206411303e-64 9.351058652009561e-61 2.7582772276610067e-57 6.388605768176786e-54 1.1619598429579307e-50 1.6596684143803234e-47 1.8617779848045865e-44 1.6403828281586487e-41 1.1353020136560781e-38 6.172609750932903e-36 2.6367240873568155e-33 8.850175835078908e-31 2.33447881644335e-28 4.840006985329219e-26 7.888534293288733e-24 1.0109459807687745e-21 1.0189215532671052e-19 8.078858782274946e-18 5.040687406586395e-16 2.47580755330875e-14 9.576713268454804e-13 2.918830470377695e-11 7.013885798382884e-10 1.3298024723377513e-8 1.9910787370075796e-7 2.3569611726818435e-6 0.000022090013372142488 0.0001642129046716372 0.0009705308065232703 0.004574587133188163 0.0172681729825531 0.052500523747168584 0.12957520561626817 0.2624776584274394 0.4431254847482933 0.6366903980225425 0.8001905791157115 0.9090582373765272 0.9661992499153117 0.9898384804679292 0.9975459615732516 0.9995262717236755 0.9999271709612969 0.9999911078259247 0.9999991395528514 0.9999999341215455 0.9999999960142827 0.9999999998096438 0.9999999999928293 0.9999999999997871 0.999999999999995 0.9999999999999999 1. 1. 1. 1. 1. 1. 1. 1. 1. 1. 1. 1. 1. 1. 1. 1. 1. 1. 1. 1. 1. 1. 1. 1. 1. 1. 1. 1. 1. 1. 1. 1. 1.
2.69300324403814e-121 1.641080559342993e-116 7.98409051532917e-112 3.1012111320648805e-107 9.617359618279867e-103 2.3812657868481685e-98 4.7075705390334926e-94 7.430753453486148e-90 9.365408731672983e-86 9.425189379384331e-82 7.574175333395007e-78 4.860443970039299e-74 2.4907278898204686e-70 1.0192998757751663e-66 3.33134696575353e-63 8.695573972134828e-60 1.8128296297016817e-56 3.018684357517289e-53 4.015170566624245e-50 4.2662048597740806e-47 3.621255505403886e-44 2.4557693512831254e-41 1.3306423753469492e-38 5.761275072336687e-36 1.993433316734647e-33 5.512617831447979e-31 1.2185406138018747e-28 2.153314822324012e-26 3.0424789552783694e-24 3.437766282138262e-22 3.106996170739866e-20 2.246572116782542e-18 1.2999609468129643e-16 6.021492415120817e-15 2.2335628267333822e-13 6.637379530026431e-12 1.580951833167254e-10 3.0201392364502365e-9 4.630630786320914e-8 5.70359203995686e-7 5.649834259878881e-6 0.000045072287199568995 0.0002900975336857444 0.0015098694249424277 0.006373954521267976 0.021913115790522936 0.061687268916677675 0.143262336463855 0.27733046509170817 0.4539039065553694 0.6402705808588576 0.7979069411373119 0.9047590034280901 0.962799605936524 0.9880622578324214 0.9968725736494599 0.9993342429131353 0.9998852374908429 0.9999840228356941 0.9999982071689077 0.9999998381038361 0.9999999882496327 0.9999999993152195 0.9999999999679827 0.9999999999987998 0.999999999999964 0.9999999999999991 1. 1. 1. 1. 1. 1. 1. 1. 1. 1. 1. 1. 1. 1. 1. 1. 1. 1. 1. 1. 1. 1. 1. 1. 1. 1. 1. 1. 1. 1. 1. 1. 1.
5.527974512768022e-113 1.5783135887802499e-108 3.653330468871654e-104 6.855842565649671e-100 1.0430791054216391e-95 1.2866696451336812e-91 1.2868257090242808e-87 1.0434830128928954e-83 6.860801412344651e-80 3.657629706098549e-76 1.5811479678145356e-72 5.542511422896749e-69 1.5754928566654081e-65 3.6317642110839013e-62 6.789332792522582e-59 1.0293500618467626e-55 1.265742951539287e-52 1.2623971626086192e-49 1.0212644041584771e-46 6.701899680343848e-44 3.567825074904555e-41 1.5409419976604475e-38 5.399836066831388e-36 1.5354105881787765e-33 3.542913229415567e-31 6.634921001274767e-29 1.0085631884714243e-26 1.244577653336232e-24 1.2469800058281814e-22 1.0145925622647278e-20 6.705100735430514e-19 3.599978063138884e-17 1.5706884083872123e-15 5.570690551305592e-14 1.6066176003863423e-12 3.7695010536902913e-11 7.198480957641875e-10 1.1195525036702378e-8 1.419091766605485e-7 1.4673209313711422e-6 0.000012389852828903625 0.00008555237091176456 0.00048392994214585484 0.0022474781383706914 0.008595052810166358 0.027172839052099378 0.07138874595566093 0.15697201374626918 0.29169642175919686 0.4641871398292452 0.6438074465885629 0.7959381068909315 0.9007339684212508 0.9594457480033309 0.986196821418128 0.9961089518266748 0.9990955164865273 0.9998271947559141 0.9999729323042004 0.9999965306634375 0.9999996366825172 0.999999968950845 0.9999999978366954 0.999999999877214 0.9999999999943263 0.9999999999997866 0.9999999999999934 0.9999999999999998 1. 1. 1. 1. 1. 1. 1. 1. 1. 1. 1. 1. 1. 1. 1. 1. 1. 1. 1. 1. 1. 1. 1. 1. 1. 1. 1. 1. 1. 1. 1. 1.
1.6742850039630991e-105 2.4160897262395055e-101 2.8659276024603734e-97 2.7944328756773783e-93 2.23978735413754e-89 1.4757521093780084e-85 7.993243290064907e-82 3.5591457664931166e-78 1.3028442059590042e-74 3.920800903241241e-71 9.700746820697856e-68 1.973317904775646e-64 3.300387392635481e-61 4.538625844815819e-58 5.1320672992587836e-55 4.771853697477227e-52 3.64861980271564e-49 2.294238054578903e-46 1.1864252118849677e-43 5.046149836118972e-41 1.765331138082207e-38 5.080070108574937e-36 1.2026109792733375e-33 2.3422362194674473e-31 3.753432829070306e-29 4.949556094832208e-27 5.371509402290515e-25 4.798199402871093e-23 3.528410610320943e-21 2.1363618379538135e-19 1.065251066726363e-17 4.3753204893885203e-16 1.4806857671125753e-14 4.129940571241555e-13 9.497463090011056e-12 1.8015105012955152e-10 2.819991632229722e-9 3.645018608955962e-8 3.8931900832858737e-7 3.4391214359377834e-6 0.000025153425427633258 0.00015252594173281945 0.0007681265126795335 0.003219735334302417 0.011265450627048148 0.03302593068370043 0.08153106504286971 0.17064449679783522 0.3055876844669111 0.4740187812069365 0.6473046441829599 0.7942562417471579 0.8969753686787777 0.9561566654589341 0.9842600801310495 0.99525914370804 0.9988068729361366 0.9997498810964921 0.999956428235341 0.9999937040441707 0.9999992464961048 0.9999999253940092 0.9999999938945141 0.999999999587339 0.9999999999769793 0.9999999999989406 0.9999999999999598 0.9999999999999987 1. 1. 1. 1. 1. 1. 1. 1. 1. 1. 1. 1. 1. 1. 1. 1. 1. 1. 1. 1. 1. 1. 1. 1. 1. 1. 1. 1. 1. 1. 1. 1.
9.583429823291409e-99 7.466653989913072e-95 4.84194566836611e-91 2.6134275133438244e-87 1.174102486499463e-83 4.390514833176702e-80 1.3666215686052561e-76 3.540907779123236e-73 7.63704485774892e-70 1.3711724764374947e-66 2.0494029248534648e-63 2.5500258327531725e-60 2.6415464958042444e-57 2.2781589901355995e-54 1.6358324077797005e-51 9.780046720456663e-49 4.868669686005744e-46 2.0182205979112788e-43 6.966899734469881e-41 2.0028525349809077e-38 4.795404769687316e-36 9.56312173175965e-34 1.5885711648920379e-31 2.1982869720725745e-29 2.534400089384191e-27 2.4345923439727124e-25 1.9489039417124894e-23 1.3002505761946866e-21 7.2310782239793e-20 3.3526972233816672e-18 1.2962457201172844e-16 4.1800462796849554e-15 1.1245782753492654e-13 2.5249071003250003e-12 4.732630720506244e-11 7.408714450900217e-10 9.691282189230437e-9 1.059924423562902e-7 9.69915809098883e-7 7.432529369234109e-6 0.000047747234755148835 0.0002574831482240436 0.0011675347869331333 0.004461135779559563 0.014404033259391196 0.039442887851252516 0.09204398822855649 0.18423105774682816 0.3190193817672637 0.48343764090642016 0.6507653138384311 0.7928364468186339 0.8934741229425278 0.9529477432349976 0.9822692058509777 0.9943287007900554 0.998466182922532 0.9996502730404804 0.9999329238298961 0.9999891974857182 0.9999985412098391 0.9999998349988963 0.9999999843824208 0.9999999987639063 0.9999999999182414 0.9999999999954832 0.9999999999997917 0.999999999999992 0.9999999999999998 1. 1. 1. 1. 1. 1. 1. 1. 1. 1. 1. 1. 1. 1. 1. 1. 1. 1. 1. 1. 1. 1. 1. 1. 1. 1. 1. 1. 1. 1. 1.
1.2772808587208347e-92 5.692299625661135e-89 2.135458255520813e-85 6.743793323865791e-82 1.7928155128256598e-78 4.012305897336937e-75 7.559430135599197e-72 1.199032131472321e-68 1.6011432844163543e-65 1.8001091609292036e-62 1.7039202626358234e-59 1.3579848814271401e-56 9.112768724790592e-54 5.1490980853648635e-51 2.4499336285574492e-48 9.81608171178176e-46 3.3120938737410016e-43 9.41172950638431e-41 2.252486740155402e-38 4.5405342747450134e-36 7.709602616937594e-34 1.1027284937341972e-31 1.328774361080495e-29 1.3490190125801418e-27 1.1540149782795267e-25 8.319142496445962e-24 5.054430339668583e-22 2.588520989568812e-20 1.1175934881189779e-18 4.0685954388740474e-17 1.2491653266225502e-15 3.235257830433877e-14 7.070094087301066e-13 1.3040691007311883e-11 2.0309014127097268e-10 2.6715940374768846e-9 2.9700189841813135e-8 2.791966996427364e-7 2.2209100827712266e-6 0.000014962188359182711 0.0000854598410429071 0.00041438368868303415 0.0017085760773909837 0.006003020751219628 0.01802122904421085 0.0463883024855877 0.10286202973144734 0.19769247327830766 0.33200853037139844 0.4924783284236652 0.654192168370488 0.791656406245306 0.8902203142131356 0.949831207461157 0.9802403189716573 0.993324308155672 0.9980724117297627 0.9995256152013936 0.9999007084533993 0.9999823548303447 0.9999973411797674 0.9999996606613051 0.9999999633496293 0.9999999966525723 0.9999999997416119 0.9999999999831521 0.9999999999990724 0.9999999999999569 0.9999999999999983 1. 1. 1. 1. 1. 1. 1. 1. 1. 1. 1. 1. 1. 1. 1. 1. 1. 1. 1. 1. 1. 1. 1. 1. 1. 1. 1. 1. 1. 1. 1.
4.731474497443484e-87 1.2688912232719867e-83 2.8941550335796604e-80 5.614312139910249e-77 9.263114774310972e-74 1.2999066861797045e-70 1.551570328256659e-67 1.5752340044331797e-64 1.360328822975004e-61 9.99262523638025e-59 6.2440260677200385e-56 3.3190416279437125e-53 1.5008527882524257e-50 5.773731354633758e-48 1.88966613984723e-45 5.261892774837526e-43 1.2466578163111317e-40 2.51317430962293e-38 4.3111360956883815e-36 6.293330633314061e-34 7.818392794901703e-32 8.266730977719668e-30 7.439846720734258e-28 5.699623755508637e-26 3.717258455878273e-24 2.0641482377451806e-22 9.760078874020309e-21 3.930242350868154e-19 1.34804903982686e-17 3.9390189559744805e-16 9.807370798583723e-15 2.0811233353085206e-13 3.764758766796018e-12 5.807669636975196e-11 7.642669665693482e-10 8.583141760273373e-9 8.230341277693351e-8 6.74237526129139e-7 4.722108614676208e-6 0.00002829805611219633 0.00014525397082655597 0.0006394576868339256 0.0024183083877520575 0.007872621089472119 0.02211961573327316 0.0538228050265744 0.11392507044538282 0.21099762996060528 0.34457323051260697 0.5011717650170573 0.6575875594957912 0.790696078593021 0.8872035525046904 0.9468165515726453 0.9781882926445389 0.9922534408364344 0.9976255679578239 0.9993735248940667 0.999858011724805 0.9999724002960009 0.999995404848568 0.9999993453836113 0.9999999202745412 0.9999999917048037 0.999999999263075 0.9999999999441305 0.9999999999963867 0.9999999999998007 0.9999999999999907 0.9999999999999996 1. 1. 1. 1. 1. 1. 1. 1. 1. 1. 1. 1. 1. 1. 1. 1. 1. 1. 1. 1. 1. 1. 1. 1. 1. 1. 1. 1. 1. 1.
5.664816923058067e-82 9.560372285445268e-79 1.385184413692372e-75 1.7230271545184782e-72 1.8400802162145552e-69 1.6871372902086275e-66 1.3281363234181487e-63 8.976842962114603e-61 5.209598377330353e-58 2.595949175536754e-55 1.1107389426963705e-52 4.0809866668727e-50 1.2875682379900922e-47 3.488533738130203e-45 8.1170863160289e-43 1.6220355030105094e-40 2.783834893153814e-38 4.1036589200340535e-36 5.1959793833960175e-34 5.651424092412478e-32 5.2804524606798085e-30 4.2387559164960985e-28 2.9234401361516656e-26 1.7325137150070924e-24 8.823241918929053e-23 3.86185436284766e-21 1.4528893129061017e-19 4.698911748546437e-18 1.3066428199131037e-16 3.124545587235962e-15 6.426480252259314e-14 1.1371404939033213e-12 1.7315010744084497e-11 2.2694985031669086e-10 2.561461536610169e-9 2.4904346749106506e-8 2.0869054548921938e-7 1.508071123767816e-6 9.404459622658792e-6 0.000050652889070461677 0.00023587394579070947 0.0009508534343866851 0.0033234953698049107 0.010092425627048542 0.02669477321404609 0.06170472052680075 0.1251786115327047 0.2241222703359105 0.3567320745315746 0.5095456306523899 0.6609535321785752 0.7899374274641263 0.8844132453537801 0.9439109300238291 0.97612664936695 0.9911240597072621 0.9971266121735928 0.9991920676743022 0.9998030706436322 0.9999584539685533 0.9999924230540049 0.9999988066481618 0.9999998378205683 0.9999999809944138 0.9999999980805391 0.9999999998330128 0.9999999999874911 0.9999999999991934 0.9999999999999553 0.9999999999999979 0.9999999999999999 1. 1. 1. 1. 1. 1. 1. 1. 1. 1. 1. 1. 1. 1. 1. 1. 1. 1. 1. 1. 1. 1. 1. 1. 1. 1. 1. 1. 1.
2.4946077497470295e-77 2.756529704735038e-74 2.637503893088097e-71 2.18525158095401e-68 1.567819509610412e-65 9.740604539124e-63 5.240594113771132e-60 2.4416876097539403e-57 9.852025990989518e-55 3.44269518368822e-52 1.0418896637194908e-49 2.7309171882322293e-47 6.199740767620843e-45 1.219080650219628e-42 2.0763580309190523e-40 3.063383377685761e-38 3.915162182225566e-36 4.3348014977809175e-34 4.1579901665073166e-32 3.45556001965481e-30 2.488299314094599e-28 1.5526275304051746e-26 8.395506996119115e-25 3.934410894357788e-23 1.5981148416457856e-21 5.627025622798941e-20 1.7176913899477583e-18 4.546381308171415e-17 1.0435365902200908e-15 2.0775239014234578e-14 3.5881176116807455e-13 5.377341884301085e-12 6.994580252337287e-11 7.899124915375046e-10 7.74767161100117e-9 6.602613547973517e-8 4.891279558082432e-7 3.1516653511185453e-6 0.000017675321315900606 0.00008635058605335298 0.0003678534789657091 0.001368168112063504 0.004449750300390662 0.012679854230854874 0.0317362691246702 0.06999142880603247 0.13657376991718756 0.23704788770764995 0.3685037173360204 0.5176247530954228 0.6642918694772779 0.7893641865907347 0.8818387971959077 0.9411195134947525 0.9740675269255519 0.9899443526689535 0.996577340072231 0.998979803543053 0.9997341943266009 0.9999395546779877 0.9999880170980158 0.999997931089672 0.999999689146015 0.9999999593818376 0.999999995386887 0.999999999544827 0.9999999999609972 0.9999999999970985 0.9999999999998127 0.9999999999999896 0.9999999999999996 1. 1. 1. 1. 1. 1. 1. 1. 1. 1. 1. 1. 1. 1. 1. 1. 1. 1. 1. 1. 1. 1. 1. 1. 1. 1. 1. 1. 1.
4.516225523694982e-73 3.384570064176289e-70 2.2136965099681422e-67 1.2636512318350195e-64 6.2956321004868635e-62 2.7375583165305197e-59 1.0389840799458903e-56 3.4418036562553e-54 9.951897694803017e-52 2.5117709928568115e-49 5.533769712057498e-47 1.0642472890916056e-44 1.7867303896821277e-42 2.6187028690736275e-40 3.35074330870354e-38 3.743193315674062e-36 3.650980606854815e-34 3.1093151420148247e-32 2.3122333185851637e-30 1.501537684385071e-28 8.515437335933738e-27 4.217694479737409e-25 1.8246317280845237e-23 6.895177218172699e-22 2.2762925932982396e-20 6.565537911234651e-19 1.6547210176567577e-17 3.644605883677298e-16 7.016398133767798e-15 1.1808399251091878e-13 1.7376670573244714e-12 2.236344061546462e-11 2.517789985860432e-10 2.4804985160761686e-9 2.139182672967052e-8 1.6155586059822574e-7 1.0689847830129761e-6 6.200708115221421e-6 0.00003155205568400456 0.00014095728749763232 0.0005534209730089724 0.0019119050250664927 0.005820803190475504 0.01564719415590034 0.037228688289344704 0.07864044393947259 0.14806709710094895 0.24976076603947364 0.37990656929617517 0.5254314463999271 0.6676041297751575 0.7889616550410383 0.8794697541110732 0.938445803842172 0.9720216945595312 0.9887225219238138 0.9959802524909672 0.9987358060930516 0.9996498220864953 0.9999146882197874 0.9999817409849152 0.9999965700474597 0.9999994349235719 0.9999999184062307 0.9999999896793998 0.9999999988569778 0.9999999998892002 0.9999999999906024 0.9999999999993028 0.9999999999999547 0.9999999999999974 0.9999999999999999 1. 1. 1. 1. 1. 1. 1. 1. 1. 1. 1. 1. 1. 1. 1. 1. 1. 1. 1. 1. 1. 1. 1. 1. 1. 1. 1. 1.
3.7007473544246426e-69 1.941000279509269e-66 8.949300142514553e-64 3.627335831483929e-61 1.2924986102392702e-58 4.04878759701156e-56 1.115018465188619e-53 2.699675128710818e-51 5.7467760642674474e-49 1.0755536910109533e-46 1.7698952379007797e-44 2.560850432183993e-42 3.2580417397587315e-40 3.644857850457642e-38 3.585692922648187e-36 3.102077084974161e-34 2.3601472416530265e-32 1.5792628673711208e-30 9.294420834908712e-29 4.8113706099007384e-27 2.1908989394706377e-25 8.776356281439422e-24 3.092993627488215e-22 9.590800231682066e-21 2.6168813599453426e-19 6.283674848594618e-18 1.3279951387032088e-16 2.4705371795376492e-15 4.046363400044054e-14 5.835688583535535e-13 7.4123933428521e-12 8.29395044626721e-11 8.177357322725474e-10 7.106279678439797e-9 5.445020094332879e-8 3.680103276124851e-7 2.1949791029823096e-6 0.000011559939019575622 0.000053793294412012224 0.00022136086066428616 0.0008063102787760995 0.0026029014704920124 0.0074579183851397925 0.0190017485842235 0.04315264093379541 0.08761024151807374 0.15962028380285773 0.26225115499518 0.39095858139775 0.5329858053906323 0.6708916778636455 0.7887165186061276 0.8772959067769879 0.9358919097303999 0.9699986039656435 0.9874666149708604 0.9953384220237391 0.9984596584373018 0.9995485719456936 0.999882818604968 0.9999730877811426 0.9999945365154312 0.9999990202934752 0.9999998449188586 0.9999999783412957 0.9999999973323734 0.99999999971035 0.9999999999722835 0.9999999999976633 0.9999999999998265 0.9999999999999887 0.9999999999999993 1. 1. 1. 1. 1. 1. 1. 1. 1. 1. 1. 1. 1. 1. 1. 1. 1. 1. 1. 1. 1. 1. 1. 1. 1. 1. 1. 1.
1.4921662381954363e-65 5.633333381782444e-63 1.8820652347310088e-60 5.564584977249146e-58 1.4560228658118434e-55 3.3717075480940384e-53 6.910149881422781e-51 1.2534041860900679e-48 2.0122033879013747e-46 2.859179474599042e-44 3.5959394871952145e-42 4.003117218605157e-40 3.944698558838811e-38 3.4409208315748226e-36 2.6570389945784217e-34 1.8163604175888024e-32 1.0992767176994196e-30 5.890263748644321e-29 2.7945311237771274e-27 1.1739663835113556e-25 4.3672029277836935e-24 1.4387436046796825e-22 4.1978825353023244e-21 1.084881142000288e-19 2.4835983331708726e-18 5.0370350374173593e-17 9.051396417796065e-16 1.4413257845369387e-14 2.0341409390356123e-13 2.544762487402489e-12 2.8225782372957573e-11 2.7763516224157135e-10 2.4223909208242643e-9 1.8753569668767196e-8 1.2886736248795064e-7 7.86313261425741e-7 4.262328953646548e-6 0.000020537133744369502 0.0000880164599286693 0.0003357898482796798 0.0011414931428161345 0.0034617668202105234 0.009379472048053674 0.0227461443656814 0.04948570582557661 0.09686086798829173 0.1711997970797299 0.2745125670655276 0.40167709962151554 0.5403059620203626 0.6741557110321157 0.788616693887109 0.8753073615850031 0.9334587854203766 0.9680064631380993 0.9861843951162177 0.9946553634337149 0.9981514304983985 0.9994292780001051 0.9998429200587826 0.999961499650232 0.9999916038748808 0.9999983720143883 0.9999997195093968 0.9999999570797581 0.9999999941696378 0.9999999992971558 0.999999999924835 0.9999999999928707 0.9999999999994005 0.9999999999999554 0.9999999999999971 0.9999999999999998 1. 1. 1. 1. 1. 1. 1. 1. 1. 1. 1. 1. 1. 1. 1. 1. 1. 1. 1. 1. 1. 1. 1. 1. 1. 1. 1.
3.183994559354676e-62 8.873276960469648e-60 2.2018551525832167e-57 4.865129078246996e-55 9.572146486680448e-53 1.6770369925778736e-50 2.6163984289819606e-48 3.6349906669834125e-46 4.497300179335616e-44 4.9552020608421665e-42 4.862329692597538e-40 4.2492722387146023e-38 3.3073979410720567e-36 2.2928512025035415e-34 1.4157933812925216e-32 7.787121551692395e-31 3.815286579955201e-29 1.6652227703195576e-27 6.474948005646277e-26 2.2430813174552715e-24 6.923521629361433e-23 1.9042050930942556e-21 4.667018806212013e-20 1.0193954662037902e-18 1.9845656562756803e-17 3.443934947537676e-16 5.327993052211712e-15 7.349376413995784e-14 9.040276703638323e-13 9.91818531082248e-12 9.70704322503245e-11 8.477013912961772e-10 6.607104129229893e-9 4.597479941330239e-8 2.8570478691925703e-7 1.586271346701381e-6 7.872329380051408e-6 0.00003494101602917686 0.00013879090429303836 0.000493769030572453 0.0015748546511443501 0.0045083627514852795 0.011600685015375523 0.026878749389742853 0.05620328178680105 0.10635436748799859 0.1827764838466276 0.28654118270125195 0.4120787710096705 0.54740830876622 0.6773972810768525 0.7886511920363672 0.873494587618268 0.9311464359829398 0.9660523239057905 0.9848832464284245 0.9939349127900965 0.9978116423589588 0.9992910161889162 0.999794007755856 0.9999463808218154 0.9999875066206754 0.999997396081014 0.9999995148129108 0.9999999192186158 0.9999999879869901 0.9999999984049461 0.9999999998109625 0.9999999999800081 0.9999999999981137 0.9999999999998412 0.999999999999988 0.9999999999999992 1. 1. 1. 1. 1. 1. 1. 1. 1. 1. 1. 1. 1. 1. 1. 1. 1. 1. 1. 1. 1. 1. 1. 1. 1. 1. 1.
3.8318524689383545e-59 8.063800354533565e-57 1.519624428208952e-54 2.564520734447941e-52 3.8757705616677776e-50 5.245668043630026e-48 6.35834451084962e-46 6.90236753158641e-44 6.710793377129144e-42 5.84363648890878e-40 4.557626144573545e-38 3.1838601087634916e-36 1.9922492588604578e-34 1.1166667542713678e-32 5.6067448895100135e-31 2.5218764428044177e-29 1.0162082054453612e-27 3.668675684505246e-26 1.1866632645241819e-24 3.439246179190841e-23 8.931926587531672e-22 2.0787606351260276e-20 4.3358655978621344e-19 8.105826134760659e-18 1.3583484723750628e-16 2.0406315522647478e-15 2.748590145603941e-14 3.3197561366338713e-13 3.5959972205376874e-12 3.494010492067004e-11 3.045829111004427e-10 2.38264849062707e-9 1.6730089343519972e-8 1.054746105869293e-7 5.97250807217321e-7 3.0387636106152385e-6 0.000013898580561143679 0.000057176279571745904 0.00021169810308101347 0.000706014477442494 0.002122834916237879 0.005761348599110417 0.014133496889167074 0.0313941564259841 0.0632793343203551 0.11605505982651405 0.19432516475035513 0.2983353495687988 0.422179488083363 0.554307693559749 0.6806173129561198 0.7888099995061313 0.8718484454349547 0.9289540925040825 0.9641421763844211 0.9835701078535499 0.9931811183718209 0.9974412180779682 0.9991331189112074 0.9997351656864808 0.9999271125808251 0.999981943105869 0.9999959760481585 0.9999991938130277 0.9999998548610305 0.9999999765296038 0.9999999965920507 0.9999999995558075 0.9999999999480433 0.9999999999945475 0.9999999999994866 0.9999999999999567 0.9999999999999967 0.9999999999999998 1. 1. 1. 1. 1. 1. 1. 1. 1. 1. 1. 1. 1. 1. 1. 1. 1. 1. 1. 1. 1. 1. 1. 1. 1. 1.
2.7504392237511896e-56 4.4611447322934676e-54 6.514012277259748e-52 8.562819319071213e-50 1.0133498229335548e-47 1.0796560835463524e-45 1.035629761900067e-43 8.943900048067599e-42 6.954464311205829e-40 4.868851765124087e-38 3.069221312119294e-36 1.742136790932404e-34 8.904373206425538e-33 4.098333808234626e-31 1.6986788350918902e-29 6.340649059207711e-28 2.131546220532311e-26 6.453811183236857e-25 1.7600380555007983e-23 4.323527389743272e-22 9.567385321918253e-21 1.9072980368034567e-19 3.4256945660714636e-18 5.543979943487171e-17 8.084997329037749e-16 1.0626013061601685e-14 1.2587674492371573e-13 1.3442006662686075e-12 1.294172616321623e-11 1.123580975936831e-10 8.798024846451874e-10 6.214854576010965e-9 3.961430563194256e-8 2.2791629892827737e-7 1.1839897407504838e-6 5.5557260428005175e-6 0.00002355887256498716 0.00009032862474969574 0.00031335327323927956 0.0009842756520207288 0.002802059563378361 0.0072378059275164264 0.016986561516197214 0.03628369796906986 0.07068703374481639 0.12592969993579112 0.20582423474737913 0.3098951629245569 0.4319943614889178 0.5610175901394185 0.683816620674 0.7890839735154436 0.8703602022350063 0.9268803608506297 0.9622810454409337 0.9822514314005354 0.9923981449039339 0.9970414338372597 0.9989551795488212 0.9996655705123998 0.9999030693079454 0.9999745801596118 0.9999939722442228 0.999998708271635 0.9999997499555529 0.9999999562960054 0.9999999931049917 0.9999999990184099 0.9999999998739345 0.9999999999853972 0.9999999999984747 0.9999999999998563 0.9999999999999878 0.9999999999999991 1. 1. 1. 1. 1. 1. 1. 1. 1. 1. 1. 1. 1. 1. 1. 1. 1. 1. 1. 1. 1. 1. 1. 1. 1. 1.
1.2368948286523844e-53 1.5752054009415142e-51 1.8148017648381878e-49 1.8915452589614203e-47 1.7836444961805104e-45 1.5216434670059776e-43 1.174465316810808e-41 8.201635532330478e-40 5.18208741021591e-38 2.9625440062973887e-36 1.5324748992042338e-34 7.17305304024671e-33 3.038166044437996e-31 1.1644788283980347e-29 4.039070512241463e-28 1.26788411344018e-26 3.602019788627882e-25 9.261960456471907e-24 2.1556284192960454e-22 4.541351273386091e-21 8.66094064433426e-20 1.4953579379966488e-18 2.3375447257377623e-17 3.308624787430397e-16 4.2408235210401465e-15 4.922831373733624e-14 5.175999322610977e-13 4.92999672338245e-12 4.254398481505925e-11 3.326926702504588e-10 2.3580129196317983e-9 1.5151060992404332e-8 8.827621809257788e-8 4.6652463510494887e-7 2.2370814124469603e-6 9.737227929253147e-6 0.000038488780531483185 0.00013823324742214907 0.00045138607367677217 0.0013411353954876986 0.0036289789785026124 0.00895294854181457 0.02016534144350396 0.04153596444765144 0.07839928783576439 0.13594754513023774 0.2172552810541851 0.3212221153171785 0.4415377132021136 0.5675502471753966 0.6869959208627301 0.7894647502621285 0.8690215369314263 0.9249233473889111 0.9604730857347796 0.9809331597383509 0.9915901915933594 0.9966138636289246 0.9987570483289205 0.999584510726759 0.9998736346450432 0.9999650592968892 0.9999912219831717 0.9999979974153914 0.999999585314922 0.9999999220868239 0.9999999867222715 0.9999999979482145 0.9999999997125737 0.9999999999635067 0.9999999999958014 0.9999999999995624 0.9999999999999587 0.9999999999999964 0.9999999999999998 1. 1. 1. 1. 1. 1. 1. 1. 1. 1. 1. 1. 1. 1. 1. 1. 1. 1. 1. 1. 1. 1. 1. 1. 1.
3.639917730806662e-51 3.70130213700403e-49 3.4204788549599574e-47 2.872742223510955e-45 2.1927658935765516e-43 1.5211876237330418e-41 9.5913084018253e-40 5.496519795841928e-38 2.863015112562849e-36 1.3554927954406302e-34 5.83339263839562e-33 2.281966550378027e-31 8.114767946884174e-30 2.6232371720284363e-28 7.70922586992902e-27 2.059749005545273e-25 5.003435364443598e-24 1.1050823673004155e-22 2.219306279644709e-21 4.0528651558161173e-20 6.7306646617890765e-19 1.0165670030401607e-17 1.396467595044169e-16 1.7449406517439273e-15 1.9834792353337462e-14 2.0512510398658712e-13 1.9302185811100724e-12 1.652910330777075e-11 1.288288279386617e-10 9.140543874388964e-10 5.904870305718237e-9 3.4739515827974725e-8 1.8617514042809274e-7 9.091382754530069e-7 4.0466333625469445e-6 0.000016424127571291012 0.00006081247503024823 0.00020552142346742986 0.000634381238592547 0.0017897803932651652 0.004619532540793383 0.010919917756828807 0.02367227874779344 0.04713730539407498 0.08638917615996593 0.14608035241300205 0.22860272497409947 0.33231880516271606 0.4508230844899831 0.5739168190460404 0.6901558444444746 0.7899446641813734 0.8678245378284668 0.9230807647784505 0.9587216730232333 0.9796207190921216 0.9907614236562702 0.9961603250212164 0.9985388211314272 0.9994914008393374 0.9998382169728075 0.9999530041457712 0.999987540804117 0.999996986995102 0.9999993356485755 0.9999998664879785 0.9999999755529616 0.9999999959225065 0.9999999993806803 0.9999999999143558 0.999999999989219 0.9999999999987648 0.9999999999998712 0.9999999999999878 0.9999999999999989 1. 1. 1. 1. 1. 1. 1. 1. 1. 1. 1. 1. 1. 1. 1. 1. 1. 1. 1. 1. 1. 1. 1. 1. 1.
7.284827918657652e-49 6.005869319545196e-47 4.519072778913831e-45 3.103470745977922e-43 1.9452675367825355e-41 1.1128930831396713e-39 5.811384799873276e-38 2.769926444319596e-36 1.2051200281473114e-34 4.786054929940822e-33 1.735094252174171e-31 5.742224212846373e-30 1.7348567456078552e-28 4.785081782984002e-27 1.2049652997954334e-25 2.770369677582795e-24 5.815660941279308e-23 1.1147578089748779e-21 1.9512187002935994e-20 3.1189000380657215e-19 4.552978727366658e-18 6.070435154431046e-17 7.392794088014569e-16 8.224322260232859e-15 8.358658683940749e-14 7.761844806071926e-13 6.58623955087389e-12 5.107552267536915e-11 3.6204001016552196e-10 2.3460802743894906e-9 1.3901306374027953e-8 7.533386035744408e-8 3.734699938497655e-7 1.6942491830972856e-6 7.035572657008247e-6 0.000026754076330369856 0.00009320616545442252 0.0002976414964502037 0.0008717827382326516 0.0023437551286104074 0.005788849847068934 0.013149657974365013 0.02750702104222916 0.053072299450177184 0.09463029565724909 0.15630232418279916 0.23985349111476534 0.343188695065269 0.45986325425473285 0.5801274807375904 0.6932969466830511 0.7905166767904617 0.866761694975996 0.9213500206504968 0.9570294902614722 0.9783190239055857 0.9899159165185243 0.9956828269071216 0.9983008228641956 0.9993857906411989 0.9997962635441959 0.9999380286702129 0.9999827246917825 0.9999955888083382 0.9999989686754188 0.999999779308987 0.9999999567898166 0.9999999922610812 0.9999999987324562 0.9999999998101796 0.999999999974014 0.9999999999967485 0.9999999999996282 0.9999999999999611 0.9999999999999962 0.9999999999999997 1. 1. 1. 1. 1. 1. 1. 1. 1. 1. 1. 1. 1. 1. 1. 1. 1. 1. 1. 1. 1. 1. 1. 1.
1.026110808525134e-46 6.954885119189179e-45 4.319441454045738e-43 2.458188345524987e-41 1.2819207116277104e-39 6.125967539289173e-38 2.682658655020974e-36 1.0765734911388862e-34 3.959319564254502e-33 1.3344671821708133e-31 4.1220991736360736e-30 1.16698655943407e-28 3.0280628547009486e-27 7.201640284454554e-26 1.5699385308022857e-24 3.1371635098752624e-23 5.746654977502724e-22 9.650248445599842e-21 1.485700180689374e-19 2.0971006854699602e-18 2.7141347437785964e-17 3.221060851775336e-16 3.5055519279276864e-15 3.498984071826925e-14 3.203301627380441e-13 2.6901153804623534e-12 2.07259022843826e-11 1.4651560971121255e-10 9.504906857055956e-10 5.659515928960094e-9 3.093583381770996e-8 1.5527108133164674e-7 7.15771041204307e-7 3.031356783840815e-6 0.000011798398533944044 0.00004221810693664584 0.00013894995392878793 0.00042085245225441083 0.0011737671465694608 0.003016711635621363 0.00715099675906744 0.01565086440780037 0.03166668383292016 0.05932418426644723 0.10309702808085007 0.16659001719874356 0.2509967054126796 0.3538359120060091 0.4686702644703268 0.5861915289873815 0.6964197158800339 0.7911743138639873 0.8658258887799424 0.919728291660224 0.9553986076502335 0.977032490302359 0.9890576115646637 0.9951835205797092 0.9980435869386857 0.9992673698544051 0.9997472727916873 0.9999197457597807 0.9999765531668579 0.9999937007425792 0.9999984443823875 0.9999996470043466 0.9999999264208818 0.9999999859154886 0.9999999975246934 0.9999999996006748 0.9999999999408771 0.9999999999919675 0.9999999999989988 0.9999999999998855 0.999999999999988 0.9999999999999989 0.9999999999999999 1. 1. 1. 1. 1. 1. 1. 1. 1. 1. 1. 1. 1. 1. 1. 1. 1. 1. 1. 1. 1. 1. 1.
1.0487587550691379e-44 5.918757033031074e-43 3.07213733349592e-41 1.4666076727577297e-39 6.43960189968575e-38 2.600667999825537e-36 9.660538379545918e-35 3.300795570123224e-33 1.0374039333983657e-31 2.999169388335538e-30 7.976101782538424e-29 1.9513297677098593e-27 4.391730637746153e-26 9.09330330358651e-25 1.732231019939872e-23 3.036034601152772e-22 4.8960358782034234e-21 7.265096628568173e-20 9.92021426092632e-19 1.2465499700007156e-17 1.4415706117502725e-16 1.534373641335102e-15 1.5032453513419442e-14 1.3557208333323495e-13 1.125627086954423e-12 8.604973339595074e-12 6.057416817640303e-11 3.927052343163231e-10 2.345053258858219e-9 1.2900878561022815e-8 6.539579913122217e-8 3.0551966702847514e-7 1.3158166792001132e-6 5.225675975754687e-6 0.000019143586278103183 0.00006471475731020947 0.00020196460757645918 0.0005821901254545949 0.001551093236277122 0.0038221658874792704 0.008718770322153228 0.018429992935141724 0.03614613323372393 0.06587524144950593 0.11176474006041434 0.1769222266211824 0.26202342195002815 0.36426508266030977 0.47725545024952093 0.5921174714898677 0.6995245809247643 0.7919116098596125 0.8650103760706894 0.9182125850912843 0.9538305562334859 0.9757650559001075 0.9881902821575602 0.9946646550063742 0.9977678322210668 0.9991359686448481 0.999690804499183 0.999897775784224 0.9999687930872048 0.9999912073599715 0.9999977144871485 0.9999994521108908 0.9999998789080466 0.9999999753317992 0.9999999953691632 0.9999999991990718 0.9999999998723965 0.9999999999812761 0.9999999999974699 0.9999999999996851 0.9999999999999639 0.9999999999999962 0.9999999999999996 1. 1. 1. 1. 1. 1. 1. 1. 1. 1. 1. 1. 1. 1. 1. 1. 1. 1. 1. 1. 1. 1. 1.
7.993009939869344e-43 3.799925737727406e-41 1.6672704157252873e-39 6.751669628792945e-38 2.52347535911716e-36 8.705200941789074e-35 2.771788509553532e-33 8.146167063579348e-32 2.209884460658334e-30 5.53376549712311e-29 1.2791445546704504e-27 2.7294799839322836e-26 5.376707191363341e-25 9.777886140349785e-24 1.641658800890867e-22 2.5447715136325435e-21 3.6421923662016906e-20 4.813346566328589e-19 5.873885759308577e-18 6.61948364572827e-17 6.88924456704995e-16 6.622155347670041e-15 5.879521068284479e-14 4.822114114130835e-13 3.653660156015867e-12 2.557765803078914e-11 1.6545790421206163e-10 9.891602560484305e-10 5.465923669786772e-9 2.792234107854996e-8 1.318908439928242e-7 5.76164455603003e-7 2.328385900327407e-6 8.706899028486392e-6 0.00003013797887991048 0.00009659866798689751 0.0002868307449609196 0.000789407745254806 0.0020149354391197924 0.00477326971076223 0.010503543418487383 0.021491321294239897 0.040938275995542776 0.07270713482319237 0.120609926118341 0.1872798543717718 0.2729263776079701 0.3744811981121896 0.4856294727085636 0.5979131057271119 0.7026119178715218 0.7927230586648677 0.8643087745394473 0.9167997899031433 0.9523263949660168 0.9745202039959362 0.9873175086064279 0.9941285367923127 0.9974744386401665 0.9989915545787224 0.9996264876869756 0.9998717547611449 0.9999592029708151 0.9999879810095782 0.9999967221510899 0.9999991727361214 0.9999998068451633 0.9999999582878965 0.9999999916705566 0.9999999984622654 0.9999999997375888 0.9999999999586142 0.9999999999939684 0.9999999999991878 0.999999999999899 0.9999999999999885 0.9999999999999988 0.9999999999999999 1. 1. 1. 1. 1. 1. 1. 1. 1. 1. 1. 1. 1. 1. 1. 1. 1. 1. 1. 1. 1. 1.
4.654899255621549e-41 1.8841478706252116e-39 7.061599089693986e-38 2.4506570912672266e-36 7.875207521168002e-35 2.3434222757940525e-33 6.457403343397221e-32 1.647761985065224e-30 3.893779607015945e-29 8.521194677137695e-28 1.7270090980166098e-26 3.241660429262175e-25 5.6355195627215525e-24 9.074232538325211e-23 1.3533576551583713e-21 1.8696514819671818e-20 2.3926235043539134e-19 2.836453709615434e-18 3.115219302719657e-17 3.1698542848595537e-16 2.9885212554292457e-15 2.6107854652769042e-14 2.1135784016001932e-13 1.5857546435278148e-12 1.1027225151315912e-11 7.108138919367265e-11 4.24773175599859e-10 2.3535745994030014e-9 1.209299317056028e-8 5.7629920934034965e-8 2.547730986262478e-7 1.0450680075849667e-6 3.978581040171162e-6 0.00001406135857953058 0.00004615119538511328 0.00014072083548953305 0.00039878905135372794 0.0010508938712324343 0.002576708797622275 0.005882604975407171 0.012515157512965558 0.024837050886261796 0.0460343466286328 0.07980120253001584 0.12961030418527916 0.1976457689197535 0.2836997730155554 0.3844895031179413 0.49380235327595245 0.60358558876567 0.7056820556878681 0.7936035698641868 0.8637150462274175 0.9154867188502733 0.950886771388209 0.9733009905433188 0.9864426607907351 0.9935774950263971 0.997164422428298 0.9988342266479179 0.9995540261922127 0.9998413418498517 0.9999475376387909 0.9999838834219237 0.9999954019731978 0.9999987821315637 0.999999700611706 0.9999999317086055 0.9999999855489834 0.9999999971637274 0.9999999994837736 0.9999999999128817 0.99999999998637 0.9999999999980232 0.9999999999997342 0.9999999999999669 0.9999999999999962 0.9999999999999996 1. 1. 1. 1. 1. 1. 1. 1. 1. 1. 1. 1. 1. 1. 1. 1. 1. 1. 1. 1. 1. 1.
2.1174023062331773e-39 7.368863754076542e-38 2.381837372886772e-36 7.150660693925661e-35 1.9939363598594154e-33 5.164361119893197e-32 1.2424297521653543e-30 2.776434424448418e-29 5.763343049343205e-28 1.1113348239911506e-26 1.990726417257485e-25 3.3127464563011895e-24 5.121410529341786e-23 7.355830753745777e-22 9.815939410124065e-21 1.2170507562047864e-19 1.4021111732611214e-18 1.5009808908498703e-17 1.4931753353988269e-16 1.3804337145360354e-15 1.1860911181701352e-14 9.472174998482244e-14 7.031453163821191e-13 4.852240138650975e-12 3.11303105829024e-11 1.8570147311850162e-10 1.0301251987899505e-9 5.314538417821147e-9 2.5503928917521446e-8 1.138643767263121e-7 4.7303209780264475e-7 1.8289805048657157e-6 6.583396992411184e-6 0.000022066611064476883 0.0000688979333572894 0.000200458162153885 0.0005437212669010988 0.0013755717284300738 0.003247892524878907 0.007162004686051218 0.014761860022626201 0.02846743907711374 0.05142418395112442 0.08713870506118641 0.13874487219164688 0.20800466185758862 0.2943390779214718 0.3942954058325544 0.5017835084553293 0.6091414991740534 0.7087352812942465 0.7945484298353824 0.8632234805790241 0.9142701430697553 0.9495119761881745 0.9721100726819294 0.9855688872249124 0.9930138509803944 0.9968389117704374 0.9986642069898741 0.9994732020340111 0.9998062259555429 0.9999335529792248 0.9999787677158911 0.9999936802783082 0.999998248381434 0.9999995480401063 0.9999998914642745 0.9999999757470481 0.999999994958112 0.9999999990250428 0.9999999998246617 0.999999999970677 0.9999999999954403 0.9999999999993409 0.9999999999999114 0.9999999999999889 0.9999999999999987 0.9999999999999999 1. 1. 1. 1. 1. 1. 1. 1. 1. 1. 1. 1. 1. 1. 1. 1. 1. 1. 1. 1. 1.
7.672980503509835e-38 2.3166817553419065e-36 6.51530709275895e-35 1.70678060102149e-33 4.1648885602011224e-32 9.467190133745477e-31 2.0046594134790205e-29 3.954324496433016e-28 7.266535069186516e-27 1.2439924708416815e-25 1.98406665944707e-24 2.948198179809251e-23 4.081631816627874e-22 5.2650646819407224e-21 6.328249641954273e-20 7.087485805514125e-19 7.396900635602062e-18 7.194131724463448e-17 6.520816808310685e-16 5.508670763964103e-15 4.3375199881834726e-14 3.183592264166344e-13 2.178257534581773e-12 1.3894884455663063e-11 8.264121841842947e-11 4.5833314131770573e-10 2.3706124979711968e-9 1.1436487490424619e-8 5.146862005717467e-8 2.1611416529005668e-7 8.46831977169569e-7 3.097262434849077e-6 0.000010576252638636972 0.00003372719165873659 0.0001004760563840268 0.00027973055315206864 0.0007281127319520186 0.0017727845173785533 0.00403985843001924 0.008622403645118596 0.017250281630242982 0.03238095287093602 0.05709649161290517 0.09470103230910315 0.14799393327586108 0.21834290522701444 0.3048408589617545 0.40390440456508947 0.5095817843288625 0.614586892055047 0.711771843995498 0.795553267078855 0.8628286774368432 0.9131468203294406 0.9482019920193934 0.9709497378660185 0.9846991094536446 0.9924398924737011 0.9964991234520348 0.9984818308956127 0.9993838767314247 0.9997661312986605 0.9999170106475825 0.9999724807306889 0.9999914756962516 0.999997534230864 0.9999993341156515 0.9999998321604682 0.9999999605227006 0.9999999913368134 0.9999999982265725 0.9999999996613969 0.9999999999397089 0.9999999999899896 0.9999999999984504 0.9999999999997764 0.9999999999999699 0.9999999999999962 0.9999999999999996 1. 1. 1. 1. 1. 1. 1. 1. 1. 1. 1. 1. 1. 1. 1. 1. 1. 1. 1. 1. 1.
2.2548917206392937e-36 5.955789234011502e-35 1.4692574840356742e-33 3.3853965466326456e-32 7.2858936132778715e-31 1.4646265738079902e-29 2.750119550703875e-28 4.823555264659926e-27 7.902875406535527e-26 1.2095314603953784e-24 1.7293233265763805e-23 2.3098087610615246e-22 2.8822489808959854e-21 3.360149674899132e-20 3.6599462543650816e-19 3.724761483592829e-18 3.542013400277084e-17 3.1474001247673754e-16 2.613531591167621e-15 2.0281673809896713e-14 1.4709866816233057e-13 9.97181070436973e-13 6.318794075705765e-12 3.743064918906703e-11 2.072982340345629e-10 1.0734593769248804e-9 5.198156069179397e-9 2.354206952122458e-8 9.973244118398536e-8 3.9527344426045095e-7 1.4659204902191683e-6 5.088243367487414e-6 0.000016533921336180684 0.00005031010916352768 0.00014339852547165513 0.0003830045048109169 0.0009589981527289516 0.0022521714768139944 0.004963709397044665 0.010273719664309776 0.01998544817975578 0.03657443600716166 0.06303907899864077 0.1024698733137893 0.15733909612208208 0.22864841244312534 0.315202627763136 0.413322028683595 0.5172054902961798 0.6199273480504323 0.7147919593888684 0.7966140212632877 0.8625255302531946 0.9121135179510821 0.9469565369903757 0.9698219328706139 0.983836020785751 0.9918578526089357 0.9961463409319316 0.9982875356466829 0.9992859907958209 0.9997208218697746 0.9998976825425534 0.9999648655858513 0.9999887000129823 0.9999965970703136 0.9999990407271317 0.9999997469280103 0.9999999375303017 0.9999999855742248 0.999999996884102 0.999999999370582 0.9999999998811084 0.9999999999790025 0.999999999996533 0.9999999999994649 0.9999999999999227 0.9999999999999896 0.9999999999999987 0.9999999999999998 1. 1. 1. 1. 1. 1. 1. 1. 1. 1. 1. 1. 1. 1. 1. 1. 1. 1. 1. 1.
5.46106624115257e-35 1.2715446531646845e-33 2.7723115312042936e-32 5.660004624983091e-31 1.0820927678065934e-29 1.9372886511115334e-28 3.2480005682111456e-27 5.099648464944504e-26 7.498561399893162e-25 1.032621629988998e-23 1.331811914931493e-22 1.608780536570168e-21 1.8201945594154977e-20 1.9289543749479954e-19 1.9148138153431124e-18 1.7805342898283096e-17 1.5510065846724117e-16 1.2657225694914915e-15 9.677184477530943e-15 6.932204236294451e-14 4.653012160454744e-13 2.9266377630271112e-12 1.7250840365962218e-11 9.53007064166777e-11 4.934789655839791e-10 2.3953803258369303e-9 1.0900978333136022e-8 4.6515691695312196e-8 1.8614065360489718e-7 6.98656068933051e-7 2.4600733014734253e-6 8.128077192440273e-6 0.00002520508308396192 0.00007337856701887036 0.00020061752980794626 0.0005152828384304249 0.0012438929255882108 0.0028235393704012994 0.006030131945618906 0.01212476491450908 0.02297082153291049 0.04104328277739141 0.06923908041760829 0.1104273526343577 0.1667632559690074 0.23891050479162604 0.3254227073689642 0.4225537912597702 0.5246624317017571 0.6251680170591576 0.7177958128199573 0.7977269155405246 0.8623092097146284 0.9111670312692514 0.9457751032629927 0.9687282921442572 0.9829820884961737 0.9912698925180214 0.9957818941269334 0.9980818486565397 0.9991795616501518 0.999670104747603 0.9998753549249689 0.999955764369502 0.9999852592619203 0.9999953890843922 0.9999986464843985 0.999999627223563 0.9999999036935479 0.999999976665058 0.9999999946980729 0.9999999988705288 0.9999999997744327 0.9999999999577733 0.9999999999925909 0.9999999999987816 0.9999999999998123 0.9999999999999729 0.9999999999999963 0.9999999999999996 1. 1. 1. 1. 1. 1. 1. 1. 1. 1. 1. 1. 1. 1. 1. 1. 1. 1. 1. 1.
1.1059842932210018e-33 2.2862409718395003e-32 4.436088448260239e-31 8.079633271906935e-30 1.3813540009573348e-28 2.216916896511702e-27 3.339909714524209e-26 4.723581431844481e-25 6.271488909825271e-24 7.817078738333152e-23 9.147570560502833e-22 1.005005274132941e-20 1.036685673724199e-19 1.0040563594522158e-18 9.131006728076574e-18 7.797359755363211e-17 6.252664944731367e-16 4.708618555858919e-15 3.330095421231196e-14 2.211978478874394e-13 1.3800501052680874e-12 8.087792378813455e-12 4.452673679726206e-11 2.3030615646228913e-10 1.119247393791042e-9 5.111273330961016e-9 2.1936452039801586e-8 8.84903037116412e-8 3.3556882394950985e-7 1.1964558270641908e-6 4.011645807265234e-6 0.000012651783348604056 0.000037539551164078435 0.0001048224178178001 0.0002755395624969885 0.0006820809038300124 0.0015907128136252136 0.003496733722000104 0.007249265750127431 0.014183185933242214 0.026208363831561207 0.045781613081116564 0.07568315166998846 0.11855613730713412 0.17625056094243952 0.24911978479847666 0.33550011507193134 0.43160515143895395 0.5319599411218826 0.6303136573101373 0.7207835624470533 0.7988884317413546 0.8621751479153827 0.9103041983550235 0.9446569911967564 0.9676701651288073 0.9821395587438928 0.9906780877243204 0.9954071410787678 0.9978653753214024 0.9990646802400622 0.9996138323051136 0.9998498320783274 0.9999450208583799 0.9999810550140269 0.9999938575648561 0.999998126615885 0.9999994626511651 0.9999998550749042 0.9999999632537543 0.9999999912421584 0.9999999980382855 0.9999999995870712 0.9999999999183291 0.9999999999848237 0.9999999999973507 0.9999999999995656 0.9999999999999332 0.9999999999999903 0.9999999999999987 0.9999999999999998 1. 1. 1. 1. 1. 1. 1. 1. 1. 1. 1. 1. 1. 1. 1. 1. 1. 1. 1.
1.897944740793888e-32 3.50611511847227e-31 6.093475449875791e-30 9.96341847017787e-29 1.5327267373302425e-27 2.2184179058517772e-26 3.0210233459530736e-25 3.870859300120246e-24 4.666749600170319e-23 5.29404275306369e-22 5.651179720773076e-21 5.676535800049265e-20 5.36580818227152e-19 4.77320934101107e-18 3.9960117524974927e-17 3.1484931296068683e-16 2.3348491099961088e-15 1.6297353163952875e-14 1.0707832967725287e-13 6.622753691203571e-13 3.8561757726319316e-12 2.1139158423461924e-11 1.0911030527682399e-10 5.303091410444835e-10 2.4272793315889375e-9 1.0463675655643154e-8 4.248879175035901e-8 1.625353202797149e-7 5.85826279966211e-7 1.989802686415801e-6 6.370194455606352e-6 0.000019225999863256273 0.000054717114768986827 0.0001468839758633154 0.00037203063136058006 0.0008893901635359612 0.002007685011511349 0.004281513608195451 0.008630591918092824 0.016455430037214606 0.029698619906692057 0.05078244438200738 0.08235764397902483 0.12683951822566966 0.1857863675714383 0.25926801725518167 0.34543445986535154 0.44048148485381194 0.5391049081710008 0.6353686703456654 0.7237553419652986 0.8000952881146594 0.8621190231700924 0.9095219116206448 0.9436013394637615 0.9666486422869858 0.9813104635645231 0.9900844177158423 0.9950234515810829 0.9976387869150396 0.9989415065998035 0.9995519033656279 0.9998209394402826 0.9999324831810932 0.9999759858188271 0.9999919453796855 0.9999974529552803 0.9999992408146814 0.9999997867469548 0.9999999435576912 0.9999999859262325 0.999999996694379 0.9999999992687263 0.9999999998476496 0.9999999999701117 0.9999999999944791 0.9999999999990399 0.9999999999998428 0.9999999999999758 0.9999999999999964 0.9999999999999996 1. 1. 1. 1. 1. 1. 1. 1. 1. 1. 1. 1. 1. 1. 1. 1. 1. 1. 1.
2.7932019270512846e-31 4.639361898291921e-30 7.265207381129115e-29 1.0727036664034403e-27 1.4933519066109632e-26 1.9602182545186156e-25 2.4261430943757515e-24 2.831448200781043e-23 3.1159630486882923e-22 3.233549309673604e-21 3.164339745364211e-20 2.92022981908705e-19 2.5415356010434665e-18 2.0861075853855373e-17 1.614938272974279e-16 1.1791598282026152e-15 8.120959137004146e-15 5.275723284760872e-14 3.2331124402285214e-13 1.8691751196737965e-12 1.0195259103182218e-11 5.246831207681558e-11 2.5478920258008124e-10 1.1675838947525443e-9 5.0496390480952955e-9 2.061314518061699e-8 7.943127709132864e-8 2.889746510296679e-7 9.926889924246599e-7 3.2205056656820187e-6 9.869008524074579e-6 0.00002857283144739336 0.00007817489383493002 0.00020217800984947588 0.0004944112556053822 0.001143630543558598 0.0025032536851233903 0.005187433198757507 0.01018284087652952 0.018946735382579228 0.03344081302422497 0.05603785725412182 0.08924875593797212 0.13526146954897125 0.1953571886529148 0.2693480182940595 0.35522585286663677 0.44918806067873646 0.546103807752643 0.6403371323981468 0.7267112630344631 0.8013444193159012 0.8621367455213718 0.9088171268253535 0.9426071515380646 0.9656645796723569 0.980496629397649 0.9894907583309434 0.9946321927716357 0.9974028087947436 0.998810264623293 0.9994842633977876 0.9997885261633611 0.999918006347374 0.9999699487455462 0.9999895915833592 0.9999965940222628 0.9999989472099868 0.9999996926714874 0.9999999152865169 0.999999977954187 0.9999999945841613 0.9999999987442031 0.9999999997251849 0.9999999999432473 0.9999999999889408 0.9999999999979667 0.9999999999996473 0.9999999999999423 0.9999999999999911 0.9999999999999987 0.9999999999999998 1. 1. 1. 1. 1. 1. 1. 1. 1. 1. 1. 1. 1. 1. 1. 1. 1. 1.
3.564183904490242e-30 5.352844313149875e-29 7.595052175473134e-28 1.0181381435937414e-26 1.2894993526524488e-25 1.5430616066193582e-24 1.7446285636686747e-23 1.863763479415822e-22 1.881299689909712e-21 1.7943890066177557e-20 1.6172590242775994e-19 1.3774023917458716e-18 1.1086010969456793e-17 8.432165380898458e-17 6.061354319854074e-16 4.117994819523233e-15 2.6442827289904405e-14 1.604937409247186e-13 9.20789869776377e-13 4.993918694096404e-12 2.560528568843439e-11 1.2412420244360907e-10 5.689270106723463e-10 2.465857127256679e-9 1.010723889421126e-8 3.918292904664583e-8 1.436853914694065e-7 4.984678489880533e-7 1.6361936617848064e-6 5.08249823791825e-6 0.000014943271132752855 0.00004159406594022758 0.00010963212376718858 0.0002737049948575296 0.0006474413425613631 0.001451593286089933 0.0030859829634644884 0.006223732573297836 0.01191391991016643 0.02166114163703581 0.03743294969517426 0.061539152103790885 0.0963426645824593 0.14380668945530614 0.2049506360304709 0.27935355262051365 0.3648748292139752 0.45773002415572056 0.552962726728505 0.6452228225802171 0.7296514174478504 0.8026329583884574 0.8622244429718393 0.9081868699208662 0.9416733189372656 0.9647186219489378 0.9796996866995423 0.9888988765759165 0.9942347166402198 0.9971582091242545 0.9986712362707348 0.9994109038561079 0.9997524670889351 0.9999014545794529 0.9999628409734647 0.9999867321480529 0.9999955151978681 0.9999985651640694 0.9999995655921802 0.9999998755604496 0.9999999662773846 0.9999999913557103 0.9999999979042878 0.9999999995195124 0.9999999998958307 0.9999999999786466 0.9999999999958616 0.9999999999992417 0.9999999999998687 0.9999999999999785 0.9999999999999967 0.9999999999999996 1. 1. 1. 1. 1. 1. 1. 1. 1. 1. 1. 1. 1. 1. 1. 1. 1. 1.
3.982855977654062e-29 5.437146537892682e-28 7.026040200028171e-27 8.594518483801519e-26 9.952048634344178e-25 1.090919512145874e-23 1.1320668841116907e-22 1.112144371416312e-21 1.0343588537287362e-20 9.107818595605002e-20 7.592827511111414e-19 5.9931154251528876e-18 4.478954734184962e-17 3.169507388044977e-16 2.1238084909203174e-15 1.3476163529069795e-14 8.097760878536861e-14 4.608223677936677e-13 2.483683207527598e-12 1.2678830456855316e-11 6.13071693701517e-11 2.808173137839779e-10 1.2185731129310848e-9 5.009938831651818e-9 1.9516787863058632e-8 7.204863966705287e-8 2.5207878334347657e-7 8.359826004616429e-7 2.628286359627288e-6 7.834916814356861e-6 0.000022149454542766088 0.00005939496294359598 0.00015111137079940924 0.00036485699647682054 0.0008362954381747163 0.0018203762614153337 0.003764460127731576 0.007399239682202011 0.013830859747136779 0.024601518132430323 0.04167192985346654 0.06727699541375469 0.10362563700080955 0.15246062523963258 0.21455536034262626 0.2892792388008245 0.37438228008230157 0.46611238361752794 0.559687389013926 0.650029248254233 0.732575879074447 0.8039582205135936 0.8623784484507566 0.9076282421058344 0.9407986415655187 0.9638112238228209 0.9789210802716315 0.9883104275193381 0.9938323493634702 0.9969057882648298 0.9985247554167984 0.9993318607838246 0.9997126641403824 0.9998827033959038 0.999954561382986 0.9999833007916503 0.9999941789909491 0.9999980758261975 0.9999993969464502 0.9999998208307426 0.9999999495449049 0.999999986534428 0.9999999965945636 0.9999999991839744 0.999999999814742 0.9999999999601568 0.9999999999918828 0.9999999999984337 0.9999999999997138 0.9999999999999505 0.9999999999999919 0.9999999999999987 0.9999999999999998 1. 1. 1. 1. 1. 1. 1. 1. 1. 1. 1. 1. 1. 1. 1. 1. 1.
3.933413681109468e-28 4.904832776593531e-27 5.800165130305861e-26 6.504684976293835e-25 6.918160694577794e-24 6.978189623759832e-23 6.6756341301365845e-22 6.056901228765156e-21 5.212282700363147e-20 4.254387474948288e-19 3.2937505644273864e-18 2.418816378580926e-17 1.6849562203566767e-16 1.1134328530685233e-15 6.979857866466352e-15 4.1510229235866755e-14 2.3421253349052023e-13 1.2538158928626996e-12 6.36869111239573e-12 3.0696275889780145e-11 1.404006203851057e-10 6.094410065223648e-10 2.5107771888924155e-9 9.818305630504143e-9 3.644674351451234e-8 1.2844615893215288e-7 4.2980869094346963e-7 1.3657720406779232e-6 4.121868388967748e-6 0.00001181665285019481 0.00003218545815241992 0.00008330679338198887 0.00020495531364950106 0.00047941586726545294 0.0010665291817524875 0.0022573137986787242 0.004547201422715507 0.00872228469688887 0.015939779092346673 0.027769606412792774 0.04615365928210446 0.07324155448652268 0.11108412407185454 0.1612094854256349 0.2241609893658189 0.2991204623576493 0.3837493936041933 0.47434000119736186 0.5662831791329896 0.6547596679007925 0.7354847056020071 0.8053176883327955 0.8625952875111957 0.9071384233999504 0.939981845477747 0.9629426698893455 0.9781620800042526 0.9877269529377926 0.99342638235081 0.9966463689385342 0.9983712015196979 0.9992472127982335 0.999669047159135 0.9998616414125008 0.9999450121032456 0.9999792298761788 0.9999925453885491 0.9999974582140645 0.9999991768013813 0.9999997468056876 0.9999999260520653 0.9999999794946901 0.9999999946020895 0.9999999986511623 0.9999999996800897 0.9999999999279896 0.9999999999846175 0.9999999999968818 0.9999999999994003 0.9999999999998905 0.9999999999999811 0.9999999999999969 0.9999999999999996 1. 1. 1. 1. 1. 1. 1. 1. 1. 1. 1. 1. 1. 1. 1. 1. 1.
3.4618886790787545e-27 3.961213333907635e-26 4.305892311316433e-25 4.4465798535591434e-24 4.362402702976531e-23 4.0660379899141346e-22 3.6005847975699555e-21 3.029292251096149e-20 2.4215148875192845e-19 1.8391750815382132e-18 1.3272782150504501e-17 9.101600787969615e-17 5.930694373784711e-16 3.672327762373792e-15 2.160941091081597e-14 1.2084506235644525e-13 6.422732677815997e-13 3.244426561428846e-12 1.5577844771208905e-11 7.10975188605452e-11 3.0846644209861334e-10 1.2723286024856588e-9 4.989569650635234e-9 1.8605327731777417e-8 6.597264711190479e-8 2.2247909017091277e-7 7.13616032930068e-7 2.177445443278186e-6 6.3212218895362e-6 0.000017462130926348545 0.0000459109248755673 0.0001149073278559389 0.00027383840122313424 0.0006215437365420224 0.001344038058673154 0.0027699030922474018 0.005442562542873658 0.010200627432329305 0.01824586565442904 0.031166074242678775 0.05087316172098754 0.07942262017338016 0.11870483800050895 0.17004024124257136 0.23375806621861644 0.3088732963260551 0.3929776036117836 0.48241758655026223 0.5727551642834318 0.6594171117657529 0.7383779401049004 0.8067089986702862 0.8628716667433398 0.9067146749988373 0.9392215983557199 0.962113092929471 0.9774237917945825 0.9871498814193495 0.9930180648690421 0.9963807872281267 0.9982109932633425 0.9991570785770789 0.999621574220958 0.9998381718380331 0.9999340999777657 0.9999744513494837 0.9999905722800058 0.9999966893155298 0.9999988938177524 0.9999996483855209 0.9999998936889618 0.9999999694291185 0.9999999916399799 0.9999999978261335 0.9999999994625413 0.9999999998736695 0.9999999999717714 0.999999999994004 0.9999999999987894 0.9999999999997677 0.9999999999999576 0.9999999999999927 0.9999999999999988 0.9999999999999998 1. 1. 1. 1. 1. 1. 1. 1. 1. 1. 1. 1. 1. 1. 1. 1.
2.73621801257759e-26 2.885206873069622e-25 2.89496771657287e-24 2.7641347855757155e-23 2.511494173577098e-22 2.1715603973361615e-21 1.786851088844493e-20 1.399239719824482e-19 1.0427844441535419e-18 7.396184924319069e-18 4.992807224395372e-17 3.2078912669222023e-16 1.9617665628063748e-15 1.1419420674591774e-14 6.32743021404049e-14 3.337460361472134e-13 1.6758332949356927e-12 8.011128362082274e-12 3.646102883826687e-11 1.580020944625623e-10 6.519649265696668e-10 2.561796174748573e-9 9.58646317063171e-9 3.416675471907168e-8 1.1599050173680401e-7 3.751118715010911e-7 1.1557667952842538e-6 3.3931863866267548e-6 9.49373186621433e-6 0.000025317985022064855 0.00006436712727956403 0.00015603853147107865 0.0003607728953270827 0.00079576605187081 0.0016750097305111452 0.0033657291506116955 0.006458655448859498 0.011841398037877966 0.020753371982502995 0.03479057836180267 0.055824688601075104 0.08580971747739867 0.1264748153310223 0.1789406195132499 0.243337988397264 0.3185344288602086 0.4020685452367696 0.4903496930253855 0.5791081149730956 0.6640044005307333 0.7412556124573917 0.8081299305044771 0.863204462882259 0.9063543406289856 0.9385165229585726 0.961322490710278 0.9767071684480187 0.9865805296631743 0.9926085981042909 0.9961098844452676 0.9980445822983227 0.9990616139590407 0.9995702314795923 0.9998122136551653 0.999921737916172 0.9999688977034331 0.9999882159423246 0.999995744244377 0.9999985352450942 0.9999995196093887 0.9999998498909386 0.999999955316247 0.9999999873300363 0.9999999965783051 0.9999999991199474 0.999999999784453 0.99999999994973 0.9999999999888369 0.9999999999976399 0.9999999999995249 0.999999999999909 0.9999999999999833 0.9999999999999971 0.9999999999999996 1. 1. 1. 1. 1. 1. 1. 1. 1. 1. 1. 1. 1. 1. 1. 1.
1.9558501833218994e-25 1.908106075858521e-24 1.774171470613805e-23 1.572255237654625e-22 1.3279864712873105e-21 1.0690960452250195e-20 8.203557316871707e-20 6.000131332578461e-19 4.183152545461023e-18 2.779989896327432e-17 1.7611337732346636e-16 1.063567586932554e-15 6.123172952308301e-15 3.360801602739041e-14 1.7586590705427741e-13 8.774286352845112e-13 4.174013267256149e-12 1.893345941879686e-11 8.189633024648148e-11 3.3781862467926077e-10 1.3289731190621013e-9 4.986476261953834e-9 1.7846407684176735e-8 6.09291805480303e-8 1.984537003041324e-7 6.16735100377403e-7 1.828921234479893e-6 5.176130118723464e-6 0.000013982754039671198 0.000036060238508244205 0.00008879580098135689 0.00020882081710104386 0.00046910901770289633 0.0010069476720654439 0.0020658713321324556 0.004052390097855756 0.007603272773978279 0.013651050747071583 0.023465624304717637 0.03864183353680839 0.061001824809401015 0.09239220422671864 0.13438146707565085 0.1878990887174207 0.25289294836937615 0.3281010974448543 0.41102401651559817 0.4981407158229947 0.5853465242965626 0.6685241622220274 0.7441177406102166 0.8095783940552204 0.8635907125835545 0.9060548470866872 0.9378652087838435 0.9605707413590302 0.9760130204146913 0.986020104744814 0.9921991305173351 0.9958344998725635 0.9978724471827136 0.9989610087631473 0.999515032591221 0.999783702486962 0.9999078461068569 0.9999625029235109 0.9999854315728507 0.9999945964465242 0.9999980869494911 0.9999993536171647 0.9999997915929746 0.9999999358875225 0.9999999811837114 0.999999994732015 0.9999999985931878 0.9999999996416775 0.9999999999129584 0.9999999999798366 0.9999999999955458 0.9999999999990619 0.9999999999998116 0.9999999999999639 0.9999999999999933 0.9999999999999989 0.9999999999999998 1. 1. 1. 1. 1. 1. 1. 1. 1. 1. 1. 1. 1. 1. 1.
1.2725498526603e-24 1.1529239662384714e-23 9.970237519787555e-23 8.229957042192857e-22 6.484636485369593e-21 4.877295334269848e-20 3.501771412924689e-19 2.4000621946581557e-18 1.570343075930057e-17 9.808805467299244e-17 5.849251479323196e-16 3.330129247942092e-15 1.810145970696219e-14 9.394508692057424e-14 4.655432693679137e-13 2.2028782489944596e-12 9.95373169113222e-12 4.2950540247386766e-11 1.7699573873528823e-10 6.966182437261754e-10 2.618746877710119e-9 9.403517672518975e-9 3.225669384546275e-8 1.0571095848598647e-7 3.3100355387150226e-7 9.903849011272703e-7 2.831947991408068e-6 7.739863827056413e-6 0.00002022141359101345 0.000050511544308319206 0.00012065631896271021 0.00027566332980805624 0.0006025291293888835 0.0012602627090095994 0.0025232331660431486 0.004837424433418542 0.008883820702433296 0.015635330153554942 0.026385042522523168 0.04271768574818114 0.06639758929366553 0.09915935824291768 0.14241261751919 0.19690483973862968 0.26241587625522944 0.3375710292503674 0.41984594524686114 0.5057948917493175 0.5914746259245816 0.6729788475469873 0.7469643317460365 0.8110524208695064 0.8640276028370952 0.9058137041150967 0.9372662221504093 0.9598576173893651 0.9753420262481075 0.985469707146155 0.9917907543502488 0.9955554643644967 0.9976950876010733 0.9988554834219554 0.9994560177765685 0.9997525911584866 0.9998923530723043 0.9999552034070238 0.9999821738544973 0.9999932179514329 0.9999975334746114 0.9999991426284063 0.9999997151899398 0.999999909594719 0.9999999725818016 0.9999999920558145 0.99999999780119 0.9999999994186739 0.9999999998532039 0.9999999999645968 0.9999999999918459 0.9999999999982065 0.9999999999996233 0.9999999999999245 0.9999999999999856 0.9999999999999973 0.9999999999999996 1. 1. 1. 1. 1. 1. 1. 1. 1. 1. 1. 1. 1. 1. 1.
7.58145799376405e-24 6.401081237674605e-23 5.166007233071381e-22 3.9853458310082446e-21 2.938969943400225e-20 2.071818799491542e-19 1.3961943494544242e-18 8.994729934818728e-18 5.5397469548765286e-17 3.261846201454952e-16 1.836207988758827e-15 9.882780678860745e-15 5.0856965852778916e-14 2.502372833699981e-13 1.1773387279417665e-12 5.2968499239919435e-12 2.278879086135724e-11 9.376366365358108e-11 3.689620993150328e-10 1.3886386182793857e-9 4.999030866143911e-9 1.7214840363477452e-8 5.6712046825368055e-8 1.7874781381359655e-7 5.390649072030505e-7 1.555687857349967e-6 4.296710314850932e-6 0.000011358962671257085 0.000028747062578658206 0.0000696580128299503 0.00016164064420713295 0.00035926987357916035 0.0007650360666341568 0.0015611589650831267 0.003053830204727433 0.005728241622202078 0.010307260855340703 0.017799249234534707 0.029513169544016334 0.04701518764277239 0.07200452966272079 0.10610045359128017 0.15055653315927045 0.20594776257245134 0.2719003849667859 0.3469423871691689 0.42853636043740756 0.5133163002483362 0.5974964108802875 0.6773707438243495 0.7497953833273202 0.8125501548019722 0.8645124619872258 0.9056285037484462 0.9367181148919568 0.9591827984633312 0.9746947427021752 0.9849303343764167 0.9913845031474625 0.9952735947768014 0.9975130189198902 0.9987452855123942 0.9993932525783242 0.9997188499698874 0.9998751965552997 0.9999469388301121 0.9999783975386827 0.9999915796621226 0.9999968581352454 0.9999988779401299 0.9999996165045448 0.9999998745789167 0.9999999607533803 0.9999999882506241 0.9999999966351064 0.9999999990781966 0.9999999997584622 0.9999999999394682 0.999999999985492 0.9999999999966747 0.9999999999992711 0.9999999999998472 0.9999999999999694 0.9999999999999941 0.9999999999999989 0.9999999999999998 1. 1. 1. 1. 1. 1. 1. 1. 1. 1. 1. 1. 1. 1.
4.158646079294545e-23 3.2828320662214507e-22 2.4805026893128342e-21 1.794045082025279e-20 1.2420481406084543e-19 8.231222057495836e-19 5.2218095275348296e-18 3.1711679105295077e-17 1.84361560621976e-16 1.0260928638377846e-15 5.467404701520749e-15 2.789125875680648e-14 1.3622677678276824e-13 6.370604171121967e-13 2.8525950373913753e-12 1.2230944282976697e-11 5.0218159596638454e-11 1.974535073537619e-10 7.435264432219375e-10 2.6815252966959152e-9 9.26296678410048e-9 3.0650146509848375e-8 9.715469197732933e-8 2.950405583900589e-7 8.584760118005588e-7 2.3935871123321636e-6 6.395816622223722e-6 0.000016380423787844273 0.000040216076991700046 0.0000946651477246221 0.0002136855653140013 0.00046264023878657125 0.000960935932901699 0.0019153179140431573 0.003664462742665167 0.006732057139881991 0.011880061414703338 0.02014707816825061 0.03285070821974896 0.051530674668030976 0.07781481023251949 0.11320482660771863 0.1588019431285411 0.21501842007019087 0.2813407180474853 0.3562137210808985 0.43709736775372976 0.5207088654446432 0.6034156431759714 0.6817019876553565 0.7526108840484811 0.8140698437985432 0.8650427513269965 0.9054969192312563 0.9362194318288799 0.9585458829750493 0.9740716144067955 0.9844028850355032 0.9909813501617927 0.9949896891825982 0.9973267671202033 0.998630686256895 0.9993268263704962 0.9996824667026936 0.9998563242301874 0.9999376529470432 0.9999740580316259 0.9999896516762474 0.9999960431415281 0.9999985499444233 0.9999994907645942 0.9999998286422305 0.9999999447545697 0.9999999829369586 0.9999999949516687 0.9999999985693363 0.9999999996116749 0.9999999998990529 0.9999999999748691 0.9999999999940088 0.9999999999986323 0.999999999999701 0.9999999999999374 0.9999999999999875 0.9999999999999976 0.9999999999999996 1. 1. 1. 1. 1. 1. 1. 1. 1. 1. 1. 1. 1. 1.
2.1109207647854498e-22 1.56278378604658e-21 1.1088847164858196e-20 7.541239556767608e-20 4.915602368549966e-19 3.0711273481029567e-18 1.839145146816288e-17 1.0557035690645279e-16 5.808810675367624e-16 3.063824973305347e-15 1.5491208938250877e-14 7.508711176642647e-14 3.4891478631728663e-13 1.5544027690182233e-12 6.6391972221846094e-12 2.7189074737965962e-11 1.0676299161246933e-10 4.019914588673966e-10 1.4514663510965836e-9 5.025943449378923e-9 1.6690814466538456e-8 5.316407779390896e-8 1.6243304959737303e-7 4.760842321067095e-7 1.338715341966056e-6 3.611884132954499e-6 9.351289394759229e-6 0.00002323581302143175 0.00005541864064447173 0.00012689242284952412 0.0002789818053675472 0.0005890668366175653 0.0011948157950324825 0.0023286112282176253 0.00436193743248244 0.007855832850591962 0.013608157454229802 0.022682342879291738 0.036397564260304875 0.05625984057420168 0.08382029320980158 0.12046193246174816 0.16713805232508006 0.22410801961345114 0.2907317003555184 0.3653839239106883 0.4455311284664851 0.5279763589775183 0.6092358743827468 0.6859745764655183 0.7554108147026617 0.8156098324020113 0.8656160572338744 0.90541670360256 0.9357687171676523 0.9579463985415828 0.9734729830816744 0.983888163193517 0.9905822075248664 0.9947045228258875 0.9971368641331358 0.9985119770562989 0.9992568506737106 0.9996434463847583 0.9998356942385902 0.9999272943087303 0.9999691119706061 0.999987403630106 0.9999950697510627 0.9999981481662252 0.9999993325908574 0.9999997692234363 0.9999999234478205 0.999999975641496 0.9999999925657823 0.9999999978238987 0.9999999993891249 0.9999999998355522 0.9999999999575497 0.9999999999894927 0.9999999999975064 0.9999999999994327 0.9999999999998762 0.9999999999999741 0.9999999999999949 0.999999999999999 0.9999999999999998 1. 1. 1. 1. 1. 1. 1. 1. 1. 1. 1. 1. 1.
9.961978308081218e-22 6.936755362820605e-21 4.635200049446301e-20 2.9722834472943314e-19 1.8290705139752186e-18 1.0801860958597414e-17 6.1221599511216e-17 3.330116614710095e-16 1.7384986494401618e-15 8.710873187023961e-15 4.189233792048903e-14 1.9337806033361978e-13 8.568300301002643e-13 3.644293829173799e-12 1.48792469978333e-11 5.831985479380927e-11 2.1945245758134237e-10 7.928213860284359e-10 2.7500807597706515e-9 9.159613789406941e-9 2.9295393758450048e-8 8.99794850235823e-8 2.654264420052658e-7 7.520371625858341e-7 2.0467772557252065e-6 5.351605162658986e-6 0.00001344406698789447 0.000032453897586676225 0.00007529314398780199 0.00016790606626719185 0.0003599796926401363 0.0007421266880008725 0.0014715168499640295 0.002807054868241505 0.005153009805251654 0.009106223356154224 0.015496920230191273 0.02540783218571266 0.04015289365408796 0.06119781121966069 0.09001261290244238 0.12786139304525868 0.17555454835646683 0.23320838345924422 0.30006869165460015 0.3744521920662264 0.4538398414388889 0.535122403444514 0.6149604572030066 0.6901903790318453 0.7581951489722258 0.8171685549074725 0.8662300838148422 0.905385688020135 0.9353645199597616 0.9573838114847848 0.9728990962636764 0.983386882980297 0.9901879260710693 0.994418844758187 0.9969438435915574 0.9983894661054002 0.9991834573268046 0.9996018108416225 0.9998132755534763 0.9999158168908351 0.9999635177781259 0.9999848050572334 0.9999939184453804 0.9999976613209332 0.9999991359965354 0.999999693378566 0.9999998954824014 0.9999999657833244 0.9999999892424665 0.9999999967522529 0.999999999058507 0.9999999997379461 0.9999999999299709 0.9999999999820337 0.9999999999955751 0.9999999999989538 0.9999999999997626 0.9999999999999483 0.9999999999999891 0.9999999999999978 0.9999999999999996 1. 1. 1. 1. 1. 1. 1. 1. 1. 1. 1. 1. 1.
4.389896753288514e-21 2.8828887897344645e-20 1.8189453717477487e-19 1.1026506645871023e-18 6.422315238877118e-18 3.594099739885616e-17 1.9326069122360272e-16 9.985333535291796e-16 4.957454698582982e-15 2.3650719556584856e-14 1.0842578285583584e-13 4.776805128666858e-13 2.0224343797278396e-12 8.229239175640674e-12 3.218184359651296e-11 1.2096151582976676e-10 4.370078427799845e-10 1.5176070406143995e-9 5.066194223447564e-9 1.625860185587306e-8 5.016401239816453e-8 1.4881289860019018e-7 4.2448530011244956e-7 1.1643844773820887e-6 3.0717334945417838e-6 7.794172721394721e-6 0.000019024214489795397 0.00004467350445633546 0.00010093982197112009 0.00021948966600692188 0.00045939118694114276 0.000925668943535353 0.0017961037152845955 0.0033567617291060193 0.006044329223501712 0.010489528735287428 0.017551135014353677 0.02832561240564009 0.044115153256163386 0.06633921583936059 0.09638324300168184 0.13539303698135988 0.18404160328537067 0.24231191836137245 0.30934754311600954 0.383417989863966 0.4620257277656523 0.5421504763049533 0.6205925581127971 0.6943511450974638 0.7609638541509838 0.8187445291035929 0.8668826460296424 0.9054017798870964 0.9350053987370492 0.9568575353848834 0.972350115535492 0.9828996732965045 0.9897992957141533 0.9941333751015972 0.996748237000793 0.9982634751320888 0.999106796560659 0.9995575980631914 0.9997890481791225 0.9999031806250888 0.9999572361834956 0.999981825753326 0.9999925691265762 0.9999970773908813 0.9999988943989255 0.9999995977674049 0.9999998592768105 0.9999999526602497 0.9999999846882872 0.9999999952386761 0.9999999985766586 0.9999999995909828 0.9999999998870202 0.9999999999700039 0.9999999999923456 0.9999999999981227 0.9999999999995575 0.9999999999998999 0.9999999999999782 0.9999999999999954 0.9999999999999991 0.9999999999999998 1. 1. 1. 1. 1. 1. 1. 1. 1. 1. 1. 1.
1.813598870022953e-20 1.1261272821859182e-19 6.725835783888402e-19 3.8639004619011e-18 2.1351843509052703e-17 1.1349691705865156e-16 5.803394298405344e-16 2.854566647089986e-15 1.3507342094295181e-14 6.1487032358689e-14 2.69273917764162e-13 1.1345309259663188e-12 4.599015922698433e-12 1.7937272715081646e-11 6.73144832219485e-11 2.4307501925037113e-10 8.446416970746741e-10 2.8244083370106936e-9 9.089281658493787e-9 2.8151738610226482e-8 8.39234499171918e-8 2.408215894511138e-7 6.652364235240063e-7 1.7691433451593607e-6 4.529998956991967e-6 0.000011169332049030598 0.000026521684345921757 0.00006065632063309447 0.00013363326593930703 0.0002836522742278614 0.0005801881621547273 0.0011437982233436575 0.0021738305529370046 0.003983893784443424 0.007042387055842662 0.012011653892689492 0.019774986921362734 0.031437048299265934 0.04828215337621394 0.07167825513522265 0.10292355710214135 0.14304693253218012 0.1925898710519782 0.2514115849585758 0.3185645566895732 0.3922810175805148 0.47009101771802053 0.5490639141201696 0.6261351691378305 0.6984585141639987 0.7637168918051578 0.8203363505426857 0.8675716632620238 0.9054629608325727 0.9346899254266725 0.9563669387828315 0.971826124253222 0.9824270825732817 0.9894170462856356 0.993848802880924 0.9965505703230526 0.9981343362920374 0.9990270350154046 0.9995108614147519 0.9997630031974076 0.999889351830486 0.9999502307030945 0.9999784361396112 0.9999910013295652 0.9999963837191734 0.9999986006434933 0.9999994786466635 0.9999998130037941 0.9999999354355809 0.9999999785424689 0.9999999931362502 0.9999999978869486 0.9999999993739634 0.999999999821513 0.9999999999510325 0.9999999999870735 0.9999999999967166 0.9999999999991975 0.9999999999998113 0.9999999999999574 0.9999999999999907 0.999999999999998 0.9999999999999996 1. 1. 1. 1. 1. 1. 1. 1. 1. 1. 1. 1.
7.050555885294911e-20 4.1494259478829065e-19 2.351464089981073e-18 1.2831656645314978e-17 6.74264137560319e-17 3.411849190307757e-16 1.6625401170033615e-15 7.80167352277495e-15 3.5257236928746857e-14 1.534496773751082e-13 6.432119653834297e-13 2.5967304691365785e-12 1.0097166399592024e-11 3.781712049927921e-11 1.3643048227801382e-10 4.741191640970202e-10 1.58722112904837e-9 5.118982191598545e-9 1.5905612879394234e-8 4.761724835996354e-8 1.3735806279146665e-7 3.8181372480120975e-7 1.022800560803917e-6 2.6406467012909872e-6 6.571298708379224e-6 0.00001576375166341529 0.00003645743691260915 0.00008129933855799464 0.0001748334689776897 0.0003626337576121762 0.0007255969489463657 0.0014008541588864565 0.0026101047626136053 0.0046946145964351284 0.008153468701751366 0.013678074564627244 0.022172054090985098 0.03474282926693562 0.05265111134987654 0.07720876572071203 0.1096248827163705 0.15081341415535676 0.20119048134362635 0.2605008673223165 0.32771644726752647 0.40104118279187334 0.4780379396938777 0.5558659170296979 0.631591118823541 0.702514023542213 0.7664542183793364 0.8219426872887978 0.8682951533101491 0.9055672845892297 0.934416688636752 0.9559113521041653 0.9713271347780528 0.9819695835209229 0.989041848753816 0.9935657843682149 0.9963513609637964 0.9980023892428289 0.9989443537371323 0.9994616687206722 0.999735142673003 0.999874303543699 0.9999424680723537 0.9999746076173701 0.9999891944452021 0.9999955671188994 0.999998247040194 0.999999331870391 0.9999997545786059 0.999999913125825 0.9999999703679048 0.9999999902613876 0.999999996916336 0.9999999990593096 0.9999999997235525 0.9999999999217394 0.9999999999786588 0.9999999999943945 0.9999999999985818 0.9999999999996545 0.999999999999919 0.9999999999999817 0.999999999999996 0.9999999999999991 0.9999999999999998 1. 1. 1. 1. 1. 1. 1. 1. 1. 1. 1.
2.588226516158365e-19 1.4470101476844562e-18 7.797936128960471e-18 4.050745560762388e-17 2.0283662444461286e-16 9.790917815804891e-16 4.555921011505336e-15 2.0436923907493435e-14 8.83797940898282e-14 3.684689719541716e-13 1.481059784390927e-12 5.739607643784453e-12 2.1445938273166324e-11 7.726406936012178e-11 2.684092745245899e-10 8.991331777883528e-10 2.9045429923078396e-9 9.048598629358068e-9 2.7186853095873313e-8 7.878384368978484e-8 2.2021398109618133e-7 5.937637204142192e-7 1.5444647475451994e-6 3.875928684193914e-6 9.385309742473709e-6 0.0000219301877535156 0.0000494547068837917 0.00010764664802461858 0.00022619510027339798 0.0004589072184456096 0.0008990892377623863 0.001701387591190284 0.003110448982822741 0.00549504296788765 0.009383609939846028 0.015493809880750907 0.024745307526520665 0.038242999788001095 0.057218705227932105 0.08292428060014577 0.1164785491057978 0.15868310341964434 0.20983503058464517 0.2695737429740291 0.33680030754045315 0.4096985746890946 0.48586871090959804 0.5625595533809189 0.636963082455908 0.7065191157324828 0.7691757857528742 0.823562275098423 0.8690512267687069 0.9057128748028911 0.9341842963929654 0.9554900738726183 0.9708530952229988 0.9815275778186121 0.988674316751474 0.993284941884857 0.9961511151433606 0.9978679784143498 0.9988589461852646 0.9994101012478409 0.9997054794314961 0.9998580157503967 0.999933918624286 0.9999703129070718 0.9999871279494711 0.9999946139953944 0.999997825411513 0.9999991528979889 0.999999681651056 0.999999884589724 0.9999999596423091 0.99999998638809 0.9999999955721244 0.9999999986109106 0.9999999995797573 0.9999999998774017 0.9999999999655125 0.9999999999906456 0.9999999999975535 0.9999999999993832 0.9999999999998501 0.9999999999999649 0.999999999999992 0.9999999999999982 0.9999999999999996 1. 1. 1. 1. 1. 1. 1. 1. 1. 1. 1.
9.000652477654736e-19 4.790477392211928e-18 2.4601219776627654e-17 1.2190343455760418e-16 5.828618655225565e-16 2.6891514627605336e-15 1.1972227428316085e-14 5.1434622683192806e-14 2.132399838886136e-13 8.531523566101367e-13 3.2941448626902923e-12 1.2275273638055695e-11 4.4147627282136926e-11 1.5324549788559036e-10 5.134403707613379e-10 1.6604790866787872e-9 5.183685628607848e-9 1.5621697386196435e-8 4.544922668132896e-8 1.2766152067678078e-7 3.462243979993985e-7 9.066737030513714e-7 2.292844432915908e-6 5.5997189281449265e-6 0.000013208926668472011 0.000030097075391361973 0.00006625018470544272 0.00014090028477413362 0.00028957474964994836 0.000575178389262942 0.0011043695280317826 0.0020501339315050146 0.0036804621169793856 0.0063912084118366245 0.010738557927462018 0.01746340126129412 0.027497116859880086 0.04193699316235781 0.06198112685926599 0.08881808548862412 0.1234759292944048 0.1666469249448621 0.21851557063097196 0.2786246536122867 0.3458135754278502 0.41825344108453844 0.49358552960379976 0.5691477644452341 0.6422535915863743 0.7104751451990634 0.7718815417516407 0.8251939129933061 0.8698380817767455 0.9058979228031835 0.9339913783967474 0.9551023762770962 0.9704038957299632 0.9811014007071894 0.9883150083489657 0.9930068630089216 0.9959503256336142 0.9977314504861747 0.9987710162769152 0.9993562526141453 0.9996740367253479 0.9998404755211108 0.9999245566110924 0.9999655263664509 0.9999847816340834 0.9999935104789507 0.9999973271513886 0.9999989368099558 0.9999995916018065 0.9999998485190444 0.9999999457497757 0.9999999812420666 0.9999999937384554 0.999999997982255 0.9999999993723514 0.9999999998115434 0.9999999999453826 0.9999999999847222 0.9999999999958755 0.9999999999989253 0.9999999999997298 0.9999999999999345 0.9999999999999847 0.9999999999999964 0.9999999999999992 0.9999999999999998 1. 1. 1. 1. 1. 1. 1. 1. 1. 1.
2.973977396560109e-18 1.509931802026449e-17 7.404000597637053e-17 3.506496675815484e-16 1.6039368134162286e-15 7.086266153625125e-15 3.023947295009761e-14 1.246431407202322e-13 4.962626141246916e-13 1.908605431453955e-12 7.0908038568846956e-12 2.5448593172841113e-11 8.823408960058603e-11 2.95549251142879e-10 9.564492430741622e-10 2.990555071337974e-9 9.034835681592771e-9 2.6374837032965934e-8 7.440203200572113e-8 2.0282983513966163e-7 5.34391846142367e-7 1.3608188446620462e-6 3.3495605624287934e-6 7.970034851643257e-6 0.000018334076385623268 0.000040778386772647975 0.00008770487324789608 0.00018242986457432783 0.00036703593591239266 0.0007143819808477303 0.0013453593827435443 0.002451984221895697 0.00432578006314417 0.007389009007656706 0.012223737046575794 0.019590897333316513 0.030429261306260533 0.04582366770167931 0.066934133773699 0.09488327088223035 0.13060847665841585 0.17469611798223575 0.22722459567373457 0.28764847673193494 0.3547540039547345 0.42670616784694054 0.501190568552101 0.5756333691664822 0.647465042910587 0.7143833845951726 0.7745714306194028 0.8268364591890047 0.8706539991066988 0.9061206853588251 0.9338365878672701 0.9547475101510167 0.9699793742954668 0.980691325455372 0.9879644280174462 0.9927321001384882 0.9957494698369849 0.9975931520774923 0.9986807764900115 0.9993002276452295 0.9996408478029444 0.9998216770568675 0.9999143604669467 0.999960224282797 0.9999821358340697 0.9999922425652252 0.9999967432938963 0.9999986783312795 0.9999994815432454 0.999999803431501 0.9999999279730056 0.999999974494854 0.9999999912725974 0.9999999971143574 0.9999999990781124 0.9999999997154422 0.9999999999151403 0.9999999999755516 0.9999999999931953 0.9999999999981704 0.9999999999995248 0.9999999999998808 0.9999999999999711 0.9999999999999932 0.9999999999999984 0.9999999999999997 1. 1. 1. 1. 1. 1. 1. 1. 1. 1.
9.362753719397429e-18 4.543280062932511e-17 2.1312009035890734e-16 9.664440049426721e-16 4.236775064162322e-15 1.795602034364344e-14 7.357172428328446e-14 2.914397753566498e-13 1.116182937075648e-12 4.133167811313221e-12 1.4798071638925602e-11 5.1229006716563276e-11 1.7148685185843883e-10 5.550937403074317e-10 1.7375617768886253e-9 5.259831466043446e-9 1.5398621489450838e-8 4.3600635361394575e-8 1.1940683459739488e-7 3.1631334013832715e-7 8.105628860129632e-7 2.009409140276447e-6 4.819444740677812e-6 0.000011184341896735822 0.000025115984037158943 0.00005458357887667939 0.0001148143792933072 0.00023378075875215846 0.0004608517294142984 0.000879675035982637 0.001626178807061296 0.0029119544462616136 0.005052036773296812 0.008494172105546587 0.013844219673199277 0.021879844477504018 0.033542945082754155 0.04990134460644316 0.07207309938897867 0.10111277987301258 0.1378677564988536 0.1828222442009274 0.2359550277843632 0.2966404982691632 0.363619633439735 0.4350572605266712 0.50868596971769 0.5820190688981278 0.6525997065474631 0.7182450304899981 0.7772453934527088 0.8284888273466751 0.8714973375715583 0.9063794824367258 0.9337186030218445 0.954424709418501 0.969579322165482 0.9802975676769916 0.9876230287342744 0.9924611703650492 0.9955490081836961 0.9974534276507991 0.9985884460427287 0.9992421412005199 0.9996059553959311 0.9998016216510313 0.9999033130114959 0.9999543851356845 0.9999791716483173 0.9999907962605367 0.999996064590359 0.9999983718621814 0.9999993483251519 0.9999997476661382 0.9999999054864737 0.9999999657580957 0.9999999880011032 0.9999999959335051 0.9999999986671768 0.9999999995775475 0.9999999998705156 0.9999999999616228 0.9999999999890016 0.9999999999969523 0.9999999999991834 0.9999999999997885 0.999999999999947 0.9999999999999871 0.999999999999997 0.9999999999999993 0.9999999999999998 1. 1. 1. 1. 1. 1. 1. 1. 1.
2.815791232450795e-17 1.3082755471300596e-16 5.881262119044156e-16 2.5581314402759204e-15 1.0766268030439038e-14 4.3843691955162014e-14 1.7276623225081746e-13 6.587662211479894e-13 2.430726780543495e-12 8.67932186916794e-12 2.99911844061347e-11 1.0029376519311213e-10 3.2459523180677654e-10 1.0167513832781225e-9 3.0825468280583197e-9 9.045782115519174e-9 2.5694780230571317e-8 7.065267016286589e-8 1.8807089669189474e-7 4.846749048042737e-7 1.2093286378320754e-6 2.921693017010884e-6 6.835271782474623e-6 0.0000154862321345975 0.00003398177211905548 0.00007222744076348993 0.00014871840654316802 0.0002966806012712962 0.000573504897808716 0.0010744274073974534 0.001951125114855477 0.003435153638807345 0.0058648262051206705 0.00971221823691811 0.015604701845170437 0.02433328256578273 0.03683881659118368 0.05416784685426859 0.07739306117149888 0.1074994517708848 0.14524547300619634 0.19101719219598587 0.2447002014696242 0.3055963863664144 0.37240876585733507 0.44330732795383976 0.5160738398846528 0.5883074520944374 0.6576597337617389 0.7220612086433248 0.7799033686026655 0.8301499831188401 0.8723665297285638 0.9066726949803379 0.9336361282427565 0.9541331950575792 0.9692034888211654 0.9799202894828181 0.9872912141893131 0.9921945556146352 0.9953493828223177 0.9973126176270577 0.9984942491629425 0.9991821169871631 0.9995694111396078 0.9997803175746816 0.999891401594853 0.9999479898273232 0.999975871149438 0.9999891577292673 0.9999952815933761 0.9999980115157319 0.9999991885452315 0.9999996793814426 0.9999998773507783 0.9999999545781446 0.9999999837159188 0.999999994348856 0.9999999981017105 0.9999999993828064 0.9999999998057797 0.9999999999408486 0.9999999999825653 0.9999999999950269 0.9999999999986272 0.9999999999996333 0.9999999999999052 0.9999999999999762 0.9999999999999942 0.9999999999999987 0.9999999999999998 1. 1. 1. 1. 1. 1. 1. 1. 1.
8.109269680857877e-17 3.6137510219969186e-16 1.5594652498613308e-15 6.51692396537914e-15 2.6373520720487828e-14 1.0336218358836602e-13 3.923138046280254e-13 1.4420980140717265e-12 5.134012397641236e-12 1.7702413436200634e-11 5.912005821975015e-11 1.912398444316108e-10 5.992092073982914e-10 1.818660873146031e-9 5.347071406762935e-9 1.5229671649481358e-8 4.202388831969409e-8 1.123454870529281e-7 2.910001487375218e-7 7.303576297202295e-7 1.7762809822543901e-6 4.186519139543026e-6 9.56300389158773e-6 0.000021172552594178674 0.00004543925742453266 0.00009453964457677912 0.0001907092312349593 0.0003730439567767717 0.0007076855419801177 0.0013022095362123615 0.0023246496781946413 0.004026751319492538 0.006769665659824563 0.0110484284894966 0.01750948371714588 0.026953745417276 0.040316990702543576 0.058620538512693506 0.08288876647320144 0.11403606164770778 0.1527334920207511 0.19927317918401974 0.25345384754863576 0.3145121663186299 0.38111994123737547 0.4514570676120982 0.5233562471407074 0.5945009989283577 0.6626471641702281 0.7258329788688491 0.782545292046682 0.8318189409628821 0.873260077859176 0.906998762719565 0.9335878949726748 0.9538721786264119 0.9688515865779548 0.9795596034555372 0.9869693410568163 0.9919327030178791 0.9951510165786024 0.9971710567071748 0.9983984134579609 0.9991202863781691 0.9995312749404797 0.9997577798934412 0.9998786181859289 0.999941021878623 0.9999722175798416 0.999987313440698 0.9999943847461618 0.9999975911616918 0.9999989985644746 0.9999995965563817 0.9999998425084082 0.9999999404311573 0.9999999781705383 0.9999999922499279 0.9999999973344558 0.9999999991118964 0.9999999997133706 0.9999999999103935 0.9999999999728665 0.999999999992042 0.9999999999977394 0.999999999999378 0.9999999999998344 0.9999999999999573 0.9999999999999893 0.9999999999999973 0.9999999999999993 0.9999999999999999 1. 1. 1. 1. 1. 1. 1. 1.
2.2414641505601594e-16 9.596034796885145e-16 3.981502077432118e-15 1.6010529786595933e-14 6.2398928026154e-14 2.3570611695447866e-13 8.629728600250307e-13 3.062435357893454e-12 1.0533966379510108e-11 3.5122436979235106e-11 1.1351636446494046e-10 3.556540820052968e-10 1.0802096520252963e-9 3.180649767667092e-9 9.079649433682318e-9 2.5129685478709855e-8 6.74358187461405e-8 1.7546981451707905e-7 4.4273810282720603e-7 1.0833048804948663e-6 2.5706490322435707e-6 5.916362181611709e-6 0.000013207514973699726 0.000028600896897452822 0.00006008579720834599 0.00012247380426286993 0.0002422389621679596 0.0004649750217598384 0.0008662862446657712 0.0015667777557262954 0.002751332972650617 0.004691944756955925 0.007771960926639865 0.01250781551475304 0.019562454621011256 0.029743265483113984 0.043977073525130014 0.06325636397306039 0.08855471584754532 0.12071535595889167 0.16032385998010287 0.2075827503056141 0.26221007661398577 0.32338419673559504 0.38975191596702335 0.45950725260927194 0.5305352180928693 0.6006020858147338 0.6675639324689977 0.7295613395229921 0.7851710977328739 0.8334947611985981 0.8741765502064218 0.9073561820219407 0.9335726623756022 0.9536408653946518 0.9685232948207578 0.9792155764406097 0.9866577213029517 0.9916760254737877 0.9949543121579318 0.9970290723924482 0.9983011683917566 0.9990567872487579 0.9994916143041735 0.9997340302239801 0.9998649594068285 0.9999334675899108 0.9999681955314115 0.9999852503127657 0.9999933644755213 0.9999971044757985 0.9999987745271663 0.999999496994493 0.9999997997811176 0.9999999227188396 0.9999999710763059 0.9999999895040304 0.9999999963071732 0.9999999987403689 0.999999999583459 0.9999999998664679 0.9999999999585036 0.9999999999874998 0.99999999999635 0.9999999999989669 0.9999999999997167 0.9999999999999246 0.9999999999999806 0.9999999999999951 0.9999999999999989 0.9999999999999998 1. 1. 1. 1. 1. 1. 1. 1.
5.958969043586443e-16 2.454618484212387e-15 9.806917631544177e-15 3.800364387372471e-14 1.4284702620308461e-13 5.208109064880806e-13 1.841883359361154e-12 6.3187087494134126e-12 2.1027635107257068e-11 6.788298708943691e-11 2.125951256420404e-10 6.459247239710958e-10 1.9039793251322398e-9 5.445163177326985e-9 1.5109352094380725e-8 4.068051023070815e-8 1.0628046402095329e-7 2.694446776194183e-7 6.629173962925544e-7 1.5828854879789722e-6 3.668333721314373e-6 8.251806517349102e-6 0.000018018747821020016 0.00003819735802163337 0.00007861702701960038 0.00015711585183478082 0.0003049254128698167 0.0005747682753741336 0.0010523948056258843 0.0018720573841135785 0.0032358583369020417 0.005435926521426544 0.008876973581082512 0.01409509825309555 0.021767082494177394 0.0327033822669498 0.04781818908834174 0.06807188668076396 0.09438520371661166 0.1275300844274349 0.16800881942854937 0.2159387759092311 0.2709633622958121 0.33220914693404613 0.39830364286448333 0.46745872008315664 0.5376127357146678 0.6066129898226897 0.6724118747160799 0.733247231652395 0.7877807178995951 0.8351765472885222 0.8751145774519784 0.9077435037925947 0.9335892177957883 0.9534384571183864 0.96821826389778 0.9788882331491231 0.9863566245037491 0.9914249023754174 0.9947596515674028 0.9968869836949545 0.9982027438742728 0.9989917628427081 0.9994505036359158 0.999709096438519 0.9998504265167325 0.999925316166016 0.9999637911067056 0.9999829558504605 0.9999922112867962 0.9999965449936093 0.999998512385267 0.9999993783310728 0.999999747869074 0.9999999007650008 0.9999999620989677 0.9999999859536937 0.9999999949489997 0.9999999982377092 0.9999999994034527 0.9999999998040873 0.9999999999375812 0.9999999999807074 0.9999999999942154 0.9999999999983176 0.9999999999995253 0.9999999999998701 0.9999999999999656 0.9999999999999911 0.9999999999999978 0.9999999999999994 0.9999999999999999 1. 1. 1. 1. 1. 1. 1.
1.5267268841093617e-15 6.059855039656535e-15 2.3346749447383348e-14 8.730969350860602e-14 3.169417468762204e-13 1.116829936709945e-12 3.820283297221759e-12 1.2685746039406658e-11 4.089404990127024e-11 1.279795156186225e-10 3.888395983125496e-10 1.1470031810873911e-9 3.2850226388901694e-9 9.134996469351541e-9 2.4665653276354368e-8 6.467112933126829e-8 1.6465797583099383e-7 4.0712919401298703e-7 9.776500108555155e-7 2.280147380964694e-6 5.165350227248119e-6 0.000011366469172182878 0.000024298241725193962 0.000050464426864816745 0.00010183532831869191 0.000199691552247677 0.00038055644355548856 0.0007049070408211598 0.001269284683131787 0.0022221238983525984 0.0037829848599511677 0.0062638527455761706 0.010089790712010343 0.015814680389705345 0.0241264073959882 0.03583515399507076 0.05183900742663721 0.07306332700947347 0.10037435631967319 0.1344730283954803 0.17578082144345708 0.22433444714957057 0.27970852450965067 0.34098397555599 0.4067742528984536 0.47531236089619716 0.544590737736368 0.6125358929649816 0.6771927342016605 0.7368915428299008 0.7903740833722439 0.8368634433217624 0.8760728494165446 0.9081593314287222 0.9336363770429972 0.9532641544937085 0.9679361186951194 0.978577559571539 0.9860662801524651 0.9911796804689437 0.9945673957345768 0.9967451000276425 0.9981033689651062 0.9989253606784501 0.9994080235246507 0.9996830123255516 0.9998350253492152 0.9999165598061175 0.9999589920601326 0.999980418276829 0.9999909158591421 0.9999959061679475 0.9999982079267817 0.9999992380434336 0.9999996853518929 0.9999998738130489 0.9999999508555804 0.9999999814141561 0.9999999931747554 0.9999999975663223 0.9999999991574431 0.9999999997167888 0.9999999999075767 0.9999999999707181 0.9999999999909936 0.9999999999973108 0.9999999999992205 0.9999999999997806 0.99999999999994 0.9999999999999841 0.9999999999999959 0.999999999999999 0.9999999999999998 1. 1. 1. 1. 1. 1. 1.
3.776675330009152e-15 1.446444237717745e-14 5.381117195369714e-14 1.9446009156161414e-13 6.826292788936748e-13 2.3277987166959846e-12 7.711206884507211e-12 2.4815711115423895e-11 7.758366751653099e-11 2.3564904653934904e-10 6.953866520516027e-10 1.9937318722659308e-9 5.553955742337248e-9 1.5033151429151673e-8 3.9539173008811214e-8 1.0105421974442338e-7 2.5098721223008956e-7 6.058173026485835e-7 1.4211805514241277e-6 3.240417860395792e-6 7.181678694348832e-6 0.000015472330424979553 0.00003240595407208852 0.00006598891123670608 0.00013065786429087545 0.00025157299395850766 0.0004710926631687997 0.0008580599611803944 0.001520403301129588 0.0026211825008305356 0.004397519794915345 0.007180812462422279 0.011415297283784114 0.01767063249144116 0.02664303880255754 0.03913917206573091 0.05603777360173986 0.0782265989930532 0.10651616692238812 0.14153702586142997 0.18363253531185567 0.23276327019512472 0.2884407128363068 0.34970591039657006 0.41516303843323 0.4830691104872021 0.551471115501215 0.6183728863557009 0.6819081669354377 0.7404951107059763 0.7929511238393351 0.8385546316839976 0.8770501119682088 0.9086023188327585 0.9337129845290018 0.9531171593207894 0.967676461913604 0.9782835062034515 0.9857868799390264 0.9909406748207025 0.9943778843010898 0.9966037202630782 0.9980032706919548 0.9988577315027363 0.9993642600207278 0.9996558172147562 0.9998187662073174 0.9999071937593407 0.9999537879180467 0.9999776266548409 0.9999894691395892 0.9999951814289447 0.999997856807654 0.9999990734641271 0.9999996106916351 0.9999998410245517 0.9999999369118743 0.9999999756709774 0.9999999908832294 0.9999999966804589 0.9999999988255934 0.9999999995963118 0.9999999998651825 0.9999999999562574 0.9999999999862118 0.9999999999957778 0.9999999999987439 0.999999999999637 0.9999999999998981 0.9999999999999722 0.9999999999999927 0.9999999999999981 0.9999999999999996 0.9999999999999999 1. 1. 1. 1. 1. 1.
9.035929954413766e-15 3.343714612231239e-14 1.2027296912388884e-13 4.2053092081469037e-13 1.4293152942833771e-12 4.722457645720089e-12 1.516800214382333e-11 4.7360907606195194e-11 1.4376553152011806e-10 4.24272879021652e-10 1.217320723658167e-9 3.3958499488147565e-9 9.210670626746658e-9 2.4291258626681272e-8 6.22935089660526e-8 1.5534203950557837e-7 3.767121395634539e-7 8.88438409592408e-7 2.0378242460990663e-6 4.546262492452212e-6 9.865513629821429e-6 0.000020825427650836328 0.00004276728716984614 0.00008544974324469448 0.00016612402702499725 0.0003142839122247905 0.0005786684158970716 0.0010370754338584164 0.0018093584141502354 0.0030735464001208574 0.005084290876423252 0.008191798338189036 0.012858151275685488 0.019666677722639955 0.029319156351128296 0.042615577829495946 0.06041233725409029 0.08355734568813176 0.11280452830561477 0.148714993427143 0.19155685576747314 0.24121905930416154 0.297155390153546 0.35837242941428116 0.42346943788530317 0.4907299407610073 0.5582557132204725 0.6241259742303495 0.6865597467785028 0.7440587262998237 0.7955117681095613 0.8402493308978913 0.8780451641245564 0.9090711684872188 0.9338179132770627 0.9529966764074183 0.9674388770685436 0.9780059910862486 0.9855185799874355 0.9907081698696819 0.994191435570625 0.9964631319493116 0.9979026729826184 0.998789028297996 0.9993193039159258 0.9996275555736877 0.9998016637209305 0.9998972163475854 0.9999481700771794 0.9999745709986596 0.9999878624344396 0.9999943642456661 0.9999974545866559 0.9999988817969663 0.9999995222377915 0.9999998014789547 0.9999999197801672 0.9999999684778406 0.999999987955484 0.9999999955250978 0.9999999983834785 0.9999999994322367 0.9999999998061231 0.9999999999356357 0.9999999999792265 0.9999999999934821 0.9999999999980119 0.9999999999994105 0.9999999999998301 0.9999999999999524 0.999999999999987 0.9999999999999966 0.9999999999999991 0.9999999999999998 1. 1. 1. 1. 1. 1.
2.0944074500888455e-14 7.497678331607236e-14 2.6107640511712923e-13 8.84284974573971e-13 2.9134651252290823e-12 9.337488947772104e-12 2.911142441381695e-11 8.829191985973891e-11 2.6050402511046767e-10 7.477501895714615e-10 2.088145603710307e-9 5.673377603144286e-9 1.4997361069049277e-8 3.8574206555938214e-8 9.653975399125418e-8 2.3510499332089556e-7 5.571665049057377e-7 1.2849858560105709e-6 2.884207551226804e-6 6.300807350074804e-6 0.000013397891772155783 0.00002773185580742094 0.000055880221395522934 0.000109625539955681 0.00020940214810456138 0.00038950372528052246 0.0007055910109402484 0.001244974084508351 0.0021399027476745832 0.0035836141292658226 0.005848118890815138 0.009301679066260837 0.014422761682189098 0.021806180994689547 0.03215651369523534 0.04626408127948899 0.06496018232600466 0.08905097299313097 0.11923326258523519 0.15599994538159362 0.19954690807527103 0.24969592899641882 0.3058483166153765 0.366981242888758 0.43169302168391016 0.49829585290898004 0.5649463275688802 0.629797077824738 0.6911489702451608 0.7475831370521843 0.7980559443514592 0.8419467936197158 0.8790568553352913 0.9095646295931308 0.9339500648234134 0.9529019152382774 0.967222931232167 0.9777449026669525 0.9852615030398073 0.9904824205456177 0.9940083465921354 0.99632361067111 0.9978017957080443 0.998719405347918 0.9992732500334356 0.9995982765833793 0.9997837366711482 0.9998866289574666 0.9999421318812485 0.9999712423731668 0.9999860874966946 0.999993448188317 0.9999969967626944 0.9999986601356137 0.9999994182342362 0.9999997541745277 0.999999898917913 0.99999995955461 0.999999984253217 0.9999999940348064 0.9999999978013794 0.9999999992115876 0.9999999997249449 0.9999999999066456 0.9999999999691762 0.9999999999900994 0.9999999999969065 0.9999999999990598 0.999999999999722 0.9999999999999201 0.9999999999999776 0.9999999999999939 0.9999999999999984 0.9999999999999996 0.9999999999999999 1. 1. 1. 1. 1.
4.7102244249960564e-14 1.6331837295377655e-13 5.511703665594875e-13 1.8105173024611056e-12 5.788881786654619e-12 1.8016549950541674e-11 5.4581306958561275e-11 1.6096174797088764e-10 4.620827188733726e-10 1.2913612276043113e-9 3.5133409034416964e-9 9.305761455691383e-9 2.3997070292864555e-8 6.024985364141851e-8 1.472866207201827e-7 3.5059006525100746e-7 8.126170840607042e-7 1.8341931726507845e-6 4.031824467918933e-6 8.63142127790202e-6 0.000017997667526180345 0.000036554006832781746 0.00007232244804551474 0.0001394017826895962 0.00026179533718360373 0.00047907018879299204 0.000854338187931722 0.0014849393935906386 0.0025159171502627635 0.004155846219459191 0.006693790816124627 0.010515173637377325 0.016113269405201074 0.024092141370195275 0.03515644512989417 0.050083981260643014 0.06967845664780972 0.09470268179578566 0.12579614843969666 0.16338501014496778 0.20759605122714803 0.2581882855184506 0.31451553405378385 0.3755302766854234 0.4398334794342914 0.5057678710637401 0.5715447075695628 0.6353880391108685 0.6956772609980809 0.7510690496596617 0.800583580317072 0.8436463047792496 0.8800840829330502 0.9100814962731398 0.9341083690273754 0.9528320914337653 0.9670281775375377 0.9775001024825722 0.9850157405781221 0.9902636534353089 0.9938288933606152 0.9961854195448202 0.9977008538328672 0.9986490173644289 0.9992261965343203 0.9995680336994504 0.9997650077862523 0.9998754360035671 0.999935668675969 0.9999676329808771 0.9999841366083584 0.9999924269900613 0.999996478813927 0.9999984054844586 0.9999992968280851 0.9999996980305831 0.9999998737269545 0.999999948585709 0.9999999796172241 0.9999999921325995 0.9999999970435465 0.9999999989183983 0.9999999996147828 0.9999999998664411 0.999999999954923 0.9999999999851904 0.9999999999952638 0.9999999999985256 0.9999999999995532 0.9999999999998683 0.9999999999999623 0.9999999999999895 0.9999999999999971 0.9999999999999992 0.9999999999999998 1. 1. 1. 1. 1.
1.0292977767745838e-13 3.460636362219519e-13 1.1331839846584008e-12 3.6139577751999063e-12 1.1225691555699159e-11 3.396255156759515e-11 1.0008180286110577e-10 2.872689290852525e-10 8.031798297773539e-10 2.187460564623018e-9 5.803427520120319e-9 1.4998932872803226e-8 3.776445847445723e-8 9.263392691400528e-8 2.213802615301765e-7 5.154769269404708e-7 1.1695051475177827e-6 2.585475271615756e-6 5.569916002261387e-6 0.000011693746243066044 0.000023926794600227658 0.00004771697052213123 0.0000927583902591848 0.00017577748420953283 0.00032474632872073444 0.0005849806005510447 0.00102755384234341 0.0017603066162406123 0.0029413925056284555 0.004794741535411213 0.007626033813698065 0.01183682765225459 0.017933531023370298 0.026527187516844457 0.038319874650583056 0.054074186839407096 0.07456400112419817 0.10050749836156864 0.1324869458416963 0.1708634442920508 0.21569787948998925 0.26669081777450554 0.32315335086036695 0.38401765658244513 0.4478906081890425 0.5131470367013142 0.5780525547241895 0.6409006243895886 0.7001459740585059 0.7545171327085967 0.8030946035509168 0.8453471798512568 0.8811257897409837 0.910620605839684 0.9342917838046072 0.9527864280199208 0.9668541574617323 0.9772714276750859 0.9847813548768529 0.9900520679820136 0.9936533311191393 0.9960488088353 0.9976000566690857 0.9985780186780218 0.9991782442459342 0.9995368842047472 0.9997455035139096 0.9998636448654246 0.9999287778430221 0.9999637362356631 0.9999820026566255 0.9999912946075411 0.9999958962380623 0.9999981147814593 0.9999991560803558 0.9999996318909784 0.999999843553542 0.9999999352188728 0.999999973866003 0.9999999897288239 0.9999999960674414 0.9999999985332513 0.9999999994670978 0.9999999998114019 0.9999999999349851 0.9999999999781695 0.9999999999928604 0.9999999999977257 0.9999999999992943 0.9999999999997868 0.9999999999999373 0.999999999999982 0.999999999999995 0.9999999999999987 0.9999999999999996 0.9999999999999999 1. 1. 1. 1.
2.1885130822463844e-13 7.142592241873074e-13 2.2717195094310877e-12 7.041324754463878e-12 2.1269833130855173e-11 6.261720016454482e-11 1.7966087702093737e-10 5.024060295840689e-10 1.36933444042507e-9 3.637728699561201e-9 9.419563754732383e-9 2.37752767896493e-8 5.849656316542724e-8 1.4030137833997004e-7 3.280488098335009e-7 7.47789689205926e-7 1.6619044234542652e-6 3.6011480666077616e-6 7.608673775547692e-6 0.00001567605493881352 0.00003149586262121231 0.0000617150114992821 0.00011794599815668466 0.0002198712201614998 0.00039984123508193586 0.0007093915142985444 0.001228042064705672 0.0020745501585084534 0.003420410658425347 0.005504813561951412 0.008649490316528537 0.013270991796694623 0.01988710538399945 0.029113575987723725 0.0416473271194777 0.05823323950849549 0.07961337830047546 0.10646030290997688 0.13929941840488635 0.17842864436609393 0.22384622252531908 0.2751984878711795 0.3317583273903264 0.39244169361269327 0.45586430173916936 0.5204344037125751 0.5844715233498734 0.6463365277409246 0.7045563997515469 0.7579280191248114 0.8055889415854095 0.8470487632478918 0.8821809618264804 0.9111808371280622 0.934499294796143 0.9527641565289422 0.9667004029050366 0.9770586933437373 0.9845583809813971 0.9898478377048261 0.9934818947472779 0.9959140156836845 0.9974996072279141 0.9985065624923481 0.9991294960167978 0.9995048887589485 0.9997252537740016 0.9998512658008376 0.9999214588138219 0.9999595468229716 0.9999796792031357 0.9999900452792579 0.9999952445932272 0.9999977849225974 0.9999989939782874 0.9999995545288912 0.9999998076891552 0.9999999190643305 0.9999999667945416 0.9999999867200933 0.9999999948229721 0.9999999980327889 0.9999999992713946 0.9999999997369782 0.9999999999074585 0.9999999999682666 0.9999999999893947 0.9999999999965459 0.9999999999989037 0.9999999999996609 0.9999999999998977 0.99999999999997 0.9999999999999913 0.9999999999999976 0.9999999999999993 0.9999999999999998 1. 1. 1. 1.
4.533368272386976e-13 1.4376983396303042e-12 4.445905111146822e-12 1.3406238939426125e-11 3.9420063242941933e-11 1.1303192164753366e-10 3.1605947771246997e-10 8.618498550586971e-10 2.291930408967329e-9 5.9441671567179685e-9 1.5035366702023063e-8 3.709241320769871e-8 8.925240071079652e-8 2.0947651868789974e-7 4.795673055079813e-7 1.0709818996703968e-6 2.3332117516306024e-6 4.958935571406177e-6 0.000010282761793291711 0.000020803905916845548 0.000041069828569432076 0.00007911803093130213 0.00014874320488549616 0.0002729264110349306 0.0004888121240307212 0.0008546169482225045 0.001458759573956335 0.002431269590289321 0.0039571246074197606 0.006290566910679642 0.009768694422090867 0.014821802556651845 0.021977242929845 0.031853192093085604 0.04513894122619782 0.06255933593449213 0.0848229001272413 0.11255585635501657 0.14622735346671412 0.18607415668509122 0.23203514427903507 0.28370652140308045 0.340327261918729 0.4008008703718574 0.4637545408425764 0.5276310340737043 0.5908032210893408 0.6516973743339458 0.7089097674050805 0.7613023084540261 0.8080665221237826 0.8487504268223396 0.883248626391159 0.9117611088937774 0.9347299149842354 0.9527645179479218 0.966566438081895 0.9768616947417025 0.9843468286087543 0.9896511114267716 0.9933147992223441 0.9957812639351765 0.9973997016644147 0.9984348002030882 0.9990800561015356 0.9994721109499709 0.9997042916962984 0.9998383118381567 0.9999137130641498 0.9999550607464565 0.9999771605456484 0.9999886735810605 0.9999945195387918 0.9999974127875719 0.9999988084491487 0.9999994646528247 0.9999997653721541 0.999999899694458 0.9999999581733287 0.999999982988303 0.9999999932517356 0.9999999973892104 0.9999999990149161 0.9999999996375206 0.9999999998699262 0.9999999999544822 0.9999999999844672 0.9999999999948312 0.9999999999983229 0.9999999999994693 0.9999999999998364 0.9999999999999507 0.9999999999999856 0.9999999999999959 0.9999999999999989 0.9999999999999997 1. 1. 1. 1.
9.159662383539869e-13 2.8254904506427744e-12 8.503519197880352e-12 2.496909187791354e-11 7.153445406822117e-11 1.999613769344983e-10 5.45388287867652e-10 1.451461547815486e-9 3.76927011054624e-9 9.551548099032306e-9 2.3619393106895152e-8 5.699763322572493e-8 1.3423128914173574e-7 3.0851511928371786e-7 6.920589370224968e-7 1.5152114526430743e-6 3.238083822974848e-6 6.75476840213154e-6 0.000013755143018391292 0.000027345057923594618 0.00005307387514980113 0.00010057791780558133 0.00018611393350107102 0.00033631575324230307 0.0005935383595391397 0.00102312509914601 0.0017228066482919777 0.0028341744874809545 0.004555738214637521 0.0071564742917492735 0.010988049760624504 0.016493165212114504 0.024206877645936212 0.03474755312255053 0.04879448394724733 0.06705035098877744 0.09018865477732348 0.11878882521096137 0.15326458003523974 0.19379368533209723 0.24025894082023672 0.2922103975882094 0.3488571771686235 0.40909382824338103 0.4715613843137241 0.5347379940526414 0.597049209565403 0.6569847235988445 0.7132072488194314 0.7646405689864606 0.8105272732114702 0.8504515684748863 0.8843278497879783 0.9123603782731713 0.9349826842645954 0.9527867635317024 0.9664517812383453 0.9766802093244098 0.9841466839681624 0.989462014502007 0.9931522401412203 0.9956507640565551 0.9973005288092356 0.9983628807803683 0.999030029578657 0.9994386168514151 0.9996826533469249 0.99982479865026 0.9999055440909193 0.9999502753611675 0.9999744417716552 0.9999871744780717 0.9999937168755788 0.9999969952663453 0.9999985973753367 0.9999993609137794 0.999999715790268 0.9999998766439382 0.9999999477476227 0.9999999783997469 0.9999999912862874 0.9999999965697586 0.9999999986823211 0.9999999995060929 0.9999999998193576 0.9999999999355353 0.9999999999775538 0.9999999999923745 0.9999999999974725 0.9999999999991827 0.9999999999997422 0.9999999999999206 0.9999999999999762 0.999999999999993 0.999999999999998 0.9999999999999994 0.9999999999999998 1. 1. 1.
1.8072466910671333e-12 5.427594897808955e-12 1.591198756768788e-11 4.553834050823626e-11 1.2722575250752081e-10 3.4699866454594763e-10 9.239448662445018e-10 2.4018230996713703e-9 6.095715261326361e-9 1.510462102787106e-8 3.6543505922340956e-8 8.632577657374633e-8 1.9912071570884503e-7 4.484923044293493e-7 9.864483790381623e-7 2.1188205433183514e-6 4.444629924526998e-6 9.10587193082658e-6 0.000018221189886173565 0.00003561459707677662 0.00006799932192980596 0.00012683469296534107 0.00023113355032252576 0.0004115447121810667 0.0007160466662326823 0.0012175335973746185 0.0020234166762624502 0.0032870683033236914 0.005220485669698291 0.008106954170073599 0.012311808974143707 0.01828873911420359 0.02657862148996341 0.03779781367548918 0.05261336622731215 0.07170386083359004 0.09570653240022925 0.12515380468471074 0.16040498473126913 0.20158109850990147 0.24851213728966584 0.30070583934505635 0.3573453074216943 0.4173193554907598 0.47928496090361505 0.5417563508947327 0.6032110051544705 0.6622000722643632 0.7174499615236376 0.7679433397378366 0.8129711233967898 0.8521516108533647 0.8854177356569384 0.9129776393060784 0.9352566689833546 0.9528301554942193 0.9663559462096886 0.9765139986568907 0.9839579115004762 0.9892806500339892 0.9929943942917346 0.9955227131336499 0.9972022697816221 0.998290950213372 0.9989795218032335 0.9994044745897239 0.9996603774472901 0.9998107444128872 0.9998969573724665 0.9999451893936265 0.9999715188036138 0.9999855433724947 0.9999928325849148 0.999996529286155 0.9999983586105448 0.9999992419135024 0.9999996580839097 0.99999984941045 0.9999999352370115 0.9999999728043684 0.9999999888494508 0.9999999955362091 0.9999999982553491 0.9999999993342705 0.9999999997519953 0.9999999999098048 0.9999999999679772 0.9999999999889012 0.9999999999962448 0.9999999999987598 0.9999999999996001 0.9999999999998741 0.9999999999999614 0.9999999999999885 0.9999999999999967 0.9999999999999991 0.9999999999999998 1. 1. 1.
3.4857792296065212e-12 1.0201288735713137e-11 2.9158545237225654e-11 8.14031264595372e-11 2.219678404685447e-10 5.91184012662875e-10 1.5379758478647832e-9 3.908245321580688e-9 9.701337202061156e-9 2.3524029045676727e-8 5.572317801402943e-8 1.2894925340045718e-7 2.9152537564802655e-7 6.439103956894669e-7 1.3895823832480182e-6 2.9300336629811206e-6 6.036866524290128e-6 0.000012154136259079246 0.0000239130504745145 0.000045980223288053564 0.00008640951039834373 0.00015872234967334928 0.000284993668345421 0.0005002540058543864 0.000858509899042781 0.0014406033589474028 0.002363944466429306 0.003793831471873567 0.005955610935666759 0.00914634929830066 0.013744054907657302 0.02021192521980757 0.02909476115348446 0.04100477286026821 0.05659465962613148 0.07651716586502068 0.10137224972751768 0.13164533999280761 0.16764252585847808 0.20943043342901183 0.25678948410145963 0.3091888033890511 0.3657890862151689 0.42547637616859824 0.48692546190477937 0.5486871699367456 0.6092900798573646 0.6673448572642704 0.7216389718330155 0.7712111322979907 0.8153980018817314 0.8538500001406525 0.886517423171483 0.9136119215190208 0.9355509614459825 0.9528939675912718 0.9662784438312064 0.9763628101875479 0.9837804555359647 0.9891071000777866 0.9928414202637064 0.9953972949396206 0.9971050976778202 0.9982191510152846 0.9989286378958586 0.9993697539241718 0.9996375050888361 0.9997961696499464 0.9998879603138658 0.9999398029492845 0.9999683884356352 0.9999837761468287 0.999991862866032 0.9999960118386091 0.9999980899967713 0.9999991062137077 0.999999591350289 0.9999998174559036 0.999999920335289 0.9999999660351656 0.9999999858536899 0.99999999424437 0.9999999977124776 0.9999999991119277 0.9999999996632325 0.9999999998752617 0.9999999999548719 0.9999999999840536 0.9999999999944965 0.9999999999981449 0.9999999999993893 0.9999999999998037 0.9999999999999383 0.9999999999999811 0.9999999999999943 0.9999999999999983 0.9999999999999996 0.9999999999999999 1. 1.
6.579087966615481e-12 1.877838293713394e-11 5.2375407493479167e-11 1.4275198556041184e-10 3.802172032566233e-10 9.896603486320227e-10 2.51742165732674e-9 6.258243090979162e-9 1.5205041435593968e-8 3.610558391807416e-8 8.379661865295911e-8 1.900897608814594e-7 4.2148962321531287e-7 9.135408643640177e-7 1.935531663752702e-6 4.0088839149505986e-6 8.117434926790951e-6 0.00001606975387044074 0.00003110423492326361 0.000058867636126829845 0.00010894558114163646 0.0001971742971596016 0.00034900621414310045 0.0006042210242890455 0.0010232445202480215 0.001695231111388911 0.002747853465693103 0.004358403945533165 0.006765347387040247 0.01027890629148645 0.015288683582512293 0.022265855832182185 0.03175725698947751 0.04436888312916522 0.06073711369581997 0.08148731334269309 0.10718137346700823 0.13825794595425686 0.17497124573322817 0.21733589988603513 0.2650859525260103 0.31765547041300324 0.3741861346226301 0.43356393980467856 0.4944831344207344 0.5555315121034379 0.6152878622484598 0.6724204585167679 0.7257752977215345 0.7744444325572353 0.8178078386635315 0.8555462049225073 0.8876260853882401 0.9142622885672769 0.9358646794044101 0.9529774856064015 0.9662187832138388 0.976226378895636 0.9836142418709362 0.9889414268208672 0.9926934590908538 0.9952746800654878 0.997009177329022 0.9981476217863147 0.9988774822687114 0.9993345258422945 0.9996140794466524 0.9997810970683074 0.9998785621788342 0.9999341175079921 0.9999650483615935 0.9999818692021327 0.9999908041713794 0.9999954400065001 0.9999977893819254 0.9999989523461418 0.999999514648287 0.9999997802082221 0.9999999027106676 0.9999999579077751 0.9999999822005541 0.9999999926436043 0.9999999970285758 0.9999999988270135 0.9999999995474791 0.9999999998293952 0.999999999937145 0.9999999999773704 0.9999999999920386 0.9999999999972631 0.9999999999990805 0.9999999999996982 0.9999999999999032 0.9999999999999697 0.9999999999999907 0.9999999999999972 0.9999999999999991 0.9999999999999998 1. 1.
1.2162685448778106e-11 3.388558827427792e-11 9.229776015811115e-11 2.4579140317583813e-10 6.399572733276005e-10 1.6291234630766075e-9 4.054957979834914e-9 9.86868689817877e-9 2.34847049758754e-8 5.4648277031684544e-8 1.2435042315335333e-7 2.7670198407109495e-7 6.021259540130336e-7 1.2814141603426327e-6 2.6670864955913007e-6 5.429374675112941e-6 0.00001081057822063884 0.000021055104458339135 0.00004011438009331654 0.00007476595530041465 0.00013633206014045487 0.0002432283182628994 0.0004246066830990626 0.0007253601471256576 0.001212706805597176 0.0019844406857252015 0.003178702044524206 0.004984767364034667 0.007653897832703576 0.01150875638123218 0.01694938899287438 0.02445338647427505 0.0345677439343058 0.04789026052465714 0.06503917387509577 0.08661111956206212 0.11312934244533393 0.14498612492074503 0.1823852814035453 0.22529188267814332 0.27339672976749907 0.32610223540516803 0.382534250111838 0.44158121180689297 0.5019582752442888 0.5622904317457179 0.6212057384869115 0.6774282015810692 0.729859911521612 0.777643702319806 0.8202005646677049 0.8572397151296274 0.8887429276932985 0.9149278369340573 0.9361969655277749 0.9530800077503929 0.9661764728958685 0.9761044288196234 0.9834591792642032 0.9887836737377239 0.9925506349157505 0.9951550261049702 0.996914665123111 0.9980764968322262 0.9988261581890316 0.9992988621728853 0.9995901454946763 0.9997655513844697 0.999868774009812 0.9999281359082226 0.9999614971947552 0.9999798194910705 0.9999896532394592 0.9999948109899874 0.9999974546377846 0.9999987788233597 0.9999994270040288 0.9999997370636635 0.9999998820063445 0.9999999482202524 0.9999999777802222 0.9999999906763866 0.9999999961745658 0.9999999984653226 0.99999999939802 0.9999999997691312 0.9999999999134321 0.9999999999682645 0.9999999999886257 0.9999999999960145 0.9999999999986346 0.9999999999995428 0.9999999999998503 0.999999999999952 0.999999999999985 0.9999999999999953 0.9999999999999987 0.9999999999999996 0.9999999999999999 1.
2.2043629236103952e-11 5.99931810565124e-11 1.5970488655183162e-10 4.158539984855636e-10 1.0592032762137255e-9 2.6390249589740748e-9 6.4319708473437964e-9 1.5335303138871083e-8 3.5768480766821e-8 8.161714247908898e-8 1.8220020939348245e-7 3.979401587017729e-7 8.503622362998006e-7 1.777970385918101e-6 3.6374563237324412e-6 7.281879889855877e-6 0.000014265368453077176 0.000027348860192283668 0.00005131414455426418 0.00009423310722172986 0.0001693821717534214 0.00029803095869848243 0.0005133565204120573 0.0008657219389132815 0.001429487819240528 0.0023113731813656758 0.003660129011983299 0.005676927044701723 0.008625415097399782 0.012839897460585791 0.018729649740206283 0.026777089803708028 0.0375275342482124 0.05156869612356565 0.06949899970807598 0.09188519144911168 0.11921148847672297 0.1518243831134627 0.18987887388292976 0.23329294298777736 0.2817172136362831 0.3345256981485883 0.3908313959686786 0.44952746455031056 0.509351225293256 0.5689649747834671 0.6270450533758041 0.6823693601953957 0.7338937424628967 0.7808093808128381 0.822576111873091 0.8589300410483114 0.8898671863386569 0.9156076946849175 0.9365469868614444 0.9532008449838613 0.9661510218808571 0.9759966744733999 0.9833151608548882 0.9886338667145981 0.9924130556709384 0.9950384778862965 0.9968217088846214 0.9980059058355895 0.9987747673798899 0.999262835218242 0.9995657497248879 0.9997495591453524 0.9998586085378127 0.9999218623208794 0.9999577344791355 0.9999776245455629 0.9999884071248641 0.99999412213183 0.9999970836780674 0.9999985841500644 0.9999993274170935 0.9999996873896646 0.9999998578414251 0.9999999367530673 0.999999972471151 0.999999988277904 0.9999999951170928 0.9999999980102625 0.9999999992068669 0.9999999996907434 0.9999999998820481 0.9999999999559959 0.9999999999839425 0.9999999999942688 0.9999999999979992 0.9999999999993168 0.9999999999997718 0.9999999999999255 0.9999999999999762 0.9999999999999926 0.9999999999999978 0.9999999999999993 0.9999999999999998 1.
3.920100475391223e-11 1.0429769576601201e-10 2.715501734967847e-10 6.918822306275221e-10 1.7251640925361282e-9 4.209735432828947e-9 1.0053470814321491e-8 2.349770438755755e-8 5.375206813070409e-8 1.2034781546299536e-7 2.6373538292544637e-7 5.657187710096459e-7 1.187820192346709e-6 2.4413825571911666e-6 4.912181085962005e-6 9.675782180504156e-6 0.00001865916954346145 0.000035230278754410545 0.00006513018095136706 0.00011790110682688831 0.00020900279819995743 0.0003628412734397651 0.0006169445787345223 0.0010274912184204776 0.0016763072134743217 0.0026792761214436845 0.004195838524891289 0.0064388939737731465 0.009683983315140851 0.014276177505768154 0.020632717497439074 0.029239251464283626 0.040637621897753884 0.055403668477971346 0.07411448321617153 0.09730594747920095 0.12542305595183528 0.15876724544147874 0.19744637602027706 0.241333818860972 0.29004300690452145 0.34292265393707577 0.39907569127358133 0.45740206910165254 0.5166623645564272 0.5755561771200444 0.6328071114571604 0.6872451587008523 0.7378776790608584 0.7839418860986811 0.8249344134294787 0.8606167123946016 0.8909981270629723 0.9163010202754936 0.9369139342783371 0.9533393212714559 0.9661419405713031 0.9759028221570822 0.9831820655034493 0.9884920151413431 0.9922808137701392 0.9949251677442453 0.9967304478075281 0.9979359735768004 0.9987234096577673 0.9992265174069512 0.999540939872596 0.9997331485452864 0.9998480800836081 0.9999153022135727 0.9999537606928806 0.9999752824989638 0.9999870632252505 0.9999933709413764 0.9999966744763817 0.999998366834856 0.9999992148672784 0.9999996305281805 0.9999998298122077 0.9999999232693237 0.9999999661398483 0.9999999853757139 0.9999999938182154 0.9999999974426228 0.9999999989646041 0.9999999995897595 0.9999999998409326 0.9999999999396432 0.9999999999775888 0.999999999991857 0.9999999999971048 0.9999999999989927 0.9999999999996572 0.9999999999998858 0.9999999999999627 0.9999999999999881 0.9999999999999962 0.9999999999999989 0.9999999999999997 0.9999999999999999
6.84577382080426e-11 1.7818467911787812e-10 4.5405664377331646e-10 1.1327927557666316e-9 2.766948588845007e-9 6.6171649458772105e-9 1.5494364544448125e-8 3.552367729949791e-8 7.974740556550714e-8 1.7530031759817284e-7 3.773377299891053e-7 7.953788389731979e-7 1.6418370717580922e-6 3.3190625430166335e-6 6.5712589302557675e-6 0.000012742343504378936 0.000024201316032412937 0.000045023646012905997 0.0000820501287551117 0.00014648116292206235 0.00025619900917878455 0.0004390338649234847 0.0007371876171734298 0.0012129840143137237 0.001956005923601115 0.0030914917243704348 0.004789584554082824 0.007274666966500519 0.010833600067455203 0.015821279436994025 0.022661607274221115 0.031841867758076785 0.04389868840536701 0.059394356865090495 0.07888326727148108 0.10286963784140908 0.13175922015366567 0.16580926888016348 0.20508225912174388 0.24940942489197035 0.2983699114223307 0.35129008453561883 0.4072654014142443 0.46520448754014165 0.5238921075062669 0.5820650632987137 0.638493178132306 0.6920567743555331 0.7418125713650986 0.7870416163976108 0.827275403768261 0.8622992774471765 0.892135043791108 0.9170070014106071 0.9372970219259698 0.9534947737753405 0.9661487416067767 0.9758225711689075 0.9830597590581144 0.9883581129681642 0.9921539868042837 0.9948152158262492 0.9966410124357192 0.9978668197018246 0.9986721826061511 0.9991899809681287 0.9995157646496199 0.9997163492411252 0.9998372044517694 0.999908462306304 0.9999495772440625 0.9999727921027545 0.9999856193050423 0.9999925551170552 0.9999962250838264 0.9999981254022393 0.9999990883218314 0.9999995657994819 0.999999797493823 0.9999999075152142 0.9999999586407815 0.999999981889468 0.9999999922351221 0.9999999967403493 0.9999999986602318 0.9999999994608615 0.9999999997875908 0.9999999999180705 0.9999999999690621 0.9999999999885628 0.9999999999958608 0.9999999999985335 0.9999999999994913 0.9999999999998272 0.9999999999999426 0.9999999999999813 0.999999999999994 0.9999999999999982 0.9999999999999994 0.9999999999999998
1.1748740410589564e-10 2.993696864634588e-10 7.471437124338824e-10 1.8263718066999468e-9 4.37292913429317e-9 1.0255668009925027e-8 2.355995520979502e-8 5.301702914613911e-8 1.1686889280747307e-7 2.5237022205023354e-7 5.338839406730541e-7 1.1064711284412817e-6 2.2466415401570807e-6 4.469357706493879e-6 8.711491615015454e-6 0.00001663779851712034 0.000031136982500456224 0.00005710282534373325 0.00010262756743396699 0.00018076853587137696 0.0003120780905050956 0.0005281011579984212 0.0008760298203638458 0.001424643434565333 0.0022715378404108166 0.0035514444228246685 0.005445155066740606 0.00818821515017609 0.012078159478971317 0.017478707458681665 0.024819089437284766 0.0345866450145248 0.047311109995367424 0.06353965517239839 0.08380276383918533 0.10857236378754319 0.13821510431878783 0.1729450544904935 0.2127811184348582 0.2575148512170269 0.3066939220621545 0.35962514940687285 0.4153989291170094 0.47293426583587006 0.5310408989385181 0.5884926453744659 0.6441044807987231 0.6968053395433301 0.7456992330766807 0.7901089513274947 0.8295990187066028 0.8639773022346953 0.8932772574074029 0.9177248539527867 0.9376954866721792 0.9536665529948454 0.9661709406146133 0.975755614924446 0.982948095549135 0.9882321397255536 0.9920326382377678 0.9947087304269405 0.9965535246862562 0.9977985585335732 0.9986211812841055 0.9991532976277157 0.9994902734868871 0.9996991921672116 0.9998259988190248 0.9999013505195089 0.9999451864593333 0.9999701527378272 0.9999840735157197 0.9999916725671403 0.9999957336460394 0.9999978584047323 0.9999989467430612 0.9999994925063682 0.9999997604422138 0.9999998892207126 0.999999949816429 0.9999999777307131 0.9999999903198816 0.9999999958783296 0.9999999982810097 0.9999999992977834 0.999999999719032 0.9999999998898912 0.9999999999577373 0.9999999999841125 0.9999999999941507 0.9999999999978908 0.9999999999992552 0.9999999999997424 0.9999999999999127 0.9999999999999711 0.9999999999999907 0.999999999999997 0.9999999999999991 0.9999999999999998
1.9829794896495887e-10 4.94981948640365e-10 1.2106607126619604e-9 2.9015257432269507e-9 6.814135977689499e-9 1.5681429597050477e-8 3.5364030022540904e-8 7.815388074640015e-8 1.6926387092158662e-7 3.5926587633242087e-7 7.473423805212894e-7 1.5236672809442342e-6 3.044693523211957e-6 5.9634438256614205e-6 0.000011449045191994476 0.000021546656104105843 0.00003975121351695761 0.00007189586648927675 0.00012748686826952643 0.000221647078330723 0.00037785300713709066 0.0006316548674480004 0.0010355413300957384 0.0016650344906828471 0.002625960552807643 0.004062627764305959 0.00616635607767212 0.00918346090958401 0.013421436362848671 0.019251774899214348 0.027107683425306357 0.03747500052786856 0.05087496587138795 0.06783818625846606 0.08887017197417978 0.11441009612054275 0.144785795471171 0.18016925816073648 0.22053767759893564 0.2656453619106638 0.3150112205499611 0.3679251772197115 0.42347480597777876 0.48059102724861086 0.5381092102019747 0.5948399219772676 0.6496422099956696 0.701491943881736 0.7495384435429908 0.7931442530663344 0.831905195545487 0.8656503697735984 0.8944241145979028 0.9184538208782478 0.9381085875520112 0.9538540228584855 0.966208056880612 0.975701641989073 0.9828469183134398 0.9881140615062609 0.9919168181009841 0.9946058083460474 0.9964680979108014 0.9977312989238181 0.998570497968567 0.9991165383271435 0.9994645162877079 0.9996817093517628 0.9998144816183189 0.9998939759154235 0.9999405915659398 0.9999673644204905 0.9999824244126002 0.9999907214286075 0.9999951984194966 0.9999975644349264 0.999998789096225 0.999999409938745 0.9999997181964422 0.9999998681005039 0.9999999394974842 0.9999999728027755 0.999999988019233 0.9999999948281928 0.9999999978123031 0.9999999990932047 0.9999999996317022 0.9999999998534289 0.9999999999428457 0.999999999978163 0.9999999999918253 0.9999999999970017 0.9999999999989225 0.9999999999996206 0.9999999999998692 0.9999999999999558 0.9999999999999853 0.9999999999999952 0.9999999999999984 0.9999999999999996
3.293833829045262e-10 8.059378261461311e-10 1.9330358874355857e-9 4.5449152016306035e-9 1.0475353023706971e-8 2.3668933786744104e-8 5.24284051126992e-8 1.1385287754605102e-7 2.4239465841895165e-7 5.05960759714936e-7 1.0354744295116085e-6 2.0778091499533477e-6 4.088196104068764e-6 7.887417080789179e-6 0.000014922219670779748 0.000027685189918600818 0.000050373079424828985 0.00008988962355008217 0.00015732788237638723 0.0002700933929010059 0.00045484524349195034 0.0007514266252529591 0.0012179157952643934 0.001936837930134126 0.0030224252609684595 0.004628590827962252 0.006956995714471791 0.010264263419078832 0.01486707148939975 0.0211435935523707 0.029529653085695 0.04050806493175163 0.05459004746751392 0.07228831664436958 0.09408249547394953 0.12037869279100087 0.15146635906331138 0.18747660015196807 0.22834679215986653 0.27379639286901947 0.323318169234162 0.3761876576513707 0.4314916844727556 0.488174466212193 0.545097535784893 0.601107877545403 0.655107520552124 0.706117636232986 0.7533309496381266 0.7961478674432079 0.8341938731620473 0.8673180793527386 0.8955749867571587 0.9191931712784069 0.9385356052178975 0.9540565607739087 0.9662596139466056 0.9756603370293618 0.9827560610523832 0.9880038319085722 0.9918065636757409 0.9945065352650354 0.9963848369908677 0.9976651441425834 0.9985202219289653 0.9990797729644301 0.999438543192742 0.9996639337360631 0.9998026724198705 0.999886348633725 0.9999357966676425 0.9999644278033888 0.9999806709680719 0.9999897000839286 0.9999946177868908 0.9999972421373535 0.999998614357597 0.9999993173785116 0.9999996702812932 0.9999998438551487 0.9999999275032159 0.9999999670007389 0.9999999852744239 0.9999999935581307 0.999999997237434 0.9999999988386457 0.999999999521415 0.9999999998066755 0.9999999999234509 0.9999999999702894 0.999999999988697 0.9999999999957851 0.9999999999984595 0.9999999999994482 0.9999999999998062 0.9999999999999334 0.9999999999999776 0.9999999999999926 0.9999999999999976 0.9999999999999992
5.387964969504408e-10 1.293052620445056e-9 3.043108191896381e-9 7.023237253500399e-9 1.5895917150902108e-8 3.528355227651815e-8 7.680832355013391e-8 1.639853534189351e-7 3.433799331154944e-7 7.052302977032338e-7 1.4206504689280776e-6 2.807105650309015e-6 5.440785590077195e-6 0.000010344584819726742 0.00001929441734144933 0.000035305094296153624 0.00006337991924071194 0.00011163432931308664 0.00019293040298377657 0.00032718054489862426 0.0005444869723027681 0.0008892677462475708 0.0014254669584720038 0.0022428431410326122 0.0034641659661402415 0.005252924290854784 0.007820868432107317 0.011434402869862135 0.016418558033032524 0.023157064506464726 0.032087003551143856 0.043686685879161594 0.05845586852350205 0.07688817140449919 0.09943656010493993 0.1264739155824795 0.15825185246504916 0.1948618735275864 0.23620345224089934 0.2819635492564795 0.3316113048358261 0.3844102334905241 0.4394483304285845 0.49568434267132205 0.5520063902271105 0.6072974817096194 0.6605015327314526 0.7106834266226629 0.7570774675361378 0.7991201249625999 0.8364649920964912 0.8689800458614592 0.8967292689554676 0.9199421994050179 0.9389758413948976 0.9542735576407688 0.9663251401412192 0.975631381688765 0.9826753488253519 0.987901392940546 0.9917019001706995 0.9944109861383597 0.9963038384628373 0.9976001918020159 0.9984704392326397 0.9990430701575534 0.9994124043574493 0.9996458989976783 0.9997905918104402 0.9998784798223826 0.9999308067151023 0.9999613441715737 0.9999788125812894 0.9999886071756899 0.9999939902714398 0.9999968902200234 0.9999984215226176 0.999999214104696 0.9999996162101543 0.9999998161724715 0.9999999136419864 0.9999999602115192 0.9999999820211025 0.999999992032743 0.9999999965375428 0.9999999985243608 0.9999999993832814 0.999999999747247 0.9999999998984219 0.9999999999599696 0.999999999984531 0.9999999999941386 0.9999999999978222 0.9999999999992066 0.9999999999997167 0.9999999999999007 0.9999999999999659 0.9999999999999885 0.9999999999999962 0.9999999999999988
8.68472609971348e-10 2.0454617160984933e-9 4.726095112910256e-9 1.0712687887479005e-8 2.3822586824404626e-8 5.197374871058395e-8 1.1124862805960029e-7 2.3363200332171446e-7 4.814036386193425e-7 9.73282522644957e-7 1.930790101767198e-6 3.7584851223919257e-6 7.17940357191541e-6 0.000013457951514515412 0.000024757295384075798 0.00004469727771893213 0.00007920162854955942 0.0001377480716703179 0.00023515834164201883 0.0003940812737842463 0.0006483225122270365 0.0010471481222230758 0.001660624309248024 0.0025859402021916555 0.003954488046893733 0.005939246273442559 0.008761739501979395 0.012697565485452051 0.01807922923568319 0.025294870433276877 0.03478147956653632 0.047011432897174306 0.062471675843518204 0.08163564913937145 0.10492903033389557 0.13269144587692308 0.1651373373450362 0.2023199515453629 0.24410278445504627 0.29014260258433 0.33988733221763817 0.3925906930454855 0.4473436159314635 0.5031204768398457 0.5588363053296949 0.613409688810936 0.6658253333681992 0.715190288069904 0.7607786843840098 0.802061341766791 0.8387184946339603 0.8706358991580515 0.8978863789627471 0.9207002237570836 0.9394286183425041 0.9545044178310098 0.9664041690496266 0.9756144553926698 0.9826045989820362 0.9878066758851767 0.9916028413844132 0.9943192255956202 0.9962251906689654 0.9975365338118172 0.9984212325794447 0.9990064970297674 0.9993861497426129 0.9996276393787467 0.9997782612719128 0.9998703815646157 0.9999256274713233 0.9999581154340063 0.9999768490843808 0.9999874416189563 0.9999933145499905 0.9999965074655042 0.999998209614027 0.9999990993987804 0.9999995554881316 0.9999997847291624 0.9999998977119282 0.9999999523140428 0.9999999781892664 0.9999999902129112 0.9999999956914597 0.9999999981392388 0.9999999992116373 0.9999999996723367 0.9999999998664055 0.9999999999465683 0.999999999979037 0.9999999999919323 0.9999999999969544 0.9999999999988722 0.9999999999995903 0.9999999999998541 0.9999999999999489 0.9999999999999825 0.9999999999999941 0.999999999999998
1.3802282764283957e-9 3.1920672988369287e-9 7.244863842286217e-9 1.6137436003900627e-8 3.527723694064127e-8 7.568686717967631e-8 1.5937614042283944e-7 3.2939308008340296e-7 6.681998567990244e-7 1.3304918356745435e-6 2.6004354305040457e-6 4.989109608924332e-6 9.39635223470849e-6 0.00001737289287355679 0.00003153408441590335 0.000056195762180258184 0.00009832494757058014 0.00016892111738999558 0.00028496356066319057 0.00047207065299272353 0.0007680090437602466 0.0012271542456127947 0.0019259278444069643 0.0029691111590049715 0.0044967563334412 0.006691188089064271 0.00978332988917823 0.014057329402999516 0.019852247309209266 0.02755946929679825 0.03761456517147657 0.05048260328856146 0.06663646060719625 0.08652843692607323 0.11055642550833482 0.13902689950032354 0.17211789099290142 0.20984579408803072 0.25204005313846806 0.2983294874828872 0.34814311820320204 0.4007269628586832 0.4551765126545979 0.5104827443511312 0.5655878276361243 0.6194454375365916 0.671079976992999 0.7196391583331011 0.7644352598806977 0.8049718205405185 0.8409543248815763 0.8722852834757164 0.8990457563254656 0.9214665862077123 0.9398932783242335 0.9547485591405743 0.9664962399276467 0.9756092360876263 0.9825436220361661 0.987719602126714 0.9915093903539659 0.9942313083513203 0.996148973930876 0.9974742563634278 0.9983726811638772 0.9989701190163659 0.9993598289183381 0.9996091895202426 0.9997657030602101 0.9998620668028261 0.9999202654727409 0.999954744110802 0.9999747807452591 0.9999862026113318 0.999992589464816 0.9999960927414322 0.9999979776898873 0.9999989725501476 0.999999487615371 0.9999997491925767 0.9999998795017744 0.999999943179528 0.9999999737032768 0.9999999880557074 0.999999994675593 0.9999999976707039 0.9999999989999726 0.9999999995786679 0.9999999998257973 0.9999999999293202 0.9999999999718591 0.9999999999890055 0.9999999999957849 0.9999999999984143 0.9999999999994147 0.999999999999788 0.9999999999999247 0.9999999999999738 0.999999999999991 0.999999999999997
2.1639717126003455e-9 4.9168965344025546e-9 1.0967915760469284e-8 2.4019267687753153e-8 5.164254940616284e-8 1.0901294794400247e-7 2.2593415770612312e-7 4.597595059070566e-7 9.186222010364047e-7 1.8022447740897714e-6 3.4719651845326595e-6 6.56805555819394e-6 0.000012201531395480315 0.000022260007550987915 0.00003988305081316971 0.0000701816534374067 0.00012129770262286787 0.000205920028958577 0.00034338930770309194 0.0005625281548048033 0.0009053165625331498 0.0014314863744715812 0.0022240219854270764 0.0033954206113021037 0.005094382791691377 0.007512380015882601 0.01088930161985957 0.015517151483320911 0.02174059358499182 0.0299530894317419 0.04058748464033741 0.05410022895627755 0.07094897011164096 0.09156402515456394 0.1163151354420356 0.14547584065657743 0.17918861663255792 0.21743445320581695 0.26001066097849135 0.306520298222244 0.3563756854735005 0.4088171007264044 0.4629460855837644 0.5177710717732114 0.5722615161613619 0.6254056506603757 0.6762664869424165 0.7240309415749786 0.7680478277681642 0.8078518513618727 0.8431724288409697 0.8739278568634246 0.9002068614933203 0.9222406511691669 0.9403691830860278 0.9550054127161485 0.9666008980650871 0.9756154009192763 0.9824922224835029 0.9876400839385996 0.9914215399875665 0.9941472796192934 0.9960752607423189 0.9974134399402642 0.9983248605630286 0.9989339996922736 0.9993334908817662 0.99959058430296 0.9997529400854377 0.9998535492603182 0.9999147279865432 0.9999512333165523 0.9999726082671606 0.9999848896407026 0.9999918140340154 0.9999956450103457 0.9999977248514065 0.9999988328615884 0.999999412090544 0.9999997092227111 0.999999858791837 0.9999999326718735 0.9999999684819372 0.9999999855143398 0.9999999934638348 0.9999999971046276 0.9999999987408608 0.9999999994624451 0.999999999774709 0.9999999999073107 0.9999999999625655 0.9999999999851589 0.9999999999942243 0.9999999999977935 0.9999999999991727 0.9999999999996955 0.99999999999989 0.9999999999999609 0.9999999999999865 0.9999999999999953