2.2459546872005047e-201 1.7529753124442513e-193 9.480045392541435e-186 3.55232254100738e-178 9.223372704838423e-171 1.659399963661717e-163 2.0687379290077316e-156 1.787157040128224e-149 1.0698754737616298e-142 4.438418075345327e-136 1.276026371239141e-129 2.5423800004330397e-123 3.5106258717549816e-117 3.359749555034513e-111 2.22855700136625e-105 1.024595964126066e-99 3.2652215868031244e-94 7.213143204416559e-89 1.1046150709614022e-83 1.1727262424786468e-78 8.631946432732783e-74 4.405316261161227e-69 1.55895878525015e-64 3.825760622914767e-60 6.5112897631898285e-56 7.686478334466985e-52 6.29432830389974e-48 3.575935323410722e-44 1.4096528628215599e-40 3.856466206892959e-37 7.323260261570534e-34 9.654991771425606e-31 8.839778606246859e-28 5.622121074096359e-25 2.4847193042545713e-22 7.633938893368763e-20 1.6312618517909437e-17 2.4257959529189873e-15 2.5121572445623767e-13 1.8133369790891032e-11 9.133139199158058e-10 3.21416342336195e-8 7.91755191590728e-7 0.000013683551801696093 0.00016643574563297397 0.0014308517599913501 0.008747055312147218 0.038355705597871464 0.12220515225092358 0.2884313361089408 0.5191767011007556 0.7434917682596371 0.8962029393123121 0.9689981445615687 0.9932882194419996 0.9989593897176892 0.9998854019557339 0.9999910869025208 0.9999995123859546 0.9999999812919449 0.9999999994977498 0.9999999999905809 0.9999999999998768 0.9999999999999989 1. 1. 1. 1. 1. 1. 1. 1. 1. 1. 1. 1. 1. 1. 1. 1. 1. 1. 1. 1. 1. 1. 1. 1. 1. 1. 1. 1. 1. 1. 1. 1. 1. 1. 1. 1.
3.6773965838055125e-201 2.842064634885221e-193 1.5219046247170275e-185 5.64687910785695e-178 1.451794538713577e-170 2.5863423755897353e-163 3.19271541570756e-156 2.731099436283677e-149 1.6189311618536393e-142 6.650342691908771e-136 1.893199877051337e-129 3.735069109477773e-123 5.106983754195943e-117 4.839594788824894e-111 3.1786921096523748e-105 1.4471064247873337e-99 4.5665071120988956e-94 9.988959791322501e-89 1.514717148797089e-83 1.5923655961966065e-78 1.1605963709018703e-73 5.865117753703693e-69 2.0552392262002952e-64 4.9943005503935e-60 8.416939129366308e-56 9.838890687375654e-52 7.978130223792399e-48 4.488239302721965e-44 1.7520035335600962e-40 4.746252769496731e-37 8.924969015448299e-34 1.1651928490605172e-30 1.0564139258749177e-27 6.653397177437867e-25 2.9118933458425886e-22 8.859451555365401e-20 1.874770170440699e-17 2.760910169288272e-15 2.831571984349306e-13 2.0241998456512087e-11 1.0097253025539337e-9 3.5194723964230914e-8 8.587180337451551e-7 0.000014700763255021045 0.00017713791101139505 0.0015088374874230959 0.009140643132734584 0.03973149268242718 0.12553591622977833 0.2940162893883787 0.5256627211022635 0.7487087591320783 0.8991092693081328 0.9701195246117296 0.993587889795928 0.9990148545609179 0.9998925120417121 0.999991718172256 0.9999995512044 0.9999999829452171 0.9999999995465176 0.9999999999915772 0.9999999999998909 0.999999999999999 1. 1. 1. 1. 1. 1. 1. 1. 1. 1. 1. 1. 1. 1. 1. 1. 1. 1. 1. 1. 1. 1. 1. 1. 1. 1. 1. 1. 1. 1. 1. 1. 1. 1. 1. 1.
6.329533834011417e-201 4.838909895670967e-193 2.563206325646171e-185 9.407785252330734e-178 2.392583401125544e-170 4.216297304727279e-163 5.148598013484261e-156 4.356624725778682e-149 2.5546135207568766e-142 1.0380669811665413e-135 2.92322818627495e-129 5.704928257223204e-123 7.716169260618816e-117 7.233233028757089e-111 4.699575252613132e-105 2.116400460799238e-99 6.606468007657685e-94 1.429532154863105e-88 2.1443435925080917e-83 2.229952213643087e-78 1.607773116832654e-73 8.0373337942759e-69 2.786059538650802e-64 6.697250925238442e-60 1.116532157732334e-55 1.2910996234253704e-51 1.0356497343175689e-47 5.763519002945293e-44 2.2256080084251837e-40 5.964428505325844e-37 1.1095109708139267e-33 1.4329552759083103e-30 1.2852345578623391e-27 8.007727265898824e-25 3.4670782839058045e-22 1.04357361332424e-19 2.1847371142060525e-17 3.1830729485315383e-15 3.2297967857446166e-13 2.284371796852525e-11 1.1274524035958255e-9 3.888429802645178e-8 9.388046274465447e-7 0.000015904765286740268 0.00018967447221440647 0.001599246856595583 0.009592220597811684 0.04129368642003095 0.12927892920550768 0.3002277191973829 0.5328018568566055 0.7543918357089783 0.9022425924392828 0.9713160190127844 0.9939043360546913 0.9990728205257655 0.9998998661493357 0.9999923643778327 0.9999995905317995 0.999999984602908 0.999999999594912 0.9999999999925557 0.9999999999999045 0.9999999999999991 1. 1. 1. 1. 1. 1. 1. 1. 1. 1. 1. 1. 1. 1. 1. 1. 1. 1. 1. 1. 1. 1. 1. 1. 1. 1. 1. 1. 1. 1. 1. 1. 1. 1. 1. 1.
1.145133196073607e-200 8.651228803737871e-193 4.528559216448048e-185 1.6425188228420516e-177 4.1279724436775604e-170 7.188660313261128e-163 8.674671917218364e-156 7.2537384416329585e-149 4.203247497312856e-142 1.6878487539840506e-135 4.6969903283128206e-129 9.058501677691841e-123 1.2107587890558569e-116 1.1216014218988682e-110 7.20137557279651e-105 3.204837799284264e-99 9.886203454760695e-94 2.1140090488811887e-88 3.1337241450971613e-83 3.2204478078780203e-78 2.2945668601749012e-73 1.133559250190719e-68 3.8831128002161904e-64 9.224542315789369e-60 1.5197758053076776e-55 1.7367193057721503e-51 1.376721532021194e-47 7.571574983761493e-44 2.8894466890983576e-40 7.652527286008257e-37 1.4068266275695341e-33 1.7956342069597432e-30 1.5916506001824014e-27 9.800747938888794e-25 4.1937591450422586e-22 1.2475532321870844e-19 2.5813021851914453e-17 3.7170551400698716e-15 3.727790337175396e-13 2.606037899569405e-11 1.2713559538779439e-9 4.334314280729595e-8 1.0344927061077826e-6 0.000017327021861036163 0.0002043158754416573 0.0017036400274426673 0.010107741303822804 0.04305689940280059 0.13345577145939244 0.307080644685636 0.5405891869360318 0.760520781703942 0.9055835244932211 0.9725773647079838 0.9942341623317072 0.9991325544453271 0.9999073589022206 0.9999930153260508 0.9999996297002247 0.9999999862352472 0.9999999996420281 0.9999999999934976 0.9999999999999176 0.9999999999999993 1. 1. 1. 1. 1. 1. 1. 1. 1. 1. 1. 1. 1. 1. 1. 1. 1. 1. 1. 1. 1. 1. 1. 1. 1. 1. 1. 1. 1. 1. 1. 1. 1. 1. 1. 1.
2.1774638942486905e-200 1.623986440629919e-192 8.39217541341978e-185 3.0049346613873484e-177 7.455416947390322e-170 1.2817221528942149e-162 1.5268982636161611e-155 1.2604638808881513e-148 7.210499141239836e-142 2.8584207502799007e-135 7.852808309833419e-129 1.4951159505613386e-122 1.9728307189003708e-116 1.8042012510715033e-110 1.1436067855775539e-104 5.024383698305475e-99 1.530109362609019e-93 3.230105614832276e-88 4.7270308258932364e-83 4.795817446959258e-78 3.373391998501685e-73 1.6452471404130099e-68 5.56402379593027e-64 1.3048999454386998e-59 2.122446926459232e-55 2.394492953999331e-51 1.8739523850340975e-47 1.0174880732746505e-43 3.833459307585e-40 1.0023442027704738e-36 1.8192465080571815e-33 2.2925110612092198e-30 2.006264123142083e-27 1.2196951351444179e-24 5.152915540323009e-22 1.5134669230403185e-19 3.091898290027136e-17 4.396102126805523e-15 4.3532620686416015e-13 3.0050637927407737e-11 1.4476671954688059e-9 4.8738801416604026e-8 1.1488580547905727e-6 0.00001900594181001499 0.00022138656471659771 0.001823854751130319 0.010694081686046325 0.04503763947307892 0.1380901414982677 0.31459063656021924 0.5490181425237395 0.7670730791316237 0.9091112840713224 0.9738928618083735 0.994573917717006 0.999193329917497 0.9999148885709856 0.9999936614397349 0.9999996680998993 0.9999999878158825 0.9999999996870913 0.9999999999943874 0.9999999999999298 0.9999999999999993 1. 1. 1. 1. 1. 1. 1. 1. 1. 1. 1. 1. 1. 1. 1. 1. 1. 1. 1. 1. 1. 1. 1. 1. 1. 1. 1. 1. 1. 1. 1. 1. 1. 1. 1. 1.
4.351216296797035e-200 3.2004821705870943e-192 1.6311021080797933e-184 5.7599075024403284e-177 1.409375146724979e-169 2.3895883725637895e-162 2.807464030931025e-155 2.2856502945344287e-148 1.2894971885460216e-141 5.041472006825433e-135 1.3659437330542893e-128 2.5648372332497726e-122 3.337739432283622e-116 3.010411446096219e-110 1.88189988146688e-104 8.15421585254235e-99 2.4490759514490305e-93 5.09891425581935e-88 7.359215688769295e-83 7.363577199543855e-78 5.108309539645151e-73 2.4571232150473996e-68 8.195425229474527e-64 1.8956053343253566e-59 3.0408666981513654e-55 3.3834968120362544e-51 2.6115868827556484e-47 1.3985283899831199e-43 5.196745758326588e-40 1.3401676501478814e-36 2.399047488466811e-33 2.9817258519711456e-30 2.573699910663369e-27 1.5432629747688206e-24 6.430826135016143e-22 1.8630272117626978e-19 3.754160855671018e-17 5.2651122313483704e-15 5.143041735100479e-13 3.502197916811538e-11 1.6644015254190384e-9 5.5283178988615116e-8 1.2857240300827333e-6 0.000020988423364496712 0.0002412753987987626 0.0019620509207931578 0.0113591545061243 0.04725445169010362 0.14320784506032636 0.3227735481674095 0.5580802061578493 0.7740238483471745 0.9128038235250562 0.9752515003588351 0.9949201513361419 0.9992544411510589 0.9999223592379647 0.9999942939742312 0.9999997051932071 0.9999999893224668 0.9999999997294728 0.9999999999952132 0.9999999999999409 0.9999999999999996 1. 1. 1. 1. 1. 1. 1. 1. 1. 1. 1. 1. 1. 1. 1. 1. 1. 1. 1. 1. 1. 1. 1. 1. 1. 1. 1. 1. 1. 1. 1. 1. 1. 1. 1. 1.
9.136621262930212e-200 6.6210570314566246e-192 3.3245305816553594e-184 1.1566508425269858e-176 2.78837579606797e-169 4.657856244444451e-162 5.39157761327692e-155 4.3246457149487e-148 2.4038130275007145e-141 9.259289327658997e-135 2.471687867776471e-128 4.572584049654823e-122 5.862677193615324e-116 5.2096880057187264e-110 3.208672366805657e-104 1.3697926023321981e-98 4.053399775985122e-93 8.314580822803531e-88 1.1823352080915369e-82 1.1655890091642505e-77 7.966773814957585e-73 3.775567095072794e-68 1.2407324897839285e-63 2.8275323030089034e-59 4.469014779979156e-55 4.8993324218696465e-51 3.7259288255646686e-47 1.9659062190782163e-43 7.197592209519958e-40 1.8288680353835252e-36 3.2257687847866404e-33 3.950367406672757e-30 3.359757921872744e-27 1.9850710343201456e-24 8.150714296007766e-22 2.3267456022600595e-19 4.6201171539144247e-17 6.385130678816788e-15 6.146367405515487e-13 4.12470775828645e-11 1.931910324188361e-9 6.324509283979996e-8 1.4498526932866488e-6 0.00002333178301125764 0.00026444833252771 0.0021207632448889666 0.012112038116191331 0.04972806947722871 0.14883676288737713 0.3316452060131188 0.5677645950549812 0.7813458061257986 0.9166379795439226 0.9766420929254596 0.9952694666190987 0.9993152158520326 0.9999296826864992 0.9999949051920343 0.9999997405248566 0.9999999907370203 0.9999999997686979 0.9999999999959666 0.9999999999999509 0.9999999999999996 1. 1. 1. 1. 1. 1. 1. 1. 1. 1. 1. 1. 1. 1. 1. 1. 1. 1. 1. 1. 1. 1. 1. 1. 1. 1. 1. 1. 1. 1. 1. 1. 1. 1. 1. 1.
2.0156852454729826e-199 1.4376893470376962e-191 7.105080640446005e-184 2.4330008049903496e-176 5.772885415879615e-169 9.491388739444698e-162 1.0813393411047303e-154 8.53688797554482e-148 4.670389619593483e-141 1.7706550910240818e-134 4.652157192351126e-128 8.47085950241372e-122 1.0689746978997722e-115 9.349524157994268e-110 5.667744438949921e-104 2.381483633176011e-98 6.936190311201554e-93 1.400398553969412e-87 1.9600298919181996e-82 1.9018639169343186e-77 1.279468692026806e-72 5.968207797782775e-68 1.9304386220117356e-63 4.3301527629459755e-59 6.73638850639754e-55 7.268989646394376e-51 5.441214897572423e-47 2.825862181373314e-43 1.0183693165286735e-39 2.5470283295294574e-36 4.422032492850172e-33 5.3305009244924715e-30 4.462576114793022e-27 2.5954160294672085e-24 1.0490281390385644e-21 2.947878133999229e-19 5.762263371115597e-17 7.83974479216245e-15 7.429473455772359e-13 4.908617345741245e-11 2.2636199460379166e-9 7.29667171692179e-8 1.6471895810885695e-6 0.000026106165859781998 0.0002914638434405092 0.0023029633650257387 0.012963122875239232 0.05248157308199183 0.15500679135383724 0.34122105677285475 0.5780579335161802 0.7890092471729808 0.9205896440976489 0.9780534113281789 0.9956185736693779 0.999375026831661 0.9999367799657226 0.9999954884914568 0.9999997737280519 0.9999999920460723 0.9999999998044435 0.9999999999966425 0.9999999999999598 0.9999999999999997 1. 1. 1. 1. 1. 1. 1. 1. 1. 1. 1. 1. 1. 1. 1. 1. 1. 1. 1. 1. 1. 1. 1. 1. 1. 1. 1. 1. 1. 1. 1. 1. 1. 1. 1. 1.
4.671595959227035e-199 3.276211358899849e-191 1.5919906428320247e-183 5.360172408203003e-176 1.250532084301784e-168 2.0216104391187468e-161 2.2646232681404444e-154 1.7579246989559888e-147 9.45629535932408e-141 3.5250855613038684e-134 9.106645462949174e-128 1.6304238281541234e-121 2.023066347658196e-115 1.7398131378130222e-109 1.0370377089226679e-103 4.284537441546358e-98 1.2270162950433276e-92 2.43587496908477e-87 3.3522867349458785e-82 3.1984108491762398e-77 2.1157393572455499e-72 9.7041077098758e-68 3.086373478207716e-63 6.807353795186279e-59 1.0413263951693976e-54 1.1048942346420177e-50 8.132648069582619e-47 4.153166879554572e-43 1.471733768825128e-39 3.619569831935161e-36 6.179432253601737e-33 7.324921933291033e-30 6.030239965887585e-27 3.4488675951988096e-24 1.3708345203162105e-21 3.788305654814535e-19 7.282445858754342e-17 9.74424504682318e-15 9.082029507779386e-13 5.901781920934442e-11 2.677025305766612e-9 8.488519654187935e-8 1.8851778018040871e-6 0.00002939756039688151 0.0003229916891854318 0.0025121329443518765 0.013924276091181409 0.05554055281427649 0.16174974931760674 0.351515768316438 0.5889439199773583 0.7969820546129789 0.9246339559646081 0.9794743256027727 0.9959643386398729 0.9994333020598924 0.9999435825956735 0.9999960384875218 0.9999998045267378 0.9999999932405956 0.9999999998365319 0.9999999999972395 0.9999999999999675 0.9999999999999998 1. 1. 1. 1. 1. 1. 1. 1. 1. 1. 1. 1. 1. 1. 1. 1. 1. 1. 1. 1. 1. 1. 1. 1. 1. 1. 1. 1. 1. 1. 1. 1. 1. 1. 1. 1.
1.1372423627202787e-198 7.834073413836755e-191 3.7392505884151903e-183 1.2366634937320043e-175 2.833979829237204e-168 4.500170434024977e-161 4.951736201176543e-154 3.775655399436267e-147 1.9950059517487188e-140 7.305071867588479e-134 1.85372600849096e-127 3.260022372601962e-121 3.9734144447307167e-115 3.356532055614566e-109 1.9652510564660164e-103 7.975605142507915e-98 2.2436093498024363e-92 4.375122304836246e-87 5.914470166104244e-82 5.5430617816833055e-77 3.6018020933390253e-72 1.6227704001187098e-67 5.069854295123067e-63 1.098431014374142e-58 1.6505586430604606e-54 1.7203500139348774e-50 1.2438924039545578e-46 6.240048935414068e-43 2.1721964495659213e-39 5.2479775715648164e-36 8.801430400808792e-33 1.0249025005818886e-29 8.28886457058747e-27 4.657200272663171e-24 1.818568525566074e-21 4.937371034544368e-19 9.324938523206441e-17 1.2258836191827037e-14 1.1226229914682966e-12 7.16813405505213e-11 3.1950312262870854e-9 9.9561141984615e-8 2.173161951435776e-6 0.00003331157297072161 0.0003598357071137731 0.002752349476425237 0.015009026799198905 0.058933273717302885 0.16909924384603128 0.36254278298140064 0.6004029954195829 0.8052297450201106 0.9287455125093653 0.9808939430506929 0.9963038290670734 0.9994895329397159 0.9999500333925173 0.9999965510454889 0.9999998327341826 0.999999994315762 0.9999999998649161 0.9999999999977586 0.999999999999974 0.9999999999999998 1. 1. 1. 1. 1. 1. 1. 1. 1. 1. 1. 1. 1. 1. 1. 1. 1. 1. 1. 1. 1. 1. 1. 1. 1. 1. 1. 1. 1. 1. 1. 1. 1. 1. 1. 1.
2.9075161208879464e-198 1.9653883782467628e-190 9.205287292467923e-183 2.987423254916723e-175 6.71792032644469e-168 1.0467920111520595e-160 1.1302715054300283e-153 8.456915727519805e-147 4.384890913965e-140 1.5755589169642565e-133 3.923303572163849e-127 6.770548834833739e-121 8.097759032111112e-115 6.712592708135757e-109 3.8567096606759607e-103 1.5358999733379879e-97 4.239825344842594e-92 8.113224862858876e-87 1.076274396378115e-81 9.898334169003047e-77 6.311592983083028e-72 2.790516756934642e-67 8.555261808241602e-63 1.8189591051607344e-58 2.682228152674892e-54 2.7434606745660827e-50 1.946636122085565e-46 9.583259210015614e-43 3.2737935463642156e-39 7.762029545306947e-36 1.277534115604382e-32 1.4599677198759172e-29 1.1587869985086965e-26 6.389823396140064e-24 2.4488254225877413e-21 6.525272458067163e-19 1.209584524649442e-16 1.560781746108914e-14 1.4029700349747325e-12 8.793576879820143e-11 3.847770697675629e-9 1.1771632027741551e-7 2.5229086554119466e-6 0.00003797815834455743 0.0004029615182844178 0.003028386806126898 0.016232771543213516 0.06269083735804433 0.17709048680701364 0.37431382230757293 0.6124120210738646 0.813715553401966 0.932898600711628 0.9823017450363616 0.9966343541902215 0.9995432806366519 0.9999560869089128 0.9999970232694969 0.9999998582483192 0.9999999952705483 0.9999999998896631 0.9999999999982028 0.9999999999999796 0.9999999999999998 1. 1. 1. 1. 1. 1. 1. 1. 1. 1. 1. 1. 1. 1. 1. 1. 1. 1. 1. 1. 1. 1. 1. 1. 1. 1. 1. 1. 1. 1. 1. 1. 1. 1. 1. 1.
5.600829588302427e-174 4.130817870444209e-167 2.2077601978454052e-160 8.550817990472944e-154 2.4000018798991843e-147 4.88171530407363e-141 7.196140663338306e-135 7.687819853982278e-129 5.9524238402119816e-123 3.34028177338746e-117 1.3585740988954795e-111 4.0050489490110063e-106 8.557973389358181e-101 1.3255255976432386e-95 1.4882508392274537e-90 1.2113039656822675e-85 7.147248055270839e-81 3.057417655996816e-76 9.48253244325918e-72 2.132422389806581e-67 3.477199744221199e-63 4.111729851404696e-59 3.526081027514716e-55 2.1931620883178643e-51 9.894687544987328e-48 3.238421897118083e-44 7.689843509652087e-41 1.3249932245474058e-37 1.656872108594008e-34 1.503902627448824e-31 9.910439711996488e-29 4.742514338193007e-26 1.648475862353524e-23 4.16341255538306e-21 7.64305976012072e-19 1.0202884545047998e-16 9.909227333408905e-15 7.006269835332517e-13 3.609045494121084e-11 1.3556931593888534e-9 3.717927996405954e-8 7.455129274438814e-7 0.000010951061729689357 0.00011814068103356234 0.0009391956783567294 0.005527711403035804 0.024243854394813528 0.0799815342455661 0.2012056226738608 0.3937919114814657 0.6173100939678311 0.8068363016733171 0.9242381220442628 0.9773599548676655 0.9949138457280999 0.9991488645146731 0.9998945806017379 0.9999903801303378 0.9999993553912335 0.9999999683610543 0.9999999988646611 0.999999999970258 0.9999999999994318 0.9999999999999921 1. 1. 1. 1. 1. 1. 1. 1. 1. 1. 1. 1. 1. 1. 1. 1. 1. 1. 1. 1. 1. 1. 1. 1. 1. 1. 1. 1. 1. 1. 1. 1. 1. 1. 1. 1.
1.3104164568176442e-153 1.5069410645715992e-147 1.3039223345238748e-141 8.489526450741129e-136 4.159103711756187e-130 1.5332373121519947e-124 4.253258213565252e-119 8.87864930850336e-114 1.3947474933236519e-108 1.6488431238632255e-103 1.4669338325299875e-98 9.82205742485186e-94 4.9495933607731916e-89 1.87727188084899e-84 5.359104137463336e-80 1.1515498890635327e-75 1.8625957376993014e-71 2.2678861008964943e-67 2.0788068260277692e-63 1.4345740778647697e-59 7.4537696442215995e-56 2.9161115138625796e-52 8.590960422772967e-49 1.906016617776139e-45 3.184939557858461e-42 4.008780758709859e-39 3.8011299182878345e-36 2.715574364399986e-33 1.4619289077789101e-30 5.931744666119892e-28 1.8143335736931247e-25 4.1843697404500466e-23 7.278408661019061e-21 9.551473087046734e-19 9.45995229203236e-17 7.07420872998201e-15 3.9963034581255106e-13 1.7064640761736522e-11 5.512113352617207e-10 1.348095319736255e-8 2.499208443821986e-7 3.5171746911856224e-6 0.000037644816041291155 0.00030718217003935464 0.001917250034398441 0.009193328617642693 0.03407519979025403 0.0984760392650164 0.2246576893575351 0.4118339874509095 0.6220606474706774 0.800839703185096 0.9159525998737326 0.972066940477893 0.9927735555860512 0.9985565580734989 0.9997786777993849 0.999974059429148 0.9999976830440687 0.9999998426643597 0.999999991891675 0.9999999996833173 0.9999999999906367 0.9999999999997906 0.9999999999999964 1. 1. 1. 1. 1. 1. 1. 1. 1. 1. 1. 1. 1. 1. 1. 1. 1. 1. 1. 1. 1. 1. 1. 1. 1. 1. 1. 1. 1. 1. 1. 1. 1. 1. 1.
1.2205252807345797e-136 2.984632847041278e-131 5.6664878516657785e-126 8.352638613033968e-121 9.559350216819056e-116 8.494480437150305e-111 5.86082081123357e-106 3.139809493730028e-101 1.3061172051103252e-96 4.21897101318024e-92 1.0582514362781305e-87 2.0613059582265127e-83 3.118040025590683e-79 3.662874687499064e-75 3.341799314915178e-71 2.3679623397731073e-67 1.3032420973476725e-63 5.571252118027581e-60 1.8500412682394114e-56 4.772397574648049e-53 9.564155261175732e-50 1.489163758458266e-46 1.801600103735697e-43 1.6936839670441927e-40 1.237389856686455e-37 7.02632031639501e-35 3.1013387485440746e-32 1.0642153946311745e-29 2.839460381490375e-27 5.891744998172841e-25 9.509124568983204e-23 1.1940568174518815e-20 1.166842051846131e-18 8.876365351791479e-17 5.258361768737112e-15 2.42684619320941e-13 8.730315228273516e-12 2.449498039902291e-10 5.364186106976663e-9 9.177052227029696e-8 1.227902635831966e-6 0.000012867734028559806 0.00010580490365626076 0.0006842262785887754 0.0034909124730859676 0.01411065520095313 0.04544873858617158 0.11758055362107835 0.24709656001598837 0.42852088994205295 0.6267934754167624 0.7958492730838769 0.9083067686572146 0.966666613343681 0.9902915213011816 0.9977509714177519 0.9995877782770264 0.9999404494297218 0.9999932390008945 0.9999993980555806 0.9999999580445085 0.9999999977137054 0.9999999999026967 0.9999999999967685 0.9999999999999163 0.9999999999999983 1. 1. 1. 1. 1. 1. 1. 1. 1. 1. 1. 1. 1. 1. 1. 1. 1. 1. 1. 1. 1. 1. 1. 1. 1. 1. 1. 1. 1. 1. 1. 1. 1. 1.
2.3658360093482017e-122 1.5713510376637091e-117 8.319568231755501e-113 3.511358176696245e-108 1.1814205784602158e-103 3.1688217746141356e-99 6.775859643399193e-95 1.1550861201492538e-90 1.5698511871174255e-86 1.7010156927390602e-82 1.4695226339937096e-78 1.0122218636753235e-74 5.559311485913003e-71 2.4346004226184576e-67 8.501832962597017e-64 2.367521013041569e-60 5.257645453929168e-57 9.311646206190112e-54 1.3152940574963988e-50 1.481856632977953e-47 1.3316947089851362e-44 9.546613940627094e-42 5.4597720087977556e-39 2.4912542244739282e-36 9.070309823303116e-34 2.6353221684633123e-31 6.110903462574746e-29 1.1310879170774505e-26 1.6713726238847844e-24 1.9720227211820088e-22 1.8582263420211298e-20 1.3987252406246629e-18 8.412548282594846e-17 4.044052335848473e-15 1.5543727662144067e-13 4.778875163728454e-12 1.1758329994806832e-10 2.3167317702116312e-9 3.657900119675729e-8 4.632343044854631e-7 4.7104430557994795e-6 0.00003851384134487037 0.0002536484231116458 0.0013486455503909508 0.005806484205326772 0.02032408860279408 0.05814825403931565 0.136995230488519 0.2685091373393662 0.44403874427419054 0.6315093739292005 0.7917316979635585 0.9013071162907472 0.9612707212854235 0.987526332612206 0.9967241202389487 0.9993018119202218 0.9998796654360111 0.9999832728672713 0.9999981285597098 0.9999998317477365 0.999999987859715 0.9999999992976696 0.9999999999674506 0.9999999999987923 0.9999999999999641 0.9999999999999991 1. 1. 1. 1. 1. 1. 1. 1. 1. 1. 1. 1. 1. 1. 1. 1. 1. 1. 1. 1. 1. 1. 1. 1. 1. 1. 1. 1. 1. 1. 1. 1. 1.
3.2942853334301324e-110 7.227007099293224e-106 1.2925154747985776e-101 1.8845202816252056e-97 2.240071957883244e-93 2.170841190936016e-89 1.715175263147464e-85 1.1048756638133547e-81 5.803013208852461e-78 2.4850809018708236e-74 8.677342770481236e-71 2.470617938245831e-67 5.7360304253072604e-64 1.0859751042908557e-60 1.6766703204995442e-57 2.1111208555448723e-54 2.1678834283891794e-51 1.8156733470371473e-48 1.2403435568572971e-45 6.911534605625938e-43 3.1416906561044996e-40 1.1650373434558212e-37 3.5248287704396276e-35 8.701535130550356e-33 1.7528934746808843e-30 2.88180049627274e-28 3.866994671958359e-26 4.235878904646722e-24 3.7882655376889996e-22 2.766557751174066e-20 1.650165888171808e-18 8.040862962872222e-17 3.2016852095658573e-15 1.0420473361673794e-13 2.7732130878886903e-12 6.037364763407033e-11 1.0757100594131795e-9 1.5695833455959014e-8 1.8768361337102732e-7 1.840778779274232e-6 0.000014824500537391216 0.00009816336154855036 0.0005353701117270088 0.0024101849629877842 0.008982224770941587 0.027816393291357183 0.07194568435736808 0.15648651216358334 0.2889159389172621 0.45854279055794483 0.6362088267108468 0.7883740348197255 0.8949410195344848 0.9559670977613802 0.9845414846125421 0.9954806622411827 0.9989044842220791 0.9997805247536735 0.999963750880478 0.9999950737041196 0.9999994499521149 0.9999999496015208 0.9999999962142442 0.9999999997670488 0.9999999999882653 0.9999999999995164 0.9999999999999837 0.9999999999999996 1. 1. 1. 1. 1. 1. 1. 1. 1. 1. 1. 1. 1. 1. 1. 1. 1. 1. 1. 1. 1. 1. 1. 1. 1. 1. 1. 1. 1. 1. 1. 1.
8.459450225124404e-100 7.180989107718123e-96 5.0658993357858394e-92 2.970070839146701e-88 1.4471826007697894e-84 5.860504241725316e-81 1.972473671565745e-77 5.5177513310124365e-74 1.2829168921053264e-70 2.4793166826646107e-67 3.9826762658521875e-64 5.3179092005768216e-61 5.902610948993494e-58 5.446284152595275e-55 4.177593370094423e-52 2.664035522292452e-49 1.412412819907463e-46 6.226050709579772e-44 2.2820048084855534e-41 6.95503148331548e-39 1.762741075222515e-36 3.7154881725288056e-34 6.513515246418393e-32 9.497845213765525e-30 1.1520914067433576e-27 1.162647035230258e-25 9.762485637623125e-24 6.821555589858537e-22 3.967193679997944e-20 1.920594503734702e-18 7.741516758720179e-17 2.5986798912254073e-15 7.266562768508319e-14 1.6931130072320265e-12 3.288338942144841e-11 5.325750254558673e-10 7.196340607940855e-9 8.11753072607459e-8 7.649350309971186e-7 6.026810698690305e-6 0.00003974416908794721 0.00021966236597584406 0.0010191949297030222 0.00397833505895874 0.013100322916654791 0.03652272505820079 0.08661970626885045 0.17587758257141786 0.3083572843148522 0.47216294312865226 0.6408920820531917 0.7856804227080327 0.8891841264103084 0.950822240137843 0.981399761238898 0.9940354581212387 0.998384774741241 0.9996317141585966 0.9999294607549591 0.9999886710691335 0.9999984765016547 0.9999998286452378 0.9999999838953282 0.999999998736189 0.9999999999172408 0.9999999999954801 0.9999999999997942 0.9999999999999922 0.9999999999999998 1. 1. 1. 1. 1. 1. 1. 1. 1. 1. 1. 1. 1. 1. 1. 1. 1. 1. 1. 1. 1. 1. 1. 1. 1. 1. 1. 1. 1. 1. 1.
8.294978079748971e-91 3.101063848187206e-87 9.796005781394124e-84 2.6147973423879436e-80 5.8977456113279346e-77 1.1240921256749608e-73 1.8104857408595302e-70 2.4641989129740485e-67 2.8343579205010647e-64 2.7551389430559377e-61 2.263365357053617e-58 1.5714536302910368e-55 9.221438270769626e-53 4.573635263606847e-50 1.9173748118506416e-47 6.794435773861783e-45 2.0352628298337444e-42 5.153827932124974e-40 1.1033293971233452e-37 1.9969724913239367e-35 3.0560386157601943e-33 3.95454492735581e-31 4.327323519649881e-29 4.004656661406883e-27 3.1345582706382813e-25 2.0753884890387282e-23 1.1624836434481943e-21 5.509313813599212e-20 2.2095188043094993e-18 7.5000220661923e-17 2.155150126618359e-15 5.243732122382465e-14 1.0805976852829937e-12 1.8865941569192367e-11 2.7914880296293696e-10 3.501984306748612e-9 3.7267018818562924e-8 3.366035027161616e-7 2.582252504201166e-6 0.00001683962471038199 0.00009344815397062644 0.00044184820435897446 0.0017829591505004075 0.006152712220734034 0.01820510110471077 0.04634546156316244 0.10196666184351758 0.1950381452953338 0.32688423258165117 0.4850083721518634 0.6455592083191897 0.7835692540721748 0.8840053764574749 0.9458845934684451 0.9781596538902866 0.9924106681796465 0.9977374816493683 0.9994229336471332 0.99987434708832 0.9999766815338307 0.9999963167992509 0.9999995053704583 0.9999999435735519 0.999999994535882 0.999999999551118 0.9999999999687319 0.9999999999981539 0.9999999999999076 0.9999999999999961 0.9999999999999998 1. 1. 1. 1. 1. 1. 1. 1. 1. 1. 1. 1. 1. 1. 1. 1. 1. 1. 1. 1. 1. 1. 1. 1. 1. 1. 1. 1. 1. 1.
5.487007142358418e-83 1.0053027538309663e-79 1.578972164233499e-76 2.1260631584376008e-73 2.454201807998998e-70 2.428766070035149e-67 2.060686323758781e-64 1.498990942405646e-61 9.348843517480613e-59 4.999195929960895e-56 2.292124960651502e-53 9.011263897059906e-51 3.037783851174484e-48 8.78147312744286e-46 2.1768780695297207e-43 4.627808017530974e-41 8.437444288023433e-39 1.319357408349568e-36 1.7695120521318473e-34 2.0356817449507912e-32 2.0089067776698268e-30 1.7007257671477919e-28 1.235286381508903e-26 7.698351738323821e-25 4.11686491348327e-23 1.889387606573661e-21 7.44240681471257e-20 2.516531413270599e-18 7.305569425317745e-17 1.821140470229312e-15 3.899021788591525e-14 7.171138672647155e-13 1.1333206538691204e-11 1.5394983496865827e-10 1.798117855369401e-9 1.8065345819535026e-8 1.561968388901933e-7 1.1629052802582587e-6 7.46037454029558e-6 0.00004127452847008613 0.00019712891766011654 0.0008137871007553727 0.0029083367149018366 0.009015955576138521 0.02430573800216296 0.05716744992333891 0.11780592386369095 0.21387496139262452 0.3445527342418193 0.49717123149612974 0.6502101346376616 0.7819707986478586 0.8793703550425209 0.941187859875275 0.9748733842187614 0.9906329653194426 0.9969629973585796 0.9991458061223996 0.9997919973921707 0.9999562180243871 0.9999920441539272 0.9999987531994037 0.9999998316304082 0.9999999804211905 0.9999999980406368 0.9999999998313293 0.9999999999875151 0.9999999999992057 0.9999999999999566 0.999999999999998 1. 1. 1. 1. 1. 1. 1. 1. 1. 1. 1. 1. 1. 1. 1. 1. 1. 1. 1. 1. 1. 1. 1. 1. 1. 1. 1. 1. 1. 1.
3.840748023418261e-76 3.7696954331915715e-73 3.212209201127718e-70 2.3763824460912652e-67 1.5263430551679086e-64 8.511775851599544e-62 4.121258939892592e-59 1.7325727305926407e-56 6.324347960874277e-54 2.0045384397096072e-51 5.516960431547453e-49 1.3185167045952602e-46 2.736441493249957e-44 4.9319320491391234e-42 7.719608584024332e-40 1.0493951590085175e-37 1.2389913723196746e-35 1.2705874988442764e-33 1.1318047808744168e-31 8.757797541576327e-30 5.887121095901542e-28 3.438165598952843e-26 1.7446190377048843e-24 7.692407483742587e-23 2.947500015777519e-21 9.815715584908917e-20 2.8413122873053545e-18 7.149956800087644e-17 1.5643765685095617e-15 2.976509543827949e-14 4.925907006291649e-13 7.092103069610748e-12 8.885566661004391e-11 9.690476697075652e-10 9.202475095407048e-9 7.612699930895635e-8 5.488499957490222e-7 3.4505998241680546e-6 0.00001893019058319802 0.00009069624983000289 0.0003798654047991413 0.0013925410815892206 0.0044749178697795575 0.01262962528375165 0.03138162696445886 0.06886266230676734 0.13398156529344912 0.23232370834128926 0.3614199322351207 0.5087296751074785 0.6548446812400948 0.7808252320820398 0.8752434927737778 0.9367540062781556 0.9715860718800134 0.988731168114476 0.9960665789315517 0.9987944543219835 0.9996761744884826 0.9999238782949003 0.9999843592649698 0.999997193694599 0.9999995606656185 0.9999999400277058 0.9999999928655383 0.9999999992606936 0.9999999999332934 0.9999999999947611 0.999999999999642 0.9999999999999787 0.9999999999999989 1. 1. 1. 1. 1. 1. 1. 1. 1. 1. 1. 1. 1. 1. 1. 1. 1. 1. 1. 1. 1. 1. 1. 1. 1. 1. 1. 1. 1.
4.077181383249483e-70 2.3101883662643984e-67 1.1491468124811957e-64 5.018249665894196e-62 1.923915528084595e-59 6.475683842154838e-57 1.9136419775101477e-54 4.965023632732092e-52 1.1310411563832203e-49 2.262265711939439e-47 3.973099582266313e-45 6.127021129259504e-43 8.296938902286637e-41 9.866216355202054e-39 1.0303019413139314e-36 9.448826233030336e-35 7.610453820932263e-33 5.383741929246231e-31 3.345203118132068e-29 1.8257912646007277e-27 8.75383580775406e-26 3.687188755764694e-24 1.3645086134396388e-22 4.4368931652910245e-21 1.2677844125064204e-19 3.1836278047350593e-18 7.026867560222357e-17 1.3633969350920827e-15 2.3257859422360228e-14 3.488819201228361e-13 4.602915515849785e-12 5.3423193298531276e-11 5.456067136108548e-10 4.904676537642151e-9 3.882131174387233e-8 2.7066530607417366e-7 1.6630355933066954e-6 9.009877740061689e-6 0.00004306986931452905 0.00018180821294847135 0.0006783620035986478 0.0022399373950073593 0.006555076338923663 0.017032857512580435 0.03938881549268422 0.08130410732665744 0.15036176702098744 0.25034226872787857 0.3775418867879025 0.5197502942048244 0.6594625824158737 0.7800810101213836 0.871589473743615 0.9325958456037375 0.9683356558535499 0.9867344004304239 0.9950573618268794 0.9983657406953923 0.9995213028835916 0.9998759564865801 0.9999715965559162 0.9999942581587504 0.999998976037194 0.9999998390114213 0.9999999776975186 0.9999999972787805 0.9999999997076789 0.9999999999723623 0.999999999997701 0.9999999999998317 0.9999999999999891 0.9999999999999993 1. 1. 1. 1. 1. 1. 1. 1. 1. 1. 1. 1. 1. 1. 1. 1. 1. 1. 1. 1. 1. 1. 1. 1. 1. 1. 1. 1.
8.776845039179341e-65 3.058365517670472e-62 9.448410335265209e-60 2.5879410341218844e-57 6.284701576954137e-55 1.353189212207786e-52 2.583363414722371e-50 4.372962735619089e-48 6.5635717601279966e-46 8.735556283528274e-44 1.0309540207797644e-41 1.0789464904166166e-39 1.0013523280127864e-37 8.241684295415433e-36 6.015947340598717e-34 3.8946587091710593e-32 2.2363100793459702e-30 1.1389732518115474e-28 5.145617821617322e-27 2.0621954780597005e-25 7.331936723515933e-24 2.31278479702697e-22 6.473119159732949e-21 1.6076505869117074e-19 3.543327851232999e-18 6.931372907025064e-17 1.203559338595535e-15 1.855301112784732e-14 2.539367716596435e-13 3.086563625550361e-12 3.332326129361418e-11 3.196232720525984e-10 2.7243191559666904e-9 2.0641115111064313e-8 1.3906282309019313e-7 8.334188629680192e-7 4.445203780020195e-6 0.00002111225639306773 0.00008934629979460998 0.00033717777494623617 0.0011357828634987798 0.003418933816787874 0.009210156289603273 0.02224315859317822 0.04826644825888617 0.09436928598895335 0.16683697387493085 0.2679053458554067 0.3929722362745807 0.5302900885860234 0.6640635041233245 0.7796935307622748 0.8683741068705564 0.9287191741959773 0.9651532715718851 0.9846707664420558 0.9939473081522814 0.9978592245697596 0.9993228477861776 0.9998086947281404 0.9999517796076438 0.9999891652785449 0.999997831431834 0.9999996136030829 0.9999999387398565 0.9999999913618975 0.9999999989170851 0.9999999998793387 0.999999999988054 0.9999999999989494 0.999999999999918 0.9999999999999942 0.9999999999999997 1. 1. 1. 1. 1. 1. 1. 1. 1. 1. 1. 1. 1. 1. 1. 1. 1. 1. 1. 1. 1. 1. 1. 1. 1. 1. 1.
4.8540345867060724e-60 1.0977694620773455e-57 2.220454362623557e-55 4.0170096336684907e-53 6.499839098294082e-51 9.40697512350597e-49 1.2177400447714494e-46 1.4100242521456402e-44 1.460417047378499e-42 1.3530605071962087e-40 1.1213988588732064e-38 8.314173174480185e-37 5.514531513591685e-35 3.272234828520688e-33 1.7371748664935813e-31 8.251334736445701e-30 3.506762815879718e-28 1.3335575718406642e-26 4.537994444287874e-25 1.3819386962678122e-23 3.7662964674790585e-22 9.186967859389318e-21 2.0058390157382493e-19 3.920341809176063e-18 6.859582208068616e-17 1.0746420852009661e-15 1.5075594343330686e-14 1.894033546874803e-13 2.1314196457961365e-12 2.148781396592382e-11 1.9410704399561686e-10 1.5714901422597531e-9 1.1405457957642695e-8 7.422846273216455e-8 4.333419752292555e-7 2.2701971318507944e-6 0.000010677466104567774 0.000045110737768662284 0.0001713083341696945 0.0005851927786091993 0.001799889194996012 0.00499011932605788 0.01248813678026847 0.02825862544256948 0.05794257861081485 0.10794365126412322 0.18331746555855288 0.2850002222099222 0.4077614678047836 0.5403980652057259 0.6686470576757266 0.779624033227375 0.8655648361798765 0.9251244997879184 0.9620638736067045 0.9825664718998808 0.9927502152805128 0.9972769155915244 0.9990775596875943 0.9997185352675454 0.9999227173967236 0.9999809212011666 0.9999957681354082 0.9999991571073177 0.999999849318477 0.9999999758334814 0.9999999965240003 0.9999999995517466 0.9999999999481881 0.9999999999946334 0.999999999999502 0.9999999999999586 0.9999999999999969 0.9999999999999998 1. 1. 1. 1. 1. 1. 1. 1. 1. 1. 1. 1. 1. 1. 1. 1. 1. 1. 1. 1. 1. 1. 1. 1. 1. 1.
8.375647200619475e-56 1.2874592667850397e-53 1.783894374308758e-51 2.2280923856341713e-49 2.5086154021521966e-47 2.5461311394418246e-45 2.329607788588699e-43 1.9215444085002534e-41 1.4288760273016708e-39 9.57914832247295e-38 5.7897530963371156e-36 3.155059144584468e-34 1.5501860992049785e-32 6.867596121777941e-31 2.7433877971272153e-29 9.882107745677904e-28 3.2100502957501895e-26 9.403632485336529e-25 2.4844179284895253e-23 5.920040574431883e-22 1.2724010489106614e-20 2.466912358211576e-19 4.314674052869927e-18 6.808392897174469e-17 9.693607234919387e-16 1.2454231434889799e-14 1.44407923582669e-13 1.5113524772278874e-12 1.4279283072034306e-11 1.2181101970846183e-10 9.384037589487124e-10 6.529965659698177e-9 4.1054311143830524e-8 2.3326973478641603e-7 1.1982691832415668e-6 5.566920075075221e-6 0.000023401144590988883 0.00008905385491155137 0.00030699904805745674 0.0009594419588403801 0.0027207787327664587 0.007008738573137531 0.016422666170592123 0.035060949017707344 0.06833904988385539 0.12192254879653817 0.19973075744905713 0.30162346116387734 0.42195658029204675 0.5501165390361576 0.6732128105064625 0.7798386904025287 0.8631310107783348 0.9218084148170953 0.9590869640063138 0.9804453025664641 0.9914808545918087 0.996622903249749 0.9987835851953157 0.9996023415906108 0.9998821263704603 0.9999683437808837 0.9999923024702364 0.9999983062358297 0.9999996628992531 0.9999999393406662 0.9999999901345413 0.9999999985502617 0.9999999998075568 0.9999999999769295 0.9999999999975027 0.999999999999756 0.9999999999999785 0.9999999999999982 0.9999999999999999 1. 1. 1. 1. 1. 1. 1. 1. 1. 1. 1. 1. 1. 1. 1. 1. 1. 1. 1. 1. 1. 1. 1. 1. 1.
5.295132895402486e-52 5.756808330130601e-50 5.681399497506669e-48 5.089855570366787e-46 4.1394304405071536e-44 3.056115043028556e-42 2.0483415214243814e-40 1.2463753042388432e-38 6.8852553428264554e-37 3.4532478572987047e-35 1.5724778264332522e-33 6.501355685734301e-32 2.440621980448185e-30 8.31936213431261e-29 2.575072449065358e-27 7.237976806677315e-26 1.8475372201824133e-24 4.282912338401974e-23 9.017347518914852e-22 1.7243995371269305e-20 2.9953304862238723e-19 4.7263993404256084e-18 6.7753087008924e-17 8.824264540431269e-16 1.0442885395725638e-14 1.1230562518337013e-13 1.0976737749387398e-12 9.752001837525954e-12 7.87640473242817e-11 5.784281192813813e-10 3.8631446300263644e-9 2.34691434672918e-8 1.2972576330245643e-7 6.526074859490409e-7 2.9889456821077157e-6 0.000012467823200745142 0.00004738756750580477 0.00016419807917635187 0.0005190058298139655 0.0014976119233789417 0.003948533878528076 0.009522452806782352 0.021033212741380695 0.04261869900824759 0.07937537162765183 0.13621206243925837 0.2160190730494889 0.3177783668083274 0.43560099584392886 0.5594821959491394 0.6777602947342696 0.7803078588496917 0.8610439970397021 0.9187646739158792 0.9562373383785197 0.9783283720028851 0.990154268869132 0.9959029300888682 0.9984404626570704 0.999457568717091 0.9998277613117799 0.9999501082164337 0.9999868244974036 0.9999968295933555 0.9999993051731417 0.9999998613612708 0.9999999748235378 0.9999999958401067 0.9999999993747719 0.9999999999145389 0.9999999999893785 0.9999999999987998 0.9999999999998768 0.9999999999999885 0.999999999999999 1. 1. 1. 1. 1. 1. 1. 1. 1. 1. 1. 1. 1. 1. 1. 1. 1. 1. 1. 1. 1. 1. 1. 1. 1.
1.402227832977548e-48 1.116070087489023e-46 8.114800215319701e-45 5.389960833738179e-43 3.270568464905773e-41 1.8130080653835427e-39 9.18173347851175e-38 4.248233100903649e-36 1.795815339547257e-34 6.935798273813642e-33 2.4475145543746116e-31 7.891539339723848e-30 2.3249862068297288e-28 6.2591735528428206e-27 1.53981511703274e-25 3.461732906905071e-24 7.112330154911601e-23 1.3355045061452737e-21 2.292015614422533e-20 3.5954594709697594e-19 5.155658347201946e-18 6.758305583141716e-17 8.099340561109174e-16 8.874775157249237e-15 8.89206602996324e-14 8.147643063917746e-13 6.828054516826919e-12 5.234261492075507e-11 3.6708966201066773e-10 2.355701592865677e-9 1.3835105418887372e-8 7.437941019118693e-8 3.66132571612539e-7 1.6506786186155578e-6 6.818160990259618e-6 0.000025811739509251535 0.0000895993226233372 0.0002853349960512731 0.000834131154581124 0.002240055508302779 0.0055310339507519644 0.012569896619479635 0.026326027133995084 0.05089054125999314 0.09097164716307769 0.15072910907598933 0.23213701635412679 0.33347304266763916 0.44873462416453136 0.5685269649480574 0.6822890140529823 0.7810054571044653 0.8592771891479076 0.9159850305932324 0.9535257981332315 0.9762340621140776 0.9887852300082047 0.9951239592032943 0.9980490296196896 0.9992823744574061 0.9997575396005041 0.999924808068671 0.9999786090797473 0.9999944204994531 0.999998666229874 0.9999997079042191 0.9999999414146354 0.9999999892414964 0.9999999981915427 0.9999999997217943 0.9999999999608399 0.9999999999949571 0.999999999999406 0.999999999999936 0.9999999999999937 0.9999999999999994 1. 1. 1. 1. 1. 1. 1. 1. 1. 1. 1. 1. 1. 1. 1. 1. 1. 1. 1. 1. 1. 1. 1. 1.
1.7401722892182742e-45 1.0449098517602074e-43 5.764471602337561e-42 2.9217445401949046e-40 1.3606157595311837e-38 5.82167942290912e-37 2.2887071637965154e-35 8.267450401156372e-34 2.7441218151427686e-32 8.369458694659166e-31 2.345666075638369e-29 6.041202832375034e-28 1.429827622534484e-26 3.110016917113858e-25 6.216954070201034e-24 1.1422123360655603e-22 1.9288138488935236e-21 2.993848416089357e-20 4.2715845222522793e-19 5.602653487146439e-18 6.755731554441518e-17 7.489553376584976e-16 7.634463727437244e-15 7.156125126551313e-14 6.168730558811448e-13 4.890783805130467e-12 3.5667895548456836e-11 2.3930429619598916e-10 1.4772776905496643e-9 8.392381378570871e-9 4.388357661634109e-8 2.1125452117224373e-7 9.364914247007103e-7 3.823997312715016e-6 0.000014387590687900664 0.00004989743963914421 0.00015957978764469033 0.0004708787665742388 0.0012827251017874834 0.0032282067784277745 0.007512108156150101 0.016179979777376504 0.032295624210025145 0.05982817357382698 0.1030506741686498 0.1654010470460722 0.2480495011161538 0.34871891798369237 0.4613940172721115 0.5772787371843521 0.6867984493320269 0.7819084485229533 0.8578059560284572 0.9134598811154185 0.9509598015542304 0.974178094397387 0.9873878432963192 0.9942937697927547 0.9976112707093991 0.9990756726410384 0.9996696473373996 0.9998910241425156 0.9999668383790694 0.9999906957020388 0.9999975940107011 0.9999994267937069 0.9999998742229955 0.9999999745874683 0.9999999952733977 0.9999999991908759 0.999999999872542 0.9999999999815271 0.9999999999975371 0.999999999999698 0.9999999999999659 0.9999999999999964 0.9999999999999997 1. 1. 1. 1. 1. 1. 1. 1. 1. 1. 1. 1. 1. 1. 1. 1. 1. 1. 1. 1. 1. 1. 1.
1.1125500896693675e-42 5.174106792887497e-41 2.2222592927148884e-39 8.814660098651412e-38 3.229062011921492e-36 1.0924868312453033e-34 3.4137733472707916e-33 9.852401420621034e-32 2.626331048350768e-30 6.466489706434351e-29 1.4706594733540028e-27 3.0895389468271413e-26 5.995534173040088e-25 1.0748071341423983e-23 1.7799946855221166e-22 2.7233962851307702e-21 3.849700715081966e-20 5.02792563084212e-19 6.0676451018638295e-18 6.766230870010064e-17 6.972637291585843e-16 6.640518738689306e-15 5.845151328845785e-14 4.755716947185755e-13 3.5768801370101492e-12 2.4871796441642793e-11 1.5991005096721005e-10 9.507529637618667e-10 5.22814191234177e-9 2.6594222904513627e-8 1.251611108398126e-7 5.451130833175332e-7 2.1975804414357693e-6 8.202857183313403e-6 0.000028358754183418592 0.00009083892381340418 0.0002697161811868692 0.0007426960937307594 0.0018977615004793053 0.004503004997868605 0.009930124127119749 0.020371818590293304 0.038926537093108844 0.06937886922204219 0.11553936276938524 0.1801649923183736 0.2637299513049923 0.3635296360754629 0.4736125735895976 0.585761961382621 0.6912880632152313 0.7829964095115081 0.8566075502807393 0.9111787558229286 0.9485440419061509 0.9721736841529929 0.9859752772157195 0.9934206004033708 0.9971301317649407 0.9988371354385064 0.9995626203943939 0.9998473937933725 0.9999506332866837 0.9999852006310823 0.9999958901468695 0.9999989430987899 0.9999997483840724 0.9999999445598027 0.9999999886969517 0.9999999978681152 0.9999999996280775 0.9999999999399941 0.9999999999910478 0.9999999999987652 0.9999999999998426 0.9999999999999815 0.999999999999998 0.9999999999999998 1. 1. 1. 1. 1. 1. 1. 1. 1. 1. 1. 1. 1. 1. 1. 1. 1. 1. 1. 1. 1. 1.
3.970860640728704e-40 1.4637346255604913e-38 5.006448877627007e-37 1.5888940915849785e-35 4.679143205656379e-34 1.2786538764739136e-32 3.2423850995774385e-31 7.629769859558718e-30 1.666113424696918e-28 3.376414766944977e-27 6.350059595960287e-26 1.1083686179838453e-24 1.795517806463793e-23 2.699666402049326e-22 3.767579777816407e-21 4.8805106776539145e-20 5.868654932452152e-19 6.550948054040968e-18 6.78868603238859e-17 6.531443236098128e-16 5.83448818665764e-15 4.8394676774048975e-14 3.727586915228312e-13 2.666434720063672e-12 1.7715309311516604e-11 1.0932696293502785e-10 6.267840537057396e-10 3.3387048621235035e-9 1.652615322528057e-8 7.602761817166078e-8 3.251309924149794e-7 1.292781459741325e-6 4.780538083458986e-6 0.00001644498990472422 0.000052642163128441977 0.00015686879867412394 0.00043533854275589043 0.0011256958899661855 0.0027137592935788 0.006103456390687111 0.012817037343383275 0.025155153919712556 0.046195153217501714 0.07948759047154522 0.12836961361483462 0.19496697979101865 0.27915876296875486 0.37792022143693565 0.48542076496874886 0.5939981391636084 0.6957573039344602 0.7842511676780579 0.8556609962245213 0.909130690760422 0.9462809502874906 0.9702317424117404 0.9845595956469831 0.9925128487646373 0.9966093212144025 0.9985671550870535 0.9994353977307933 0.9997926744117922 0.999929090385623 0.9999774208982045 0.9999933089893093 0.9999981553377055 0.9999995270040796 0.9999998872272005 0.9999999750044797 0.9999999948507188 0.999999999014213 0.9999999998246502 0.999999999971023 0.9999999999955519 0.9999999999993658 0.9999999999999161 0.9999999999999897 0.9999999999999989 0.9999999999999999 1. 1. 1. 1. 1. 1. 1. 1. 1. 1. 1. 1. 1. 1. 1. 1. 1. 1. 1. 1. 1.
8.472988966063421e-38 2.5265594333685072e-36 7.020677247345057e-35 1.8179967961943847e-33 4.387128459530408e-32 9.86619724435335e-31 2.0678123183056015e-29 4.039007515050496e-28 7.352778420189609e-27 1.2475369344549024e-25 1.9728459119321564e-24 2.907932963593557e-23 3.995229900407297e-22 5.116596359879491e-21 6.108289908253877e-20 6.797915042419372e-19 7.052928733543953e-18 6.822172955261905e-17 6.152606646812958e-16 5.173740712517488e-15 4.0568370888505865e-14 2.966462871013391e-13 2.022985766075336e-12 1.2867284506643405e-11 7.634185545796644e-11 4.225385385780243e-10 2.181971064279432e-9 1.0513997301847145e-8 4.728103223388473e-8 1.9846236527603408e-7 7.777188198070229e-7 2.845850801121207e-6 9.72637817039717e-6 0.00003105695983006522 0.00009267707256388395 0.00025855261383499705 0.0006746389720007453 0.0016472226426878086 0.003765651479623687 0.008065420781325987 0.016197875970363797 0.030531111927431367 0.05407149813190355 0.09009868132917907 0.14147878377782017 0.20976106345633666 0.29432200539808423 0.3919064604699921 0.49684636986247105 0.6020062389429909 0.700205608502504 0.7856564974251297 0.8549469683654665 0.9073045060321872 0.9441711264146296 0.9683611005100978 0.9831516703082155 0.9915788297094172 0.9960531142993017 0.9982667762405996 0.9992873476937427 0.9997257966119062 0.9999013208211838 0.9999667989674057 0.9999895602050006 0.999996933035745 0.9999991584467515 0.9999997843718851 0.9999999484192638 0.9999999884828147 0.99999999760001 0.9999999995333274 0.9999999999153363 0.999999999985671 0.9999999999977378 0.9999999999996669 0.9999999999999543 0.9999999999999941 0.9999999999999993 1. 1. 1. 1. 1. 1. 1. 1. 1. 1. 1. 1. 1. 1. 1. 1. 1. 1. 1. 1. 1.
1.1462293707185744e-35 2.8152834399157314e-34 6.469002629692179e-33 1.3906734428828074e-31 2.7970109194638624e-30 5.263243007326469e-29 9.266434071035668e-28 1.5264485610811462e-26 2.3527354761861675e-25 3.393104906734129e-24 4.5789664292811385e-23 5.782255684711622e-22 6.832843886996497e-21 7.556069437214202e-20 7.819837802772908e-19 7.574002467527996e-18 6.865925969980283e-17 5.825598936842216e-16 4.6267238993973005e-15 3.4397273617559465e-14 2.3939783215025986e-13 1.5598872150381344e-12 9.516496264337975e-12 5.4363753731823104e-11 2.9082502649519884e-10 1.457102487048883e-9 6.838101315141091e-9 3.006249891906334e-8 1.2382904399275106e-7 4.779687099305575e-7 1.729165717787423e-6 5.864422670535113e-6 0.000018649582114770104 0.00005562709988292766 0.0001556727884829435 0.00040888755127440815 0.001008417155722633 0.0023363132611093677 0.0050876911235278235 0.01042066945579786 0.020090604029661122 0.03649317853240435 0.0625208809566462 0.10115717581903517 0.15480984857568536 0.2245084168548873 0.3092103343327101 0.4055044453749564 0.5079147022695938 0.6098030433097373 0.7046324054113869 0.7871978628944458 0.8544476676226734 0.9056890118573788 0.9422137033857254 0.966568740143946 0.9817611537713901 0.9906265879751059 0.9954661707297505 0.997937609546462 0.999118270316121 0.9996459045403789 0.9998664877762832 0.9999527544146578 0.9999843148595913 0.9999951160648246 0.9999985740976376 0.9999996097468306 0.9999998998962653 0.9999999759385332 0.9999999945813443 0.9999999988568691 0.9999999997741191 0.9999999999581985 0.9999999999927558 0.9999999999988245 0.9999999999998215 0.9999999999999746 0.9999999999999967 0.9999999999999996 1. 1. 1. 1. 1. 1. 1. 1. 1. 1. 1. 1. 1. 1. 1. 1. 1. 1. 1. 1.
1.0340511618400228e-33 2.1258008764279868e-32 4.103311493409512e-31 7.436794541596075e-30 1.2655666645503321e-28 2.0222802027960187e-27 3.0343411945721995e-26 4.275280907403982e-25 5.65656989216049e-24 7.028162731107141e-23 8.200557157473905e-22 8.986105431176901e-21 9.247854686220355e-20 8.938563039111888e-19 8.114631315322438e-18 6.919310272544348e-17 5.542042505884469e-16 4.16976680302942e-15 2.947218336096235e-14 1.957029595390429e-13 1.220942860598934e-12 7.1571016165558996e-12 3.942366658777331e-11 2.0407620626870947e-10 9.92852470552985e-10 4.540252203648942e-9 1.9517723152059382e-8 7.888403048882286e-8 2.99794285410906e-7 1.0715272804104596e-6 3.6025417838805253e-6 0.000011395449878513072 0.000033921381998549853 0.00009505008496307299 0.00025078559037976293 0.0006232724394659554 0.0014596759797686056 0.0032228821646500287 0.00671246344058539 0.013196226298679488 0.024506290459444358 0.04302828102147455 0.07150535339557065 0.11260977121584241 0.16831134700359454 0.23917647201983827 0.32381808897962167 0.41873024226056543 0.5186488303120353 0.6174034418214904 0.7090371169335592 0.7888622000856155 0.854146699967135 0.904273158845391 0.9404066537021967 0.9648600176566187 0.9803964964965177 0.9896637600668987 0.9948533721457365 0.9975817355689018 0.9989283799056276 0.9995523824201886 0.9998238399125688 0.9999347059845511 0.999977214510605 0.9999925159810171 0.9999976869168973 0.9999993274427925 0.9999998160659245 0.9999999526943157 0.9999999885603077 0.999999997399216 0.9999999994441872 0.9999999998883553 0.999999999978924 0.9999999999962611 0.9999999999993767 0.9999999999999024 0.9999999999999856 0.999999999999998 0.9999999999999998 1. 1. 1. 1. 1. 1. 1. 1. 1. 1. 1. 1. 1. 1. 1. 1. 1. 1. 1.
6.498796490292777e-32 1.1343917588807367e-30 1.865371179403079e-29 2.8896656623729012e-28 4.217146056933071e-27 5.798124447392802e-26 7.510416260626198e-25 9.165548761355026e-24 1.0538578838413488e-22 1.1416859345581418e-21 1.1653732734738493e-20 1.1208589954230577e-19 1.0158257049115787e-18 8.675322223842764e-18 6.981800052285148e-17 5.29520956296635e-16 3.7848875331557445e-15 2.5497566973112472e-14 1.6189901813221199e-13 9.68981138837114e-13 5.466890759315678e-12 2.907705790086388e-11 1.4580740904191235e-10 6.893905105506568e-10 3.07361165087292e-9 1.2923391744238276e-8 5.1250574827511574e-8 1.917221847448438e-7 6.766447627628599e-7 2.2533819184405123e-6 7.0823026986427474e-6 0.00002101212382490259 0.00005886042938959402 0.0001557224472475666 0.0003892119936551407 0.0009193499262575225 0.002053102900852258 0.004336895654979521 0.008670050047652344 0.01641397874060978 0.029449508358748686 0.05011789468534495 0.08098496216820116 0.1244055195878706 0.18193717966292763 0.253738118870332 0.3381425459369479 0.4315996535416947 0.5290697810834657 0.6248206788175407 0.7134191611020146 0.790637731502594 0.854028960296307 0.9030461454273938 0.9387470440702632 0.9632388756280924 0.9790649944582331 0.9886974782061198 0.9942196824950604 0.9972016063366456 0.9987182726823307 0.999444867781367 0.9997727389550968 0.9999120937025225 0.9999678825549987 0.9999889193483846 0.9999963910134619 0.999998890554342 0.9999996781572332 0.9999999119105335 0.9999999772552897 0.9999999944607141 0.9999999987276958 0.9999999997244222 0.9999999999437179 0.9999999999891624 0.9999999999980327 0.9999999999996634 0.9999999999999457 0.9999999999999918 0.9999999999999989 0.9999999999999998 1. 1. 1. 1. 1. 1. 1. 1. 1. 1. 1. 1. 1. 1. 1. 1. 1. 1.
2.955496050094894e-30 4.4368638985925524e-29 6.293929089784272e-28 8.43675971666839e-27 1.06867637118892e-25 1.2792121666839603e-24 1.44702010997706e-23 1.5468656271249106e-22 1.5627438429061e-21 1.4920800589843384e-20 1.3464132587991815e-19 1.1483130640716901e-18 9.256625516553421e-18 7.052960999897451e-17 5.079650959770122e-16 3.458266537705531e-15 2.225693753243912e-14 1.3541805727410688e-13 7.789611029414113e-13 4.236516680681096e-12 2.1786344111420304e-11 1.059432062776187e-10 4.87202196210904e-10 2.1189963684611483e-9 8.71720765372125e-9 3.392317802450424e-8 1.2489308922143007e-7 4.3507039911324143e-7 1.4342439232005771e-6 4.475067018166925e-6 0.000013218085901059906 0.000036967470041571394 0.00009791618924396555 0.00024569041810957817 0.000584187762835448 0.001316733600896227 0.0028144783783446018 0.005707587097164306 0.01098736985862611 0.020090528385131735 0.034918893405243165 0.057739115299959634 0.09091879397448241 0.13649628934507216 0.19564631185494233 0.2681709759542108 0.3521833055758218 0.4441280516715005 0.5391967302105616 0.6320665640024059 0.7177779534289302 0.7925138079088254 0.8540805231440813 0.9019974925297221 0.9372312461903536 0.961708037886247 0.9777728568120504 0.9877343091874541 0.9935700320734784 0.9967999499260167 0.9984888841032786 0.9993232527590511 0.9997126804154493 0.9998843995398304 0.9999559369282246 0.9999840928328237 0.9999945623653549 0.9999982403158763 0.9999994610037066 0.9999998437604174 0.9999999571465068 0.9999999888797733 0.9999999972702581 0.9999999993661837 0.9999999998608136 0.9999999999710942 0.9999999999943234 0.999999999998946 0.9999999999998149 0.9999999999999694 0.9999999999999951 0.9999999999999993 0.9999999999999999 1. 1. 1. 1. 1. 1. 1. 1. 1. 1. 1. 1. 1. 1. 1. 1. 1.
1.0053253583166115e-28 1.3129984253767755e-27 1.6249817367892725e-26 1.905757227631412e-25 2.1180201925404525e-24 2.230720836621659e-23 2.2265002343976035e-22 2.106071491995742e-21 1.8880239083453087e-20 1.6041236723209962e-19 1.2917456612428938e-18 9.859133689151578e-18 7.132436221212724e-17 4.890918185742334e-16 3.1791680635120962e-15 1.9589609981540843e-14 1.144319978426992e-13 6.337244371889908e-13 3.3274268904691457e-12 1.6565236117288188e-11 7.819808521086095e-11 3.5005397095341747e-10 1.4861010458467342e-9 5.983751624289213e-9 2.28534601468315e-8 8.279978931012568e-8 2.846138419787127e-7 9.283006851579422e-7 2.8733601488842433e-6 8.441712849799545e-6 0.00002354448768801139 0.00006235268337779874 0.00015682995772674298 0.00037473583411701077 0.000850891184519744 0.0018366415914707944 0.0037700528101630524 0.007362751964918674 0.013687702956913468 0.024237242194386756 0.04090779963034797 0.06586565800377127 0.10126582438079307 0.1488370437752844 0.2094024211341547 0.2824567361387226 0.3659417893303291 0.45633026663699416 0.5490471757166683 0.6391516520877065 0.722112908410024 0.7944807727577547 0.8542885410098644 0.9011170933265169 0.9358551101378743 0.9602691861646595 0.9765252855288069 0.9867802213508485 0.9929092243763551 0.9963796818012622 0.9982414400302136 0.9991876753842169 0.9996433071651006 0.9998511654756935 0.9999410032307858 0.9999777896947786 0.9999920606935535 0.9999973058368181 0.9999991322392143 0.9999997347587748 0.9999999230719996 0.9999999788322703 0.9999999944746449 0.9999999986319664 0.9999999996787501 0.9999999999284579 0.9999999999848916 0.9999999999969746 0.9999999999994256 0.9999999999998965 0.9999999999999823 0.9999999999999971 0.9999999999999996 1. 1. 1. 1. 1. 1. 1. 1. 1. 1. 1. 1. 1. 1. 1. 1. 1.
2.6329191232975403e-27 3.0227666009945744e-26 3.2971140473609577e-25 3.4169112981526185e-24 3.364437456696071e-23 3.1475992526877086e-22 2.797978913745516e-21 2.363295044498147e-20 1.896754628642082e-19 1.4465586623346156e-18 1.0483480485605745e-17 7.219934821307617e-17 4.725352935594127e-16 2.9391679585531084e-15 1.7374847058108663e-14 9.762086698698677e-14 5.213262738235976e-13 2.64632856615997e-12 1.2769354490223971e-11 5.857483975219243e-11 2.554457055127258e-10 1.0591621475939377e-9 4.1757709628272124e-9 1.5655201944422696e-8 5.5817413674703934e-8 1.8928463743583312e-7 6.105850767673634e-7 1.8737788990568124e-6 5.471349847936033e-6 0.000015203538386436432 0.00004021124641930228 0.00010124919587702687 0.00024275982643812765 0.0005543915624775038 0.001206257290181184 0.0025014632258156216 0.0049459294545372064 0.009328148699219092 0.01679039001436697 0.028860462087422066 0.04740500184595408 0.07446875901920452 0.11198558905239438 0.16138597746273917 0.22317351792463397 0.29658058620764993 0.37942082928378285 0.46822051378467344 0.5586370964893537 0.6460853966127812 0.7264234408520683 0.7965298456591319 0.8546411505561978 0.9003952441458069 0.9346141062117672 0.9589231180346689 0.9753265609837768 0.9858405735688691 0.992241863925466 0.9959438252140629 0.9979774052266854 0.9990385030210751 0.9995644161358348 0.9998120081860176 0.9999227274367283 0.999969757216626 0.9999887323884862 0.9999960045083705 0.9999986517795844 0.9999995671512723 0.999999867798817 0.9999999615935584 0.9999999893880954 0.9999999972115754 0.9999999993032761 0.9999999998344755 0.9999999999626121 0.9999999999919715 0.9999999999983611 0.999999999999682 0.9999999999999414 0.9999999999999898 0.9999999999999982 0.9999999999999998 1. 1. 1. 1. 1. 1. 1. 1. 1. 1. 1. 1. 1. 1. 1. 1.
5.445848072735645e-26 5.547560602281066e-25 5.3821291237345304e-24 4.9731302884111375e-23 4.376610417308599e-22 3.668491300947138e-21 2.928791684092942e-20 2.227159682033299e-19 1.6131967441879293e-18 1.1130340230322209e-17 7.31522259909089e-17 4.579926248266068e-16 2.7315938523400494e-15 1.5520885320772858e-14 8.40188738304322e-14 4.3332715154156916e-13 2.1293833359550272e-12 9.970401362245438e-12 4.448525852786499e-11 1.8914299270526246e-10 7.664139554243658e-10 2.959828694730768e-9 1.0895164210246434e-8 3.822983258121415e-8 1.2788323515428606e-7 4.0786171744843537e-7 1.2403687052200495e-6 3.5973541599385374e-6 9.951133262412419e-6 0.0000262596292748024 0.00006611645254693406 0.00015886321988426542 0.00036435883399780225 0.0007978840215731316 0.0016687161075106326 0.003334286948548685 0.006367484282931585 0.011627019207242037 0.020310690462130375 0.033961831976033155 0.05439540530132638 0.08351796880001802 0.12303869906198907 0.17410454507188458 0.23693155946692557 0.31053069653339915 0.3926243342064175 0.47981235171855596 0.5679810960755467 0.6528762821315992 0.7307089670536095 0.79865302188262 0.8551273865824469 0.8998226612257907 0.9335034403765896 0.9576698866375594 0.9741801291427103 0.9849201209784282 0.99157230270622 0.9954954418411827 0.9976984319424846 0.9988763100979607 0.9994759588228503 0.999766629957374 0.9999007874836121 0.9999597445688104 0.9999844143022647 0.9999942430920541 0.9999979716629208 0.99999931842579 0.9999997816015673 0.9999999332738054 0.9999999805640398 0.9999999946032121 0.9999999985716148 0.99999999963967 0.99999999991337 0.9999999999801519 0.9999999999956666 0.9999999999990985 0.9999999999998213 0.9999999999999662 0.999999999999994 0.9999999999999989 0.9999999999999998 1. 1. 1. 1. 1. 1. 1. 1. 1. 1. 1. 1. 1. 1. 1.
9.097436345785645e-25 8.292762557533863e-24 7.215621661435402e-23 5.993089447558027e-22 4.751589703397725e-21 3.596230494456121e-20 2.5982825619606747e-19 1.792115659104868e-18 1.1800427393727525e-17 7.418114421983615e-17 4.452114400197054e-16 2.551114533361486e-15 1.3957233760881444e-14 7.291057904826164e-14 3.6368119986376673e-13 1.7322436099179743e-12 7.879073387489009e-12 3.422483356846771e-11 1.4198139218589156e-10 5.625632889016708e-10 2.1290682061920303e-9 7.696920496270359e-9 2.658200023398594e-8 8.770793623084896e-8 2.7651063541971267e-7 8.330132828812403e-7 2.3983327978712355e-6 6.599943879401115e-6 0.000017362269504462035 0.00004366944140579811 0.00010503437498685377 0.00024163250227031337 0.0005317994078316411 0.001120006067458672 0.0022578722143577587 0.004358416468606439 0.00805884599006252 0.014279732632589234 0.024259777140934382 0.039538705073894516 0.06186073355429598 0.09298183397908275 0.13438722278846638 0.18695741085588277 0.25065207099649145 0.32429777546034033 0.4055570186926848 0.49111866244668384 0.5770925327585004 0.659531938204322 0.7349689058629678 0.8008429854195427 0.8557371034711811 0.8993904869451445 0.9325181477055606 0.9565089232840517 0.973088687287231 0.9840230330333587 0.9909046026469621 0.9950375729979155 0.9974063106410234 0.9987018521133333 0.9993780365097185 0.9997148257439793 0.9998749032228363 0.9999475106392947 0.9999789381630036 0.9999919194417469 0.9999970362908617 0.999998961000595 0.9999996518844296 0.9999998885426656 0.9999999659023433 0.999999990033811 0.9999999972171851 0.999999999257741 0.9999999998108915 0.9999999999539826 0.9999999999893054 0.9999999999976263 0.9999999999994968 0.9999999999998982 0.9999999999999803 0.9999999999999964 0.9999999999999993 0.9999999999999999 1. 1. 1. 1. 1. 1. 1. 1. 1. 1. 1. 1. 1. 1.
1.2519753633240388e-23 1.0290892476659277e-22 8.091254169393545e-22 6.085445537340459e-21 4.37815725295623e-20 3.0131589630676153e-19 1.9837837429454072e-18 1.2494496371271174e-17 7.528467947807709e-17 4.3398023230619015e-16 2.3934354457377417e-15 1.2629198914024124e-14 6.375982729408458e-14 3.080007531947102e-13 1.4236626146856369e-12 6.296972110534467e-12 2.6653001256150116e-11 1.0796229653407716e-10 4.1853678759133345e-10 1.552947190378261e-9 5.515306206499419e-9 1.8750094890415463e-8 6.102280754358695e-8 1.9013982415691053e-7 5.672666602796438e-7 1.620615697190912e-6 4.434060416098595e-6 0.000011620040118063492 0.00002917158659003982 0.00007016620674310658 0.0001617293479107225 0.00035729702947674127 0.0007567414101296595 0.0015369282012382929 0.0029941448699754474 0.005596898885975136 0.010042451580299856 0.01730354815221785 0.028644842808032218 0.04558459952872358 0.06978017452906146 0.1028284715134377 0.14599495610765176 0.19991234173187 0.2643137832819483 0.3378746823403853 0.4182241842320746 0.5021516478171664 0.585983636977391 0.6660592380283274 0.7392026796330791 0.803093033545778 0.8564609036815858 0.8990902883169558 0.9316531675746289 0.9554391442827039 0.9720542662216195 0.9831529202545131 0.9902425115862199 0.9945731911694058 0.997102924298175 0.9985160376411728 0.999270891247175 0.9996564865371163 0.9998448443956349 0.9999328314099379 0.9999721353413034 0.9999889247627034 0.9999957830792972 0.9999984621311324 0.9999994628825302 0.9999998203631462 0.9999999424755228 0.9999999823639987 0.9999999948239242 0.9999999985458126 0.9999999996089534 0.999999999899354 0.9999999999752087 0.999999999994156 0.9999999999986817 0.9999999999997154 0.9999999999999412 0.9999999999999885 0.9999999999999978 0.9999999999999996 1. 1. 1. 1. 1. 1. 1. 1. 1. 1. 1. 1. 1. 1.
1.4444987597804736e-22 1.0781587758740848e-21 7.712649550007637e-21 5.287958173287796e-20 3.4749190563947846e-19 2.188683372004279e-18 1.3213341457500209e-17 7.646178433924254e-17 4.241207827938753e-16 2.2550705480625636e-15 1.1493945412144761e-14 5.616043484314191e-14 2.630625866461737e-13 1.1813296585941347e-12 5.086088263699827e-12 2.099501556390131e-11 8.30975716092938e-11 3.1537139151199466e-10 1.1477359634247796e-9 4.0056540102071765e-9 1.3407413281720566e-8 4.304152816358961e-8 1.3253648568041312e-7 3.9149442608352214e-7 1.1094279552199446e-6 3.0164857156445495e-6 7.870134235461799e-6 0.000019705942327140708 0.00004735961771395614 0.00010926570987226781 0.0002420478675895167 0.0005149280924279445 0.0010522451344117762 0.00206595940758826 0.003898388079994609 0.0070720841312475234 0.012338685810521853 0.020712487004087548 0.03346929384521321 0.052089676140645254 0.07813097211432336 0.11302604226079747 0.15782760083671762 0.21294006198317994 0.27789829213631684 0.3512560930051968 0.4306315429264392 0.512922837712682 0.5946656171768792 0.6724643840547774 0.7434097150889729 0.8053970111730542 0.8572900728013338 0.8989140498882695 0.9309034037731964 0.954459043486619 0.9710783076567999 0.9823128667722097 0.9895894503242171 0.9941051612081737 0.996790207172299 0.9983198997616433 0.9991548936297939 0.9995915993965905 0.9998104364737428 0.9999155065462684 0.9999638417001131 0.9999851462770047 0.9999941434948265 0.9999977840602223 0.9999991954744035 0.999999719756349 0.9999999063512843 0.9999999699808638 0.9999999907702768 0.9999999972782998 0.9999999992302975 0.9999999997912585 0.9999999999457159 0.9999999999864639 0.9999999999967637 0.9999999999992581 0.999999999999837 0.9999999999999656 0.9999999999999931 0.9999999999999987 0.9999999999999998 1. 1. 1. 1. 1. 1. 1. 1. 1. 1. 1. 1. 1.
1.4192484982479015e-21 9.680436158443631e-21 6.339872304097195e-20 3.986790668549201e-19 2.4073123748350836e-18 1.3957796999544782e-17 7.771174429753978e-17 4.1548216971846363e-16 2.133169725725621e-15 1.0517628958955228e-14 4.9801530394513695e-14 2.2647167210622099e-13 9.891141799791006e-13 4.149124317223138e-12 1.67171154406592e-11 6.469636768651475e-11 2.4050961595832035e-10 8.588968550454922e-10 2.946656589948932e-9 9.712343011443812e-9 3.0757628753752495e-8 9.359379207756983e-8 2.7367840811135603e-7 7.690783280309358e-7 2.0771991168785667e-6 5.392726255219966e-6 0.000013458951930740011 0.0000322955036078207 0.00007451819246558605 0.00016536381753237429 0.00035298245448123845 0.0007249130783764832 0.0014326340569027957 0.0027252708840657595 0.004991508542082187 0.008805230155933694 0.014965606737549429 0.02451730048545213 0.038733008053577926 0.059041217536301184 0.08688895646093164 0.12354313340996627 0.16985286919309162 0.22601408362104783 0.291389742974698 0.3644382116375896 0.44278507616197926 0.5234431065663794 0.6031487551515131 0.6787529825400217 0.7475894441208675 0.8077492535577022 0.8582165206446579 0.8988541626849487 0.9302637721876668 0.9535667720663432 0.9701617360246841 0.9815054663778531 0.98894850858201 0.9936362103103824 0.9964701085201331 0.9981145680397143 0.9990305283555198 0.9995202446071633 0.99977156435222 0.9998953649603389 0.999953902282097 0.9999804701462494 0.9999920444258636 0.9999968844177649 0.9999988271298013 0.9999995756183206 0.9999998524237151 0.9999999506836379 0.9999999841640281 0.9999999951140902 0.9999999985516825 0.9999999995875487 0.999999999887164 0.9999999999703473 0.9999999999925148 0.9999999999981851 0.9999999999995773 0.9999999999999054 0.9999999999999797 0.9999999999999958 0.9999999999999991 0.9999999999999998 1. 1. 1. 1. 1. 1. 1. 1. 1. 1. 1. 1.
1.204090429588722e-20 7.549005349062966e-20 4.552103078638582e-19 2.640185405595478e-18 1.4728737715786587e-17 7.903414191193935e-17 4.079359978591759e-16 2.0253870364318738e-15 9.673287351308687e-15 4.4442898625039265e-14 1.9642913940939974e-13 8.352157552287126e-13 3.416612211769595e-12 1.3446619373397703e-11 5.091765259314481e-11 1.855155388620036e-10 6.503830614506665e-10 2.1941040514606737e-9 7.123086676350108e-9 2.2255035725571524e-8 6.69215213189956e-8 1.936920330981579e-7 5.396349663512402e-7 1.4473314386283146e-6 3.7372866804602486e-6 9.292026141828502e-6 0.000022247429253845968 0.00005130028862996972 0.00011394403417873807 0.0002438166527985543 0.0005027027198234186 0.000998896258974476 0.0019133147891453044 0.0035335965684680525 0.006294096993199377 0.010816163481427407 0.01793875487878649 0.02872551892657928 0.04443263591427688 0.06642409329831772 0.09602901051929057 0.13434906017991716 0.18204052967626322 0.2391105231180827 0.3047745416940546 0.37741852337636167 0.4546909218841881 0.5337226955994235 0.6114424918976307 0.6849301086571836 0.7517413045134189 0.810144536167222 0.8592327278859841 0.8989034104523872 0.9297292382761532 0.9527602069667057 0.9693050243796442 0.9807328603261707 0.9883224479535937 0.9931689057659887 0.9961445614065647 0.9979012418901021 0.9988983784489155 0.9994425904792057 0.9997281739991553 0.9998722691991353 0.99994217562657 0.9999747844981852 0.9999894098169886 0.9999957168579549 0.9999983320074837 0.9999993746076283 0.9999997742662873 0.9999999215689732 0.9999999737703427 0.9999999915573425 0.9999999973847165 0.9999999992203761 0.9999999997763578 0.999999999938269 0.999999999983605 0.9999999999958105 0.9999999999989699 0.9999999999997564 0.9999999999999445 0.9999999999999878 0.9999999999999974 0.9999999999999996 0.9999999999999999 1. 1. 1. 1. 1. 1. 1. 1. 1. 1. 1.
8.931345206188117e-20 5.17429138712113e-19 2.8878352857902513e-18 1.5527079167839054e-17 8.042882688721175e-17 4.0137257373150154e-16 1.9297792619111044e-15 8.939273403788045e-15 3.989723874679989e-14 1.7157012987971692e-13 7.109053753556923e-13 2.838358196877658e-12 1.0920007665886888e-11 4.0485100279694997e-11 1.4464435468996256e-10 4.98035841118797e-10 1.652695828646157e-9 5.285919798370698e-9 1.6295492083476287e-8 4.84238953537318e-8 1.3871572364352697e-7 3.830860937087477e-7 1.0200130365838992e-6 2.618730956179154e-6 6.483249374616395e-6 0.00001547947622836623 0.000035647672033479876 0.00007919038487597005 0.00016972316238093646 0.00035099831077926337 0.0007005511935791007 0.0013496784194274533 0.0025105634107464012 0.004509923936209731 0.007826085484225817 0.013123000324524197 0.021271040049748963 0.033341566245098785 0.05056192765879062 0.07422120001299387 0.10552547352219402 0.14541409736551478 0.1943624074735785 0.252207912537929 0.31804109191171315 0.3901955824619016 0.46635528524314185 0.5437712388220322 0.6195555049176289 0.6910003635282869 0.7558647406198715 0.8125780306957078 0.8603316977359826 0.8990549541413013 0.9292948461801906 0.9520370094146202 0.9685082543289849 0.9799967755626351 0.9877137102053746 0.9927056394454463 0.9958154565166608 0.9976811659149696 0.9987591089009317 0.9993588863239853 0.9996802722518026 0.9998461185956419 0.9999285375544682 0.9999679824120332 0.9999861624827746 0.9999942319062924 0.9999976812070555 0.9999991011179014 0.9999996640193718 0.9999998789235285 0.9999999579364645 0.9999999859128983 0.9999999954524308 0.9999999985850112 0.9999999995756551 0.9999999998773534 0.9999999999658381 0.9999999999908302 0.9999999999976281 0.9999999999994088 0.999999999999858 0.9999999999999671 0.9999999999999927 0.9999999999999984 0.9999999999999997 1. 1. 1. 1. 1. 1. 1. 1. 1. 1. 1.
5.856901415420772e-19 3.150814321274029e-18 1.6353778375370336e-17 8.189589106443023e-17 3.9569781930183857e-16 1.8447271597818705e-15 8.298079406558612e-15 3.6017260783654204e-14 1.5084914215937777e-13 6.09658028640211e-13 2.377683952053878e-12 8.948708732908288e-12 3.2502750930722e-11 1.1393301701630588e-10 3.854484440197021e-10 1.2586039642145483e-9 3.966782651398929e-9 1.2068028708591424e-8 3.544107384016555e-8 1.0047918309027373e-7 2.750251484596313e-7 7.268198959741593e-7 1.854697957653081e-6 4.570342213505135e-6 0.000010876625926566338 0.000025000836054374844 0.00005551103250302315 0.00011907575190328461 0.0002468012726744969 0.0004943323680504313 0.0009570035921512542 0.0017910802431401788 0.003241288208127188 0.00567318729372207 0.009606439919682887 0.015741929786252957 0.024972697676367284 0.03836692524715257 0.05711207157807894 0.08241386892759707 0.11535248428924252 0.15670965092454234 0.20679235034242635 0.2652870109414912 0.3311795577732377 0.40276883124234586 0.47778436830538756 0.5535977913306737 0.6274957778460639 0.6969679243192861 0.7599592039882697 0.8150452663767427 0.8615069121937093 0.8993023153547783 0.9289557410048815 0.9513946747328216 0.9677711701295486 0.9792985624019424 0.987124429536048 0.9922486180111735 0.9954846207120105 0.9974556075874825 0.9986134503419714 0.999269454112006 0.9996279250033016 0.9998168511914307 0.9999128843089317 0.9999599647344185 0.9999822260127003 0.9999923779765462 0.9999968431685797 0.9999987373440169 0.9999995123233136 0.9999998181319152 0.9999999345174049 0.9999999772380075 0.999999992361954 0.9999999975259033 0.9999999992264466 0.9999999997665565 0.999999999932006 0.9999999999808864 0.9999999999948147 0.9999999999986424 0.9999999999996569 0.9999999999999164 0.9999999999999803 0.9999999999999956 0.999999999999999 0.9999999999999998 1. 1. 1. 1. 1. 1. 1. 1. 1. 1.
3.429695601255586e-18 1.720983456477489e-17 8.343564749391865e-17 3.9083076646383223e-16 1.7688738664346396e-15 7.735447330669012e-15 3.268620462848677e-14 1.334580487757764e-13 5.265476906094325e-13 2.007500069068511e-12 7.396247939736316e-12 2.6334159583932354e-11 9.061387260258578e-11 3.013376585905684e-10 9.68530139105108e-10 3.00879634436821e-9 9.034680729955463e-9 2.6223782035794925e-8 7.358077435357804e-8 1.99593313119499e-7 5.234420875406073e-7 1.3272823155571341e-6 3.2543471580325715e-6 7.716271057390719e-6 0.00001769435953152152 0.00003924558746283301 0.00008420247957451101 0.0001747799608647795 0.0003510359980331531 0.000682294980670591 0.0012835951420933943 0.0023377758412432554 0.0041227789134591466 0.007041974015452562 0.011652894105939856 0.018687057612249768 0.02905130511505241 0.04380034003707135 0.06407203197200255 0.09098223691534854 0.12548426861473194 0.16820837908318123 0.2193061689906049 0.27833062026339594 0.34418165101687687 0.41513844587392046 0.4889843152972305 0.5632108588097429 0.635270663190055 0.7028365883606061 0.7640241539456498 0.8175420958730969 0.8627522924403611 0.8996393592926992 0.9287071855350069 0.9508305745938601 0.9670932272156245 0.9786392309638512 0.9865564476479525 0.9917998579046708 0.9951537999663511 0.9972258374806116 0.9984621832321731 0.9991746792785512 0.999571254052632 0.9997844444963389 0.999895134986454 0.9999506426208566 0.9999775266809703 0.9999901025098634 0.9999957842045621 0.9999982634445235 0.9999993083054985 0.9999997336076747 0.9999999008074627 0.9999999642926971 0.9999999875740644 0.9999999958200552 0.9999999986408772 0.9999999995728576 0.9999999998702542 0.9999999999619108 0.9999999999891935 0.999999999997037 0.999999999999215 0.999999999999799 0.9999999999999503 0.9999999999999881 0.9999999999999973 0.9999999999999993 0.9999999999999999 1. 1. 1. 1. 1. 1. 1. 1. 1.
1.8096290044496673e-17 8.504861292364687e-17 3.8670151128842095e-16 1.7010763651158885e-15 7.239689570340166e-15 2.981080672208219e-14 1.1876685063069852e-13 4.57820493899716e-13 1.707596200135815e-12 6.162790050245469e-12 2.1522115732841394e-11 7.273141819361436e-11 2.3785035540786626e-10 7.52742618648673e-10 2.305513739066611e-9 6.834179392900501e-9 1.9607533133820385e-8 5.445021845269409e-8 1.4636607150521465e-7 3.8086532963784243e-7 9.594472928686595e-7 2.3400247915738126e-6 5.5259038479125365e-6 0.000012635918262414263 0.000027981539820974646 0.00006001260586062105 0.000124671951419671 0.00025090245401034544 0.0004892279476110132 0.0009243889395470476 0.0016928161973650256 0.003005103685872664 0.005172451981546398 0.008634252113209997 0.013981728746644247 0.02197030680901612 0.03351184804816557 0.04963804346228787 0.07142887785461384 0.09990557879082797 0.13589537578769673 0.1798842715387836 0.23188155928653298 0.29132340854258754 0.3570404406762936 0.4273052050411355 0.49996117047844874 0.5726184274333233 0.6428869389013472 0.7086098121070649 0.7680590581451783 0.8200646651313854 0.8640621629741174 0.9000602775907303 0.9285445724341133 0.9503419927276973 0.9664736355018617 0.9780194858932454 0.9860113306933723 0.9913611842443668 0.9948246462545562 0.9969931121043898 0.9983061229303465 0.9990750010831536 0.9995104328978699 0.9997489151921504 0.9998752332360838 0.9999399397236488 0.9999719952826557 0.9999873531844654 0.999994469141628 0.9999976577968996 0.9999990396265805 0.9999996187539075 0.9999998534825472 0.9999999454915816 0.9999999803708293 0.9999999931580416 0.9999999976917818 0.9999999992463482 0.999999999761854 0.9999999999271756 0.9999999999784497 0.9999999999938289 0.99999999999829 0.9999999999995415 0.999999999999881 0.9999999999999701 0.9999999999999927 0.9999999999999982 0.9999999999999996 0.9999999999999999 1. 1. 1. 1. 1. 1. 1. 1.
8.67354931581045e-17 3.8324953457264003e-16 1.6403669844250054e-15 6.8011662120308505e-15 2.7316034771563308e-14 1.06280431961688e-13 4.0059032655030343e-13 1.4627492332837422e-12 5.174555990218317e-12 1.773464121789742e-11 5.88885710199216e-11 1.8945804838313204e-10 5.90586782450366e-10 1.7838541328620745e-9 5.221045730179252e-9 1.4808026179445774e-8 4.070041819582045e-8 1.0841385380626158e-7 2.7988457622834507e-7 7.003377780470421e-7 1.6986307445945283e-6 3.993780979441236e-6 9.103265432620904e-6 0.000020117542426196008 0.00004310801743278633 0.00008957591446780807 0.00018051933792896 0.00035286599508880503 0.0006691285611653735 0.0012310895252606157 0.0021979816167896427 0.003808862517395374 0.006407600432239046 0.010467125395289885 0.016607596424615904 0.025601369872554226 0.038356827158778195 0.05587399925086587 0.07916809591094669 0.10916260078401972 0.14656086963669165 0.19171269436616675 0.2444980121800092 0.3042517423862736 0.36975018365144785 0.4392703784790335 0.5107208462672534 0.5818279935816151 0.6503508594257809 0.7142907456272851 0.7720633930802698 0.8226093866806059 0.8654312191196758 0.9005595713440835 0.9284634327899582 0.9499261549800637 0.9659113978475613 0.9774397590622597 0.985490387344369 0.9909342328637372 0.9944987079429315 0.9967586593121984 0.9981461058949463 0.9989709028663056 0.9994456817442628 0.9997103179142701 0.9998531482399868 0.9999277939733331 0.9999655688289896 0.9999840791444385 0.9999928620441754 0.9999968973368747 0.9999986925874713 0.9999994659585829 0.999999788557973 0.9999999188601791 0.9999999698228902 0.9999999891232629 0.9999999962009471 0.9999999987141577 0.9999999995782867 0.999999999865987 0.999999999958737 0.9999999999876905 0.9999999999964422 0.9999999999990037 0.9999999999997298 0.999999999999929 0.9999999999999819 0.9999999999999956 0.9999999999999989 0.9999999999999998 1. 1. 1. 1. 1. 1. 1. 1.
3.8042231599742996e-16 1.585922654490646e-15 6.411879675141578e-15 2.5141111895085188e-14 9.560669311567688e-14 3.526195019011274e-13 1.2613880465603764e-12 4.376493228945454e-12 1.4728228903807356e-11 4.807661180247143e-11 1.5222622124659824e-10 4.675537485562611e-10 1.3930775833479412e-9 4.026587267036761e-9 1.1291057125711172e-8 3.071756457626015e-8 8.108008162995009e-8 2.0765338601625645e-7 5.160423975863478e-7 1.244455667696389e-6 2.912390463255126e-6 6.614955020787849e-6 0.000014582942519740928 0.000031206239429846825 0.00006482705698498597 0.00013074779212082001 0.00025604994950942833 0.00048694671946204716 0.0008994240011894807 0.00161376427891806 0.00281307918078394 0.004765099633974717 0.007845155488037674 0.012556620426440686 0.019543391665711285 0.029587706461326118 0.04358639584866791 0.06250015024847276 0.08727388322005446 0.11873169625957075 0.15745647952108766 0.20367040725963803 0.2571367159893454 0.3171035297871621 0.38230617433311587 0.45103563249555945 0.5212690996668484 0.5908465929538358 0.6576682018096275 0.7198822632097981 0.776036644569143 0.8251729159295853 0.8668544975792739 0.9011320345240568 0.928459441717147 0.9495802545102802 0.9654053440858947 0.9769002400827778 0.9849946873930285 0.9905204548161032 0.9941774232278127 0.9965236661628067 0.9979829771785726 0.9988629024826752 0.9993772619788789 0.999668743259992 0.9998288750169693 0.9999141589256044 0.9999581920483085 0.9999802321993791 0.9999909269895481 0.999995957968651 0.9999982522951661 0.9999992666276154 0.999999701365726 0.9999998819988201 0.9999999547582101 0.9999999831702758 0.9999999939259714 0.9999999978732341 0.9999999992775839 0.9999999997619529 0.9999999999239093 0.9999999999764073 0.9999999999929045 0.9999999999979301 0.9999999999994144 0.9999999999998392 0.9999999999999571 0.9999999999999889 0.9999999999999972 0.9999999999999993 0.9999999999999998 1. 1. 1. 1. 1. 1. 1.
1.5370402052661244e-15 6.065158081243948e-15 2.3236489724841238e-14 8.643285477567305e-14 3.12159176223577e-13 1.0946412571489735e-12 3.727143784639229e-12 1.232253202076584e-11 3.9559866679241974e-11 1.2332556745263246e-10 3.733430941353635e-10 1.0975745596214613e-9 3.1336184049805356e-9 8.688819145381049e-9 2.339891060323908e-8 6.120258917937652e-8 1.554904776637794e-7 3.8372482411271835e-7 9.19903349121803e-7 2.1423818579369647e-6 4.847439532545302e-6 0.000010656626816029461 0.000022764220853201935 0.00004725507975773985 0.00009533391529450148 0.00018693649137176 0.00035631773496544233 0.0006602850508524009 0.0011896954369192514 0.0020845698192203297 0.003552602738426223 0.0058898984408619496 0.009501465797249396 0.014917507645968026 0.02280016369411295 0.03393457991623327 0.04919852059635376 0.06950666582942412 0.09572941692171986 0.12859116564759732 0.16855871650458465 0.21573555881215623 0.2697804546894138 0.32986807384783334 0.39470461149347974 0.46260295006419916 0.5316115153962665 0.5996808287860225 0.664844307380998 0.7253869905867079 0.7799783082125968 0.8277521300821964 0.8683273497234271 0.9017727379324088 0.9285284216013597 0.9493014728180275 0.9649541610211079 0.976400904555524 0.984525080422294 0.9901211227666131 0.9938621161859423 0.9962892690748799 0.9978175793019084 0.9987515431290792 0.9993054703366984 0.9996243151763831 0.9998024341113232 0.9998990046675675 0.9999498186536779 0.9999757679522895 0.9999886288637133 0.999994815029702 0.9999977028822888 0.9999990112566672 0.9999995865542197 0.9999998320570092 0.9999999337342298 0.9999999746032429 0.9999999905461605 0.9999999965820952 0.9999999987999048 0.999999999590778 0.9999999998644891 0.999999999956424 0.9999999999863929 0.9999999999958742 0.9999999999987852 0.9999999999996527 0.9999999999999036 0.999999999999974 0.9999999999999932 0.9999999999999982 0.9999999999999996 0.9999999999999999 1. 1. 1. 1. 1. 1.
5.755406218733021e-15 2.1561525958650308e-14 7.850768654852504e-14 2.778321565503215e-13 9.556513671108326e-13 3.1950133965026166e-12 1.0382747815475036e-11 3.2796630830778046e-11 1.0070129992262063e-10 3.005676672861526e-10 8.720955634315888e-10 2.459884836665245e-9 6.7454301683221465e-9 1.7983124186071803e-8 4.6612130266146225e-8 1.1747086181241449e-7 2.8785869738032496e-7 6.859126864413964e-7 1.589361656688857e-6 3.5815188064198973e-6 7.849298062334736e-6 0.000016731870385283517 0.00003469301743026838 0.00006997784146254265 0.0001373220839261159 0.00026219598276205875 0.00048715406814072104 0.000880876654048054 0.0015503570814400694 0.002656329560834515 0.0044313758326654015 0.007199171344583256 0.011392098571892837 0.017563157404470082 0.026387068429635473 0.03864512598799192 0.05518915653715187 0.07688218308110649 0.10451709933633695 0.13871940311630837 0.1798449596233901 0.22788766467352228 0.2824135049944932 0.342535937552598 0.4069424807294293 0.4739745633873339 0.5417534944178969 0.6083368989784037 0.6718841194692055 0.7308073292036258 0.7838878898274234 0.830344109343077 0.8698454173489938 0.9024770137906076 0.928666343464907 0.9490869971990907 0.9645564187844047 0.9759415400539462 0.9840822141982166 0.9897373387799564 0.9935539950279162 0.9960565460797993 0.9976507425328067 0.998637384729843 0.999230632952348 0.9995771878772834 0.999773870743087 0.9998823182955616 0.9999404123525342 0.9999706468203419 0.9999859341477217 0.9999934437919318 0.9999970277725712 0.9999986895405418 0.9999994381123798 0.999999765720675 0.9999999050153552 0.9999999625556839 0.9999999856480395 0.999999994651763 0.9999999980623884 0.9999999993175618 0.9999999997663394 0.9999999999222288 0.9999999999748377 0.9999999999920866 0.9999999999975808 0.9999999999992812 0.9999999999997924 0.9999999999999417 0.9999999999999841 0.9999999999999958 0.9999999999999989 0.9999999999999998 1. 1. 1. 1. 1. 1.
2.008268916568837e-14 7.162806952638522e-14 2.485460756708241e-13 8.390761114822632e-13 2.7559771837611292e-12 8.807229268497529e-12 2.7384363044931464e-11 8.284695609733905e-11 2.4387803750509356e-10 6.985596618222359e-10 1.9470734007033788e-9 5.281088420343665e-9 1.3939339054155696e-8 3.580593600682679e-8 8.951168286910771e-8 2.1778871438684623e-7 5.157540120454929e-7 1.188840978695684e-6 2.6674911716127997e-6 5.8264832419655e-6 0.00001238975690249191 0.000025650914337739233 0.00005170833016591907 0.0001015015605013236 0.00019403492554789534 0.0003612654503406538 0.0006551805767555797 0.0011575434718301574 0.0019925741755441348 0.0033423966259609433 0.005464371315165117 0.008708463124880906 0.013531665576458386 0.020505430368444075 0.030311355595296793 0.043720447375697594 0.06155243189184903 0.08461403770879891 0.113618778084233 0.14909505283553337 0.19129351675764197 0.24010757265374413 0.2950215343440009 0.3550988194310206 0.41901745084715114 0.48515289712046655 0.5517002467914036 0.6168206220090835 0.6787922175746675 0.73614547790359 0.7877649058573796 0.8329461201320075 0.8714046106592237 0.9032404410245637 0.9288693268468453 0.9489340351503543 0.9642105939192843 0.9755217698927052 0.9836665525252448 0.9893700430925918 0.9932541521805336 0.9958265109627034 0.9974832765499317 0.9985209959932199 0.99915309945981 0.9995275424296566 0.9997432535034095 0.9998641039913039 0.9999299475869015 0.9999648349211753 0.9999828116680061 0.9999918199803419 0.999996209982503 0.9999982905171048 0.9999992494186225 0.9999996792141234 0.9999998665575498 0.9999999459727669 0.9999999787111784 0.9999999918361999 0.9999999969533826 0.9999999988935993 0.999999999609014 0.9999999998655531 0.9999999999550151 0.9999999999853546 0.9999999999953608 0.9999999999985703 0.9999999999995712 0.999999999999875 0.9999999999999645 0.9999999999999902 0.9999999999999973 0.9999999999999993 0.9999999999999998 1. 1. 1. 1. 1.
6.562875662825596e-14 2.2342852245168932e-13 7.40722647585765e-13 2.3914083130894502e-12 7.518687074530303e-12 2.302131305644819e-11 6.864805619426406e-11 1.9936431251037572e-10 5.638963750079577e-10 1.5534468043750828e-9 4.1682334810263524e-9 1.0893829735723995e-8 2.7733034648794394e-8 6.877316130208241e-8 1.661357660015521e-7 3.9097500896334187e-7 8.963904898542569e-7 2.002304898413147e-6 4.357848219876735e-6 9.241642144687691e-6 0.00001909808638616721 0.00003846141256978168 0.00007548994097971679 0.00014441700625446687 0.00026931055615278884 0.0004895966895978801 0.0008678051831861507 0.0014998856951867624 0.0025281637430415193 0.004156506411912046 0.006666532002473107 0.010432768892711336 0.01593367564071829 0.023754600718521368 0.03457838643797118 0.049159728121771135 0.06828083590798813 0.09268848176696719 0.1230159415334648 0.15969713781542344 0.2028836641731335 0.252377418151599 0.3075915013462126 0.3675494397524492 0.43092778269457044 0.4961405207009621 0.5614567879789109 0.6251374615650798 0.6855728483571193 0.7414034523414657 0.7916088837634154 0.8355556000636906 0.873001088245231 0.9040588312780067 0.9291336385194386 0.9488398261738019 0.9639150895426691 0.9751410747663127 0.9832783923797358 0.9890200235298312 0.9929635658616703 0.9956001090769917 0.9973159634361084 0.9984029472107676 0.9990732372712535 0.9994755831363985 0.9997106726811809 0.9998443827337613 0.9999184100043299 0.9999583048056134 0.999979233287401 0.999989920290798 0.9999952324481247 0.9999978027410483 0.99999901331402 0.9999995683177928 0.9999998160015084 0.9999999235973471 0.9999999690950994 0.999999987822642 0.9999999953262126 0.9999999982527322 0.9999999993637758 0.9999999997743644 0.9999999999220638 0.9999999999737823 0.9999999999914106 0.9999999999972595 0.9999999999991485 0.9999999999997424 0.9999999999999241 0.9999999999999782 0.9999999999999939 0.9999999999999983 0.9999999999999996 0.9999999999999999 1. 1. 1. 1.
2.017781856657415e-13 6.572768920374148e-13 2.086815956685446e-12 6.4578823116884555e-12 1.947939169129082e-11 5.727295825301165e-11 1.641432787697056e-10 4.5857126679929867e-10 1.2488565167382624e-9 3.3155283755173902e-9 8.581058450451919e-9 2.165166217438048e-8 5.326222520752337e-8 1.2774432327154737e-7 2.987280233040053e-7 6.811481223236767e-7 1.5144645573021656e-6 3.2836056554789383e-6 6.9429082945824595e-6 0.000014317153324932703 0.000028795541656513483 0.000056490858682089696 0.00010810586258566133 0.00020182518301380055 0.00036761806350062815 0.0006533680634948966 0.0011332012162897406 0.0019182161991928971 0.00316948136513596 0.0051126232190083325 0.008052596810841622 0.012386369716719662 0.018610414274245778 0.02731930981454559 0.03919167745417159 0.05496036247402316 0.07536540596146138 0.10109088629478596 0.13268989047388832 0.17050516430493218 0.21459566834963542 0.264680572689491 0.3201115597923915 0.3798814367544254 0.44267224907197955 0.5069401084446155 0.5710279378859847 0.6332925498616219 0.6922299537694913 0.7465831024016962 0.7954193623944801 0.8381701444823506 0.8746312388707868 0.904928215667165 0.9294556903038 0.9488016513673524 0.963668252901501 0.9747988123670381 0.9829178801958373 0.9886879252909102 0.992683102849895 0.9953782146211165 0.997149551922488 0.9982838038369348 0.9989914261369303 0.9994215338273356 0.99967623830554 0.9998231916912713 0.9999057966693536 0.999951036025589 0.9999751745182259 0.9999877228898462 0.9999940783653867 0.9999972144815701 0.9999987221977795 0.9999994284021281 0.999999750675518 0.9999998939608506 0.9999999560280577 0.9999999822222975 0.9999999929927132 0.9999999973073292 0.9999999989913011 0.9999999996316408 0.9999999998688703 0.9999999999544972 0.9999999999846088 0.9999999999949255 0.9999999999983693 0.9999999999994892 0.9999999999998441 0.9999999999999536 0.9999999999999866 0.9999999999999962 0.9999999999999989 0.9999999999999998 1. 1. 1. 1.
5.861016160598503e-13 1.830845361409667e-12 5.5790638380306804e-12 1.6584810329840932e-11 4.809592988926626e-11 1.3607065915676456e-10 3.75568651205347e-10 1.0113323114884946e-9 2.6569898481921388e-9 6.8106715795091564e-9 1.7033639803059387e-8 4.156778299780888e-8 9.898140148349157e-8 2.2999281361181465e-7 5.215028874395884e-7 1.153985050713971e-6 2.4920996708996313e-6 5.25260576001032e-6 0.000010805693095550056 0.000021698272593170145 0.00004253250241591763 0.00008138998646434303 0.00015205793010429172 0.0002773780536355766 0.0004940834822721727 0.0008594842158296847 0.0014602700945792807 0.002423479518944937 0.003929297445456032 0.006224785099433482 0.009636936101376364 0.0145826880270729 0.021572850049556253 0.031206547491066133 0.04415296559827347 0.06111809345714863 0.08279591036778242 0.10980592772992381 0.14262188730941688 0.18149920464112457 0.22641079327326882 0.2770015878203962 0.3325709670038332 0.3920892723239742 0.4542500644758734 0.5175544062640017 0.5804183220544217 0.641290709650205 0.6987671966291046 0.7516861278555076 0.7991958923400976 0.840787494368531 0.876291664882693 0.905844832274302 0.929832036198945 0.9488168411362612 0.9634683906170818 0.9744942351054726 0.982585027224544 0.9883742608794861 0.9924135221887305 0.9951616291758056 0.9969847527889388 0.998164120858178 0.9989080530616485 0.9993656341537891 0.9996400779842838 0.9998005833424044 0.9998921160328698 0.9999430155332492 0.9999706150435155 0.9999852078815674 0.9999927315326089 0.9999965139372042 0.9999983681421678 0.9999992544771175 0.9999996676086531 0.9999998553799103 0.9999999385984581 0.9999999745619088 0.9999999897167973 0.9999999959440176 0.9999999984391051 0.9999999994139317 0.9999999997853121 0.9999999999232744 0.9999999999732492 0.9999999999909012 0.9999999999969809 0.9999999999990228 0.9999999999996914 0.999999999999905 0.9999999999999715 0.9999999999999916 0.9999999999999976 0.9999999999999993 0.9999999999999998 1. 1. 1.
1.6145376906662757e-12 4.8466392705771065e-12 1.4204141024320315e-11 4.064242802221094e-11 1.1353868660354049e-10 3.096830103020203e-10 8.247276582969229e-10 2.144541530286799e-9 5.4450376095814155e-9 1.3499647692021569e-8 3.268229905455565e-8 7.726553645368691e-8 1.7838469960690365e-7 4.0220231835355746e-7 8.856550891691461e-7 1.9047458261091522e-6 4.0011292153757535e-6 8.209632377082772e-6 0.000016454500874662853 0.00003221750432172111 0.00006162739450961847 0.00011517586399435927 0.0002103239332022202 0.00037531186737772235 0.000654504340456551 0.0011155612871708279 0.0018585886430114104 0.0030271578308626785 0.004820666482956106 0.007506950705385937 0.011433399224316732 0.01703416402126893 0.02483056669643201 0.03542165784534534 0.04946229067835904 0.0676271570482503 0.09056102425560678 0.11881775761129872 0.1527932843136579 0.1926599612832185 0.23831129595513054 0.2893261362328743 0.3449599969995456 0.40416814650482025 0.4656608235513127 0.5279862040264897 0.5896323745302601 0.6491364749368281 0.7051879838857311 0.7567140924621031 0.8029380362656172 0.8434055254592163 0.8779791670872712 0.9068051143666682 0.930259368998418 0.9488827813117425 0.9633137818823956 0.9742265060645205 0.9822797239232115 0.9880794200034201 0.9921554796011263 0.9949510813129734 0.9968222353170966 0.9980444379390971 0.9988235076301242 0.9993081359657172 0.9996023346115371 0.9997766243754014 0.9998773876824236 0.9999342379134594 0.9999655391371696 0.9999823577289388 0.9999911766842206 0.9999956894606352 0.9999979430232251 0.9999990412563226 0.9999995635544761 0.9999998059594207 0.9999999157495867 0.9999999642766881 0.9999999852083717 0.9999999940193237 0.9999999976387549 0.9999999990897187 0.9999999996573569 0.9999999998740701 0.9999999999548116 0.9999999999841684 0.9999999999945848 0.9999999999981917 0.9999999999994105 0.9999999999998124 0.9999999999999417 0.9999999999999822 0.9999999999999948 0.9999999999999984 0.9999999999999996 0.9999999999999999 1. 1.
4.2327259387375744e-12 1.2234193485959268e-11 3.4549831932377106e-11 9.533241323893089e-11 2.57020924554034e-10 6.770790871665393e-10 1.7428650113527614e-9 4.3838191516557716e-9 1.0775014736079579e-8 2.5880468122207307e-8 6.074757152189328e-8 1.3934864186928522e-7 3.1239862981264587e-7 6.844862713919673e-7 1.4658432804299413e-6 3.068292984382858e-6 6.277885981078442e-6 0.000012556245973807948 0.000024550498523160077 0.000046928995748065886 0.00008770638654681022 0.00016027331812072727 0.0002863947594473447 0.0005004717327475815 0.0008553520204802263 0.001429897895708521 0.0023383425679368874 0.0037411666465231724 0.00585679276496353 0.008972851438864773 0.01345517651491698 0.019752153524366052 0.028391719303088685 0.039968366250548025 0.0551180909701867 0.074480428491784 0.09864849655432312 0.12811015557852964 0.16318563263778557 0.20396881456969565 0.2502804125554847 0.3016409515092879 0.35726985875997297 0.4161139201864913 0.4769044472427791 0.5382383127114219 0.5986743420190428 0.6568341104469564 0.7114954878178747 0.7616684366917048 0.8066453692309706 0.846022238442877 0.8796907309499901 0.9078056793196759 0.9307345165356882 0.948996917922662 0.9632026898516636 0.9739947133198095 0.98200175336088 0.9878036793069305 0.991909532422672 0.9947472271029387 0.9966626246887512 0.9979252753165944 0.9987381777736298 0.9992492998347817 0.99956316401005 0.9997513944152532 0.999861641900121 0.9999247054570927 0.9999599359782225 0.9999791576199134 0.9999893998060532 0.9999947297862943 0.9999974386630772 0.9999987832336088 0.99999943502494 0.999999743602394 0.9999998862782176 0.9999999507051027 0.9999999791179264 0.9999999913554103 0.9999999965029571 0.999999998617609 0.999999999466023 0.9999999997984583 0.9999999999256728 0.9999999999732168 0.9999999999905703 0.9999999999967563 0.9999999999989098 0.9999999999996421 0.9999999999998852 0.999999999999964 0.9999999999999889 0.9999999999999967 0.9999999999999991 0.9999999999999998 1. 1.
1.0594603422659476e-11 2.9539026978076556e-11 8.052682929667585e-11 2.1464789474917458e-10 5.59452881857915e-10 1.4258080360700693e-9 3.553282260567906e-9 8.659256346581876e-9 2.0636003949273346e-8 4.8092506503339284e-8 1.0960985309747144e-7 2.4431868475204974e-7 5.326160489039032e-7 1.135635656250882e-6 2.3683668505241587e-6 4.8312939593413505e-6 9.640584135650978e-6 0.000018818766500611 0.00003593777821003532 0.00006714441938638737 0.0001227427463479778 0.00021955332171139593 0.00038430516607266494 0.0006583263874025882 0.0011037616151226013 0.0018114326090746201 0.0029102479668580493 0.004577743029842201 0.007050895668217714 0.010635851676060041 0.015714677296439526 0.022746847106595736 0.03226301263377613 0.04484882433352084 0.0611173084644598 0.0816695678954238 0.10704530674283898 0.1376666660521124 0.17378077381836263 0.21540785651985714 0.26230233714491047 0.31393376768120507 0.36949261969928426 0.4279230453337808 0.4879811357397929 0.5483135456471196 0.6075482890126319 0.6643876298836695 0.7176926653632811 0.7665504892252146 0.810317478993542 0.8486357501084748 0.8814235139899628 0.9088433182177449 0.9312544376723343 0.9491567608308553 0.9631333714368526 0.9737978827580946 0.9817508036460095 0.9875472118310437 0.9916761448919871 0.9945506513630258 0.996506500222461 0.9978071304011631 0.998652445993784 0.9991893917721868 0.9995227325648419 0.9997249846251051 0.9998449190569797 0.9999144280865397 0.999953799858398 0.9999755957712122 0.999987388423854 0.9999936242538516 0.9999968469793589 0.9999984747702998 0.9999992783337416 0.9999996660267025 0.999999848837496 0.9999999330859406 0.9999999710321202 0.9999999877361132 0.9999999949226324 0.9999999979444125 0.9999999991862167 0.999999999684974 0.9999999998807554 0.9999999999558657 0.9999999999840283 0.9999999999943487 0.9999999999980449 0.9999999999993388 0.9999999999997813 0.9999999999999293 0.9999999999999776 0.9999999999999931 0.9999999999999979 0.9999999999999993 0.9999999999999998 1.
2.5393673512228654e-11 6.841258864029636e-11 1.80335786895583e-10 4.6512741531465603e-10 1.1738574045602458e-9 2.8988249129219025e-9 7.004906549833687e-9 1.6564090623598597e-8 3.8329191554081504e-8 8.679630927441407e-8 1.923516906618293e-7 4.17184802916295e-7 8.855524642543989e-7 1.8397983468745353e-6 3.741228950566544e-6 7.446734624622747e-6 0.000014509281273514565 0.000027674317088245258 0.00005167533457153323 0.00009446946222690888 0.00016909468508055558 0.0002963670355217293 0.0005086570024689193 0.0008549724592238583 0.0014075093783745781 0.00226968902628059 0.0035854629897207643 0.00554932913094826 0.008416077443413468 0.012508819291052966 0.018223424811327906 0.02602720973629862 0.036449699327045296 0.05006366976709329 0.0674555005770539 0.08918516280589041 0.11573781050398985 0.1474707192539009 0.18456091552924078 0.22695991277719005 0.27436219482315116 0.32619325946793776 0.38162113433672085 0.4395925021322898 0.49889132741201064 0.5582147032127995 0.6162581036316201 0.6718008130321869 0.7237822757675183 0.7713614773657044 0.8139539662957336 0.8512442853426028 0.8831748342542862 0.9099149861028191 0.9318162181207443 0.9493598864101811 0.9631040857030791 0.9736349895212033 0.981526479398943 0.9873100961254816 0.991455693663465 0.9943618695073337 0.9963543943444083 0.9976904750363516 0.9985666860458198 0.99912868017709 0.9994812148960976 0.9996974962251395 0.9998272688732259 0.9999034231478585 0.9999471302855365 0.9999716636655394 0.9999851318582691 0.9999923630212988 0.9999961601371966 0.9999981101901199 0.9999990896479939 0.9999995707884974 0.9999998019443216 0.9999999105579942 0.9999999604706715 0.9999999829034937 0.9999999927640997 0.9999999970031632 0.9999999987854714 0.9999999995183673 0.9999999998131135 0.9999999999290448 0.9999999999736411 0.9999999999904193 0.999999999996593 0.9999999999988145 0.9999999999995964 0.9999999999998657 0.9999999999999563 0.999999999999986 0.9999999999999957 0.9999999999999987 0.9999999999999996 0.9999999999999999
5.844195798527435e-11 1.5238076178716944e-10 3.8900867146860945e-10 9.72346238690471e-10 2.379712038243146e-9 5.702687530294922e-9 1.3381258654436313e-8 3.074594092688025e-8 6.917736312128393e-8 1.52418745508072e-7 3.288702440784384e-7 6.949238455189707e-7 1.4381094833891115e-6 2.9147787925140183e-6 5.7862371954661655e-6 0.000011250796878937178 0.000021428299067037247 0.00003997901365457663 0.00007307028955297272 0.0001308399522437952 0.00022954051323386396 0.00039457431323440745 0.0006646339541360347 0.0010971278648828108 0.0017749782556536406 0.0028147099012906514 0.004375491901548883 0.00666845371201609 0.009965195988162505 0.014604008163904461 0.020991968443790348 0.0296009398401778 0.040955595611889044 0.0556120979118457 0.07412695557263259 0.0970168659640627 0.12471187383561796 0.1575057374191177 0.19550869327214168 0.23860855456922161 0.28644601064123454 0.338408983870768 0.39364897806696497 0.4511197424519218 0.5096356630177673 0.5679445604795064 0.6248075039759998 0.6790772217675918 0.7297668967145021 0.7761025364798981 0.8175544451376193 0.8538461698818656 0.8849421597689583 0.9110177928384852 0.9324170661746838 0.949603939423195 0.9631131010338816 0.9735049681973118 0.9813283123027288 0.987092324957469 0.991248473431144 0.9941813298738109 0.9962067921946735 0.9975757533625207 0.9984812600729952 0.9990674330399409 0.9994387916106287 0.9996690389677952 0.9998087495736174 0.9998917150859534 0.9999399319882945 0.9999673562204232 0.9999826214412141 0.9999909372621065 0.9999953706993452 0.9999976838790956 0.9999988650467754 0.9999994553118136 0.9999997439912667 0.999999882162607 0.9999999468848149 0.9999999765551129 0.9999999898665117 0.9999999957111638 0.9999999982226268 0.9999999992787826 0.9999999997134552 0.9999999998885325 0.9999999999575453 0.9999999999841688 0.9999999999942202 0.9999999999979341 0.999999999999277 0.9999999999997524 0.999999999999917 0.9999999999999727 0.9999999999999912 0.9999999999999972 0.9999999999999991 0.9999999999999998
1.2947098952084339e-10 3.272091356461797e-10 8.10172042569811e-10 1.9653357429845138e-9 4.671036448341713e-9 1.0877189311477038e-8 2.4817475837669196e-8 5.548138191258902e-8 1.2153396722306072e-7 2.608684977800795e-7 5.48697342174759e-7 1.1309567439488225e-6 2.284424260809883e-6 4.522119370298469e-6 8.773237400944828e-6 0.00001668206558498287 0.00003109086732612269 0.00005679780575506603 0.00010171158857235409 0.00017855660638479992 0.0003073099801622914 0.000518565642488056 0.0008580071542756125 0.0013921143360248371 0.0022151123118966443 0.0034569819676774313 0.005292083832454864 0.00794761414364669 0.011710744710979366 0.01693295384830614 0.024029813122999115 0.03347444634655048 0.04578311214862846 0.0614919425776156 0.08112480936272724 0.10515352687904535 0.133952995495583 0.16775522717560856 0.20660721962002396 0.250338102344725 0.2985406755320871 0.3505713236212298 0.4055703858650072 0.4625026390629712 0.5202149545513445 0.5775058573408576 0.6332000448170443 0.6862202150245602 0.7356489390854419 0.7807747185733291 0.8211185430350905 0.8564398237388999 0.8867230988737024 0.9121489945566545 0.9330543084060503 0.9498866342267793 0.9631587012182273 0.9734067218744948 0.9811557707737133 0.9868938135811065 0.9910547025730863 0.9940094164203432 0.9960641317766121 0.9974633802285924 0.9983965161756153 0.9990059154152806 0.9993956471631154 0.9996397296034742 0.9997894269655672 0.999879335020279 0.9999322148297061 0.9999626718891228 0.9999798506902026 0.9999893393418663 0.9999944717703859 0.9999971903875144 0.9999986005848859 0.9999993169236353 0.9999996732628821 0.9999998468492108 0.9999999296575365 0.9999999683422236 0.999999986039676 0.9999999939681382 0.9999999974464916 0.999999998940885 0.9999999995696127 0.9999999998286528 0.9999999999331675 0.9999999999744622 0.9999999999904401 0.9999999999964941 0.9999999999987405 0.9999999999995568 0.9999999999998472 0.9999999999999484 0.9999999999999829 0.9999999999999944 0.9999999999999982 0.9999999999999994
2.7674206853066324e-10 6.788729458021552e-10 1.632538343482209e-9 3.848652274184494e-9 8.894749585513013e-9 2.0153408493695962e-8 4.476758036514484e-8 9.749680007434115e-8 2.0818084751758798e-7 4.358406276305344e-7 8.946742202727503e-7 1.8008067792472397e-6 3.5542670076804604e-6 6.879084251069404e-6 0.000013056507099290876 0.0000243029347463498 0.000044365644332622365 0.00007943536659615712 0.00013950331924331215 0.00024031738096728174 0.0004061107627866809 0.0006732766949649352 0.0010951312958409982 0.0017478293831645444 0.0027373611507699814 0.004207353268824069 0.006347128453771155 0.009399161096631609 0.013664741177160515 0.019506383108364344 0.02734536540700196 0.03765284208790103 0.050933297646690766 0.06769976343992862 0.08844116172745661 0.11358331624075649 0.14344641791304738 0.17820285913634729 0.21784012252585852 0.26213362254728023 0.3106339102456993 0.3626714328397064 0.41738019571588925 0.473739440075082 0.5306301581669062 0.5869012907495663 0.6414391244960108 0.6932329627880391 0.7414306604769523 0.7853790000901322 0.8246459012637368 0.8590237552301117 0.8885153913574113 0.9133059856535504 0.9337253853737698 0.9502057554186958 0.9632391905938213 0.973339130164007 0.981008268798377 0.9867144075455734 0.9908745287434606 0.9938464516961203 0.9959268045643331 0.9973537400950305 0.9983127863921071 0.9989443871703059 0.9993519678509188 0.9996096903660114 0.9997693734658983 0.9998663202389031 0.9999239936388014 0.9999576126959255 0.999976815438775 0.99998756297082 0.9999934571313434 0.9999966245311102 0.9999982923600037 0.9999991528934985 0.9999995879560658 0.9999998034838633 0.9999999081057327 0.9999999578690417 0.9999999810623981 0.9999999916545814 0.9999999963945438 0.9999999984729568 0.9999999993659666 0.9999999997419322 0.9999999998970306 0.9999999999597258 0.9999999999845587 0.9999999999941968 0.9999999999978622 0.999999999999228 0.9999999999997268 0.9999999999999052 0.9999999999999678 0.9999999999999892 0.9999999999999964 0.9999999999999989
5.719570918903052e-10 1.3636818336149074e-9 3.18915217268463e-9 7.3157502913433495e-9 1.6461649774196454e-8 3.633529562789756e-8 7.867477993508223e-8 1.671110662310341e-7 3.4821686875626855e-7 7.118397365825816e-7 1.427631972938319e-6 2.8090966066464484e-6 5.423120592456503e-6 0.000010272614210664994 0.00001909325750596245 0.00003482298457594197 0.00006232466241862688 0.00010946734423649112 0.00018869676573165823 0.00031924644378326814 0.0005301492018671863 0.0008641948824721653 0.0013829311602546843 0.0021727082916998598 0.003351615629082481 0.005076944865932097 0.00755255070342746 0.011035187863268708 0.01583862582439548 0.022334137622234563 0.030945895440557675 0.04213995182318975 0.05640589301398428 0.07423093792537137 0.09606719036852668 0.12229384251328075 0.15317722689311428 0.188832535780092 0.22919157409648896 0.2739809187978689 0.32271422810523387 0.37470118514655737 0.42907379653074623 0.4848287281071036 0.5408823506825954 0.5961335087318935 0.6495279919224183 0.700118459163211 0.7471141775954017 0.7899162890176208 0.8281361750887299 0.8615965555417079 0.8903169003193773 0.9144862913021443 0.9344278473806941 0.9505591580204069 0.9633528983656954 0.9733010562930171 0.9808851739857679 0.9865538900320354 0.9907080343547943 0.9936927000078978 0.9957951564909553 0.9972471863723147 0.9982303850653844 0.9988831010087471 0.9993079399595897 0.9995790475023743 0.9997486670996788 0.9998527136285003 0.9999152879705298 0.9999521842097192 0.9999735139226041 0.9999856033296991 0.9999923213616233 0.9999959814888093 0.9999979365813856 0.9999989604765578 0.9999994862040218 0.9999997508606764 0.9999998814843629 0.9999999446932291 0.9999999746814698 0.9999999886303995 0.9999999949917258 0.999999997835999 0.9999999990828421 0.999999999618724 0.999999999844534 0.9999999999378237 0.9999999999756107 0.9999999999906168 0.9999999999964594 0.9999999999986897 0.9999999999995244 0.9999999999998307 0.9999999999999409 0.9999999999999798 0.9999999999999932 0.9999999999999978
1.1452455845422199e-9 2.657212637786029e-9 6.050713632851754e-9 1.3522232370125313e-8 2.9659316910700853e-8 6.384911631514707e-8 1.349088121157839e-7 2.797878209074132e-7 5.69550825691374e-7 1.1380577683630405e-6 2.232225723129548e-6 4.298022562684671e-6 8.12403731852911e-6 0.000015075258421392226 0.000027464108849981942 0.000049124005311378784 0.00008627215752865118 0.00014877122591230253 0.0002519203089052578 0.0004189188634033858 0.0006841445472124515 0.0010973575511757376 0.0017288787468350102 0.002675676984928927 0.004068136316978154 0.006077058795165123 0.008920206515263584 0.012867425932440174 0.01824317165521672 0.025425111796787886 0.0348375137493607 0.04693833309384259 0.06219939393572959 0.08107975565975896 0.10399326152503006 0.13127226032013045 0.1631304405849782 0.1996284486917491 0.24064631111237123 0.2858665185886441 0.33477089724633 0.3866531243764417 0.4406470802931882 0.495769383733392 0.5509727092264045 0.605205105899899 0.6574697535866111 0.70687953458145 0.7527014776322193 0.794387431366262 0.8315890339808778 0.864156893777924 0.8921256046889765 0.9156875604489836 0.9351593503060958 0.9509447672772717 0.9634981822051086 0.9732913533587648 0.9807858148861668 0.9864119887182615 0.9905552419058379 0.9935483707128907 0.99566948924808 0.9971440411412902 0.9981496075650675 0.998822300764229 0.9992637480703819 0.9995479298664425 0.999727390491941 0.9998385630570943 0.9999061218048094 0.9999463954609149 0.9999699468221115 0.9999834571672741 0.9999910599457704 0.9999952568946378 0.9999975296382764 0.9999987369589594 0.9999993661032092 0.9999996877159222 0.9999998489925938 0.9999999283276706 0.9999999666114034 0.9999999847339248 0.9999999931493926 0.9999999969828723 0.9999999986958961 0.9999999994468076 0.9999999997697087 0.9999999999059175 0.9999999999622807 0.99999999998516 0.9999999999942706 0.9999999999978293 0.999999999999193 0.9999999999997056 0.9999999999998945 0.9999999999999629 0.9999999999999872 0.9999999999999957
2.2257633117721886e-9 5.031470161535441e-9 1.1168455302162327e-8 2.4343473299009433e-8 5.2104194586763946e-8 1.0951500467934394e-7 2.2604561497557183e-7 4.5819620933842304e-7 9.121200861208165e-7 1.7832435654481229e-6 3.424059595562033e-6 6.457416795987649e-6 0.000011961319233525515 0.000021763019566488364 0.00003889531872488987 0.00006828625530501045 0.00011777366956100446 0.00019955603566860458 0.00033220631363848057 0.0005433802195569048 0.0008733361567299191 0.0013793416813995991 0.002140961429474251 0.0032660967809369622 0.004897476239455409 0.007219084085934545 0.010461781300784087 0.014907148128418889 0.02088840546475632 0.028787204343464795 0.03902516167091011 0.05204930813692201 0.06831111995073759 0.08823951384482434 0.11220903617128498 0.14050537045303205 0.17329108828431092 0.21057512620721658 0.2521896484544994 0.29777765643620013 0.3467939028709692 0.39852041797422166 0.45209639817202885 0.5065605527890734 0.5609024936372657 0.6141186202223012 0.6652673805194045 0.7135188671969198 0.7581944287140018 0.7987932170874241 0.835004161818979 0.8667035124417575 0.8939395923431888 0.9169075592644289 0.9359176515346143 0.951360578145008 0.9636734312212969 0.9733088698285225 0.9807094876266222 0.9862883821769846 0.9904161191214262 0.9934136215808897 0.9955500618344946 0.9970445952046558 0.998070729334678 0.998762219953096 0.9992195735360563 0.9995164675924336 0.9997056298703364 0.9998239207252537 0.9998965231956835 0.9999402588076716 0.9999661172634964 0.9999811228689401 0.9999896693631714 0.9999944469217019 0.999997068166292 0.9999984797043181 0.9999992257425904 0.9999996127445003 0.9999998097818557 0.9999999082435889 0.9999999565349906 0.9999999797813828 0.9999999907644768 0.9999999958575185 0.9999999981755168 0.9999999992109745 0.9999999996649525 0.9999999998603059 0.9999999999428126 0.9999999999770139 0.9999999999909288 0.9999999999964853 0.9999999999986628 0.9999999999995006 0.9999999999998168 0.999999999999934 0.9999999999999767 0.9999999999999919
4.205766515854127e-9 9.273210875043144e-9 2.0087104118711373e-8 4.274799192818769e-8 8.937886349152834e-8 1.8360511823503294e-7 3.705752030826283e-7 7.348877549912894e-7 1.4319602900550067e-6 2.741695944470913e-6 5.1582203393821976e-6 9.536470627658741e-6 0.00001732601161071023 0.00003093497485084386 0.0000542824606526536 0.00009361546454578924 0.00015868474998218432 0.0002643900828193498 0.00043301420701426344 0.0006971604722446539 0.001103483288805263 0.0017172451858109231 0.0026276417771815413 0.003953702212154401 0.005850399463477529 0.008514402545748643 0.012188692701740675 0.01716508031689612 0.023783540851977057 0.03242728302931728 0.04351261411991326 0.057473005132323306 0.07473728827886893 0.09570261218653997 0.1207035710674754 0.14997971151325806 0.1836442797063875 0.2216574724639438 0.26380748648312546 0.30970225430522325 0.3587739099367949 0.41029681309442817 0.4634185203353575 0.5172016171524773 0.5706730312809226 0.6228765308498729 0.6729237151464935 0.7200389935261496 0.7635947895116635 0.8031343854841624 0.8383812570786205 0.8692352233041527 0.8957570537673705 0.9181441650166389 0.936700605997041 0.9518046545208747 0.963877068387532 0.9733524543624638 0.9806554619131087 0.9861827058193764 0.9902905838798657 0.9932885621778218 0.9954370922993803 0.9969491084222386 0.9979940052324914 0.9987030805735635 0.9991755931270583 0.9994847908596182 0.9996834740940164 0.999808842500083 0.999886523881376 0.9999337897579301 0.9999620307809359 0.9999786004964866 0.9999881471594461 0.9999935483565305 0.9999965491101857 0.999998186200109 0.9999990632344252 0.9999995246183765 0.9999997629656642 0.9999998838749798 0.9999999441047376 0.9999999735668756 0.9999999877189198 0.9999999943942978 0.9999999974862607 0.9999999988926139 0.9999999995207537 0.9999999997962525 0.9999999999149074 0.9999999999650898 0.9999999999859308 0.9999999999944303 0.9999999999978342 0.9999999999991727 0.9999999999996896 0.9999999999998856 0.9999999999999586 0.9999999999999853
7.739004970943353e-9 1.666067975357605e-8 3.525439458108419e-8 7.33256249659558e-8 1.499097300771876e-7 3.0126284650126514e-7 5.951327449926975e-7 1.1557027562993663e-6 2.2062501592722894e-6 4.140499660957639e-6 7.639309934698351e-6 0.000013857147372912859 0.000024713136909868512 0.00004333446113406811 0.00007471517446104783 0.00012667003402075627 0.00021117858652999345 0.0003462260043205511 0.0005582490403857214 0.0008852815789826927 0.0013808573241435927 0.0021186601062917958 0.0031978098482333944 0.0047485331692829645 0.006937797074290728 0.00997429587431421 0.014111998889924973 0.019651322392140656 0.026936922993745723 0.03635116183518968 0.048302493334382385 0.06320840714670001 0.08147309084537409 0.10346064623643604 0.12946541415005433 0.1596816433338486 0.1941752654037889 0.23286079880309385 0.27548631330079365 0.32162889999106503 0.37070222660956154 0.4219765953823902 0.47461059920462473 0.5276921686564557 0.5802857039806268 0.6314812568210304 0.6804414779972017 0.7264423183801626 0.7689042180841499 0.8074116301639449 0.8417200330074601 0.8717509036224316 0.8975762762100244 0.9193953603410165 0.9375061623338719 0.9522751282690826 0.9641075524930734 0.973420960029624 0.9806229864474868 0.9860945573989335 0.990178508910972 0.9931732572314582 0.9953307596321237 0.9968578102863792 0.9979196691350464 0.9986450921358431 0.9991319778466723 0.9994530287564891 0.9996610137213582 0.99979338724483 0.9998761588655937 0.9999270067540618 0.9999576952433811 0.9999758917999226 0.9999864919988535 0.9999925586624392 0.999995969781605 0.9999978541028332 0.9999988767458305 0.9999994220065392 0.9999997076309971 0.999999854624319 0.9999999289451957 0.9999999658629302 0.9999999838794223 0.9999999925174861 0.9999999965863533 0.9999999984693155 0.9999999993254078 0.9999999997078013 0.9999999998756086 0.9999999999479561 0.9999999999786001 0.999999999991352 0.9999999999965655 0.9999999999986595 0.9999999999994859 0.9999999999998062 0.9999999999999283 0.9999999999999738
1.3887964393057212e-8 2.9221130575737674e-8 6.046032024581523e-8 1.230177936383655e-7 2.461495784930649e-7 4.843665488524652e-7 9.373546332047049e-7 1.7840212380041324e-6 3.339448347735573e-6 6.148103961007902e-6 0.000011133032322756984 0.000019829261292235633 0.00003474053132074534 0.000059871541020449045 0.00010150254496691578 0.0001692878388577796 0.0002777718523705936 0.0004484223956431501 0.0007122749390167455 0.0011132585117726737 0.0017122264439560437 0.002591638193250643 0.0038607289017776815 0.005660862678256301 0.008170602022480423 0.011609855501404975 0.016242313446993218 0.022375278993257083 0.03035598493492124 0.040563589620376914 0.0533962922389727 0.06925340724602327 0.08851277313940963 0.11150449822442156 0.1384826939325361 0.16959742243827575 0.20486948901808613 0.24417084840715494 0.2872132027272234 0.3335468240425047 0.38257076872904144 0.4335545503823559 0.4856701358952763 0.5380319858122514 0.5897419367989362 0.6399351564990907 0.6878232742371758 0.7327311241361745 0.7741242800247178 0.8116256035768527 0.8450202177870958 0.8742494926731295 0.8993956382871644 0.9206592278783445 0.9383323591889854 0.9527701980823009 0.9643633796838786 0.9735132479806548 0.9806112938054325 0.986023502093857 0.9900797262541117 0.9930677299473645 0.9952312057571503 0.996770900697561 0.9978479337732306 0.9985884509064331 0.9990888919109744 0.9994213082494904 0.999638340126633 0.9997776161553305 0.9998654659797547 0.9999199309269935 0.9999531207498397 0.9999730002028288 0.9999847036975866 0.9999914760309765 0.999995327910665 0.999997481280908 0.9999986645303267 0.9999993035959851 0.9999996428509699 0.9999998198694309 0.9999999106561741 0.9999999564216366 0.9999999790975507 0.9999999901409624 0.9999999954272799 0.9999999979145027 0.9999999990647406 0.9999999995875843 0.9999999998211817 0.9999999999237648 0.9999999999680433 0.9999999999868289 0.9999999999946625 0.9999999999978734 0.9999999999991669 0.9999999999996791 0.9999999999998785 0.9999999999999547
2.433890560637959e-8 5.009736936852086e-8 1.0144663746854704e-7 2.0210559969006064e-7 3.9613812747277e-7 7.639286616770592e-7 1.449464995428412e-6 2.705970344190241e-6 4.9706258636807526e-6 8.984316661880663e-6 0.000015979347594076793 0.000027967143459960452 0.00004816908085205685 0.00008164640163517776 0.00013619861376964194 0.00022361202057866267 0.0003613481081703896 0.0005747613987831921 0.0008999229694759773 0.0013870934908781869 0.002104832969537041 0.0031446495063629123 0.004625975565713834 0.006701121624437092 0.009559704227915569 0.01343189635895108 0.018589727620127724 0.025345600159310044 0.034047214962865266 0.04506824930396024 0.0587944060859161 0.07560486837265853 0.09584971372937816 0.11982442465579235 0.1477432027403167 0.17971326987020989 0.2157126320527188 0.2555738149904003 0.29897580871547225 0.34544587571148766 0.3943720254739388 0.44502592749314135 0.4965949496003097 0.5482210130587934 0.5990431884383902 0.6482405276143343 0.695071600002426 0.7389075793929623 0.7792564559708326 0.8157769211778765 0.848281554681525 0.8767299885681066 0.901213604996125 0.9219339452563049 0.9391773216378982 0.9532881282145969 0.9646430846472009 0.97362819063503 0.9806196048191687 0.9859690771878974 0.9899940314706905 0.9929719652496009 0.9951385375979953 0.9966885509042258 0.9977789907721949 0.998533339348948 0.9990464918872195 0.9993897532587865 0.9996155446733878 0.9997615921128975 0.9998544854350249 0.9999125858265437 0.9999483194973391 0.9999699307631877 0.9999827832383045 0.9999902994208807 0.9999946216904049 0.9999970658543508 0.9999984249586233 0.9999991681132188 0.9999995676985098 0.9999997789713856 0.9999998888167942 0.9999999449763907 0.99999997321023 0.9999999871681203 0.9999999939534897 0.9999999971971179 0.9999999987218462 0.999999999426633 0.9999999997469845 0.9999999998901702 0.9999999999531028 0.9999999999803022 0.9999999999918616 0.9999999999966926 0.999999999998678 0.9999999999994802 0.9999999999997989 0.9999999999999235
4.170876743593524e-8 8.405805365650832e-8 1.667348028004139e-7 3.2551970522908293e-7 6.255212901112544e-7 1.1831259946945482e-6 2.2026978929637444e-6 4.036691599159339e-6 7.282077841678689e-6 0.000012931753488664487 0.000022607160046597437 0.00003890775749206017 0.0000659240917819974 0.00010997328192866225 0.00018062749282368265 0.00029211515151990417 0.00046517812840374284 0.0007294617084820145 0.0011264930911571408 0.0017132634148040902 0.002566363728634352 0.0037865348004505325 0.0055033755571860625 0.007879821707926003 0.011115867206249259 0.015450875606450554 0.021163740525380347 0.028570131925185593 0.03801613448946648 0.04986776652175117 0.06449617108402377 0.08225868671547712 0.10347650343371026 0.12841014011696203 0.15723447372934565 0.1900154317854941 0.22669065183956597 0.2670563562924122 0.310762356849251 0.35731649833495077 0.4060990263584741 0.4563864063745737 0.507383149685234 0.5582593422778521 0.6081909430570995 0.6563996078029599 0.7021888485187944 0.7449737470514424 0.7843021485327932 0.819866165247829 0.8515038021722652 0.8791914453261962 0.9030287231025713 0.9232177803906089 0.9400392577527713 0.9538272471155609 0.9649452414883964 0.9737646744347815 0.9806471325063215 0.9859307963707602 0.9899211876096137 0.9928859129261889 0.9950528291800751 0.9966109045744433 0.9977130108679937 0.9984799257435524 0.9990049259826541 0.9993584838413456 0.9995927179502027 0.9997453790616873 0.9998432593721421 0.9999049971344149 0.9999433056259057 0.9999666901120141 0.9999807327666673 0.999989028584332 0.9999938498134389 0.9999966062304555 0.9999981565479468 0.99999901434576 0.9999994812607064 0.9999997312832463 0.9999998629903147 0.9999999312442238 0.999999966040638 0.9999999834920252 0.9999999921022387 0.9999999962813731 0.9999999982768526 0.9999999992141916 0.9999999996473378 0.9999999998442446 0.9999999999323039 0.9999999999710456 0.9999999999878131 0.9999999999949524 0.9999999999979428 0.9999999999991749 0.9999999999996744 0.9999999999998735
6.997373804798307e-8 1.3819339634363963e-7 2.6872818569726363e-7 5.145434356912077e-7 9.701156180336752e-7 1.8010589515093428e-6 3.292655814423824e-6 5.927757424689875e-6 0.000010509272620867684 0.000018348743736081725 0.00003155045630109421 0.00005343007073643933 0.0000891174738707492 0.0001464044800563847 0.00023690752913621316 0.0003776211720157484 0.0005929365851665647 0.0009171865639164017 0.001397749998472697 0.002098700619470879 0.0031049139527704545 0.004526452553662516 0.00650293607491102 0.009207477853591179 0.012849647345567169 0.017676817137135977 0.02397319766403676 0.032055876682969 0.04226728575441058 0.05496372669804703 0.07049990879547163 0.08920985743687757 0.11138502330906548 0.13725089688380143 0.1669438517399745 0.2004902332342355 0.23778981334684202 0.27860560305768933 0.3225616334791218 0.3691497044825354 0.4177453096494047 0.46763206569566224 0.5180331102754577 0.5681471963402893 0.6171867033197042 0.6644145755508204 0.7091773159959753 0.7509315918591737 0.7892626886906431 0.823893888403582 0.854686734080113 0.8816329701755243 0.9048396168678673 0.9245090870834026 0.9409164553044767 0.954385945990613 0.9652684643422385 0.9739216022117014 0.9806930855836382 0.9859081536797578 0.9898609289275028 0.9928094906640719 0.9949741237463459 0.9965380789706761 0.9976501442756769 0.9984283639671668 0.9989643334745686 0.9993276154797768 0.9995699490726164 0.9997290414170676 0.9998318314160592 0.9998971923658875 0.9999380950449084 0.9999632863723548 0.9999785555709813 0.999987664080602 0.9999930115003552 0.9999961011348183 0.9999978579892872 0.9999988411631595 0.9999993826535021 0.999999676159472 0.9999998327296307 0.9999999149286929 0.9999999573995029 0.9999999789958365 0.9999999898035867 0.9999999951265854 0.9999999977067249 0.9999999989375483 0.999999999515397 0.999999999782389 0.9999999999037971 0.99999999995813 0.9999999999820601 0.9999999999924329 0.9999999999968578 0.9999999999987155 0.9999999999994831 0.9999999999997953
1.1505550717771238e-7 2.2284498845822817e-7 4.251516345544786e-7 7.98986749436182e-7 1.4791078015057314e-6 2.697335678878361e-6 4.845695627056348e-6 8.575806722925651e-6 0.000014952164827609317 0.00002568365056799464 0.00004346575815124373 0.00007247543214053335 0.00011907036645080478 0.00019275396140599726 0.00030747396782453926 0.0004833245368798682 0.0007487146005026097 0.0011430464082948484 0.0017199127991544875 0.002550767239997413 0.0037289453245067574 0.005373821558008438 0.007634775974674448 0.010694531215438513 0.014771316812125316 0.020119242506289096 0.0270262379315371 0.035808962987102386 0.046804228586628055 0.060356699477959505 0.07680297516318531 0.09645254175511163 0.11956652076786056 0.14633556005530715 0.17685855811805715 0.21112412558264385 0.2489967154448736 0.2902091641197086 0.3343629729816744 0.3809370511431211 0.42930489225709717 0.4787593541081058 0.5285434471307581 0.5778849144718676 0.6260319845261182 0.672287551463744 0.7160392072896081 0.7567829874550893 0.7941393417042153 0.8278606168251753 0.8578301396735986 0.8840537210642885 0.9066449840871162 0.9258063008980681 0.9418072786006324 0.9549626773084173 0.9656114077557483 0.9740978952102497 0.980756671601666 0.9859006271044889 0.9898129643680013 0.9927425869622903 0.9949024358642407 0.9964701662022498 0.9975905211854996 0.9983787934170325 0.9989248442716109 0.9992972584738959 0.9995473250533724 0.9997126435101115 0.9998202462414771 0.9998892005657711 0.9999327052450171 0.9999597290613915 0.9999762560463283 0.9999862072774839 0.9999921065196451 0.9999955496372197 0.9999975281720237 0.9999986475370668 0.9999992710363852 0.9999996129657625 0.9999997975833319 0.9999998957232781 0.9999999470867966 0.9999999735535015 0.9999999869805676 0.9999999936871076 0.9999999969851182 0.9999999985818857 0.9999999993430307 0.9999999997002454 0.9999999998652999 0.9999999999403864 0.9999999999740166 0.9999999999888465 0.9999999999952849 0.999999999998037 0.9999999999991951 0.999999999999675
1.856076761158975e-7 3.528253298220336e-7 6.608978210303564e-7 1.219913085931916e-6 2.2189795312878517e-6 3.9775713362559285e-6 7.0264187542600055e-6 0.00001223244454992213 0.000020987863415304677 0.00003549051900114594 0.00005915070412453547 0.0000971686588407994 0.00015733579929615437 0.0002511200712086492 0.0003950995754522251 0.0006128060599411624 0.0009370277680693821 0.0014125960182882417 0.0020996386070673318 0.003077223572365706 0.004447238883439205 0.006338260026311878 0.00890905480493853 0.0123512738130753 0.016890790910774913 0.02278710874696751 0.030330249134867662 0.039834624363921906 0.05162954541224347 0.06604626949321675 0.08340181312316672 0.10398013451019684 0.12801168327205517 0.1556526780442919 0.18696574969731086 0.2219037280329365 0.2602983122101976 0.30185512814549664 0.3461562435591217 0.39267061517035046 0.4407722411253922 0.4897650633243137 0.5389129966146895 0.5874729392477753 0.6347283096793577 0.6800205997977754 0.7227766413281517 0.7625297229481536 0.7989333125767125 0.8317668532243694 0.8609338237641044 0.8864529043600109 0.9084435924109171 0.9271079352908773 0.9427101654573642 0.9555559532728708 0.9659727668748845 0.9742924948041158 0.980837099733936 0.9859076818761116 0.9897769808064575 0.9926850639154554 0.9948377535060056 0.9964072345332912 0.9975342523658992 0.9983313390608799 0.9988865785959297 0.9992675174308268 0.9995249302417346 0.9996962490720556 0.999808549154387 0.9998810520036274 0.9999271550998464 0.9999560289784393 0.9999738396447604 0.9999846603411269 0.999991135199152 0.9999949511720261 0.9999971662054841 0.9999984325599272 0.9999991456267585 0.9999995410891194 0.9999997571021889 0.9999998733152256 0.9999999348937971 0.9999999670307209 0.999999983549537 0.9999999919123705 0.9999999960822922 0.9999999981301615 0.9999999991207116 0.9999999995926121 0.9999999998140361 0.999999999916365 0.9999999999629421 0.9999999999838228 0.9999999999930426 0.9999999999970521 0.9999999999987694 0.999999999999494
2.940512491475943e-7 5.489889494214402e-7 1.0103547568045414e-6 1.8330031106047797e-6 3.2782450446947522e-6 5.7798825272201135e-6 0.000010046323120195271 0.00001721542154012243 0.000029084606587904524 0.000048445918580510424 0.00007956352588707298 0.00012883949154587709 0.00020572095343607814 0.000323906853709138 0.0005029127159269418 0.0007700450112465833 0.0011628193430326503 0.0017318260247124197 0.002544000251204162 0.0036861909373029347 0.005268843564556897 0.00742952217740811 0.0103359017232854 0.01418777572393822 0.019217560572866565 0.025688753375656313 0.03389183189376749 0.044137186595585506 0.056744853673255505 0.07203107247778018 0.09029200785257566 0.11178533146532407 0.13671070917085204 0.1651905483484354 0.19725257218366846 0.23281586369896543 0.2716819298101863 0.31353206253858246 0.3579318319378534 0.4043429691628369 0.452142246122482 0.5006463031779589 0.5491407965803864 0.596911805044309 0.6432772053707878 0.6876157301929064 0.7293916563041046 0.7681735090614499 0.8036457511084725 0.8356130795767626 0.863997606787692 0.8888297727193799 0.9102342759264338 0.9284125779813017 0.9436236243017202 0.9561643442741803 0.9663512774633423 0.9745043639404894 0.9809335832516675 0.985928773462277 0.9897526460677444 0.9926367598624197 0.9947800400878266 0.9963493297267947 0.9974814298538532 0.9982861115977799 0.9988496467755321 0.999238490848575 0.9995028458314401 0.9996799207614022 0.9997967856938347 0.9998727778727 0.9999214646610901 0.9999521980816273 0.9999713128132701 0.9999830262150888 0.9999900984292289 0.9999943055529246 0.9999967714370923 0.9999981954619468 0.9999990057136756 0.9999994599479033 0.9999997108459227 0.9999998473897553 0.9999999206054889 0.999999959286179 0.9999999794207075 0.9999999897470415 0.9999999949650924 0.9999999975630252 0.9999999988374226 0.9999999994533639 0.9999999997466769 0.9999999998842964 0.9999999999479154 0.9999999999768923 0.9999999999898962 0.9999999999956459 0.9999999999981508 0.9999999999992261
4.5791423333870307e-7 8.402222841805235e-7 1.5202919868961073e-6 2.7126385569895735e-6 4.773081951957947e-6 8.282442398566058e-6 0.00001417365070710855 0.000023921075674006534 0.00003981695461959675 0.0000653668027223994 0.0001058431425318941 0.00016904404560641803 0.0002663085726615925 0.0004138434922530653 0.000634412415582603 0.0009594270980524703 0.0014314584015704234 0.0021071488614987795 0.003060458413086701 0.004386109633687839 0.0062030211833850055 0.00865743324594232 0.01192534524089118 0.01621381563353229 0.021760630496115523 0.0288318467429625 0.037716771683052826 0.048720062882045556 0.062150824817248373 0.0783088358046806 0.0974683438019528 0.11986019571079576 0.14565337535594788 0.17493727860026637 0.20770620821535432 0.24384759068640202 0.2831352794703773 0.32522900994337567 0.36968062727166284 0.41594715791642006 0.4634101944167517 0.5114004785454604 0.5592260690069338 0.606202127793199 0.6516801983756907 0.6950748995622662 0.7358862146310703 0.7737159838708632 0.8082777565739916 0.8393997596372567 0.8670213248736105 0.8911836231125412 0.912015931975584 0.9297188875439857 0.944546231401008 0.9567864773310288 0.966745715778104 0.9747324883425572 0.9810453417126066 0.9859633502881116 0.9897396117260333 0.9925974918973691 0.9947292364560041 0.996296476408141 0.9974321277151608 0.9982432077147086 0.9988141491362743 0.9992102707873747 0.999481149435869 0.999663719735322 0.999785001257257 0.9998644099964068 0.9999156549506629 0.9999482493559771 0.999968682921335 0.9999813085895745 0.9999889976579461 0.9999936129819429 0.9999963434668591 0.9999979356260208 0.9999988506706655 0.9999993690016684 0.9999996583901101 0.9999998176345447 0.9999999040032531 0.9999999501730178 0.9999999744988644 0.9999999871313068 0.9999999935970096 0.9999999968587786 0.9999999984805876 0.9999999992753827 0.9999999996592843 0.9999999998420495 0.9999999999278077 0.999999999967469 0.9999999999855478 0.9999999999936701 0.9999999999972666 0.9999999999988365
7.015357698841561e-7 1.265923333890148e-6 2.253383771174757e-6 3.956785363410378e-6 6.85392530788215e-6 0.000011712143158755877 0.000019744437010945534 0.00003283798329096048 0.000053882070280997544 0.0000872291644080625 0.0001393295590921913 0.00021958586144181359 0.00034147707465162274 0.0005240014104867142 0.00079348001025673 0.0011857480447653884 0.0017487328747235128 0.0025453792884995237 0.0036568286005507268 0.005185692633361272 0.007259188700794849 0.010031823827932194 0.013687244655911883 0.018438815421665762 0.024528463320495814 0.032223351753946354 0.041810018677233836 0.05358575624021378 0.06784720903139223 0.08487642257907267 0.1049248627566863 0.12819622264389166 0.15482910150063073 0.18488084295612836 0.21831392039485312 0.25498622861227926 0.2946464669870598 0.3369354827438812 0.3813940045092685 0.42747667555396907 0.47457174630785587 0.5220252680092903 0.5691682042332189 0.6153445958999265 0.6599388128652671 0.7024000140962873 0.7422622076699762 0.7791587181655749 0.8128303820522891 0.8431273412567442 0.8700048298995304 0.8935137949873555 0.9137875181902153 0.9310255902065969 0.945476628214873 0.9574210345337018 0.9671548983232383 0.9749758774975548 0.9811716028903257 0.98601085620281 0.9897375156960707 0.9925670582424784 0.9946852628109164 0.9962486794337992 0.9973864028590234 0.9982027104248841 0.9987801759831143 0.9991829426226806 0.9994599147282279 0.9996477052661197 0.9997732407519535 0.9998559805456662 0.9999097477530172 0.999944196675468 0.99996595817985 0.9999795118619388 0.9999878348788341 0.9999928740528344 0.9999958821580646 0.9999976526003818 0.9999986799674005 0.999999267760568 0.9999995993330785 0.9999997837443941 0.9999998848677965 0.9999999395405356 0.9999999686842591 0.9999999840012794 0.9999999919383193 0.9999999959933847 0.9999999980360266 0.999999999050502 0.9999999995472612 0.9999999997870921 0.9999999999012537 0.9999999999548319 0.999999999979624 0.9999999999909348 0.9999999999960225 0.9999999999982789
1.0581995276355351e-6 1.8790441067732653e-6 3.2924456956843474e-6 5.692747876100149e-6 9.713080376168578e-6 0.000016354390174463806 0.000027174738062748773 0.00004456172916021871 0.00007211691641438257 0.00011518722994338857 0.00018158422664293246 0.00028253614542126645 0.00043391892116484844 0.0006578086127802206 0.0009843870327840582 0.0014542125754310779 0.002120837462304845 0.0030537097324377857 0.0043412434454949 0.00609387571375651 0.008446858598612706 0.011562464421792235 0.015631223941547593 0.020871779339093895 0.027528930093882374 0.035869490869287805 0.04617567498267181 0.05873586847360534 0.07383286491996069 0.09172987849102168 0.11265492226609633 0.13678440309442902 0.164227010728399 0.19500913393273075 0.2290630896017685 0.26621938097993164 0.30620399920816704 0.3486414559031197 0.39306380744468256 0.43892544341090844 0.4856229124723901 0.532518604147134 0.5789667466478225 0.6243399622012759 0.6680545681524084 0.7095929313474736 0.7485214602288606 0.784503220455522 0.8173046384377967 0.8467962585160358 0.8729479895334815 0.8958196685605235 0.9155480497259341 0.9323314768388486 0.9464135188655914 0.9580667514962191 0.9675776815006516 0.9752335654548132 0.9813116044681309 0.9860707327104999 0.9897459846259591 0.9925452404828283 0.9946480205616582 0.9962059252531137 0.997344295893057 0.9981646894749957 0.9987478076606038 0.9991565848734363 0.9994392111439161 0.9996319344027604 0.9997615482745303 0.9998475217697711 0.999903765410457 0.9999400546615123 0.9999631475532551 0.9999776410896026 0.999986612611757 0.9999920897490193 0.9999953876440804 0.999997346108795 0.9999984931799981 0.9999991557941461 0.9999995333026408 0.9999997454259747 0.9999998629822575 0.9999999272360738 0.9999999618736652 0.9999999802895296 0.9999999899463066 0.9999999949405296 0.9999999974879425 0.9999999987694654 0.9999999994053073 0.9999999997164555 0.9999999998666249 0.999999999938106 0.9999999999716639 0.999999999987202 0.9999999999942977 0.9999999999974936
1.5727639284472753e-6 2.7497686440872284e-6 4.745456327726413e-6 8.083854953876097e-6 0.000013593391332862754 0.000022564025946282743 0.00003697397797515652 0.00005981066823465154 0.00009551616263602943 0.000150592900237516 0.00023441000106331963 0.0003602527906117373 0.0005466568288841298 0.0008190608902509552 0.0012117990718057488 0.0017704286922476196 0.0025543565284069734 0.0036396807774067 0.005122110876070251 0.007119764750351174 0.009775578177793627 0.013259000960376455 0.017766608754456646 0.023521238209282674 0.030769267162723407 0.039775720202389286 0.050816988785437986 0.06417111503617208 0.08010579336101799 0.09886448070302066 0.12065125386756564 0.14561528425279474 0.17383598662471494 0.20531000983807174 0.2399412489014975 0.27753495380425713 0.31779678786786775 0.3603373584477476 0.4046823316335756 0.45028778873230857 0.49656003257591497 0.5428786553354404 0.588621381705011 0.6331890368503433 0.6760289768988295 0.7166554623669703 0.754665734841749 0.7897509416492751 0.8217014981565762 0.8504069336915638 0.8758506872625478 0.898100663223802 0.9172965966779331 0.9336354001190446 0.9473556677218715 0.9587224158239991 0.968012961174084 0.9755046114556498 0.9814645955197119 0.9861424209830567 0.9897646361016885 0.9925318056655279 0.9946173941060779 0.9961681832530302 0.9973058320064945 0.9981292018095278 0.9987171146830369 0.9991312690991425 0.9994191036417728 0.9996164616768066 0.9997499668195118 0.9998390657429941 0.9998977306238997 0.9999358385400801 0.9999602606666017 0.9999757019365685 0.9999853338775935 0.9999912614363701 0.9999948603313575 0.9999970160581866 0.9999982899997919 0.9999990327393479 0.9999994599625383 0.9999997024025589 0.9999998381354278 0.9999999131070596 0.9999999539615796 0.9999999759257329 0.9999999875755746 0.9999999936717405 0.9999999968189432 0.9999999984219077 0.9999999992273865 0.9999999996267015 0.9999999998220043 0.9999999999162436 0.9999999999611064 0.9999999999821769 0.99999999999194 0.9999999999964031
2.3048577901656815e-6 3.969896661288649e-6 6.751427579102739e-6 0.000011337124428496496 0.000018797981652082656 0.00003077735388126656 0.000049759326251577026 0.00007944251573307432 0.0001252505595251002 0.00019501512360328328 0.00029987032650796155 0.0004553977758057421 0.0006830574351437355 0.0010119295753941982 0.001480775409549544 0.0021403972321581578 0.003056242168410802 0.004311147210397019 0.006008068759983848 0.008272580899016318 0.011254868556559982 0.015130892056000303 0.020102367127180745 0.026395198976338352 0.034256039517229706 0.04394671044784265 0.055736354902510825 0.06989134511763348 0.08666317482158449 0.10627478811901642 0.12890602061629386 0.15467902813423984 0.18364472656218409 0.2157713379719006 0.25093611336411953 0.2889211708586945 0.3294141511237347 0.37201406386387437 0.416242307327377 0.4615584242182913 0.5073797551971811 0.5531038089604537 0.5981319241472132 0.6418926810284729 0.6838635437197809 0.7235893738685669 0.7606967358326898 0.7949032794239799 0.8260218986103046 0.8539597790659033 0.878712822408311 0.9003562360546276 0.9190322816636143 0.9349362718654528 0.948301897091303 0.959386865602255 0.9684596721604974 0.975788100414607 0.981629837796753 0.9862253636715643 0.9897930806737193 0.9925265082659759 0.9945932525325101 0.9961354070773338 0.9972710218708618 0.998096292081436 0.998688157925196 0.9991070598592751 0.9993996525205628 0.9996013388515883 0.9997385380177416 0.9998306441286107 0.9998916662611884 0.9999315639994887 0.9999573077092222 0.9999737006147287 0.999984002167463 0.9999903908512058 0.999994300898686 0.999996662543654 0.9999980702404474 0.9999988983076082 0.9999993790184611 0.9999996544186365 0.9999998101250185 0.9999998970031607 0.9999999448415493 0.9999999708374256 0.999999984778437 0.9999999921565617 0.999999996010099 0.9999999979963543 0.9999999990067056 0.9999999995138966 0.9999999997651621 0.9999999998880065 0.9999999999472773 0.9999999999754992 0.9999999999887608 0.9999999999949107
3.3327088590932934e-6 5.657997355244274e-6 9.487176336577888e-6 0.000015711934775038915 0.00002570105765322339 0.00004152520173780439 0.00006627098049176473 0.00010447156868126795 0.00016268551014816333 0.00025025886625598703 0.0003803072680818689 0.0005709525603468272 0.0008468420745043123 0.0012409655912191857 0.0017967643248002923 0.0025704967684931812 0.003633787716552211 0.0050762400877113235 0.007007936645719242 0.009561604390809678 0.012894164099384656 0.01718734860055647 0.022647054307204793 0.02950109981449087 0.03799511052810476 0.048386334312821334 0.06093532119840405 0.07589556629239745 0.09350140945971532 0.11395469245281817 0.1374108735085855 0.1639654673814204 0.19364179135686047 0.22638103379183033 0.262035606103229 0.30036658589130644 0.3410458131114271 0.38366287963591916 0.4277368825501127 0.4727324284392573 0.5180790190068916 0.5631926559352736 0.6074983073244994 0.6504518013941526 0.6915597641305344 0.73039639039989 0.7666161131716627 0.7999615823075534 0.8302667453685608 0.8574551985950021 0.8815343101291053 0.9025858804215341 0.9207542775581927 0.9362330605207425 0.9492510850165865 0.9600589879092489 0.9689167876611449 0.9760831432694543 0.9818066068419815 0.9863190065321025 0.9898309237158491 0.9925290920249581 0.9945754512408247 0.9961075359135119 0.9972398625488075 0.9980659931994695 0.9986609888651958 0.9990840147287143 0.999380913286831 0.9995866147129937 0.9997273019047053 0.9998222879615775 0.999885595174694 0.9999272470506597 0.9999542993365587 0.9999716438211413 0.999982621407272 0.999989480083926 0.9999937102928973 0.9999962858508633 0.9999978338433385 0.9999987522909048 0.9999992902235395 0.9999996012443255 0.999999778760909 0.9999998787785105 0.9999999344075967 0.9999999649508573 0.9999999815053868 0.999999990362787 0.9999999950410394 0.9999999974802483 0.9999999987357066 0.9999999993735933 0.9999999996935364 0.9999999998519491 0.9999999999293765 0.9999999999667348 0.9999999999845286 0.999999999992895
4.757669219226268e-6 7.965389594821662e-6 0.000013175035760013667 0.000021529712402741667 0.000034759740339622395 0.0000554469338672794 0.00008738819777056789 0.00013608633213186267 0.00020939954630063942 0.000318383336972258 0.0004783580259731581 0.000710231120562404 0.001042094371327539 0.0015110996077833845 0.002165594025333324 0.0030674640038496435 0.004294597031747137 0.005943325334563941 0.008130665243473403 0.010996117640587524 0.014702752951598303 0.019437276279357058 0.025408762107256015 0.032845770917857106 0.04199161793240558 0.05309766007337108 0.06641460031633652 0.08218197309735661 0.10061615939396198 0.12189746958224035 0.14615700645700025 0.17346415826619516 0.20381565131165583 0.2371270962549676 0.27322788083563865 0.3118600921324275 0.352681901799472 0.39527553612914273 0.43915960641932 0.4838052271294268 0.5286550351407562 0.573143976426626 0.6167205735105409 0.658867345187979 0.6991191237854626 0.7370781965037452 0.7724254661292593 0.8049271534917419 0.8344369151280226 0.8608935894428075 0.8843150814090963 0.9047891246756151 0.9224618053706374 0.9375247887785403 0.9502021631706614 0.9607377173575793 0.9693833186429699 0.9763888772154783 0.981994192944482 0.9864227998805548 0.9898777671264106 0.9925392916608583 0.994563833481528 0.9960844957416943 0.9972123384030437 0.9980383269034284 0.998635649871523 0.9990621843630441 0.9993629365701231 0.9995723348999319 0.9997162967184792 0.9998140274506903 0.999879540029628 0.9999229038914106 0.999951246571579 0.9999695386724065 0.9999811959183682 0.9999885315587553 0.9999930897212368 0.9999958864558931 0.9999975808811461 0.9999985945666883 0.999999193383206 0.9999995426794925 0.999999743868311 0.9999998582939595 0.9999999225557157 0.9999999581919218 0.9999999777056382 0.9999999882567487 0.9999999938900892 0.9999999968600006 0.9999999984060757 0.99999999920082 0.9999999996042179 0.9999999998064033 0.9999999999064666 0.9999999999553668 0.9999999999789637 0.9999999999902075
6.709495553729848e-6 0.000011082993544592732 0.000018091527674562496 0.0000291846201966365 0.00004652686300148226 0.00007330529090568466 0.0001141458879342709 0.00017566729796607996 0.00026720240110631864 0.00040171912094699285 0.0005969695798952178 0.0008768903099316287 0.0012732644083984545 0.001827638188044461 0.002593459249594928 0.003638369872342648 0.0050465499567667335 0.006920959422985461 0.009385284288864381 0.012585348338233757 0.01668971929139102 0.021889221472788174 0.028395073038413415 0.03643540100255526 0.04624995585966069 0.05808295084130446 0.07217408617117543 0.0887479789339828 0.10800239257461428 0.1300958307409714 0.15513520953987706 0.1831644308030292 0.21415472873395222 0.24799763955363666 0.2845013412519297 0.32339092939211445 0.3643129453972235 0.4068441749891607 0.45050441279252407 0.49477257535713337 0.539105270705765 0.5829567267007686 0.6257988651233088 0.6671402959213675 0.7065430979667431 0.743636438855628 0.7781263467373754 0.8098012543934172 0.8385332584556475 0.864275343393067 0.8870550830342594 0.9069655309201545 0.9241541322484554 0.9388105313419818 0.9511541148459275 0.9614220346659107 0.9698583131795621 0.9767044658379006 0.9821919019526082 0.9865361998901541 0.9899332108815826 0.9925568344616784 0.9945582318125847 0.9960662005413063 0.9971884219985203 0.9980133043595749 0.9986121745269756 0.999041612607829 0.999345768081527 0.9995585417722679 0.9997055587266578 0.9998058918006825 0.9998735231441656 0.9999185507761257 0.9999481607070764 0.9999673926372163 0.9999797303750916 0.9999875480101094 0.9999924406406773 0.9999954650226242 0.9999973115596715 0.9999984251016305 0.9999990883593541 0.9999994785575088 0.9999997052907877 0.9999998354193058 0.9999999091854112 0.9999999504871537 0.9999999733277292 0.999999985803657 0.9999999925344434 0.9999999961210676 0.9999999980087682 0.999999998990081 0.9999999994939398 0.9999999997494672 0.9999999998774622 0.9999999999407874 0.9999999999717321 0.9999999999866677
9.352433633577122e-6 0.000015249084895599664 0.000024576998057219725 0.00003915520844054622 0.00006166464393126909 0.00009600190635617705 0.00014775155532829512 0.0002248046042488157 0.00033815236101843724 0.0005028838846262194 0.0007394111373700557 0.001074937268098793 0.0015451692904408219 0.002196255874033708 0.0030869036486011452 0.004290591632814824 0.005897764391599023 0.008017842692915831 0.010780849421421941 0.014338413149365209 0.018863887843255198 0.024551320936114087 0.031613019410651866 0.040275509476672584 0.050773762634909944 0.06334366910263382 0.07821287465828841 0.09559025072486133 0.11565442774494651 0.13854197316156333 0.16433592030493738 0.1930554359297381 0.2246474370384853 0.2589809214673735 0.29584465747438815 0.3349486890213752 0.3759298675412612 0.4183613372068636 0.4617656043031929 0.5056305405617232 0.5494274333581759 0.5926300270031577 0.6347334167664358 0.6752716695839832 0.7138331512848104 0.750072728365724 0.7837202630631037 0.8145851079801163 0.8425566023313358 0.8676008481471186 0.8897542775552916 0.9091146938512363 0.925830569600778 0.9400894128048389 0.9521059730328439 0.9621109652628941 0.9703408557596378 0.9770290991547508 0.9823990559584368 0.9866586697445433 0.989996854450272 0.9925814417618599 0.9945584694743954 0.9960525534520884 0.997168074992 0.9979909267693148 0.998590587982807 0.9990223366462732 0.999329448611497 0.9995452743138418 0.9996951220813185 0.9997979090544065 0.9998675663421951 0.9999142038919302 0.9999450532100029 0.9999652134680834 0.9999782297599905 0.9999865324560979 0.9999917647444803 0.9999950223978199 0.9999970262178978 0.9999982439541601 0.9999989750737308 0.9999994087485758 0.9999996628930689 0.9999998100354638 0.999999894201249 0.9999999417647679 0.9999999683201779 0.9999999829679871 0.9999999909503774 0.9999999952480556 0.9999999975340512 0.999999998735368 0.9999999993590747 0.9999999996789963 0.9999999998411205 0.9999999999222899 0.9999999999624392 0.9999999999820594
0.000012892145259955361 0.000020757966536312298 0.000033046196214027585 0.00005201696373053988 0.00008095911587509025 0.00012459332248120078 0.00018960235288520725 0.00028531528914613083 0.00042457257896769823 0.0006247963278107775 0.0009092840911848338 0.0013087336520353648 0.0018629899823210552 0.0026229832317487805 0.0036527981244776552 0.005031781288775261 0.006856555456021617 0.009242770889069723 0.012326388688284081 0.0162642626032716 0.0212337711267271 0.027431255566689506 0.0350690475057559 0.044370924167423366 0.055565914052388095 0.06888048607417899 0.08452928804695352 0.10270474579316222 0.12356598003400637 0.14722762984041343 0.173749272957895 0.20312618974832194 0.23528221656522075 0.27006536855373797 0.3072467798646208 0.3465233169882467 0.3875239814604664 0.42981995097561626 0.4729378368355661 0.516375486440568 0.5596194568925428 0.602163150392095 0.6435245480146551 0.6832625113117863 0.7209907375574993 0.756388642235974 0.7892086823031483 0.8192799018747716 0.8465077525043287 0.8708704885157542 0.8924126432375503 0.9112362396628553 0.9274904713301557 0.9413606056465142 0.9530568185833183 0.9628035779244823 0.9708300665699261 0.9773619935811697 0.9826149938664357 0.9867896806582294 0.9900682980796567 0.9926128303090764 0.9945643616839938 0.99604344788703 0.9971512490041453 0.997971185985076 0.9985709073369792 0.9990043871799856 0.9993140140630055 0.9995325680680704 0.9996850187008492 0.9997901059549608 0.9998616908192497 0.999909879242277 0.9999419356288419 0.9999630091331658 0.999976699317442 0.9999854881696992 0.9999910639463372 0.9999945596040682 0.9999967253263607 0.9999980512757767 0.9999988535105235 0.9999993331625687 0.9999996165636149 0.9999997820365276 0.9999998775143893 0.999999931955724 0.9999999626321774 0.9999999797139066 0.9999999891134945 0.9999999942248501 0.9999999969715654 0.9999999984301832 0.9999999991956381 0.9999999995925993 0.9999999997960348 0.999999999899063 0.9999999999506255 0.999999999976127
0.00001758350233505316 0.000027969554040243015 0.00004399975542515499 0.00006845566569103923 0.00010533516737260694 0.00016030730393189346 0.00024130199474102447 0.00035925984577680033 0.0005290660363048899 0.0007706880809932417 0.001110529229139033 0.0015829965145364236 0.002232264363156593 0.0031141909373081206 0.00429831536064219 0.005869830715289783 0.007931392239356882 0.010604585482864253 0.014030849253016599 0.018371627691448088 0.023807519843328063 0.03053620849060235 0.03876898685549738 0.048725764438593035 0.06062852178090465 0.07469329541939165 0.09112090254713082 0.11008675047372918 0.13173020677389533 0.15614411814828125 0.18336514531185424 0.21336561484918679 0.2460475672553115 0.2812395983975188 0.31869695042771407 0.3581051152975152 0.39908698329676057 0.4412133194481822 0.48401610447503624 0.5270040576644157 0.5696794877821362 0.6115555124516608 0.6521726568733195 0.6911138924635262 0.7280172998388115 0.7625857259644973 0.7945930337059484 0.8238867912534465 0.8503874956763398 0.8740846475124916 0.8950301739980916 0.9133298250106214 0.9291332321642658 0.9426233283328131 0.9540057784544373 0.9634989834453873 0.9713251007583845 0.9777023918249095 0.9828390718578526 0.9869287127754405 0.9901471439600789 0.9926507135262681 0.9945757168500319 0.996038768595523 0.9971378864700718 0.9979540651280847 0.9985531420310021 0.9989877886379229 0.9992994955161769 0.9995204551035591 0.9996752781772791 0.9997825078273921 0.9998559170219372 0.9999055925386651 0.9999388195048826 0.9999607877490209 0.999975144506374 0.999984418648123 0.9999903403624355 0.9999940778307851 0.9999964094839182 0.9999978473111616 0.9999987237181165 0.9999992517513558 0.9999995662168845 0.9999997513316932 0.9999998590440704 0.9999999209947945 0.999999956214319 0.999999976005737 0.9999999869990008 0.9999999930347712 0.999999996310403 0.9999999980675729 0.9999999989993 0.9999999994876374 0.9999999997406299 0.9999999998701841 0.9999999999357612 0.9999999999685714
0.000023739257023517864 0.00003731985121529082 0.000058036509228465884 0.00008928143599684609 0.0001358720267282484 0.00020455922730803686 0.0003046772611093729 0.00044895778319378033 0.0006545288539667142 0.0009441132739018575 0.0013474309817416367 0.0019027957093165776 0.0026588764979115906 0.003676570046524551 0.005030900829555759 0.006812833907659587 0.009130852647731872 0.012112123335715371 0.01590304485178863 0.020668968642232735 0.026592876734510062 0.03387282762848252 0.04271802459398889 0.053343429484747934 0.06596293653870876 0.08078123086639162 0.09798457856307696 0.1177309200056637 0.14013975318368604 0.16528238705801385 0.19317320341252117 0.22376257876722255 0.25693207833749054 0.2924924391327087 0.3301847120440855 0.36968474196189105 0.41061094473746423 0.4525351084838316 0.49499572496011407 0.5375131653953756 0.5796058726127148 0.620806661814268 0.6606782138481582 0.6988269080589375 0.7349142705718429 0.7686654952911873 0.7998747113285789 0.8284069015488946 0.8541966015233217 0.8772437073549432 0.897606879329888 0.9153951360286885 0.9307582860794876 0.9438768435149905 0.9549520240282455 0.9641963333450521 0.9718251476828335 0.9780495627217107 0.9830706637612625 0.9870752559575868 0.9902329972775623 0.9926948026742062 0.9945923377105255 0.9960383926756939 0.9971279214650643 0.9979395392034345 0.9985372942603914 0.9989725594089298 0.999285919320708 0.9995089640071345 0.9996659277076169 0.9997751384794045 0.9998502645409845 0.999901359101014 0.9999357162881155 0.9999585575150267 0.9999735709527373 0.9999833275808696 0.999989596291804 0.9999935784234979 0.9999960794130298 0.9999976323971242 0.99999858581001 0.9999991645105668 0.9999995117952694 0.9999997178470041 0.999999838719019 0.9999999088216167 0.9999999490193274 0.9999999718084385 0.9999999845820089 0.9999999916607507 0.9999999955392052 0.9999999976401766 0.9999999987654045 0.9999999993612306 0.999999999673161 0.999999999834617 0.9999999999172418 0.9999999999590463
0.000031739579427599165 0.00004933227066807071 0.00007586655378321017 0.00011544334013213316 0.00017381899773796894 0.00025896830894909574 0.00038179382233712256 0.0005570019039033661 0.0008041616724362933 0.0011489555346348443 0.0016246185395405106 0.002273547756819463 0.0031490421860306413 0.004317108644122031 0.005858240606758771 0.00786904679168448 0.010463576861760464 0.01377416623870657 0.01795160449593578 0.02316442627741463 0.029597134175497215 0.03744719283363998 0.04692068479730025 0.05822659155116695 0.07156975566077821 0.08714268727950097 0.10511649317532956 0.12563131929766044 0.14878679760871902 0.17463306280482593 0.2031629437883562 0.23430592963870256 0.2679244551831649 0.30381294644482576 0.34169991574458375 0.38125320971291243 0.4220883050963642 0.4637793344613582 0.5058723256532159 0.5478999735790908 0.5893971463536921 0.6299162714281312 0.6690417565672212 0.7064026745368841 0.7416830718436813 0.7746294380797119 0.8050550766354383 0.8328413309719224 0.8579358245668516 0.8803480503804498 0.9001427842133614 0.9174318873950624 0.932365104809003 0.9451204563201405 0.9558947695034612 0.9648948186082008 0.9723294301493761 0.978402801018285 0.9833091613387487 0.9872288104687529 0.9903254671618018 0.9927448079198444 0.9946140223956434 0.9960421905354304 0.9971212805028205 0.9979275757084836 0.9985233593942993 0.9989587120936556 0.9992733072125581 0.9994981199017268 0.9996569920476062 0.9997680201203458 0.9998447520178229 0.9998971937670629 0.999932637258333 0.999956326650115 0.999971984402322 0.9999822188169672 0.9999888341952918 0.999993062871638 0.9999957359536764 0.9999974069604383 0.9999984399649138 0.9999990714807893 0.9999994532706701 0.9999996815268912 0.9999998164787587 0.9999998953817084 0.9999999410027964 0.9999999670881122 0.9999999818378607 0.9999999900855289 0.9999999946462739 0.9999999971402855 0.9999999984889973 0.9999999992102675 0.9999999995917148 0.9999999997912088 0.9999999998943856 0.9999999999471564
0.00004204243524241225 0.0000646297324495254 0.00009832494357849998 0.00014804438018551077 0.00022061123809425704 0.00032537342213381396 0.0004749711080096784 0.0006862710196578804 0.000981478844890102 0.001389432216527335 0.0019470637199810593 0.0027010061591315293 0.0037092909010563997 0.005043065116546275 0.006788226354311138 0.009046845050963735 0.01193821991131361 0.015599390835313363 0.02018492287266531 0.025865776296529943 0.03282709570507907 0.04126478763514888 0.051380812675421106 0.06337719379910126 0.07744883467370774 0.09377534474870956 0.11251217442262573 0.13378146419778966 0.15766309604728176 0.1841864928333357 0.213323733303678 0.24498452914382282 0.2790135434910323 0.31519041825259686 0.35323272622854734 0.39280188362117074 0.4335118629631304 0.4749403522204326 0.5166418300397602 0.5581618859803604 0.5990520214126867 0.6388841305093258 0.6772638849019432 0.7138423277958827 0.7483251157227246 0.7804790161321068 0.8101354609454199 0.8371911528615799 0.8616059059051349 0.8833980598815561 0.9026379290153137 0.9194398214408337 0.9339531964286647 0.9463535127264737 0.9568332703551718 0.965593668459773 0.9728372036443327 0.9787614271097489 0.9835539744962856 0.9873888875679258 0.9904241675370471 0.9928004393156327 0.9946405654180619 0.9960500268020782 0.9971178833041632 0.9979181352312081 0.9985113264003689 0.9989462537719724 0.9992616764515794 0.9994879444865763 0.9996484934862451 0.9997611732976157 0.999839397064492 0.9998931108109992 0.9999295934518974 0.9999541033323678 0.9999703906744537 0.9999810963318452 0.9999880566735244 0.9999925327950816 0.9999953800560633 0.9999971715146421 0.9999982864260342 0.9999989727481927 0.999999390645691 0.9999996423354838 0.9999997922747955 0.9999998806274291 0.9999999321239109 0.999999961812509 0.9999999787424674 0.999999988291869 0.9999999936197006 0.999999996559914 0.9999999981648634 0.9999999990314218 0.9999999994942165 0.9999999997386907 0.9999999998664321 0.9999999999324534
0.00005519475595418015 0.00008394745196074627 0.00012638588578575477 0.00018835669742536378 0.00027788535711577826 0.0004058482487839963 0.0005867959516147782 0.0008399408442731973 0.0011903152176281355 0.0016700956909244463 0.002320075512881011 0.0031912482049291156 0.004346444285089003 0.005861938333232051 0.007828917862850037 0.01035468043369712 0.013563403860095129 0.017596319399995834 0.022611112845855933 0.028780386775294337 0.03628904163066123 0.04533047556448549 0.05610156344148173 0.06879645251441013 0.08359930249211281 0.10067619527894485 0.1201665369869969 0.1421743629389853 0.16676002573710944 0.19393278792052474 0.22364484661763206 0.25578728283233476 0.2901883509626943 0.3266144072590449 0.36477362580961015 0.40432247777862873 0.44487476752554844 0.48601284318262755 0.5273004447591016 0.5682965339303839 0.6085693774220227 0.6477101371226878 0.6853452565392221 0.7211470214835595 0.7548418046615004 0.7862156669332672 0.8151171677342071 0.841457417874546 0.8652075748129173 0.8863941208665221 0.9050923693754214 0.9214187072993398 0.9355221040144815 0.9475753980175312 0.9577668218587525 0.9662921491738534 0.9733477555628681 0.9791247867376125 0.9838045314261092 0.9875550100159888 0.9905287178828768 0.9928614076948478 0.9946717585935767 0.9960617611811844 0.9971176435346765 0.9979111720356524 0.9985011782713226 0.9989351862823683 0.9992510399769671 0.9994784560973173 0.9996404518393865 0.9997546168495365 0.9998342161965029 0.9998891238713967 0.9999265955945101 0.9999518956419378 0.9999687956170419 0.999979964194258 0.9999872664441736 0.9999919899296752 0.9999950127722621 0.9999969266558875 0.9999981254995962 0.9999988684445813 0.9999993239544447 0.9999996002576712 0.9999997660716597 0.9999998645188697 0.99999992234614 0.9999999559515349 0.9999999752726572 0.9999999862627842 0.9999999924475051 0.9999999958908817 0.99999999778757 0.9999999988211745 0.9999999993784371 0.9999999996756805 0.9999999998325404 0.9999999999144357
0.00007184433380437165 0.00010814630700858173 0.00016117727841693803 0.00023783678696563337 0.00034749459946739706 0.0005027155098315051 0.0007201347513819501 0.001021492824343767 0.0014348303055775706 0.0019958315872254965 0.0027492912825965122 0.0037506583551267262 0.0050675914066074905 0.006781435054953223 0.008988503559430969 0.011801036000450906 0.015347670072090779 0.019773271907210187 0.025237960407665787 0.031915179107025 0.039988698791535014 0.049648480996621544 0.061085395650026846 0.07448486334264375 0.09001957985424025 0.10784157168122832 0.12807391891722103 0.15080255746902332 0.17606862761087477 0.203861862394226 0.23411550127236003 0.26670316793864357 0.3014380666288722 0.3380747315518612 0.37631341695907466 0.41580705117969474 0.45617050965488565 0.4969918036932901 0.5378446471654214 0.5783017647527718 0.6179482517079258 0.6563942913396847 0.6932865829605293 0.7283179255049094 0.76123453195007 0.7918408053232837 0.8200014747979838 0.845641156023244 0.8687415502187692 0.8893366207495679 0.907506176080402 0.9233683400915662 0.9370714043660442 0.9487855353097896 0.958694757674404 0.9669895629160302 0.9738604044370109 0.9794922506537153 0.9840602786881022 0.9877267125048741 0.9906387439114451 0.9929274254878583 0.9947073918947824 0.9960772492649774 0.9971204695101585 0.9979066346321033 0.9984928924502247 0.9989255065101177 0.9992414065776203 0.9994696697835808 0.9996328844607343 0.9997483678736607 0.9998292247781972 0.9998852458884155 0.9999236540402188 0.9999497115076637 0.9999672050633945 0.9999788265336507 0.9999864663188559 0.9999914361119864 0.9999946352469498 0.9999966730579348 0.9999979575526444 0.999998758746893 0.9999992532629598 0.9999995552999041 0.9999997378477892 0.9999998470246538 0.9999999116378911 0.9999999494777454 0.9999999714065257 0.9999999839817739 0.9999999911177884 0.9999999951249043 0.9999999973515197 0.9999999985758413 0.999999999242008 0.9999999996006881 0.9999999997917917 0.9999999998925468
0.0000927523534996657 0.0001382266537924742 0.00020399541969900217 0.00029814051396216494 0.00043152337608966403 0.0006185600225755003 0.0008781439031306915 0.0012347206952836275 0.0017195097074228396 0.0023718539058666735 0.0032406646527174256 0.0043859083460078335 0.005880061029110212 0.0078094349144798535 0.010275259398602488 0.013394380766268326 0.017299432005843843 0.022138319784104684 0.028072882380281584 0.03527659256102141 0.04393121451205456 0.054222374395322445 0.06633406876997151 0.08044221122492494 0.09670740062292639 0.11526717829056429 0.1362281190580749 0.1596581644097179 0.18557964746369812 0.21396347239381971 0.2447248904510367 0.27772125879943954 0.3127520779829455 0.34956148342297455 0.3878432236029054 0.4272480029234429 0.4673929128326025 0.5078725336171512 0.5482711734127573 0.5881756308354192 0.627187830395879 0.664936688925471 0.7010886257882503 0.7353562247225859 0.7675046822071807 0.7973558250964066 0.8247896362847618 0.8497433785716739 0.8722085420676352 0.8922259499752553 0.9098794349260455 0.9252885401444888 0.9386007067907298 0.9499833841485543 0.9596164484889136 0.967685246618508 0.9743744991653501 0.9798632142549143 0.9843206812365686 0.9879035420156871 0.9907538781673817 0.9929982074640678 0.9947472542407045 0.9960963432915451 0.9971262648691788 0.9979044663300363 0.998486441251756 0.9989172066813499 0.9992327810747138 0.9994615974018694 0.9996258062685635 0.9997424417094375 0.9998244369800448 0.9998814890501209 0.9999207787167892 0.9999475586576744 0.9999656247911518 0.9999776875083028 0.9999856591799569 0.9999908732635072 0.9999942487074065 0.9999964114663935 0.9999977830101814 0.9999986438761677 0.9999991786691966 0.9999995074907236 0.9999997075962395 0.9999998281226408 0.9999998999731134 0.9999999423668187 0.9999999671237851 0.9999999814330653 0.9999999896188901 0.9999999942536943 0.9999999968510096 0.9999999982916057 0.9999999990824373 0.9999999995121223 0.9999999997431908 0.9999999998661766
0.00011880645303490867 0.00017534244322028975 0.0002563197011850305 0.00037113771179688864 0.0005323009027371157 0.0007562403424371789 0.0010642782807886227 0.0014837345803437845 0.0020491636437858347 0.002803696974291246 0.003800450144715501 0.005103934188382794 0.0067913911708689986 0.008953953334239846 0.011697506557234156 0.015143124176108323 0.01942692895188569 0.024699241696800302 0.031122887116360805 0.03887055258008286 0.04812113473012827 0.059055061817246485 0.07184864473768941 0.08666758370527007 0.10365983558978537 0.1229481231593638 0.14462243488421206 0.16873291542341962 0.19528357570591068 0.22422725214288122 0.2554622134600924 0.2888307499907705 0.3241199860738566 0.36106503656655103 0.39935449131476286 0.43863806684573153 0.47853612398529305 0.5186506252129021 0.5585770070547031 0.5979163793151702 0.6362874401078416 0.6733375155107362 0.7087521934628599 0.7422631178250815 0.7736536318978489 0.8027621005258481 0.8294828845991662 0.8537650797972256 0.8756092525758493 0.8950625025809891 0.912212246567246 0.9271791522393003 0.9401096519439094 0.9511684391673754 0.9605313007113889 0.9683785708871748 0.9748894182463229 0.9802370971927663 0.9845852223981585 0.9880850581120582 0.990873760556131 0.9930734714041054 0.9947911342253004 0.9961188928558802 0.9971349292123461 0.99790460577226 0.9984817922772002 0.9989102746604394 0.9992251645140019 0.9994542477215773 0.9996192297865321 0.9997368519341288 0.9998198657472568 0.9998778647476851 0.9999179790774908 0.9999454445741929 0.9999640604836277 0.9999765512745618 0.999984847957654 0.999990303374531 0.9999938544529376 0.9999961426923198 0.9999976023517062 0.9999985240960161 0.9999991003026806 0.9999994568810198 0.9999996753252137 0.9999998078005161 0.9999998873318373 0.999999934597999 0.9999999624061002 0.999999978601855 0.9999999879395547 0.999999993269067 0.9999999962802967 0.9999999979645569 0.9999999988971306 0.9999999994083018 0.9999999996856708 0.9999999998346614
0.00015103418753170027 0.000220815472782882 0.0003198270854827177 0.00045892613782164463 0.0006524137103020836 0.0009188987602078383 0.0012822975641091125 0.001772962483355408 0.0024289225419488534 0.003297204259516268 0.004435184684626438 0.0059119102782652505 0.0078092962627426205 0.010223102758366338 0.0132635683501981 0.017055570832920374 0.02173818109470223 0.027463481675892958 0.03439453839755195 0.042702442891371976 0.05256238624553572 0.06414877850037155 0.07762949322134638 0.09315938728105207 0.11087331843538041 0.1308789514004081 0.15324970046833483 0.17801819679635356 0.2051706856018377 0.23464274822381986 0.2663167040012949 0.3000209773038852 0.33553161870537596 0.37257605180456654 0.41083898653519485 0.4499703056780749 0.4895946042852143 0.5293219523059032 0.5687593681468783 0.6075224423428448 0.6452465402097431 0.6815970412075703 0.7162781382180554 0.7490398163414017 0.7796827498677125 0.8080609878142664 0.8340824321864271 0.8577072386262945 0.8789443773853587 0.8978466767013955 0.9145047263562507 0.9290400448867979 0.9415979107208269 0.9523402288066101 0.9614387552199113 0.96906893893978 0.9754045690167084 0.9806133429619783 0.9848534038061596 0.9882708331744856 0.9909980388061501 0.9931529387066443 0.9948388207877491 0.9961447455741401 0.9971463587081896 0.9979069874490252 0.9984789088211746 0.9989046942484223 0.9992185543655783 0.9994476265421517 0.9996131651969992 0.9997316103708604 0.9998155227790397 0.9998743835391644 0.9999152640592572 0.9999433764526837 0.9999625176937996 0.9999754219574236 0.9999840356073855 0.9999897284879111 0.9999934538438748 0.99999586760528 0.9999974161072236 0.999998399710627 0.999999018323768 0.9999994035440181 0.9999996410584063 0.9999997860562634 0.9999998737006464 0.9999999261545042 0.9999999572374105 0.999999975474547 0.9999999860690968 0.9999999921630512 0.9999999956336686 0.999999997590733 0.9999999986834162 0.9999999992874682 0.9999999996181004 0.9999999997972875
0.0001906167531597109 0.000276149595682673 0.0003964061613743232 0.0005638445615286879 0.0007947167993118988 0.0011099694437579557 0.0015362702403632924 0.0021071490610890123 0.0028642296309725032 0.0038585140927858692 0.005151666130896513 0.006817220866290496 0.00894163223140787 0.01162505258270465 0.01498172677469187 0.019139875873480733 0.02424094624415344 0.030438109842323664 0.03789392268332295 0.04677708146071257 0.05725826299668595 0.06950508633851572 0.0836763003180338 0.09991536647291001 0.11834367351485073 0.1390536793785768 0.16210232434255467 0.18750508807696592 0.21523106991945984 0.2451994518613736 0.27727765630772744 0.3112814366794052 0.34697704188239464 0.38408548147857624 0.4222887949349768 0.461238104818721 0.5005631199647741 0.5398826597724774 0.5788157028378876 0.616992427896573 0.6540647155698289 0.6897156156314944 0.7236673533237745 0.7556875437829191 0.7855933978856335 0.8132538264700349 0.8385894732009662 0.861570820150882 0.8822146066233094 0.900578875017982 0.9167570041692902 0.9308711096274018 0.943065183196125 0.9534983140870457 0.9623382861562033 0.9697557855742962 0.9759193868966562 0.9809914184709563 0.9851247452958658 0.9884604525809486 0.9911263688700221 0.9932363349340261 0.9948901038274327 0.9961737477025883 0.9971604466657864 0.9979115421911582 0.9984777502684424 0.9989004454804153 0.999212944729024 0.999441736819525 0.9996076204053239 0.9997267271076921 0.9998114185177731 0.9998710551214829 0.9999126420471232 0.999941361165422 0.9999610018111235 0.9999743036226874 0.9999832250879874 0.999989150682894 0.99999304829031 0.9999955871259901 0.999997224852796 0.9999982710623566 0.9999989329225665 0.9999993475750021 0.9999996048351569 0.9999997628985096 0.9999998590730694 0.9999999170238885 0.9999999516042317 0.9999999720389838 0.9999999839975688 0.999999990928005 0.9999999949055185 0.9999999971661675 0.9999999984385712 0.9999999991478012 0.9999999995392901 0.9999999997532943
0.00023890281343609876 0.0003430446983533336 0.00048817056471589884 0.0006884847634697451 0.0009623432233751045 0.0013331845347407457 0.0018305751367243153 0.0024913515975108734 0.0033608305509152947 0.004494042401324109 0.00595692901151616 0.007827429159484287 0.01019635984976859 0.013167988166631913 0.01686017907664406 0.021404001359462455 0.026942678543354467 0.03362978595102302 0.041626619817955166 0.05109870028064018 0.062211416243775484 0.07512487502530112 0.08998808040039412 0.1069326252984809 0.12606614515709566 0.14746582947611442 0.17117232704003524 0.1971843996341393 0.2254546759375815 0.2558868292364833 0.2883344492244734 0.32260180121884685 0.35844656963869104 0.3955845726366431 0.43369631902985717 0.4724351657916158 0.5114367331859612 0.550329153344904 0.5887436734331593 0.6263251111124597 0.6627416697910392 0.6976936632949867 0.7309207705699803 0.7622075348953394 0.7913869311873605 0.8183419406098926 0.8430051850648708 0.8653567770330064 0.8854206258727892 0.9032595051573102 0.918969224221833 0.9326722603535603 0.9445111976073814 0.9546422874348266 0.9632293997655843 0.9704385761665277 0.9764333346423579 0.9813708135974106 0.9853987847652902 0.9886535148386544 0.9912584152692065 0.9933233903006811 0.9949447747664635 0.9962057447127924 0.9971770840744814 0.997918197641547 0.9984782724794161 0.998897504920256 0.9992083265420697 0.9994365788000801 0.9996026011136947 0.9997222105266057 0.9998075621473765 0.9998678883102096 0.9999101208447756 0.9999394052295073 0.9999595180313097 0.9999732002508668 0.9999824193406917 0.9999885720592037 0.999992639240709 0.9999953022186423 0.9999970292057134 0.9999981385289456 0.9999988443175346 0.9999992890907825 0.9999995667104193 0.9999997383467429 0.9999998434498906 0.9999999071983561 0.9999999454959281 0.9999999682846643 0.9999999817159233 0.9999999895567293 0.999999994090423 0.9999999966869395 0.9999999981598542 0.9999999989874369 0.999999999448004 0.99999999970188
0.00029742225785944185 0.0004234102501753738 0.0005974715529121186 0.0008357022307206618 0.0011587119025495514 0.0015925780355079244 0.0021699003719717904 0.0029309331390568504 0.003924760018439239 0.005210462578728817 0.00685821768908983 0.008950244349908088 0.011581506704874997 0.014860069305351794 0.018906994713885777 0.02385567402076286 0.029850489421269364 0.03704472592713515 0.045597677262057816 0.055670928946842044 0.06742384851027153 0.08100836663692439 0.0965631908281546 0.11420765084466203 0.13403542818496753 0.15610846518095853 0.18045137813017983 0.20704670902399921 0.23583133877579407 0.2666943498637964 0.29947656831918873 0.33397193639030326 0.36993077237349326 0.4070648691344688 0.44505427514339596 0.4835554994595211 0.5222107929986389 0.5606580897420368 0.5985411489146052 0.6355194261023173 0.671277218882637 0.7055316793403426 0.7380393579664065 0.7686010350053676 0.7970646990139141 0.82332664018871 0.8473307299212092 0.8690660508031975 0.888563117060019 0.9058889800406146 0.9211415448726564 0.9344434326524518 0.94593570937927 0.955771771554186 0.964111633279628 0.9711168056959905 0.9769459016072544 0.9817510407316274 0.9856750780050731 0.9888496316713674 0.991393851386825 0.9934138401081261 0.9950026270625546 0.9962405818247217 0.9971961601112058 0.9979268787045289 0.9984804281632089 0.9988958459508158 0.9992046877910868 0.9994321501605441 0.9995981109031088 0.9997180673413437 0.999803961600115 0.9998648910266725 0.9999077076510101 0.9999375147792868 0.9999580713291416 0.9999721157130059 0.9999816212691537 0.9999879947215385 0.9999922281705395 0.9999950138830234 0.9999968298193594 0.9999980025204147 0.9999987527537904 0.999999228228927 0.9999995267545462 0.9999997124313995 0.9999998268393719 0.9999998966750206 0.9999999389049556 0.9999999642029456 0.9999999792161697 0.9999999880425834 0.9999999931832204 0.999999996149226 0.9999999978445367 0.9999999988044876 0.9999999993429696 0.9999999996422068
0.0003678997132323897 0.0005193782252527915 0.0007269095239524653 0.0010086253459650587 0.0013875334871913901 0.0018924873486698176 0.0025592396493305924 0.003431552786627033 0.004562325627770643 0.006014682658654522 0.007862957198388943 0.010193486880302615 0.013105128136882077 0.016709388531384036 0.02113007306849562 0.02650234465583414 0.03297111101958562 0.0406886715289444 0.04981158787689763 0.06049678194637893 0.07289691111339726 0.08715512341358633 0.10339934924231628 0.12173633864581626 0.14224569938425966 0.16497422627212027 0.18993083258552715 0.21708239607607446 0.24635081302924602 0.2776115130761471 0.31069362611108614 0.3453819135425985 0.38142048381745086 0.4185182127608402 0.4563556898053703 0.494593419049616 0.5328809264159657 0.5708663671274535 0.6082061958984845 0.6445744582295186 0.6796712853387253 0.7132302255824723 0.7450241176359328 0.7748692994484887 0.8026280451394268 0.828209222157483 0.8515672559870455 0.8726995730590505 0.8916427592629945 0.9084677181876644 0.9232741384170013 0.9361845831671369 0.9473385001852845 0.956886418344763 0.9649845538391053 0.9717899977990895 0.9774566030125129 0.9821316343097155 0.9859531985010741 0.9890484280664158 0.9915323597125796 0.9935074251301346 0.9950634566749632 0.9962781044994287 0.9972175626160511 0.997937507972938 0.9984841672373148 0.9988954390586504 0.9992020137219009 0.9994284461523338 0.999594151322204 0.9997143026430557 0.9998006235710912 0.999862070291932 0.999905409041842 0.999935695543118 0.9999566664343835 0.9999710537485108 0.9999808337206502 0.9999874207646183 0.9999918165710391 0.9999947231465263 0.9999966273778452 0.9999978634756908 0.9999986585011609 0.9999991651467679 0.9999994850529001 0.9999996851938204 0.999999809257387 0.9999998854561062 0.9999999318270698 0.9999999597872271 0.9999999764915215 0.9999999863795952 0.9999999921790916 0.9999999955493555 0.9999999974899401 0.999999998597064 0.9999999992228921 0.9999999995734088
0.00045226762138260597 0.0006333151956363417 0.0008793442778451343 0.0012106628820295739 0.0016528141153166278 0.0022375523608346723 0.003003885846008215 0.003999153175634078 0.005280088900185048 0.006913819985707742 0.008978722022034811 0.01156505226721335 0.01477526750071838 0.01872392959976247 0.023537102235496286 0.029351149460175942 0.03631086228519403 0.044566863232988224 0.05427227125504857 0.06557864955379086 0.0786313050970721 0.09356405849342302 0.11049365316457843 0.12951401958925543 0.15069064966949128 0.17405536389925017 0.19960176634121593 0.2272816766289288 0.25700280270422254 0.28862787266702017 0.32197538050830143 0.35682202183846645 0.39290680674128753 0.4299367434884311 0.46759389566415577 0.5055435330422228 0.543443029629716 0.5809511158940246 0.6177370700130795 0.6534894368149302 0.6879238925931681 0.7207899268343905 0.7518760838811538 0.7810135930656026 0.808078308383801 0.8329909715507295 0.8557158988106925 0.8762582665693373 0.8946602294461605 0.9109961439774192 0.9253671908690304 0.9378956889744439 0.9487193770441877 0.957985907860508 0.9658477574549216 0.9724577038486142 0.9779649792273486 0.9825121503388738 0.9862327372127908 0.9892495422851225 0.991673632043614 0.9936038919514729 0.9951270624861474 0.996318158893034 0.9972411785368616 0.9979500061327353 0.9984894371731927 0.9988962521118414 0.9992002870495862 0.9994254597490093 0.9995907219817317 0.9997109199527587 0.9997975535396819 0.9998594322271148 0.9999032309579882 0.9999339528243515 0.9999553078107795 0.9999700179450755 0.9999800594685608 0.9999868522589102 0.999991405938238 0.9999944310561502 0.9999964225904874 0.9999977218590128 0.9999985618520058 0.9999991000202083 0.9999994417052989 0.9999996566860847 0.9999997907274631 0.9999998735490878 0.9999999242614946 0.9999999550331118 0.9999999735365328 0.9999999845625677 0.9999999910736368 0.9999999948838638 0.9999999970934708 0.9999999983632983 0.9999999990864681 0.9999999994946005
0.0005526786934544072 0.0007678333983510486 0.0010579038286096089 0.0014455096315817352 0.001958856931354785 0.0026327119924482007 0.0035094218886850452 0.004639945209557502 0.006084843726496052 0.007915173602740888 0.010213203086344982 0.013072873807566944 0.01659991609582345 0.020911526493765507 0.026135519187763755 0.03240887352011594 0.0398756178825687 0.048684016400862 0.05898305855978316 0.07091829220812439 0.08462708536770414 0.10023344935037005 0.11784260163206176 0.13753548808475222 0.15936351671503693 0.1833437753760206 0.20945501092926 0.2376346348631317 0.26777698946299644 0.29973305974852094 0.33331175154447945 0.36828277871360654 0.4043811175136873 0.4413128989429672 0.4787625269837059 0.5164007379669294 0.553893259384007 0.5909096897717776 0.6271322076777728 0.6622637282463172 0.6960351598226512 0.7282114674905407 0.7585963214057909 0.7870351897577454 0.8134168231064137 0.8376731625047509 0.8597777824376552 0.8797430462889295 0.8976162031254589 0.9134746878679214 0.9274209017338817 0.939576746978072 0.9500781714486042 0.9590699473074243 0.966700868004915 0.973119502058589 0.9784705950596395 0.9828921659164801 0.9865133023304594 0.9894526258401014 0.9918173696448624 0.9937029932634156 0.9951932466816968 0.9963605922737381 0.9972668943437067 0.9979642923452999 0.9984961833272128 0.9988982506300685 0.9991994881660603 0.9994231817956106 0.9995878206535409 0.9997079212796618 0.9997947557971845 0.9998569820596009 0.9999011786974139 0.999932291486392 0.9999539996381176 0.9999690117207509 0.999979301196225 0.9999862912371343 0.9999909977623385 0.9999941386705802 0.9999962161861999 0.9999975781561741 0.9999984631188511 0.9999990330423466 0.999999396825306 0.9999996269707199 0.9999997712807374 0.9999998609667702 0.9999999162110516 0.9999999499385415 0.9999999703472202 0.9999999825871784 0.9999999898629515 0.9999999941495474 0.9999999966526584 0.9999999981013696 0.9999999989324015 0.9999999994048864
0.0006715175505745276 0.0009258005849057143 0.0012659915885095043 0.0017171500222584817 0.00231026126083068 0.003083198166688103 0.004081708937209223 0.0053603901445136125 0.006983592375045769 0.009026194594778148 0.01157417327106362 0.014724884495497201 0.018586973098924015 0.023279823267285324 0.028932471588052105 0.03568191667485894 0.04367078004466327 0.053044300753792614 0.06394668080786546 0.07651683822443056 0.0908836678234935 0.10716095368758295 0.12544211860644422 0.14579503125065282 0.16825711783998187 0.19283103852782754 0.21948118708903644 0.24813125419472448 0.2786630591965087 0.31091680388687737 0.3446928365047909 0.37975493896382206 0.41583506960779665 0.45263941317564327 0.4898555147880707 0.5271602111441589 0.5642280245217168 0.6007396572538134 0.6363902182648139 0.6708968294656109 0.7040052970713156 0.7354955883449361 0.7651859236741512 0.7929353720891783 0.8186449196775636 0.842257059208233 0.8637540204894236 0.8831548202893774 0.9005113549677408 0.9159037865776569 0.9294354837695651 0.9412277733155078 0.9514147385233789 0.9601382700775765 0.9675435362644975 0.9737749966135267 0.9789730390571832 0.9832712787445913 0.9867945190134046 0.9896573434425731 0.9919632833721752 0.9938044881190681 0.9952618150909964 0.9964052534035799 0.9972945964141626 0.9979802846075806 0.9985043492565737 0.9989013980461048 0.9991995953444444 0.9994216011587747 0.9995854433730256 0.9997053071844525 0.9997922334799663 0.9998547241345517 0.9998992569126137 0.999930715941659 0.9999527457972996 0.9999680383081788 0.9999785614822413 0.9999857396816405 0.9999905935175418 0.9999938470524241 0.9999960089078663 0.9999974328706469 0.9999983626318688 0.9999989644219455 0.9999993505393842 0.9999995961202983 0.9999997509558214 0.9999998477273045 0.9999999076822466 0.9999999445039072 0.9999999669211683 0.9999999804500695 0.9999999885436985 0.9999999933435173 0.9999999961651936 0.9999999978095288 0.9999999987594208 0.9999999993033708
0.0008114113634908085 0.0011103484714699936 0.0015072917626082535 0.0020298595902825305 0.0027119193634428263 0.0035945271814950505 0.004726871930549585 0.006167179151966764 0.007983519262229026 0.010254454646673655 0.013069451733964536 0.016528978472893013 0.020744205821026138 0.025836235016975947 0.031934781489235 0.03917626191627694 0.04770125344725138 0.057651323150673055 0.0691652605063162 0.0823747846776122 0.09739983926165553 0.11434362754101172 0.13328757790751766 0.15428645888580114 0.17736388295480449 0.20250844545435548 0.22967073727329482 0.2587614467062788 0.28965072695238103 0.32216895258126294 0.35610892353073786 0.39122950255810013 0.4272605961492942 0.4639093148166009 0.5008670817099005 0.5378174034051836 0.5744439777147123 0.6104387933337694 0.645509876625411 0.6793883618098865 0.7118346006724056 0.7426430836231541 0.7716460113935792 0.7987154309303581 0.8237639249250512 0.8467439167868744 0.8676457171591926 0.8864944906097814 0.9033463593283397 0.9182838832305411 0.9314111627390163 0.942848802777524 0.9527289562115402 0.961190634817022 0.9683754389692656 0.9744238168211572 0.9794719228198442 0.9836491066412645 0.98707602911197 0.9898633729225932 0.9921110937612839 0.9939081421513498 0.9953325774909905 0.9964519928866474 0.99732417139039 0.997997900090423 0.9985138770199415 0.9989056559580808 0.9992005849392873 0.9994207048766421 0.9995835845440795 0.9997030768467015 0.9997899886074296 0.9998526619312698 0.9998974696122885 0.9999292301442535 0.9999515498583332 0.9999671007409827 0.9999778427872525 0.9999851995127231 0.9999901946524 0.9999935572606826 0.9999958015067558 0.9999972865196429 0.999998260736238 0.999998894381767 0.9999993029859202 0.999999564216929 0.999999729798587 0.9999998338541427 0.9999998986853135 0.9999999387321303 0.9999999632576198 0.9999999781489299 0.999999987113174 0.9999999924632503 0.9999999956289654 0.9999999974861249 0.9999999985662948 0.9999999991891694