1.4105972357573014e-10 2.68891268316656e-10 5.07518040295144e-10 9.484845640431967e-10 1.755157345101461e-9 3.215969974920997e-9 5.834737573168895e-9 1.0482080675967111e-8 1.8646359921644416e-8 3.284465843573415e-8 5.728797291316701e-8 9.894509181903463e-8 1.6922379010117328e-7 2.8659552763455453e-7 4.806433202412994e-7 7.982277701505008e-7 1.3127629860523936e-6 2.1379955027139536e-6 3.44821155319407e-6 5.507488963562075e-6 8.71148635721229e-6 0.000013646346091402959 0.000021170589452390665 0.00003252739573300163 0.00004949634561013354 0.00007459549955201717 0.00011134644917772538 0.00016461653764572473 0.00024105353899879994 0.0003496283885830406 0.0005023006733185589 0.0007148190783714039 0.0010076643840824155 0.0014071354813914878 0.0019465688856670127 0.0026676692081525517 0.0036219120776456518 0.004871962520865496 0.006493031651843898 0.00857407399382534 0.011218708632050366 0.014545731854181234 0.018689079447603056 0.02379709595354542 0.03003097832162958 0.03756228447611243 0.04656943438717554 0.05723318228627814 0.06973110222417485 0.08423120224904766 0.1008848605495777 0.11981935409151773 0.14113031975387116 0.16487454254185704 0.19106349825175128 0.21965808323522257 0.25056493778137534 0.2836347107446708 0.3186625229829738 0.35539077059920443 0.39351427344551215 0.4326876297204483 0.4725344951105721 0.5126583765408955 0.5526544271692789 0.59212165983739 0.6306749669431679 0.66795634824645 0.703644803245714 0.7374644365533545 0.7691904450656305 0.7986527942871436 0.8257375363346133 0.8503858622866736 0.872591106138046 0.8923940181739058 0.9098766963319032 0.9251556023391414 0.938374095406014 0.9496948930402114 0.9592928212564593 0.9673481516477274 0.9740407476171247 0.9795451635838108 0.9840267654499144 0.9876388731079648 0.990520869852028 0.992797181241214 0.9945769977938252 0.9959546011601297 0.9970101504842739 0.9978107922665631 0.9984119706408182 0.9988588330560693 0.9991876465909115 0.9994271606003334 0.9995998706193301 0.9997231554145394 0.9998102732102122 0.9998712142149805
1.1499845604492862e-10 2.20965712613698e-10 4.2033232688101285e-10 7.915869618214438e-10 1.4758609726836732e-9 2.724183820938053e-9 4.978228439618564e-9 9.006667655329961e-9 1.613273366620347e-8 2.8609486989213434e-8 5.023129767099927e-8 8.731825956248255e-8 1.502818062847323e-7 2.560842843226372e-7 4.3205533517604525e-7 7.217398960828393e-7 1.1937466441489538e-6 1.9549659662562215e-6 3.1700607014131145e-6 5.089830770240536e-6 8.091943781598868e-6 0.00001273863273756033 0.000019857303617512296 0.000030651566114671026 0.00004685196790519612 0.00007091760414508324 0.00010630166417842391 0.00015779567655816796 0.00023196845695884103 0.00033771620862584127 0.0004869394553081366 0.000695360029154963 0.0009834866934474947 0.0013777306803854938 0.0019116620888344087 0.0026273845141154134 0.0035769885400950704 0.004824025246067946 0.006444919546535524 0.008530221369563797 0.011185572273739975 0.014532248440103424 0.018707130708712782 0.023861951223266672 0.030161676887628167 0.03778191429121423 0.0469052602033149 0.05771657610749072 0.0703972329637029 0.0851184501868091 0.10203393578974383 0.12127211638635395 0.14292831889987964 0.16705732261891398 0.1936667333305579 0.2227116345499395 0.25409094035532953 0.2876458088059324 0.3231603763649904 0.3603649475131775 0.39894162823472495 0.4385322381513717 0.4787481861035982 0.5191818605527239 0.5594189809110831 0.5990512881726333 0.6376889291308759 0.6749719102256628 0.7105800626762088 0.7442410641047703 0.7757361941065135 0.8049036506522327 0.8316394082239853 0.8558957447979139 0.8776776922419554 0.8970377648267345 0.9140693878492576 0.9288994806697907 0.9416806468285475 0.9525833922141917 0.9617887365034986 0.9694815105899119 0.9758445512269078 0.9810539210488916 0.9852752039337388 0.9886608573440556 0.991348548177001 0.9934603584310826 0.9951027217966149 0.9963669409725571 0.9973301360767466 0.9980564843808646 0.9985986280038126 0.9989991464712823 0.999292012839631 0.9995039734789508 0.9996558112085776 0.9997634683743172 0.9998390201962482 0.9998914992141599
9.336788764672979e-11 1.808685953976447e-10 3.4681366976761816e-10 6.582632366325549e-10 1.2367343326588958e-9 2.3000107123105895e-9 4.234121027041897e-9 7.715785296388593e-9 1.3918233085151826e-8 2.4853009895898613e-8 4.3930766807776235e-8 7.687013632727532e-8 1.3315269591893573e-7 2.2832333501167621e-7 3.8758187204391484e-7 6.51320079792977e-7 1.0835491510583449e-6 1.784561217197953e-6 2.9097039289147203e-6 4.696851147952006e-6 7.50605755473572e-6 0.000011876018692604931 0.00001860333898462663 0.000028852238690212842 0.000044304177885016926 0.00006735887116338056 0.00010140018547191322 0.0001511422612147932 0.00022307259989309442 0.00032600946147863486 0.00047179027168420284 0.0006761053489437789 0.0009594865876321457 0.0013484532633303895 0.0018768064366859898 0.0025870492869170436 0.0035318931517540697 0.004775788523775434 0.006396397669429432 0.00848590235242608 0.01115201836444405 0.014518570693598666 0.018725472049060613 0.023927946088506576 0.03029484785826699 0.03800595988889797 0.04724818436332755 0.05821060971588298 0.07107850219974172 0.08602635582456208 0.10321022225691397 0.12275962887616476 0.14476947019550968 0.16929231692710425 0.1963316202182971 0.22583628956818258 0.2576970875333481 0.2917452114975351 0.327753324986723 0.3654391643519962 0.4044716905041153 0.44447959170785944 0.48506178563774655 0.5257994305031201 0.5662688483373288 0.6060546981807732 0.6447627188725045 0.682031392163901 0.7175419540199737 0.7510262982151699 0.7822724611818035 0.8111275377861613 0.8374980406452273 0.8613478676173224 0.8826941718489292 0.9016015276739784 0.9181748485991094 0.9325515390605039 0.9448933515323942 0.9553783797232047 0.9641935539300162 0.9715279242307467 0.9775669294206131 0.9824877622108878 0.9864558607427876 0.9896224878184041 0.992123305473426 0.9940778148769858 0.9955895097234901 0.9967465837116474 0.9976230369639156 0.998280039446767 0.9987674286348946 0.9991252410423394 0.999385200441721 0.9995721077470342 0.9997050973374966 0.9997987412694587 0.9998639960376392 0.9999089963448224
7.54863502436235e-11 1.474492396467337e-10 2.850459464554387e-10 5.453664261494756e-10 1.0326810938970506e-9 1.9353146717262965e-9 3.5896149529438278e-9 6.5895928929614655e-9 1.1972571335079878e-8 2.1529714331154052e-8 3.831908410232378e-8 6.750286614940466e-8 1.1769661387280104e-7 2.0311641332113043e-7 3.4695266173680546e-7 5.866035399396746e-7 9.81688577503608e-7 1.6261590478094327e-6 2.666357844776038e-6 4.327590876377357e-6 6.952689698213354e-6 0.000011057202801634514 0.000017407273024974338 0.000027127945348468133 0.00004185157805523394 0.00006391813341633356 0.00009664127658527882 0.00014465621562471698 0.00021436678882892814 0.0003145100730301774 0.0004568562841802879 0.0006570594317786784 0.0009356694952024754 0.0013193092521820693 0.0018420078400354892 0.002546668391217227 0.003486628679286155 0.004727252076929302 0.006347462217003268 0.008441110097918644 0.011118039123168534 0.014504694389406502 0.01874411050798039 0.02399511057605743 0.03043056062675761 0.03823455140182039 0.04759842398010402 0.05871561757119138 0.07177539475613708 0.08695558775313954 0.10441460307234829 0.12428301368715604 0.14665514893322848 0.17158115373134852 0.19906002198486847 0.22903410731273638 0.2613855734236702 0.2959351655779562 0.33244356673986186 0.3706154541343787 0.41010620444416673 0.4505310219391354 0.4914760979805757 0.5325112671031735 0.5732035171860529 0.6131306490062854 0.6518943695320674 0.6891321446837786 0.7245272270968282 0.7578164043310687 0.7887951711422283 0.8173202018150573 0.843309170426251 0.8667381243718744 0.8876367478676763 0.9060819489366699 0.9221902609719661 0.936109567576741 0.94801063993462 0.958078925301528 0.9665069512190831 0.9734876216278597 0.9792085871196778 0.9838477801796193 0.9875701240098808 0.9905253551024754 0.9928468478378176 0.994651294834396 0.9960390787464013 0.9970951676621223 0.997890374372435 0.9984828363754368 0.9989195953947705 0.9992381795511306 0.9994681157651994 0.9996323226976516 0.9997483543582526 0.9998294808010788 0.9998856048849096 0.9999240230836477
6.07647367525571e-11 1.1970497323730796e-10 2.33345904566001e-10 4.5010992903703734e-10 8.591530946910932e-10 1.6227788939676962e-9 3.0331115564139615e-9 5.6099788742467236e-9 1.0267899414144394e-8 1.8597450978624488e-8 3.3333487745498e-8 5.912455442121381e-8 1.0378133874098889e-7 1.802767047189377e-7 3.099087419851144e-7 5.272384557026116e-7 8.876970740925607e-7 1.4791514728806262e-6 2.439251909359412e-6 3.981100112566771e-6 6.430705473668535e-6 0.000010280877937607008 0.000016267664848539804 0.00002547718444356598 0.000039492720497924656 0.00006059415656340924 0.00009202412004106769 0.00013833737519429812 0.00020585175851011955 0.00030321989838190747 0.0004421406143347328 0.0006382266766701544 0.0009120409054132917 0.0012903047876668152 0.0018072723766802109 0.0025062468821712936 0.003441198064435594 0.004678415740878947 0.006298109393138706 0.008395837648766074 0.011083626579640573 0.01449061517908869 0.01876305335412926 0.024063475768403793 0.03056888716351151 0.038467823991109706 0.047956204792269426 0.059231947658014594 0.07248841522929725 0.0879068418197966 0.10564799701888335 0.12584343738855724 0.1485867832281038 0.17392552111458115 0.20185386600820526 0.23230721193952975 0.26515865335973704 0.300217969559465 0.3372333357880938 0.3758958647202927 0.41584690236004246 0.4566878177557188 0.4979918518191538 0.539317442641167 0.5802223365808106 0.6202777362175034 0.6590817335147886 0.6962713295126297 0.7315324455132728 0.764607475316786 0.7953001002652056 0.8234772732397271 0.8490684584778703 0.872062376525168 0.892501635849118 0.9104757263419523 0.9261129010617126 0.9395714812902024 0.9510310903018154 0.9606842601025651 0.9687287717137227 0.9753609930485854 0.9807703785185445 0.9851351995206763 0.9886194914499324 0.9913711352827022 0.9935209423655663 0.9951825800959506 0.9964531623484083 0.9974143292505755 0.9981336530204838 0.9986662265738026 0.9990563161630177 0.9993389855005838 0.999541624306904 0.9996853373251643 0.9997861695095573 0.999856158835742 0.9999042199703274 0.9999368701664182
4.869586159305494e-11 9.676525070753296e-11 1.9023995577746105e-10 3.700343327275768e-10 7.121040357538439e-10 1.3558427422397257e-9 2.5541305629889375e-9 4.760454008679859e-9 8.778674188528584e-9 1.6017277862423327e-8 2.891557532038844e-8 5.164908565482675e-8 9.12821032888e-8 1.596267194009333e-7 2.762024128803093e-7 4.728860544411328e-7 8.011211460818065e-7 1.3429452448229415e-6 2.227629230231861e-6 3.6564394809029218e-6 5.938974736187125e-6 9.545732527890689e-6 0.000015183056742888688 0.000023898422114134886 0.000037226107683822755 0.00005738563911274491 0.00008754781627466522 0.0001321854844104934 0.00019752815389050758 0.00029214071746203225 0.0004276463388301287 0.0006196114835232033 0.0008886063657026416 0.0012614461292257937 0.0017726062942696346 0.0024657900109798935 0.0033956044310883646 0.004629279469901132 0.006248335412634799 0.008350077933600828 0.011048772568737812 0.014476328586515994 0.0187823080948912 0.024133073850194375 0.030709902135163152 0.038705918086240056 0.04832176158407154 0.059759962150587244 0.07321808895968024 0.08888084245302134 0.10691136023578289 0.1274421130289062 0.1505658563078842 0.17632716936592133 0.20471514623539191 0.23565779458587133 0.2690186450092788 0.3045959737428018 0.3421249012235468 0.38128245586199166 0.4216955000109085 0.4629512191081382 0.504609692508959 0.546217912214813 0.5873245078217174 0.6274943828514672 0.6663224743181081 0.7034459132742575 0.7385539828326717 0.7713954304707256 0.8017828783574865 0.8295942721037984 0.8547714977402863 0.877316463573226 0.8972850757117126 0.9147796255386744 0.929940150895308 0.9429353314931175 0.9539534382409327 0.9631937839374647 0.9708590290891803 0.9771485919870345 0.982253306569915 0.9863513735115792 0.989605565822171 0.9921615841422566 0.9941474105896408 0.9956734831994102 0.9968335037491545 0.9977056970460463 0.9983543559468347 0.9988315297499282 0.9991787406705617 0.9994286409437205 0.9996065494260034 0.9997318298303917 0.9998190920397547 0.9998792129887282 0.9999201845027095 0.9999478026638091
3.8844773473668273e-11 7.787705824167818e-11 1.544426409596696e-10 3.0297633309336816e-10 5.879456687344387e-10 1.128641542572936e-9 2.1432296235530954e-9 4.026047161368097e-9 7.481528047524569e-9 1.3753304052177418e-8 2.5011125863091473e-8 4.499593437307649e-8 8.008141295000232e-8 1.4099814732458105e-7 2.4559716847693066e-7 4.2322067023787e-7 7.215218961673486e-7 1.216962338011492e-6 2.0307473343623e-6 3.352681153550566e-6 5.476373299968e-6 8.850452121272272e-6 0.000014151975783919241 0.000022390093703782354 0.00003505019340588785 0.00005429121254402067 0.00008321138265479296 0.0001262001945788493 0.00018939652660905084 0.00028127423053345884 0.000413376484642878 0.0006012182488161225 0.0008653714789351537 0.0012327396547695195 0.00173801601310944 0.0024253032305370666 0.0033498510925804837 0.004579843344036004 0.006198136504973349 0.008303823765703171 0.011013468724731003 0.014461830003155174 0.01880188248624639 0.024203938157174164 0.03085368303016572 0.038948979638506964 0.04869533862940813 0.060300038115863874 0.07396496305876106 0.08987834406134652 0.10820568800468193 0.1290803022752393 0.15259390890792338 0.17878791346101863 0.20764592550464298 0.2390881152272477 0.27296792941897585 0.30907158009745106 0.34712056546926584 0.38677729590278453 0.4276536915133113 0.4693224101749194 0.5113301738193353 0.5532125044992169 0.594509074807729 0.6347788302394776 0.6736140585570064 0.7106526614760794 0.7455880191674269 0.7781760151711565 0.8082389916516006 0.8356666140564399 0.860413822047716 0.8824962140997873 0.9019833441898519 0.9189904930352895 0.9336695109402551 0.9461993169271072 0.9567765859491328 0.9656070720491232 0.972897911388344 0.9788511364360932 0.9836585216855698 0.9874977806402115 0.9905300497180707 0.9928985307946403 0.994728121523235 0.9961258404007309 0.9971818492502458 0.9979708858165414 0.9985539395046618 0.9989800299602962 0.9992879776190746 0.9995080846150888 0.9996636713706357 0.9997724373910459 0.9998476335551743 0.9998990473864804 0.9999338126943849 0.9999570611453252
3.083996868053927e-11 6.239154702315439e-11 1.2483671624369893e-10 2.470397127339545e-10 4.835064819676887e-10 9.359492366791645e-10 1.7919268742932352e-9 3.393203867611e-9 6.3551405888919154e-9 1.1772533791225608e-8 2.1569919686969543e-8 3.908996988975526e-8 7.006885311653258e-8 1.2423169595965268e-7 2.1786760466197382e-7 3.779297729207734e-7 6.484752341024002e-7 1.100640400257854e-6 1.847878913610575e-6 3.0689099177810756e-6 5.041784312518765e-6 8.193720992321819e-6 0.000013172935516943516 0.00002095060528364742 0.000032963383837999534 0.00005130944156234963 0.00007901375261615178 0.00012038106162581673 0.0001814573314544041 0.0002706220535995998 0.00039933402400097086 0.0005830513610247716 0.0008423419003806115 0.0012041918602270756 0.0017035081288888326 0.0023847922011726863 0.0033039415592601793 0.004530107576254842 0.006147508918352362 0.008257067841799078 0.010977706475333544 0.014447114683146176 0.018821784543133612 0.024276103227729592 0.031000310291384364 0.03919716038899862 0.04907719016159288 0.060852568257440266 0.0747296074950681 0.09090013251078166 0.10953201663197076 0.13075931766062135 0.1546725417754679 0.18130963563685695 0.21064833792670243 0.24260050453607326 0.27700895198184106 0.3136472419680248 0.35222266240220423 0.3923824580937725 0.433723143777567 0.47580251203149704 0.5181537491543765 0.5603009120411374 0.6017749140961124 0.6421291286368564 0.680953748004784 0.7178881327480993 0.7526305382601761 0.7849448012224903 0.8146637865632793 0.8416896173650668 0.8659909159478354 0.8875974577040167 0.9065927679922385 0.923105269621749 0.9372986128301493 0.9493617949518298 0.9594996111407055 0.9679238813409815 0.9748457843490312 0.9804695093588496 0.984987319617325 0.9885760203319144 0.9913947396824405 0.9935838707946546 0.9952649843455548 0.9965415044597208 0.9974999415508259 0.9982114906896683 0.9987338285621936 0.9991129719323815 0.9993850921106204 0.9995782103777631 0.9997137266016407 0.999807756193799 0.9998722685844907 0.999916033595408 0.9999453909058383 0.9999648629168416
2.4365452212208737e-11 4.9751837399119295e-11 1.0045480434917981e-10 2.0056833568082575e-10 3.959928721951645e-10 7.731239366133418e-10 1.492626644616398e-9 2.8496879641551192e-9 5.380112718534189e-9 1.0044711589596406e-8 1.854555666056066e-8 3.386125577129168e-8 6.11408860180016e-8 1.091769114075167e-7 1.9279930359355844e-7 3.367139672820511e-7 5.815720520551172e-7 9.934331693715277e-7 1.6783125405117278e-6 2.804224226443552e-6 4.634099633416384e-6 7.574223779669397e-6 0.000012244437706121619 0.00001957833527745729 0.00003096403872230588 0.000048438824489942946 0.00007495377491350993 0.00011472754397562872 0.0001737109228278137 0.00026018571371280496 0.0003855218691484647 0.0005651151957837617 0.0008195233344134373 0.0011758093588737286 0.0016690894153180774 0.002344262796484335 0.0032578795463100076 0.004480072519974493 0.0060964489240042195 0.008209802740923935 0.010941477035551107 0.01443217773815857 0.018842022550334882 0.024349604857210334 0.031149867456139155 0.03945061815202231 0.049467580870576545 0.06141796170302104 0.07551261624313568 0.0919470266857957 0.110891425433291 0.13248052494571746 0.15680341828793645 0.18389428806313918 0.21372459132366808 0.24619736573476594 0.28114422331296707 0.31832546358536246 0.35743355516908726 0.398100016496735 0.4399054904445243 0.4823925747709649 0.5250807622286064 0.5674826810720729 0.6091207246085265 0.6495431276851962 0.6883385916960563 0.725148673395959 0.7596773251262618 0.7916971879768507 0.8210524743787143 0.8476585109325794 0.8714982255091859 0.8926160378076549 0.911109737649487 0.9271210042285747 0.9408252322402723 0.9524212925715068 0.9621217755640609 0.9701441559775874 0.9767031939522641 0.9820047583070177 0.9862411384879141 0.9895878078982514 0.9922015196822765 0.9942195587591951 0.9957599407757954 0.9969223372900851 0.9977895130861715 0.99842908146628 0.9988954119514376 0.9992315576937556 0.9994711034079236 0.9996398659957824 0.9997574074140732 0.9998383417214132 0.9998934353474601 0.9999305117025247 0.9999551788925342 0.9999714033167991
1.9153593710997337e-11 3.948193414457731e-11 8.046255071603195e-11 1.6212110803304336e-10 3.2295277848726676e-10 6.360564076547265e-10 1.2385484192744321e-9 2.3844864975158914e-9 4.538843528385855e-9 8.542168811112313e-9 1.5895273632148962e-8 2.9244844797773853e-8 5.320063804433673e-8 9.569198362858928e-8 1.701886951274294e-7 2.992869623449578e-7 5.204183647439483e-7 8.948108528532078e-7 1.5213533513667759e-6 2.5577372277523153e-6 4.252221213437928e-6 6.990647154406429e-6 0.000011364974149857663 0.00001827163618912417 0.000029050472688488518 0.00004567779380226833 0.00007103021300680819 0.0001092390005125653 0.0001661575512139597 0.00024996664419098626 0.00037194286691575766 0.0005474141107762213 0.0007969215309184621 0.0011475988804197075 0.0016347668266619303 0.0023037211092529876 0.003211668981834939 0.004429738676934397 0.006044952820816455 0.008162020923360764 0.01090477140132417 0.014417014132015462 0.018862605073912804 0.024424480155202044 0.03130244130418602 0.03970951711501815 0.04986678642947018 0.06199664483834706 0.07631460849949528 0.0930198801391165 0.1122850388261642 0.1342453456003917 0.158988267189925 0.18654389561217102 0.21687696972261883 0.24988117643438326 0.28537632001762836 0.32310879935887715 0.3627556336652278 0.40393204143920425 0.44620232528846604 0.48909356904696916 0.532111437177568 0.5747572008350454 0.6165450169970764 0.657018466740658 0.6957654181448181 0.7324304123364545 0.7667239643350188 0.7984284043093466 0.8274001369417385 0.8535684433721062 0.876931170145301 0.8975478253418151 0.9155307220217176 0.9310348681671674 0.9442473018365816 0.9553765172303609 0.9646425330171656 0.9722680322721963 0.9784708681219696 0.9834580941379474 0.9874215549476808 0.9905349687077858 0.9929523539456109 0.994807600537331 0.99621495718608 0.9972702025296143 0.9980522794441324 0.9986251971361364 0.9990400382047095 0.9993369435363004 0.9995469830422765 0.9996938522383197 0.9997953618537974 0.9998647092854672 0.9999115367141791 0.9999427915319161 0.9999634111376465 0.9999768570559318
1.4978725158340506e-11 3.1176691509554584e-11 6.414321987062581e-11 1.3044884643742155e-10 2.6224174265543104e-10 5.211214891134585e-10 1.0236591398941735e-9 1.987718105099015e-9 3.815410293834111e-9 7.2396722680722465e-9 1.3579761692263489e-8 2.5180570262114876e-8 4.615767841604935e-8 8.364353660326625e-8 1.4984289576814302e-7 2.653755106684543e-7 4.6463541352536027e-7 8.042604688640579e-7 1.3763236936776288e-6 2.3285777704736016e-6 3.895062469645665e-6 6.441681514474011e-6 0.000010533028559331843 0.000017028836432486743 0.00002722095670788296 0.00004302471681534897 0.00006724174458709682 0.00010391468864000553 0.0001587973596701724 0.0002399661797488667 0.00035859979309545175 0.0005299524403439043 0.0007745422813879801 0.0011195672698420555 0.0016005475001536645 0.002263173457435997 0.0031653140152223046 0.004379106705452667 0.005993016940274138 0.008113714729662694 0.010867580342956498 0.01440161867507278 0.018883540973234282 0.02450076760593862 0.031458122014159255 0.03997402815607121 0.05027509405235892 0.06258906219071379 0.07713622997012919 0.09411958283597645 0.1137140285371453 0.1360552594116049 0.16122888545375952 0.1892605587289151 0.2201078359007065 0.2536544904487874 0.28970788533391534 0.32799985292443934 0.3681913116439559 0.40988059448554537 0.4526151950503495 0.49590637700861023 0.539245868084516 0.5821236924227622 0.6240461026882009 0.6645525651077333 0.7032308277370004 0.739729256490347 0.7737658390127877 0.8051335115288116 0.8337017334116724 0.8594144931898375 0.882285155478965 0.9023887333058453 0.9198522834275902 0.934844169685728 0.9475629242126118 0.9582263672811459 0.9670615367657123 0.974295842775811 0.9801497175088563 0.9848308887868757 0.9885302794400022 0.9914194315872218 0.9936492792005787 0.9953500449762097 0.9966320165096023 0.9975869580897394 0.9982899329156052 0.998801340644027 0.9991690116165888 0.9994302373409276 0.9996136532823919 0.9997409223181228 0.9998281939230507 0.9998873347924266 0.9999269413389889 0.9999531539797843 0.9999702982538834 0.9999813795854517
1.1651427710038155e-11 2.4492765673008603e-11 5.0883664018271326e-11 1.044729894700668e-10 2.1199134917400145e-10 4.25132446443335e-10 8.426089098764575e-10 1.6505450401690313e-9 3.1954519071805902e-9 6.114275317512076e-9 1.1562983958946266e-8 2.1612834461752977e-8 3.9927790153025255e-8 7.290640433469855e-8 1.3157952580088311e-7 2.3471931782496727e-7 4.1385973375740464e-7 7.212861467339545e-7 1.2425637350090256e-6 2.1158913805266525e-6 3.5615496517988587e-6 5.926022700546158e-6 9.747078496888865e-6 0.000015848242262325463 0.000025473719685035587 0.000040477896530707534 0.0000635869612533276 0.00009875376244823704 0.00015163038034530366 0.00023018555155119246 0.0003454953466241878 0.000512734489809667 0.0007523914146944337 0.001091721485940269 0.0015664387582729098 0.002222626390229721 0.003118819025779068 0.004328177429078248 0.005940637651743783 0.008064876379769804 0.010829894398321757 0.01438598601834056 0.018904839413614975 0.02457850713205413 0.03161700332903852 0.04024432918021677 0.05069280308554441 0.0631956773654472 0.0779781542341321 0.09524706299881552 0.11517961593027969 0.13791180722418103 0.16352714126848436 0.19204645640257156 0.22341963397754755 0.25751993957288755 0.2941416296300726 0.33300127591964723 0.3737430234217377 0.4159477228855509 0.45914559166405366 0.5028317825969617 0.5464840079058261 0.5895811971281247 0.6316220826273219 0.6721426122242949 0.7107311853639782 0.7470408867139929 0.7807981306558786 0.811807407308772 0.8399521081625638 0.8651916801232311 0.8875555872636147 0.9071347321818743 0.9240710933460854 0.9385463687649654 0.9507703847198656 0.9609699420243878 0.9693786462649432 0.9762281194821836 0.9817408352946615 0.9861246720572203 0.9895691505662914 0.9922432214699112 0.9942943963532138 0.9958489753363428 0.9970131100053234 0.9978744487465594 0.9985041362358915 0.9989589739535174 0.99928358866615 0.9995124962845123 0.9996719859734555 0.9997817816628534 0.999856464065477 0.9999066557281555 0.9999399849513358 0.9999618524498316 0.9999760284373298 0.9999851084789129
9.013455824168065e-12 1.9140491699130996e-11 4.0161593104191136e-11 8.326608090794838e-11 1.7057998712549694e-10 3.4529823224536814e-10 6.906701453931052e-10 1.3650889861636525e-9 2.666056036764142e-9 5.14517193014171e-9 9.811994559416334e-9 1.849039524729922e-8 3.443273433370291e-8 6.336339368104775e-8 1.1522650537894473e-7 2.0707092233675057e-7 3.677431849232683e-7 6.454093854074773e-7 1.119432030428007e-6 1.918841204965922e-6 3.2506231952691174e-6 5.442373728565828e-6 9.005597370532217e-6 0.000014728139805282431 0.000023806950188863347 0.00003803557264430421 0.000060064368350213 0.0000937552710035796 0.00014465653104043654 0.00022062588219627118 0.00033263214357175954 0.0004957645295046274 0.0007304747925229663 0.001064068599595636 0.0015324481108694456 0.0021820866941932946 0.003072188631651818 0.004276951845656981 0.00588781136812033 0.008015497972231852 0.010791703865840812 0.014370110647332745 0.018926509879623278 0.024657740161891716 0.03177918273124711 0.04052060547582745 0.051120225634522044 0.06381697403896253 0.07884108418867694 0.09640328905887212 0.11668307446406032 0.139816593821315 0.16588497716222525 0.19490384924067647 0.22681489204981897 0.26148023531193354 0.2986803307345286 0.33811576645570796 0.3794132201413292 0.4221354534596899 0.46579494383684733 0.5098704611728128 0.5538256567795851 0.5971285643119224 0.6392708357528972 0.6797855578508105 0.7182626133710079 0.7543607543582542 0.7878158198469376 0.818444830725944 0.8461459998937493 0.8708949776775365 0.8927378863713825 0.9117818661788 0.9281839486313739 0.9421390920671207 0.9538681640883391 0.9636065512098837 0.9715939330835208 0.9780655960645199 0.9832454959575951 0.9873411273989886 0.9905401285502642 0.9930084513179286 0.9948898616509436 0.9963065004166503 0.9973602289451906 0.9981344988376446 0.9986965165736891 0.9990995134534548 0.9993849748309345 0.9995847249466163 0.9997228017513473 0.999817088013988 0.9998806899178263 0.9999230723435351 0.9999509717843814 0.9999691143700669 0.9999807689562373 0.9999881648134782
6.933247952330043e-12 1.487662207715355e-11 3.1534073525315703e-11 6.60339486357441e-11 1.3660586702475152e-10 2.79183618621015e-10 5.636801941771341e-10 1.1243507796643124e-9 2.2156502726375953e-9 4.313554176831761e-9 8.296759465747674e-9 1.5766151496669963e-8 2.9600008671515355e-8 5.490503507963958e-8 1.0062183045975833e-7 1.8219554651094795e-7 3.259529431702675e-7 5.761692683801597e-7 1.0063060457603853e-6 1.7366089192854512e-6 2.9612390554536416e-6 4.9894465337401655e-6 8.307056480284822e-6 0.000013666797188771656 0.000022218798325121944 0.00003569592272557775 0.000056672384977493605 0.00008891815677192998 0.0001378756118245213 0.000211288180639235 0.00032001271093963155 0.0004790467884926614 0.0007087983044475171 0.0010366157917129518 0.0014985832571135264 0.0021415613994236722 0.003025427699034282 0.004225431136829971 0.005834534551859694 0.007965571483549013 0.010752998797221658 0.014353986875630253 0.018948562189083206 0.02473850970060064 0.03194476162803328 0.04080305009246915 0.05155768722917619 0.0644534570123053 0.0797257535807542 0.09758927172153131 0.11822573228451376 0.14177129095200033 0.168304413262877 0.19783508264625282 0.2302962248618923 0.26553817054706685 0.3033268340741881 0.3433460672523018 0.3852043655524001 0.4284457858777164 0.4725646079439251 0.5170229684455049 0.5612704497041281 0.6047644387970131 0.646990007234908 0.6874781023242613 0.725820984902559 0.7616840785502605 0.794813687973208 0.8250403684955188 0.8522780520199323 0.8765193268980949 0.8978275048485315 0.9163262702685264 0.9321877881693578 0.9456201479408419 0.9568549507250399 0.9661357238865411 0.973707685926323 0.9798092090620967 0.9846651529457289 0.9884820866537878 0.9914452878108344 0.9937173133535935 0.9954378773872747 0.9967247454561566 0.9976753562938558 0.99836890513033 0.9988686598235159 0.9992243257495721 0.9994743218201142 0.9996478738290157 0.9997668696324905 0.9998474518439683 0.9999013473123785 0.9999369490216741 0.9999601761209245 0.9999751427717278 0.999984667657969 0.999990654537056
5.301974493694057e-12 1.1497864400387436e-11 2.462718129859074e-11 5.2099498540007816e-11 1.0886221664114097e-10 2.2467214901381423e-10 4.579874231644411e-10 9.221341347543859e-10 1.833897489370761e-9 3.602473548164068e-9 6.989979821387294e-9 1.3396928381268028e-8 2.5362601463938757e-8 4.7429322294788924e-8 8.761332959799557e-8 1.5987091877119624e-7 2.881714561013411e-7 5.131226338488425e-7 9.025826340159594e-7 1.5683955939854096e-6 2.692370018518752e-6 4.565963720457071e-6 7.649927111676878e-6 0.000012662466765390015 0.000020707377751375814 0.00003345706357241619 0.00005340934418106049 0.00008424125419039393 0.00013128730171897658 0.00020217333706557382 0.0003076394802719608 0.0004625854479854148 0.0006873678626338918 0.0010093703508223305 0.0014648520872518611 0.0021010577857709318 0.002978541351666879 0.004173616677983316 0.005780803721421092 0.007915088767644247 0.010713768989954018 0.014337608838142377 0.0189710065078201 0.02482086040527165 0.03211384554783792 0.04109186424172411 0.052005527529873405 0.06510565332937818 0.08063292863156507 0.09880606615278041 0.11980897496250956 0.14377764051286898 0.17078755070205726 0.20084259009802247 0.23386633650513422 0.2696966211203874 0.3080840525939298 0.3486949633987412 0.3911189312660135 0.4348806852848798 0.4794558581956438 0.5242897286733629 0.5688178435761609 0.6124872478034705 0.6547769965199547 0.6952166869456577 0.7334019177349445 0.7690058443008292 0.8017863200499254 0.8315884624937511 0.8583428244061937 0.8820596514091179 0.9028199430290187 0.9207641879652095 0.9360797098919984 0.948987541373222 0.9597296525698888 0.9685572164819976 0.975720414652715 0.9814600979388328 0.9860014352123517 0.9895495237544802 0.9922868086634791 0.9943720696463438 0.9959406822115907 0.997105842885259 0.9979604584541332 0.9985794299277364 0.9990221052555456 0.9993347238799646 0.9995527252497101 0.9997028382961459 0.9998049069751755 0.9998734370783882 0.9999188715112213 0.9999486158053237 0.9999678439353186 0.9999801179109524 0.9999878544778469 0.9999926698086871
4.030075418071405e-12 8.835156674455324e-12 1.9126734783118153e-11 4.088803921487313e-11 8.631457218653926e-11 1.7993184428926837e-10 3.70400756000546e-10 7.529734347793454e-10 1.5115956249083708e-9 2.996706490295316e-9 5.866918369850931e-9 1.1343263282530128e-8 2.1658741990908262e-8 4.0841442384115674e-8 7.605840271657105e-8 1.398870682432393e-7 2.540963598472046e-7 4.558441989885884e-7 8.076784624711719e-7 1.413422516365343e-6 2.4430069831655024e-6 4.170660312250742e-6 7.032682671106954e-6 0.000011713387429729396 0.000019270767835089557 0.00003131705274754094 0.00005027349333641301 0.0000797232884011943 0.00012489115546627039 0.00019328211772667874 0.00029551478108334094 0.00044638463444147264 0.0006661893961529983 0.0009823396703176447 0.0014312626841468455 0.0020605833890813092 0.00293153498063226 0.004121510048669117 0.005726615458144588 0.00786404155548168 0.010674003979550144 0.014320970484049164 0.01899385336519518 0.024904838664379023 0.03228654434840693 0.041387257722595626 0.05246410107734424 0.06577411346438296 0.08156340975988421 0.10005477429462853 0.12143424838387044 0.14583745789224492 0.1733365751672043 0.20392889653305246 0.23752802313712965 0.27395854732060865 0.31295496642735865 0.35416527970142964 0.39715939143611584 0.44144207422748843 0.48646987603503844 0.5316710221072286 0.5764671035815554 0.6202951874450899 0.6626289452330556 0.7029974845790665 0.7410007686955149 0.7763208015476191 0.8087281087564242 0.8380834186587565 0.8643348065093575 0.887510873741509 0.9077107676855329 0.9250919897851161 0.9398569880523922 0.9522394887689759 0.9624914083804014 0.9708710199898167 0.9776328531878682 0.9830196039411868 0.9872561425759948 0.9905455473782132 0.9930669681810866 0.9949750421111103 0.9964005411161665 0.9974519230049044 0.9982174771538321 0.998767794478333 0.9991583405740936 0.9994319639888913 0.9996212227776187 0.9997504579394025 0.9998375798035464 0.9998955621062698 0.9999336586508794 0.9999583700615877 0.9999741946095335 0.9999841989140907 0.9999904429344537 0.999994290300679
3.0442419137954495e-12 6.748620104102057e-12 1.4770031990207545e-11 3.191405064502358e-11 6.808007451951422e-11 1.433835854601042e-10 2.981426221648146e-10 6.120656309267159e-10 1.240582041745854e-9 2.4826245054704974e-9 4.905229566888433e-9 9.569193202519258e-9 1.8431648453299518e-8 3.505349713411557e-8 6.582374308404984e-8 1.2204609251241774e-7 2.2344035864646232e-7 4.039266374746602e-7 7.210303880589373e-7 1.2709319635631088e-6 2.2121602079938627e-6 3.8022854956203767e-6 6.4538008573035054e-6 0.000010817787023843015 0.000017907015954840327 0.00002927389030136387 0.00004726299473492102 0.00007536287416254689 0.00011868660039848198 0.00018461515975041212 0.0002836408341086036 0.0004304484123440407 0.0006452688448871151 0.0009555312453070582 0.001397823324574852 0.002020146007453995 0.002884414254450113 0.004069113043518041 0.005671966413591027 0.0078124214548469136 0.01063369303152335 0.014304065569407576 0.019017113670478508 0.024990492681817703 0.03246297243746514 0.04168944937323938 0.05293377808947566 0.06645941258335995 0.08251803341118467 0.10133654731789504 0.1231030618013741 0.14795263548452403 0.1759537606065954 0.20709662183046704 0.24128417571052896 0.2783269952479599 0.3179426222857066 0.35975987757407746 0.40332821681782316 0.4481318238270994 0.49360773872238045 0.5391669716500987 0.5842172889360752 0.628186208814404 0.6705427249950159 0.7108163905497815 0.7486126287769279 0.7836234652513071 0.815633259796309 0.8445194173598018 0.8702484319817761 0.8928679329626253 0.9124956311845615 0.9293061923104693 0.9435170906498714 0.9553744324255015 0.9651395983092717 0.973077366139615 0.9794459612272441 0.9844892676896819 0.9884312398779467 0.9914723925633032 0.9937881302570593 0.9955286019846423 0.9968197351802639 0.9977651046766374 0.9984483215510063 0.9989356727533802 0.9992787974323197 0.9995172424883076 0.9996807927106155 0.9997915163628615 0.9998655034808337 0.9999143010579642 0.9999460673734908 0.999966478259886 0.9999794227013568 0.9999875254281136 0.9999925315969735 0.9999955844522348
2.2847985719703683e-12 5.123130953978114e-12 1.1338518066826788e-11 2.4769308235389107e-11 5.3408674370694855e-11 1.1367208426889952e-10 2.388052611682795e-10 4.9520626083347e-10 1.0136426033140501e-9 2.0480691282836552e-9 4.084793923003389e-9 8.04204449119129e-9 1.5629274548186295e-8 2.998421726367746e-8 5.678504382889838e-8 1.0616189963038877e-7 1.959310673673054e-7 3.5698060959015506e-7 6.420957789024984e-7 1.1401879229420676e-6 1.9988605189550446e-6 3.459604351201133e-6 5.911765862586423e-6 9.973884826944667e-6 0.000016614139943961876 0.00002732552068589707 0.00004437592638327931 0.00007115851495166022 0.00011267293342285364 0.00017617296594105638 0.00027201974438136793 0.0004147807766522032 0.0006246121530120261 0.0009289526690498826 0.0013645424802577145 0.001979753707495971 0.002837185129473829 0.004016427683664709 0.005616853317373154 0.007760219950306544 0.010592825133095486 0.014286887649402474 0.01904079873011363 0.025077872565847 0.03264324900683466 0.041998667550907254 0.053414945308387134 0.06716215188509572 0.08349767399983161 0.10265258822135899 0.12481699105827762 0.1501251463832992 0.17864147309189934 0.2103484843939906 0.24513778269946995 0.28280509803431375 0.32305013252832915 0.36548165142332445 0.4096278681487621 0.4549517441501685 0.500870407063012 0.5467775287079136 0.592067237978223 0.6361580036910235 0.6785149252238954 0.718669013939689 0.7562323190645732 0.7909081166691336 0.822495798696127 0.8508905253235496 0.876078094786717 0.8981258036096077 0.9171702915977875 0.9334034777653948 0.9470576968802966 0.9583910545615846 0.9676738536326188 0.9751767324244738 0.9811609246386088 0.9858708254469848 0.9895288499216404 0.9923324113132047 0.9944527349256345 0.9960351588564063 0.9972005511583271 0.9980474861101618 0.9986548606349561 0.9990846856540403 0.9993848474461138 0.9995916937308149 0.9997323530895613 0.9998267413825369 0.9998892437139639 0.9999300853270215 0.9999564206188448 0.9999731778384069 0.9999836997429457 0.9999902192584571 0.9999942055114017 0.9999966106657029
1.7034449430507627e-12 3.864455169251879e-12 8.651309666237638e-12 1.9112272605054292e-11 4.166614604225989e-11 8.963934287936154e-11 1.9031030812144623e-10 3.9872957486405116e-10 8.244255647190162e-10 1.6822320495546953e-9 3.3875570847080764e-9 6.732225685524359e-9 1.3204055775400821e-8 2.5558670733448027e-8 4.8826690415877856e-8 9.205992560573098e-8 1.7131081761617326e-7 3.1463474449803876e-7 5.70352780042464e-7 1.0204767560460966e-6 1.8021604713264467e-6 3.141399565500876e-6 5.405070597103476e-6 9.179894124211312e-6 0.00001539013067519404 0.000025469834863728676 0.000041610283026386314 0.00006710860227545033 0.00010684931814237397 0.0001679558995844406 0.00026065349414938966 0.00039938564492173774 0.000604225262037694 0.000902611628952977 0.0013314288185996537 0.0019394148305574867 0.002789853860590885 0.003963456228707668 0.005561272985508435 0.007707428403365616 0.010551388984624583 0.014269430070222385 0.019064920265931082 0.025167030423276192 0.03282749828095098 0.04231515064214096 0.05390800690143616 0.0678829600270846 0.0845032459722039 0.10400415458688654 0.12657768199355726 0.1523570482619418 0.18140217484264176 0.21368730483006534 0.24909193280953815 0.28739607689153424 0.3282806738744785 0.37133352447834445 0.4160607887960626 0.46190357371762664 0.5082587122344959 0.5545024582092072 0.6000155526222024 0.6442079899167641 0.6865418409996955 0.7265506693889616 0.763854387605051 0.798168805936883 0.8293095791591409 0.8571907092024986 0.8818181668659433 0.9032795159148825 0.92173063370639 0.9373807139958652 0.9504767144723343 0.9612882907470357 0.9700940654814696 0.9771698458606366 0.9827791544720497 0.9871662040158657 0.990551245191271 0.9931280622244236 0.9950632870068479 0.9964971493405284 0.9975452710056404 0.9983011358376377 0.9988389159994223 0.9992163957062605 0.9994777987446285 0.999656388211398 0.9997767612528012 0.9998568056258444 0.9999093178674568 0.9999433053095685 0.9999650075501392 0.9999786791340084 0.9999871760485398 0.9999923859777877 0.999995537573884 0.9999974184380415
1.261317756938635e-12 2.8958918319009965e-12 6.55950458081276e-12 1.465865542635111e-11 3.231880558423621e-11 7.030049527136914e-11 1.5087157110199863e-10 3.194527330420767e-10 6.673603432097298e-10 1.375540618858055e-9 2.797374120610063e-9 5.613024222001487e-9 1.111265655925289e-8 2.170796652863656e-8 4.184144059648428e-8 7.957682876636448e-8 1.4933642829450136e-7 2.765355745085983e-7 5.053005216444204e-7 9.111078024923531e-7 1.6211354606235477e-6 2.846473116157231e-6 4.932218928693081e-6 8.434024848826585e-6 0.000014232954784107908 0.000023704672615432507 0.00003896397740364715 0.00006321141520491727 0.00010121478213044552 0.00015996417927549025 0.0002495439356363073 0.0003842668490924581 0.0005841141033901785 0.0008765159020986114 0.0012984912030997993 0.0018991379989287088 0.00274242701222774 0.003910201189226421 0.005505222329326103 0.007654038052843429 0.010509372990743414 0.014251685960538829 0.019089490434371914 0.02525802045925317 0.03301584978080751 0.04263914760542263 0.05441338542009874 0.06862249464268876 0.0855357059992063 0.10539256150082894 0.12838685403965228 0.15465048745063512 0.18423842841665602 0.21711600971711503 0.25314981765499855 0.29210324195775433 0.33363748571193663 0.3773184440086581 0.42262939660781995 0.468988968096613 0.5157733416693737 0.5623413227747478 0.6080605821857739 0.6523332964907522 0.6946194610829558 0.7344563695249828 0.7714731073535712 0.8053993560966481 0.8360682930918999 0.8634138508660548 0.8874630173896353 0.9083241772975956 0.9261726908176289 0.9412349747284843 0.9537722967561062 0.9640653425708356 0.9724003924253184 0.9790576853570176 0.9843022844965766 0.9883775142325766 0.9915008383613428 0.9938618991895918 0.9956223441560694 0.9969170254845338 0.9978561614401524 0.9985280839652563 0.9990022550622089 0.9993323022967248 0.9995588930885679 0.9997123313084915 0.9998148138713625 0.9998823275126372 0.9999261965606566 0.9999543123323749 0.9999720855853642 0.9999831673506844 0.9999899825110906 0.9999941164905866 0.9999965898410164 0.9999980494216092
9.273376463521598e-13 2.155374171209754e-12 4.941207156542962e-12 1.1173072230343849e-11 2.4919827094727418e-11 5.482191563568725e-11 1.1896089631930365e-10 2.5462401210968943e-10 5.375812002969786e-10 1.1195489147166505e-9 2.2998594327440452e-9 4.660407744169364e-9 9.315719249984174e-9 1.8368955302397472e-8 3.573009342239946e-8 6.856016252940489e-8 1.2977894168241134e-7 2.423474214388724e-7 4.4645926823798204e-7 8.114139203574201e-7 1.4548847768811265e-6 2.5736479234391774e-6 4.491727930510354e-6 7.734486290643923e-6 0.00001314055752821564 0.00002202782504805027 0.00003643484174837273 0.00005946512014945778 0.00009576821437971593 0.00015219787378703957 0.00023869278366104386 0.0003694281269402231 0.0005642845905176197 0.000850673350274637 0.0012657386934085452 0.0018589321219758936 0.0026949114696589024 0.0038566653398785823 0.005448698364962702 0.007600040015489771 0.01046676525119979 0.0142336482225664 0.019114521846787195 0.02535089908304644 0.03320843860444269 0.04297091854866958 0.05493152282099401 0.06938144395613324 0.08659605530728305 0.10681918465270145 0.13024630402411858 0.15700770321911645 0.18715290107018415 0.2206376354601558 0.257314734384515 0.2969299929076437 0.3391238679536393 0.3834393758697539 0.42933607490397113 0.4762094875145396 0.5234148239505828 0.5702934660225542 0.6162004066156515 0.6605307484485807 0.7027434561905332 0.7423808181517692 0.7790824753481569 0.8125933687133411 0.8427654824210615 0.8695537644880342 0.893007033606313 0.9132549950779925 0.9304926672944667 0.9449635599652209 0.9569428592963769 0.9667216893767048 0.9745932667545943 0.9808414825766975 0.9857321671921488 0.9895070430352318 0.9923801716244336 0.9945365592418246 0.9961325044103782 0.9972972430191376 0.9981354636432969 0.9987303137925675 0.9991465848019423 0.9994338374972341 0.9996293035802133 0.9997604625677015 0.9998472474431266 0.9999038725941165 0.9999403055188987 0.9999634207389623 0.9999778825057676 0.9999868045423219 0.9999922323688535 0.9999954885400728 0.9999974147686186 0.9999985384099308
6.768068186438114e-13 1.5929796943656267e-12 3.697202582382954e-12 8.461694468600211e-12 1.909704950872435e-11 4.250147315562505e-11 9.327700419423998e-11 2.0187494006546396e-10 4.3085583467386104e-10 9.068345286977062e-10 1.8822426649202193e-9 3.852830681464989e-9 7.777616041595285e-9 1.5483928275774448e-8 3.0401148977311256e-8 5.8868028254424395e-8 1.1242332634618872e-7 2.117522354377542e-7 3.933705078268361e-7 7.207519598354586e-7 1.3025325967969732e-6 2.3217694605246087e-6 4.082130128055699e-6 7.079489864074517e-6 0.000012110865777759971 0.00002043703730646857 0.00003402062953953187 0.00005586777088763006 0.000090508362946169 0.00014465689700037215 0.00022810160812792815 0.0003548731131930715 0.0005447426105033562 0.0008250919144766502 0.001233180544993751 0.001818806402193409 0.002647314450618896 0.0038028517331009835 0.005391698223482935 0.0075454252868659664 0.010423553551389348 0.01421530952267963 0.019140027590884345 0.025445725020241842 0.033405405725176675 0.043310735344161945 0.055462881553677686 0.0701605285025133 0.0876853421577459 0.10828546362292411 0.13215791018724013 0.15943103227461286 0.1901483692907742 0.2242553322233708 0.26159008823373303 0.30187981928868923 0.34474317838856283 0.38969929831119116 0.4361831625375638 0.4835665834338303 0.5311835126779385 0.5783579949988602 0.6244328191421237 0.6687968516016839 0.7109091676454034 0.7503184043460662 0.7866762132683915 0.819744231227632 0.849394552816109 0.8756042154956979 0.8984446432957098 0.9180673003530215 0.9346869616789755 0.9485640163529399 0.9599870959086896 0.969257098887715 0.9766733993088775 0.9825227211795378 0.9870708681384568 0.990557244102613 0.9931919048811728 0.9951547496217015 0.9965963933359255 0.9976402495607903 0.9983853832053597 0.9989097538884517 0.9992735460777485 0.9995223625178722 0.9996901329813603 0.9998016555240297 0.999874739226827 0.9999219552212258 0.9999520276462985 0.9999709101018353 0.9999825986129331 0.9999897315865054 0.9999940229245803 0.9999965681457874 0.999998056372239 0.9999989142456016
4.90226748590599e-13 1.1688040068432564e-12 2.7472160924875096e-12 6.365815161558191e-12 1.4542165994808878e-11 3.275080805849317e-11 7.271716824712176e-11 1.5917625500941686e-10 3.435188533388098e-10 7.309011665747592e-10 1.5332309287387401e-9 3.171046724554236e-9 6.46620480611632e-9 1.3000315787800855e-8 2.577046053692104e-8 5.036870998713873e-8 9.706814838203314e-8 1.8444938693664237e-7 3.4559698002110137e-7 6.385031672060566e-7 1.163228908334438e-6 2.0897073149288937e-6 3.7019757367619556e-6 6.467251927007689e-6 0.00001114179113319553 0.000018930011488589434 0.00003171901751457299 0.00005241730887101316 0.00008543383281053418 0.0001373410029195748 0.0002177718264024586 0.00034060533031237376 0.00052549401516946 0.0007997796088506609 0.0012008262083802238 0.0017787703411448609 0.002599643517213865 0.0037487637134387334 0.005334219161664096 0.007490184742516437 0.010379725352570993 0.014196662281560383 0.019166021253396393 0.025542559431809216 0.03360689830890532 0.043658882283709136 0.056007945720219235 0.0709605029605802 0.08880466448499716 0.10979290537223615 0.1341236364283269 0.1619229134846715 0.19322772350549303 0.22797236793146453 0.26597939497994494 0.30695630054109285 0.3504988294679344 0.3961011949767017 0.4431729429534649 0.49106158402423494 0.5390795692662361 0.5865337617319676 0.6327553084050151 0.6771277772265769 0.7191115965320065 0.7582631976197338 0.7942477695461039 0.8268451261966661 0.8559487894299922 0.881558941434486 0.903770338810542 0.9227565729507671 0.938752190269075 0.9520341573481282 0.9629039938639383 0.9716716365360074 0.9786417827000651 0.9841031343445672 0.9883206587566007 0.9915307270764017 0.9939388028540637 0.9957192341634797 0.9970166508915989 0.9979484728848342 0.9986080804220694 0.9990682707094389 0.9993847085913343 0.999599164821309 0.9997424126469934 0.9998367180508552 0.999897908590642 0.9999370405099244 0.9999617052855232 0.99997702752825 0.9999864089066108 0.9999920701275595 0.9999954372017985 0.9999974109620884 0.9999985513044152 0.9999992006489631
3.5230758112262156e-13 8.511560048425568e-13 2.0266963753271247e-12 4.756245111962236e-12 1.1001188821493552e-11 2.5079500714084464e-11 5.635159918986346e-11 1.247975663994347e-10 2.724100579387756e-10 5.860871268294033e-10 1.2428776148722936e-9 2.597927766563784e-9 5.352589799429999e-9 1.08703868754991e-8 2.1760880908637912e-8 4.2940293020845736e-8 8.352521272027271e-8 1.601554126797173e-7 3.0272264267909226e-7 5.640735164486419e-7 1.0361503625353448e-6 1.8763566933552806e-6 3.3498348808497265e-6 5.895996641781694e-6 0.0000102312331633573 0.000017504409764209238 0.000029527607951418595 0.000049111563817932884 0.00008054308398008794 0.0001302497807936813 0.0002077046955898771 0.0003266281789417087 0.0005065446116547929 0.000774744514043894 0.001168685327924157 0.0017388337452647416 0.002551906588128798 0.003694404932527452 0.005276258573485801 0.007434309139459967 0.010335267781756008 0.014177698663849091 0.01919251694405627 0.025641466040531 0.033813070051866116 0.04401565677709866 0.056567222311995485 0.071782158106704 0.08995517270503954 0.11134308794626073 0.13614553679409935 0.16448589283470497 0.1963939729661465 0.23179213232847365 0.2704862832704328 0.31216310565392313 0.35639428446207516 0.4026480470202598 0.45030763216750286 0.4986956784684515 0.5471029446383863 0.5948193439133588 0.6411650401048234 0.6855193468083172 0.7273453935041818 0.7662089443216646 0.8017903232043528 0.8338890425760346 0.8624213747638669 0.887411674789026 0.9089787026735046 0.9273184673585654 0.9426852109857745 0.9553720829787089 0.9656928480750671 0.9739656733101674 0.9804996927846445 0.9855847004829734 0.9894840073769215 0.9924302453989994 0.9946237212050708 0.996232819112159 0.9973959181344028 0.9982243093917117 0.9988056610484424 0.9992076618412196 0.9994815665433072 0.9996654559217069 0.9997871020737809 0.9998663932163939 0.9999173187444568 0.9999495465671122 0.9999696426282472 0.999981990026894 0.9999894652565492 0.9999939244688216 0.9999965455247306 0.9999980635498161 0.9999989298454606 0.9999994169675523
2.5114350822936014e-13 6.150352971096445e-13 1.4840659888497732e-12 3.528459847402078e-12 8.266084222667444e-12 1.9081003824025336e-11 4.3400388899179e-11 9.727058006255815e-11 2.148174546487127e-10 4.674796745226354e-10 1.0024580027989522e-9 2.1182898192990494e-9 4.410888140607176e-9 9.050951237813265e-9 1.83019047300633e-8 3.647026831013263e-8 7.16191764184655e-8 1.3860371708574495e-7 2.6435257690000065e-7 4.968939661743931e-7 9.205010474942312e-7 1.6806398621750896e-6 3.0242997837335955e-6 5.363958868406062e-6 9.377082757212746e-6 0.000016157857696379585 0.000027443931226925298 0.000045948254613687814 0.0000758344298547328 0.00012338265037217675 0.00019790130473569076 0.00031294492802779383 0.0004879001524518711 0.0007499947699299214 0.0011367677400807832 0.0016990067314879968 0.0025041119511235153 0.003639779364753531 0.005217814002368 0.0073777891180308785 0.010290167621260454 0.014158410567269434 0.019219529320964532 0.02574251126532619 0.03402408154041702 0.044381370097136254 0.05714124252960725 0.07262632289912258 0.0911380727065779 0.11293766440966618 0.1382257602233085 0.1671226286302178 0.1996502508122882 0.23571814108037467 0.2751144967921581 0.31750399240485183 0.3624330529171601 0.4093428242564721 0.457589365585281 0.5064699000363779 0.5552533597811049 0.6032130247195383 0.6496588382464193 0.6939670169589641 0.7356048494095054 0.7741490654665666 0.8092967896095465 0.8408687891971107 0.8688054087540009 0.8931561677848125 0.9140644346737916 0.9317488394951395 0.9464831473450013 0.9585761989868612 0.9683532740494449 0.9761398919318687 0.9822486882471739 0.9869696370676295 0.9905635686257084 0.9932586828197087 0.9952495917556077 0.9966983384974376 0.9977368239007457 0.9984701128914643 0.9989801676133812 0.9993296499376328 0.999565535026653 0.9997223698820529 0.9998250890535132 0.9998913606210391 0.9999334788197051 0.9999598469380464 0.999976108239039 0.999985986903426 0.9999918985431787 0.9999953833962456 0.9999974070106246 0.9999985645554283 0.9999992168062337 0.9999995788475979
1.7753089113591018e-13 4.408559069731041e-13 1.0783852734823099e-12 2.5984211042592022e-12 6.167474311590485e-12 1.4420207340591844e-11 3.321286303099156e-11 7.535573365185827e-11 1.684248691919372e-10 3.70835287462068e-10 8.043518270161297e-10 1.7187263495152891e-9 3.618002905913255e-9 7.503064900104007e-9 1.5329308518506653e-8 3.0855124864442135e-8 6.118713606745982e-8 1.195442304943022e-7 2.3011283058465915e-7 4.364206399219541e-7 8.155131797044197e-7 1.501507515750933e-6 2.723986919893445e-6 4.869387079455565e-6 8.577225580987488e-6 0.000014887947762856909 0.000025465448658258018 0.00004292499053384026 0.00007130603588220474 0.00011673885732148837 0.0001883625669699388 0.00029955870462018816 0.00046956632488824086 0.000725538567673889 0.0011050834711218496 0.001659299732672894 0.002456268275809663 0.003584891323618417 0.005158883154203991 0.007320615204104489 0.010244411297912107 0.014138789611196023 0.019247073617445543 0.025845764364045908 0.03424010063449251 0.044756348174865915 0.05773056319231984 0.07349386670232935 0.09235462903795973 0.11457836702534036 0.14036655556242983 0.16983589695364404 0.20299981931156083 0.23975403990498895 0.27986789624588126 0.3229828061247416 0.3686186853344421 0.4161884752575126 0.4650201835759913 0.5143851078632398 0.5635302851356132 0.6117127717983801 0.6582331660576163 0.7024658646493809 0.7438838869111729 0.7820766561916888 0.8167598283286026 0.8477770105921381 0.8750939311677554 0.8987862191755187 0.9190223803824892 0.9360437741705582 0.9501434123242686 0.9616452351194411 0.9708852193822739 0.9781952911752305 0.9838906081681389 0.9882603925230629 0.991562171145116 0.9940190386437786 0.9958194069262558 0.9971186392040357 0.998041971604871 0.9986881838324972 0.9991335713939578 0.9994358774231833 0.9996379471902024 0.9997709625135424 0.9998571904126233 0.9999122381820778 0.9999468462562078 0.9999682732339229 0.9999813376552088 0.999989182154027 0.9999938207440278 0.9999965219178142 0.9999980709655885 0.9999989457939155 0.9999994323429268 0.9999996988299567
1.2440831329320255e-13 3.1338347612628235e-13 7.773800737510418e-13 1.8990006980107283e-12 4.568306381237287e-12 1.0822506611955504e-11 2.5249186916839962e-11 5.8012076798757897e-11 1.312640241481085e-10 2.925057120743613e-10 6.419329024880248e-10 1.3874494131775943e-9 2.9534036106128957e-9 6.1917408465853e-9 1.2784790261280876e-8 2.599993232555743e-8 5.2078191617359914e-8 1.0274302614786142e-7 1.9965020117061595e-7 3.8213492827164217e-7 7.204477082934031e-7 1.3379400648712149e-6 2.4475391177888733e-6 4.4105462852569945e-6 7.82954563126496e-6 0.000013692243073903977 0.000023589555632536177 0.000040039272806737115 0.00006695591852791598 0.0001103174688317555 0.00017908921161926086 0.0002864724833584721 0.00045154874003858187 0.000701384141102142 0.0010736427342558999 0.0016197235027780794 0.0024083846266974717 0.0035297454788326154 0.005099463911236951 0.007262777811742774 0.010197984871901452 0.014118827124630874 0.019275165670495274 0.025951297585366708 0.03446130287655477 0.045140932448881906 0.05833576824400052 0.07438570166230186 0.09360616830427755 0.11626701169510685 0.14257027686806553 0.17262859738572958 0.2064460752755955 0.24390360870962574 0.2847504610828828 0.3286034779219582 0.37495476698753405 0.42318791630279406 0.4726020157132201 0.5224419673679099 0.5719329188024747 0.6203162154562035 0.666884106682064 0.7110105729122327 0.7521760533071042 0.7899844870564734 0.8241718532890947 0.8546062053156102 0.8812799463815821 0.9042957029985011 0.9238475609787904 0.940199613049873 0.9536637318905801 0.9645782623167167 0.9732889735608354 0.9801331881475943 0.9854275674639664 0.9894596361408133 0.9924828036843734 0.9947144118214511 0.9963362035319381 0.9974965658899426 0.9983139263007299 0.9988807590991027 0.9992677651416921 0.9995279020152719 0.9997000521938377 0.9998122112700616 0.9998841533101315 0.9999295843259455 0.99995782945172 0.9999751178969692 0.9999855360256811 0.9999917168278813 0.9999953269451716 0.9999974029057939 0.999998578177378 0.9999992332337536 0.9999995926853606 0.9999997868738499
8.640005138314144e-14 2.208563019182826e-13 5.557874657791025e-13 1.3769389622513268e-12 3.3583938944698436e-12 8.064246293102908e-12 1.906406703221544e-11 4.437022006000707e-11 1.0167091373748681e-10 2.2936972892566585e-10 5.094658573522907e-10 1.1141388962282761e-9 2.398914777224588e-9 5.085665827475906e-9 1.06156103183465e-8 2.1817915992145702e-8 4.415298909931043e-8 8.798189805632968e-8 1.72631958552082e-7 3.3354351167977257e-7 6.345948280348646e-7 1.1889488376970486e-6 2.193627603132211e-6 3.9857209572434215e-6 7.131928873477055e-6 0.000012568281281334081 0.000021813585028973978 0.000037288496531058524 0.00006278194458573168 0.00010411736944525552 0.00017008177631374922 0.00027368907565848726 0.00043385292105557494 0.0006775397573403253 0.0010424559261023828 0.0015802891217520684 0.00236047047649984 0.0034743468741659897 0.0050395543468324715 0.007204267246300716 0.010150874025268198 0.014098514133553662 0.019303821950931315 0.026059186330459453 0.03468787192800779 0.04553548077297942 0.058957470363117964 0.07530278524416081 0.09489408279006141 0.11800550267961396 0.14483938901239266 0.17550375900115417 0.20999255564794067 0.24817076571320942 0.2897662909567337 0.3343700222939868 0.38144491078559295 0.43034401908102254 0.48033666359137994 0.5306409292493923 0.5804601635474977 0.6290206260957717 0.6756073437646268 0.7195954171946539 0.7604745147647443 0.7978650074130977 0.8315250454442037 0.8613487469034221 0.8873564505962058 0.9096785992549465 0.928535204248618 0.944212982906736 0.957042167932155 0.9673747085359015 0.975565175846755 0.9819552183592575 0.9868619501051433 0.9905702460090589 0.9933285996258365 0.995347983997203 0.9968030460857964 0.9978349459144307 0.9985552021563123 0.9990500024983238 0.9993845566444038 0.9996071931109699 0.9997530139653004 0.9998470158201183 0.9999066570579649 0.9999439005426045 0.9999667906270978 0.9999806370599411 0.9999888807532232 0.9999937113318118 0.9999964972597428 0.9999980786315554 0.9999989621009143 0.9999994478839718 0.99999971078156 0.9999998508125622
5.944662367138698e-14 1.5426355597761658e-13 3.9397758591051447e-13 9.902745009129093e-13 2.449738012479857e-12 5.964415691214247e-12 1.4292389686297255e-11 3.370816893289711e-11 7.824629200539218e-11 1.7877049282158475e-10 4.02009967363441e-10 8.898000994451463e-10 1.938513208643663e-9 4.156924475920798e-9 8.774235374309516e-9 1.8230026594070445e-8 3.728324487005685e-8 7.505790217672131e-8 1.4874550960698004e-7 2.901783034116928e-7 5.572743974454758e-7 1.0535771858173416e-6 1.960953971624096e-6 3.593217936609948e-6 6.48226695395381e-6 0.000011513578672150633 0.000020134810936343996 0.000034669952963476695 0.00005878183085643196 0.00009813725713957173 0.0001613405991181548 0.0002612111186117075 0.00041648429090861117 0.0006540137066828563 0.0010115336224668025 0.001541008000088482 0.002312535719676876 0.003418700946080128 0.004979152741201344 0.007145073708035758 0.01010306405001297 0.014077841347606236 0.01933305959536515 0.02616950932517057 0.03492000003522371 0.04594036838678026 0.059596312685055546 0.0762461229448583 0.09621983432425069 0.11979583761628472 0.14717647360880487 0.17846454664785832 0.21364294325860148 0.25255957152562963 0.29491960683641644 0.3402865340462323 0.38809274908228886 0.43765959703795815 0.4882257821238688 0.5389822070026236 0.5891106026056331 0.6378228909719411 0.6843981420686218 0.7282142525616471 0.768772052209735 0.805710351088404 0.8388113681462922 0.8679969076012357 0.8933164615228799 0.9149290264416978 0.9330807765845452 0.9480808239229019 0.9602771403136625 0.9700343729343076 0.9777148210045714 0.9836633334227327 0.9881964000404448 0.9915952949722446 0.9941028200364861 0.9959230016624717 0.9972230097813002 0.9981365744457612 0.9987682504895617 0.9991979960503269 0.9994856631964542 0.9996751290704596 0.9997979107559989 0.9998761992679855 0.9999253154198364 0.9999556342519607 0.9999740488581736 0.9999850534573612 0.9999915241063246 0.9999952676530633 0.999997398638496 0.9999985921854115 0.9999992499345571 0.9999996065850805 0.9999997968624785 0.9999998967458743
4.050810468696289e-14 1.0675692465670351e-13 2.76813513350122e-13 7.061867066459655e-13 1.7725435325749235e-12 4.377475322391002e-12 1.0636639571697626e-11 2.542985371600707e-11 5.98200739216794e-11 1.3845828025662254e-10 3.15330034847939e-10 7.06629833421822e-10 1.5581344995516295e-9 3.3807317876986504e-9 7.217987126071952e-9 1.5164507138637567e-8 3.1351254137993806e-8 6.378286361584638e-8 1.276980061722362e-7 2.5159631246218217e-7 4.878362587582575e-7 9.309014882878264e-7 1.7482520801339327e-6 3.231369314734757e-6 5.878460972472554e-6 0.000010525634438568564 0.000018550452667136333 0.00003218083219078315 0.00005495314422115209 0.00009237563970066323 0.00015286581072025058 0.0002490410636152126 0.0003994481595217838 0.0006308142916566755 0.0009808865733621074 0.0015018918829970147 0.0022645906862024997 0.0033628135431695554 0.00491825759813162 0.007085187296268209 0.0100545398358263 0.014056799146071833 0.019362896440126096 0.026282348803515293 0.03515788852751519 0.046355988954376856 0.06025297064570711 0.07721677119455825 0.0975849584054361 0.12164011285546836 0.14958423527559164 0.18151426751901556 0.2174010727373481 0.25707423315228056 0.3002147517199926 0.34635718442918306 0.394901924321655 0.44513739025647636 0.4962708592267713 0.5474657528989106 0.5978824742913792 0.6467194903501463 0.6932513282872753 0.7368605019748933 0.7770610591261597 0.8135123446285701 0.846022585431825 0.8745428849793159 0.899153050548845 0.9200412758283988 0.9374800157805175 0.9518004177582898 0.9633674477529374 0.9725574381281752 0.9797392626500074 0.9852597962394429 0.9894338097811113 0.9925380346658896 0.9948088353635194 0.9964427575777133 0.9975991633365385 0.9984041999239694 0.9989554485122438 0.9993267321874226 0.9995727070374751 0.999732995415449 0.9998357354804788 0.9999005099856244 0.9999406793379406 0.9999651819286164 0.9999798832246585 0.9999885593471594 0.9999935957696335 0.9999964714793719 0.9999980865605316 0.9999989787766254 0.9999994635872669 0.9999997227070758 0.9999998589316488 0.9999999293744561
2.7327773098868066e-14 7.317465649997552e-14 1.9271492981853087e-13 4.991972775443867e-13 1.2718485025867828e-12 3.1871994227264065e-12 7.855943325452911e-12 1.9046162788148818e-11 4.541943546290935e-11 1.0653844800056779e-10 2.458142056920486e-10 5.578911183827026e-10 1.245489230688558e-9 2.7351749250330596e-9 5.9086973254454335e-9 1.2556459148724812e-8 2.624938663828925e-8 5.398285282262084e-8 1.0921589872666111e-7 2.1737942688623584e-7 4.2566045709945e-7 8.200320468814341e-7 1.5542898452560276e-6 2.8985352711906646e-6 5.318425300977879e-6 9.601935114482218e-6 0.00001705767906806717 0.000029818226199746923 0.00005129330213726184 0.00008683083142267014 0.0001446573267120361 0.0002371811647528139 0.0003827497103042807 0.00060794981524138 0.0009505256972174794 0.0014629528541347375 0.0022166461555295255 0.0033066909464372954 0.00485686766279087 0.0070245980141429454 0.010005285857424925 0.014035377563103895 0.01939335105727751 0.026397790703353484 0.03540174834960519 0.046782755676506554 0.06092815395614788 0.07821584046157654 0.09899106860683941 0.12354052913634717 0.15206550825628723 0.18465637802601909 0.22127093657529123 0.2617191078865452 0.305656190880362 0.35258621639592247 0.4018760784029401 0.45278004874917965 0.5044731937907895 0.5560912323824887 0.6067736454385125 0.6557064731743631 0.7021612722374564 0.7455271458970761 0.7853335415459421 0.8212625183673884 0.8531502834163285 0.8809788315329445 0.9048593773601639 0.9250098473367442 0.9417289643775684 0.9553694150851765 0.9663122871976266 0.9749444802383598 0.9816402140012775 0.9867471735539037 0.9905773066285659 0.9934018777035816 0.99545010592136 0.9969105716511193 0.9979345518967482 0.998640510056561 0.9991190889223368 0.9994381069553009 0.9996472118052115 0.9997819839462163 0.9998673968114722 0.9999206240074247 0.9999532400308443 0.9999728924288038 0.9999845360266822 0.9999913194035543 0.9999952053050284 0.9999973941988971 0.9999986065954587 0.9999992669113491 0.9999996205387042 0.9999998067589936 0.9999999031852203 0.9999999522817012
1.8245380117936397e-14 4.965957904432444e-14 1.3289492015252773e-13 3.4968174317395153e-13 9.04692445318343e-13 2.3014248527843175e-12 5.756587163186369e-12 1.4158285895333356e-11 3.424038832445682e-11 8.142438110100689e-11 1.9039857168425085e-10 4.3779651339357975e-10 9.898891990394135e-10 2.200965205572661e-9 4.812370713415712e-9 1.0347410588574996e-8 2.1879572409287614e-8 4.549763397645491e-8 9.304443845654283e-8 1.8713411852240118e-7 3.701573567907347e-7 7.201138662203343e-7 1.3778709382259566e-6 2.5931068546257696e-6 4.800091432914417e-6 8.73995916669976e-6 0.000015653613124782723 0.000027579132356810497 0.00004779957358432833 0.00008150095017326592 0.00013671484000294767 0.00022563346695183824 0.00036639398606923404 0.0005854285682082152 0.0009204620742135014 0.0014242033388382606 0.002168713370727155 0.0032503398904307674 0.004794981940664409 0.006963295774048467 0.009955286161488356 0.014013566272158225 0.019424442792876504 0.026515924875193875 0.03565180063136974 0.047221102482263175 0.06162260871904171 0.07924449857702148 0.1004398612820281 0.12549939762556064 0.1546232634159625 0.18789449097991326 0.22525669132091344 0.26649870704683515 0.3112485115658782 0.3589779388716653 0.4090188406367874 0.4605901140372505 0.5128338718435808 0.5648579968423404 0.6157815837083995 0.6647794323750004 0.7111218686513501 0.7542067134980296 0.7935811205240006 0.8289521205858472 0.8601858949898031 0.8872968873442146 0.9104287269650797 0.9298294868377879 0.9458240032774041 0.9587858622493273 0.9691112713633533 0.9771964764335406 0.9834197458318074 0.9881283257824205 0.9916302365626486 0.9941903781268753 0.9960301613460005 0.9973297714810317 0.9982321802003038 0.9988481185240267 0.9992613704765156 0.9995339142959555 0.9997106000320959 0.9998231927657628 0.9998937209900601 0.999937147931194 0.9999634324012885 0.9999790704621223 0.9999882160209521 0.9999934735449625 0.9999964444990425 0.9999980947662167 0.9999989958314222 0.9999994794486958 0.9999997345960118 0.9999998669154984 0.9999999343683326 0.999999968168603
1.2050886463375646e-14 3.335504197163558e-14 9.074275378334276e-14 2.4264672344712194e-13 6.377539608398001e-13 1.6476031265653878e-12 4.183862812329567e-12 1.0443175166950335e-11 2.562259752417463e-11 6.179518676956307e-11 1.4649836291950763e-10 3.414000314138209e-10 7.820839438886239e-10 1.7612010298575489e-9 3.898857284944392e-9 8.484887726075261e-9 1.815278067983225e-8 3.818008899386187e-8 7.894713078452043e-8 1.604910706657281e-7 3.2076765334234667e-7 6.303273129817005e-7 1.2178363653257618e-6 2.313508691308138e-6 4.321411846377892e-6 7.937181727391738e-6 0.000014335336856547421 0.000025460457308189028 0.000044469080487599005 0.00007638391486492313 0.00012903781340741524 0.00021439979394378947 0.000350385874339582 0.0005632588155400959 0.0008907069386786465 0.0013856561067912105 0.0021208040527589947 0.003193767585262528 0.0047325997176978244 0.006901270403753208 0.009904524353186566 0.013991354569577369 0.01945619180764218 0.02663684530515861 0.03590827729789271 0.04767148530692087 0.06233711969844169 0.08030397429671765 0.10193312059409407 0.12751914634308972 0.1572606156334489 0.19123238308764468 0.22936266389307458 0.27141769950807104 0.31699642206911305 0.36553671991611725 0.4163338141551555 0.4685699988833254 0.5213537408058034 0.5737650547286948 0.6249033288259167 0.6739334799744265 0.7201265198121504 0.7628912757666446 0.8017950374142866 0.8365721350349966 0.8671207279905251 0.893489215852691 0.9158545490213101 0.9344952246391505 0.9497618853003514 0.9620482266916529 0.9717644440819406 0.9793148096864364 0.98508028144357 0.9894063940554054 0.9925961458442432 0.9949072102639167 0.9965525792204899 0.9977036727864124 0.9984949962191694 0.9990295525674919 0.9993843896620949 0.9996158414753865 0.9997641916979727 0.9998576271842397 0.9999154542987674 0.9999506222614245 0.9999716386893369 0.999983980150791 0.9999911016308969 0.9999951396643711 0.9999973895763534 0.9999986214242764 0.999999284166445 0.999999634537357 0.9999998165524493 0.9999999094667715 0.999999956074058 0.9999999790472243
7.870917685423601e-15 2.2164945972321903e-14 6.132876866891547e-14 1.6673323118445662e-13 4.453943798543145e-13 1.169059047956509e-12 3.0151022290262213e-12 7.640934690653989e-12 1.90272057701229e-11 4.6557872675012814e-11 1.119454964381882e-10 2.644975314551538e-10 6.141077352887178e-10 1.4011423867433054e-9 3.1415352113208394e-9 6.921993110793855e-9 1.498849490621746e-8 3.189562076419731e-8 6.670514383419541e-8 1.3710473083596335e-7 2.769622803991815e-7 5.498886489849841e-7 1.0730659231705021e-6 2.0582016057608925e-6 3.880363863118019e-6 7.191079452315089e-6 0.000013099896494539822 0.000023459021309288115 0.00004129879964616599 0.00007147744337423896 0.00012162547245282254 0.00020348173606171295 0.0003347300920432377 0.0005414487818957903 0.0008612716704797717 0.0013473242740569221 0.002072930414866256 0.0031369817395403383 0.004669720581717444 0.006838511653325328 0.00985298358229341 0.013968731357274071 0.01948861912021071 0.02676065035323163 0.036171421723145816 0.04813438346305038 0.06307251275569525 0.08139556111952712 0.10347272389282493 0.12960232700151417 0.1599808316100064 0.19467400276798527 0.23359335798902767 0.27648091496961325 0.3229047500662764 0.3722669786473727 0.42382456062672763 0.476721965040332 0.5300333817464128 0.5828110409960342 0.6341354628245489 0.6831632221778409 0.7291681193121692 0.7715724408603527 0.8099661622784682 0.8441133020943403 0.8739459970170812 0.8995480427479412 0.9211304993254926 0.939002414886288 0.9535397683229385 0.9651554207367804 0.9742722930996495 0.9813012704692059 0.9866245885070964 0.9905847844494269 0.9934787604260443 0.9955561461783793 0.9970209631017336 0.9980355599638877 0.9987258754866247 0.9991872416223353 0.9994901335724033 0.9996854657007173 0.9998092038333487 0.9998862014617422 0.9999332661347242 0.9999615251248717 0.9999781923045012 0.9999878486204861 0.9999933440885109 0.9999964162338245 0.9999981032632728 0.9999990132758645 0.9999994954633733 0.9999997464371311 0.9999998747542092 0.9999999391984906 0.999999970991239 0.9999999863981479
5.081433971316225e-15 1.4566021239782023e-14 4.101054351916097e-14 1.1341073949769461e-13 3.080500264795437e-13 8.218665136279733e-13 2.153768766568521e-12 5.5439543927188155e-12 1.4017426980134868e-11 3.481373418245166e-11 8.493221322540218e-11 2.035354176824968e-10 4.791370989851837e-10 1.1079974577049346e-9 2.5170056221894847e-9 5.616991754866661e-9 1.231418699610862e-8 2.6521539382518523e-8 5.6116675673461534e-8 1.1665279137909506e-7 2.382422116401208e-7 4.780504336660535e-7 9.424795186402588e-7 1.8256851376404756e-6 3.4749534842850406e-6 6.499135487391181e-6 0.000011944307934971887 0.000021571562990295158 0.000038285565192257555 0.00006677905095277426 0.00011447679845727438 0.00019288063791145192 0.00031943116960316274 0.0005200066360816458 0.0008321677853352417 0.0013092213043991408 0.0020251051770138117 0.003079990584228765 0.004606344445204786 0.006775009202906657 0.009800646528877846 0.01394568512445466 0.01952174665317076 0.026887443008017542 0.03644148943092628 0.04861030111279654 0.0638296574653695 0.0825206213829062 0.10506064746641883 0.13175162228650128 0.16278733811550272 0.19822347829023965 0.23795346056047845 0.2816933468930096 0.32897844011814226 0.3791731757833391 0.4314945831189123 0.4850480988734349 0.5388730795472652 0.591994184870226 0.643474079408795 0.6924627346710605 0.7382390372467834 0.7802413520526126 0.818085005773939 0.8515661438342013 0.8806528590147462 0.9054656979564597 0.9262504832728793 0.9433467755517031 0.957155247589562 0.9681068233311516 0.9766357599625255 0.9831580551317365 0.9880557676475523 0.9916671494270433 0.9942819633076222 0.9961410319259797 0.9974389202028067 0.9983286670202494 0.9989276063225636 0.9993235071491156 0.9995804740711596 0.9997442519512139 0.9998467511491265 0.9999097413331768 0.9999477526106906 0.9999702762841265 0.9999833817702273 0.9999908695694513 0.9999950704698037 0.9999973847593266 0.9999986366894976 0.9999993017017038 0.999999648571279 0.9999998262313646 0.9999999155826035 0.9999999597089864 0.9999999811074749 0.9999999912970221
3.241207407426691e-15 9.462325161160944e-15 2.7122374442758884e-14 7.633092479212502e-14 2.1092143017935638e-13 5.722593091844282e-13 1.5244803942171383e-12 3.987610505600572e-12 1.024167262331009e-11 2.5828665084433506e-11 6.396050647973826e-11 1.5552741840549435e-10 3.7135886152568076e-10 8.707217193293939e-10 2.0048003130712504e-9 4.5329074898736155e-9 1.0064793724333703e-8 2.1946435270304936e-8 4.6996284524591814e-8 9.883560123278192e-8 2.0413815841097265e-7 4.1410179223353463e-7 8.250383437264741e-7 1.61449993888046e-6 3.103219182770586e-6 5.858844524247048e-6 0.000010865562455737484 0.000019794744562593492 0.00003542607160725608 0.00006228604917431476 0.0001075905219304618 0.0001825975859592608 0.0003044934344326853 0.0004989404744960506 0.0008034069239771064 0.0012713610098084988 0.001977341580352417 0.0030228028974640464 0.004542471569507025 0.006710752671419008 0.009747495388569252 0.013922203928320992 0.019555597282089845 0.02701733115935014 0.036718748847020824 0.049099768849926465 0.06460946992639831 0.08368059065837985 0.10669897269641088 0.13396985360811484 0.1656837306934785 0.20188512623650934 0.24244784832470398 0.2870601550328937 0.3352225502101569 0.3862598026426771 0.4393473069362954 0.49355028470795104 0.5478727908934014 0.6013122759561309 0.6529147525720498 0.7018255383837251 0.7473311071943158 0.7888886886667759 0.826141734879404 0.8589209932409878 0.8872324527414555 0.9112346606479718 0.9312087010398402 0.947524428633144 0.9606063867528105 0.9709022992937062 0.9788562466295792 0.9848877607313019 0.9893772376961137 0.9926573665488447 0.995009770015044 0.9966657628704496 0.9978100390057294 0.9985861591351113 0.9991028761593878 0.9994405537966244 0.9996571633102689 0.9997935520262884 0.9998778476504536 0.999928987245617 0.9999594406040653 0.9999772413722632 0.9999874547154418 0.99999320676636 0.9999963865906512 0.9999981120674095 0.999999031120673 0.9999995116255628 0.9999997582184179 0.9999998824376097 0.9999999438593936 0.9999999736707444 0.9999999878732959 0.9999999945149545
2.041654920847855e-15 6.073538210469552e-15 1.773265806903239e-14 5.081392997126177e-14 1.4291342979440684e-13 3.945020588860317e-13 1.0688490639265013e-12 2.8423628446436772e-12 7.418978418641995e-12 1.9007100320740986e-11 4.779701991663092e-11 1.1797916625319814e-10 2.858486123729769e-10 6.798298202578123e-10 1.5871032980798287e-9 3.6371313379269626e-9 8.182198280841503e-9 1.8069543159180492e-8 3.917418644107257e-8 8.33755127679047e-8 1.7421016468112096e-7 3.5736854667250567e-7 7.19745896187671e-7 1.4232300351194242e-6 2.763235631025211e-6 5.26771792330431e-6 9.860632682554017e-6 0.000018125157468015722 0.00003271687731869244 0.00005799554546437962 0.00010096511635439441 0.0001726333960833221 0.0002899209938507459 0.00047825830351283223 0.0007750008400848789 0.0012337575501445504 0.0019296534016420975 0.002965428030340819 0.004478102590568293 0.0066457316262866365 0.009693511857391675 0.013898275373683086 0.019590194887760305 0.02715042789021476 0.03700348210695393 0.04960334540110129 0.0654129157851144 0.08487698247168736 0.10838989264684239 0.1362599893544346 0.1686737828467538 0.20566346028559876 0.24708159427099835 0.29258666747332085 0.34164224719518266 0.39353136843258796 0.4473860582544354 0.5022301757534218 0.557032110014805 0.6107626287250669 0.6624525046429292 0.7112445760174918 0.756435615370928 0.7975046704122594 0.8341261928244665 0.8661680278488602 0.8936759421805947 0.9168476071318032 0.9359996941815462 0.9515319401277466 0.9638917471596677 0.9735422156284375 0.9809356184659348 0.9864933761149455 0.9905927175723882 0.9935595145725495 0.9956663024302992 0.9971342583434002 0.9981378670962548 0.998811115109125 0.9992542591593129 0.9995404620114601 0.9997218306419554 0.9998346047914272 0.9999034091746242 0.9999445982267998 0.9999687921682293 0.9999827362709375 0.9999906218507021 0.9999949974322219 0.9999973797352883 0.99999865240968 0.999999319518452 0.9999996626297605 0.9999998357837216 0.9999999215247788 0.9999999631833356 0.9999999830433051 0.9999999923332231 0.9999999965970947
1.269398222982919e-15 3.8500563742327325e-15 1.1456120246089421e-14 3.344364365664959e-14 9.578547347635577e-14 2.691537710619971e-13 7.420292103042669e-13 2.007088234916474e-12 5.326505151470379e-12 1.3869296965547609e-11 3.5433075958914914e-11 8.88202550147214e-11 2.1845939754925e-10 5.272203861408534e-10 1.2484869736494922e-9 2.901043580906655e-9 6.61471979455519e-9 1.4800100956701915e-8 3.249552522549087e-8 7.001616818378816e-8 1.4804710175002427e-7 3.0721320771534044e-7 6.256488376776958e-7 1.2505049355983972e-6 2.453117342408887e-6 4.723288881023809e-6 8.926478787733346e-6 0.000016559328470135797 0.000030154408900912963 0.000053904443258757116 0.00009459879240466575 0.00016298860114266647 0.0002757177174375741 0.0004579680207726312 0.0007469613869114617 0.0011964254317973445 0.0018820549675760696 0.002907875933688078 0.004413238546272873 0.006579935594267306 0.009638677116165794 0.013873886591411425 0.019625564411914116 0.027286851789586345 0.037295985924092584 0.05012161945673183 0.06624101348840271 0.08611139337457285 0.11013571912118358 0.13862515368084843 0.17176145572517437 0.2095632003131756 0.251859974114687 0.2982783820691011 0.34824280098635463 0.40099238563481365 0.45561404035660813 0.511089162452502 0.5663502321175669 0.6203420454484553 0.6720817739719962 0.7207121896830824 0.7655432923895974 0.8060790655644204 0.8420279235925157 0.8732973079981232 0.8999745639211372 0.9222974614521018 0.9406183932722757 0.955366359294236 0.9670104148669303 0.9760274544411801 0.9828762032880569 0.9879782690971118 0.9917062048164482 0.9943778471075877 0.9962557612404819 0.99755043596184 0.9984258895236937 0.9990065109481545 0.9993842052965944 0.9996251821844392 0.9997759809407872 0.9998685375807015 0.999924256776434 0.999957156293567 0.9999762092169372 0.9999870315554888 0.999993060870767 0.9999963554673292 0.9999981211954787 0.9999990493766993 0.9999995279285878 0.9999997699270438 0.9999998899552849 0.9999999483456992 0.999999976206072 0.9999999892443284 0.9999999952289863 0.9999999979232886
7.786235940662653e-16 2.4091165763743576e-15 7.309918448293896e-15 2.1751841635321703e-14 6.347648352219844e-14 1.8166354482418397e-13 5.098774725279463e-13 1.4034994907440272e-12 3.78889569613632e-12 1.0031661190783758e-11 2.604948003723519e-11 6.63434091550045e-11 1.657203827684046e-10 4.060137855611498e-10 9.756634995131891e-10 2.299651039800951e-9 5.316613548383682e-9 1.2056707513815778e-8 2.6819619592454074e-8 5.852173047246585e-8 1.2526606597835273e-7 2.6303482692528066e-7 5.418376819076202e-7 1.0950015760382451e-6 2.171022203426416e-6 4.223117615937148e-6 8.060054901688687e-6 0.00001509372618354611 0.00002773496589999346 0.000050009442838189094 0.0000884894926763855 0.00015366343862275146 0.00026188721885685444 0.0004380773953533835 0.000719300502518143 0.0011593795052637532 0.0018345611689347355 0.0028501571858472745 0.004347880905494154 0.006513354073490795 0.00958297181447635 0.01384902421565012 0.01966173191667707 0.027426727287937117 0.03759657252335499 0.05065521164281225 0.06709483778698914 0.08738550839768504 0.11193889022327774 0.14106863587040855 0.17495090833692778 0.21358928179879635 0.25678847264192817 0.3041409671776614 0.35502957733031476 0.40864735328465096 0.4640343072705144 0.5201283381042133 0.5758259144586975 0.6300467776763031 0.681796382515347 0.730220100038511 0.774644308093698 0.8146012034528951 0.8498362013634688 0.8802988199094332 0.9061196784703257 0.9275774484217258 0.9450601661472782 0.9590252566614283 0.9699620248406537 0.9783594220045977 0.9846807861628788 0.9893461696250198 0.9927219508479059 0.9951167640494962 0.9967823973199372 0.9979181859420629 0.9986775079943272 0.9991752048227265 0.9994950310558615 0.999696530396889 0.9998209943245787 0.9998963686927507 0.9999411208695622 0.9999671713014674 0.9999820383910902 0.9999903569336632 0.9999949202309684 0.9999973744906109 0.9999986686043587 0.9999993376173971 0.9999996767010717 0.9999998451969687 0.9999999272853912 0.9999999664942859 0.9999999848553305 0.999999993285188 0.9999999970796756 0.9999999987542176
4.709055674044284e-16 1.4872597319128978e-15 4.604492693537069e-15 1.3974076130261164e-14 4.1573382693037116e-14 1.2124487499679625e-13 3.466348815997455e-13 9.715101154621033e-13 2.669280478509294e-12 7.18983374906378e-12 1.898573883319257e-11 4.91503692583035e-11 1.2474515419487387e-10 3.104027731510152e-10 7.572518402834086e-10 1.811240888785732e-9 4.247584441530228e-9 9.766683269569788e-9 2.2019192761175784e-8 4.867606447068711e-8 1.055116836732393e-7 2.2426870913491878e-7 4.6744730644476407e-7 9.554460795286961e-7 1.9151548736851895e-6 3.7647965462191917e-6 7.258315714196828e-6 0.000013724768033612038 0.000025454726301076834 0.00004630704288659032 0.00008263488698267953 0.00014465783842361197 0.0002484328371775342 0.0004185940467951288 0.0006920301935340974 0.001122634961527262 0.001787187474492222 0.002792283021463484 0.00428203159895022 0.006445976546814422 0.009526376054208082 0.01382367435970889 0.019698724648058802 0.02757018501733754 0.03790557064628385 0.051204776646246696 0.06797552351081036 0.08870110691673187 0.11380197846147017 0.14359390030261573 0.17824650830423222 0.21774686552538633 0.26187278987788387 0.31018026155091105 0.36200802897190815 0.4165007379199705 0.472649734591528 0.5293484616140419 0.5854574350390391 0.6398724863965425 0.691589503620858 0.739759387372342 0.7837282699769772 0.8230599917423829 0.8575400652524017 0.8871625237216633 0.9121028253987769 0.9326811487581275 0.949320866233446 0.9625067601894048 0.9727467817726241 0.9805400535266631 0.9863525997027378 0.9906011488828736 0.9936444330934957 0.9957807810753097 0.9972504823989219 0.9982413457679211 0.9988960212056895 0.9993199236246051 0.9995889118706254 0.9997561857999113 0.9998581272360606 0.9999190108965373 0.9999546460199233 0.9999750861316964 0.9999865760181668 0.9999929056093939 0.9999963227514013 0.9999981306655792 0.999999068054886 0.9999995443647347 0.9999997815493364 0.999999897296608 0.9999999526523091 0.9999999785965668 0.9999999905130312 0.9999999958769334 0.9999999982430794 0.9999999992659704
2.806511185486616e-16 9.053471753209644e-16 2.861653821992753e-15 8.862924177714785e-15 2.6896738001286946e-14 7.998153142976746e-14 2.3305181022435095e-13 6.654161200889591e-13 1.86173526936404e-12 5.104254456892862e-12 1.3713327001469005e-11 3.610407084974591e-11 9.314926278290343e-11 2.3551581498324416e-10 5.835607471810957e-10 1.41705212848708e-9 3.3723160667952482e-9 7.86543765861157e-9 1.7979589788052783e-8 4.028187397610944e-8 8.845532810259315e-8 1.9038598663296276e-7 4.016572829251047e-7 8.306153211673165e-7 1.6837700300728184e-6 3.3459554297420117e-6 6.518223239197629e-6 0.000012448827635305962 0.000023309752653282973 0.000042793542819736014 0.00007703236829692192 0.00013597141086288912 0.00023535761773536238 0.00039952542295788065 0.0006651625173527768 0.001086207327120283 0.0017399499445864169 0.002734265361294632 0.004215693051969852 0.006377792496612681 0.009468869372652351 0.01379782259054285 0.019736571103800574 0.027717362198260966 0.03822332663382944 0.05177100550745463 0.06888426964058185 0.0900600689670346 0.11572769943829332 0.14620459707010036 0.1816528431833348 0.22204134755095922 0.267118846998864 0.3164022732388796 0.3691836850008188 0.4245569519589902 0.48146298726996223 0.5387499172298194 0.5952425489144613 0.6498142010552259 0.7014536303783708 0.7493204751311368 0.7927842257429332 0.8314439390045397 0.8651283596811616 0.893878406589629 0.9179157821427597 0.9376025559014887 0.9533968803829207 0.9658095889420699 0.9753654769339195 0.9825718132006607 0.9878953096493484 0.9917475943532087 0.9944783241929831 0.9963744975375951 0.9976642794082916 0.9985236755840019 0.9990846066203193 0.9994432513184667 0.9996678763945508 0.999805689627862 0.9998885148204192 0.9999372758444658 0.9999653962769826 0.9999812821092371 0.9999900730778271 0.9999948385094876 0.9999973690104446 0.9999986852941007 0.9999993559985303 0.9999996907723923 0.9999998544580284 0.9999999328566158 0.9999999696393933 0.9999999865445576 0.999999994155402 0.9999999975118878 0.9999999989619124 0.9999999995755393
1.6472645557383696e-16 5.431143648734266e-16 1.7537925352315719e-15 5.54662250637006e-15 1.71809496950087e-14 5.2124131149727394e-14 1.5488479922450514e-13 4.5077782818501294e-13 1.2850080518856568e-12 3.5879368511184774e-12 9.812638465084284e-12 2.6286675303902358e-11 6.897656434999104e-11 1.7729279738657156e-10 4.4638779729155975e-10 1.100965632829989e-9 2.660017555204636e-9 6.295847031099415e-9 1.4597988016734915e-8 3.315980130862586e-8 7.379425444021864e-8 1.6089305769265826e-7 3.436920217658462e-7 7.193382831092447e-7 1.4751754315508124e-6 2.9642664359004613e-6 5.836753713659966e-6 0.00001126224257561837 0.000021295998863949187 0.00003946504593066979 0.00007167904941324951 0.0001276034349732609 0.00022266429258270063 0.000380878776696884 0.0006387095626766662 0.0010501124577407654 0.0016928652442543327 0.0026761168430400714 0.004148868219279388 0.006308791421129998 0.009410430725192183 0.013771453901723699 0.019775301105933594 0.027868403055409604 0.03855020559382235 0.05235462809542793 0.06982234370205462 0.09146438204486355 0.11771892117144395 0.14890457328466217 0.18517473236725826 0.22647836942522345 0.2725327918950374 0.32281317733676784 0.3765621381478577 0.4328203292462833 0.4904764841316496 0.5483326711320774 0.6051784421566396 0.6598662776678336 0.7113805449558986 0.7588931164479414 0.8018006705957106 0.8397411830873536 0.8725897806903415 0.900436540873927 0.9235506262025057 0.9423361340058759 0.9572851755502614 0.9689330835879758 0.9778195004832244 0.9844576891500081 0.9893129956028268 0.9927901809287156 0.9952284585644136 0.9969025631490656 0.9980280129196785 0.9987688346887447 0.9992463039609618 0.999547619256486 0.9997338026628665 0.9998464458143748 0.9999131745081571 0.9999518792742697 0.99997386092211 0.9999860845466112 0.9999927400926367 0.9999962883188349 0.9999981404971734 0.9999990871662205 0.9999995609251473 0.9999997930707514 0.9999999044507808 0.9999999567744238 0.9999999808420011 0.9999999916815328 0.9999999964615818 0.9999999985255257 0.9999999993981092 0.9999999997593193
9.51582578868968e-17 3.208856758929965e-16 1.0592833441053232e-15 3.4232328746049464e-15 1.0829988280333111e-14 3.3542217502265403e-14 1.017028349219608e-13 3.018960244164584e-13 8.773454325287408e-13 2.496197251269466e-12 6.953264459774633e-12 1.8962999825440397e-11 5.063386268525706e-11 1.323727251151577e-10 3.388344497005887e-10 8.492134671222366e-10 2.083990100657115e-9 5.007646653186514e-9 1.1782606027610843e-8 2.7147496038739605e-8 6.125065923552831e-8 1.353308932655434e-7 2.928207288970955e-7 6.204971878179714e-7 1.287734781091497e-6 2.617449116995685e-6 5.210904597720207e-6 0.00001016132257954908 0.000019409317669910715 0.0000363174633966205 0.00006657176040275457 0.00011955284718082854 0.00021035526058374435 0.00036266114134501346 0.000612683428319987 0.0010143665302848185 0.0016459506558215784 0.0026178508531826982 0.004081560621924968 0.006238962852535908 0.009351038467574787 0.01374455268479771 0.01981494587843259 0.0280234592651117 0.03888659266083996 0.05295641578198367 0.07079108651211657 0.09291614843755412 0.11977867409549628 0.15169788511620708 0.1888172395878058 0.23106382861545027 0.2781210042744936 0.3294193123848467 0.38414902977426635 0.44129509748712614 0.4996923588952081 0.5580962247622908 0.6152616835329825 0.6700223563100671 0.7213612894111505 0.768466384289062 0.8107655598912338 0.8479395257882074 0.8799129284575435 0.9068271473785001 0.9289998003792472 0.9468768764997815 0.9609833435823083 0.9718772330129879 0.9801108486580106 0.9862011829304314 0.9906101268263425 0.9937338382500094 0.9958997966822039 0.997369643900001 0.9983458401229615 0.9989803594981006 0.9993840006844278 0.9996352985876381 0.9997884161632009 0.9998797231462871 0.9999330106891016 0.9999634468680365 0.9999804605094673 0.9999897683110113 0.9999947518702519 0.9999973632785776 0.9999987025005614 0.9999993746610161 0.999999704829735 0.9999998635533132 0.9999999382307655 0.9999999726166378 0.9999999881124044 0.999999994946618 0.9999999978965122 0.9999999991426518 0.9999999996578441 0.9999999998663001
5.4065991181452015e-17 1.8660063308280329e-16 6.30162068056233e-16 2.0823138072102335e-15 6.732861567003388e-15 2.1301875176882256e-14 6.59486569905575e-14 1.99788118655971e-13 5.922633474657731e-13 1.71809747345336e-12 4.8772507013178195e-12 1.3548888600072707e-11 3.683332747492369e-11 9.799292961968138e-11 2.551369264965869e-10 6.501079550432122e-10 1.6212148168941665e-9 3.956840130994764e-9 9.451916408141847e-9 2.2098659874698964e-8 5.057067174672183e-8 1.1327421691265566e-7 2.4835717358255035e-7 5.330283986616336e-7 1.1198703616982514e-6 2.3032752456895453e-6 4.637701640018267e-6 9.142358034954479e-6 0.00001764546878900765 0.000033346519190279726 0.00006170704694541234 0.00011181823045854681 0.00019843256722210337 0.00034487930499933425 0.0005870962001787167 0.0009789860331484573 0.0015992240908227762 0.0025594815598324106 0.004013774386450232 0.006168296376834593 0.009290670337785687 0.013717102698917568 0.019855538130387047 0.02818269043709669 0.03923289435696335 0.05357718433368522 0.07179191730882574 0.09441759312832995 0.12191016179770718 0.1545888106100364 0.1925856860305841 0.23580388909601957 0.28389010018114946 0.3362271752056569 0.3919500322708669 0.4499853472704533 0.5091124174456353 0.5680395647922762 0.6254881740208544 0.6802753183423196 0.7313861385404503 0.7780286658978167 0.8196663278090042 0.8560264743261294 0.8870863662322988 0.9130406635006809 0.9342561805870137 0.9512203645141954 0.9644896433223559 0.9746426963057774 0.9822421253018125 0.9878062933160462 0.9917915331428663 0.9945837145324896 0.9964973874932733 0.9977803876948835 0.9986218227959579 0.9991616433361212 0.9995004196583852 0.9997083948523315 0.9998332897951876 0.9999066588588457 0.9999488203426427 0.9999725206273331 0.9999855530748083 0.999992563318663 0.9999962520325081 0.9999981507112168 0.999999106721677 0.999999577599711 0.9999998044758464 0.9999999114068814 0.9999999607076018 0.9999999829426091 0.99999999275231 0.9999999969858993 0.9999999987731936 0.999999999511298 0.999999999809475 0.9999999999273073
3.019176554974523e-17 1.06729696563892e-16 3.6899241428455583e-16 1.2476409692834888e-15 4.125786092966107e-15 1.3343624051401278e-14 4.2208147077725427e-14 1.3058096009433644e-13 3.951213525044147e-13 1.1693769772558141e-12 3.3849998864355726e-12 9.584068843493752e-12 2.6542132822644066e-11 7.189923413522496e-11 1.9051258428903465e-10 4.93790752567724e-10 1.2519633018405934e-9 3.105129334322808e-9 7.533867538246142e-9 1.7882074890340628e-8 4.1523285158835065e-8 9.43305642921219e-8 2.0965926805210754e-7 4.559230785724916e-7 9.700654241546246e-7 2.0195734840191917e-6 4.1142059689211305e-6 8.201628846511498e-6 0.000016000127749855395 0.000030547755935586416 0.00005708116961994989 0.00010439780405637673 0.00018689788419822147 0.00032753978361688894 0.000561959926277363 0.0009439877546419613 0.001552704101115568 0.0025010239465505573 0.003945514286454988 0.00609678165579445 0.009229303437542531 0.013689087038626207 0.01989711214515109 0.02834626463373937 0.039589540062813774 0.0542177970418426 0.0728263393007267 0.09597107232609355 0.12411677254548348 0.1575818633297677 0.19648566407323378 0.24070499204435847 0.2898469357781643 0.34324341393523683 0.39997082855548743 0.4588949973611026 0.5187380911234969 0.5781611096644618 0.6358530943256182 0.6906172437965585 0.7414445754057477 0.787567662275761 0.8284899127303365 0.8639892900856383 0.8940986858268782 0.9190678160529389 0.9393131456589554 0.9553628243764616 0.9678030391696247 0.9772308193682298 0.9842165372226886 0.9892774941754711 0.9928623710370803 0.9953451372369495 0.9970263294650243 0.9981393902306092 0.9988599007237104 0.999315918384337 0.9995981092246257 0.9997688448075837 0.9998698456576056 0.9999282635457251 0.9999612994722069 0.9999795656180442 0.9999894403909787 0.9999946598688179 0.9999973572772765 0.9999987202465415 0.9999993936030671 0.9999997188578706 0.9999998724687486 0.9999999434003556 0.9999999754244733 0.9999999895607181 0.9999999956618503 0.9999999982364294 0.9999999992986666 0.9999999997271718 0.9999999998961808 0.9999999999613562
1.655825744762096e-17 6.000068963319072e-17 2.1252552130455226e-16 7.358407834562985e-16 2.490459347532692e-15 8.239542095748946e-15 2.664772696253444e-14 8.424739613778519e-14 2.603742880116765e-13 7.866678512174666e-13 2.3235026836865446e-12 6.70904317511125e-12 1.8938745629656313e-11 5.226646029428652e-11 1.4102131081309105e-10 3.720019712264724e-10 9.594319947079667e-10 2.419367591709551e-9 5.9651193907364225e-9 1.4380622379454943e-8 3.389923631368942e-8 7.813922974822354e-8 1.761284614079046e-7 3.8822759927882525e-7 8.368663051681151e-7 1.7642338487366287e-6 3.6375211671979352e-6 7.335413583800178e-6 0.0000144688953921465 0.000027916541744643952 0.000052690104235386265 0.00009728941391737695 0.00017575248890526452 0.00031064879293387374 0.0005372865898025397 0.0009093887693500397 0.0015064098890349995 0.002442493847124755 0.003876785786664106 0.006024408451076546 0.009166914213431215 0.013660488099660592 0.01993970387597906 0.028514358930187444 0.03995698360925827 0.05487916811317485 0.07389594567444803 0.09757908267523506 0.12640209166762104 0.1606818068748508 0.20052305165252027 0.24577386657228023 0.29599861022485535 0.35047481897444543 0.40821708832689946 0.46802775592321516 0.5285703857929084 0.5884586526670174 0.6463508506362945 0.7010393694382194 0.7515252702644739 0.7970703935025824 0.8372227900255278 0.8718150450667717 0.9009385797137908 0.9248996983949107 0.9441646484432317 0.9593011832691047 0.9709232351844612 0.9796436454104609 0.9860378829383654 0.9906197063394497 0.993828085181523 0.996023571031601 0.9974917308219375 0.9984511616641842 0.9990638670152531 0.9994462400867485 0.9996794357845175 0.9998184154795591 0.9998993585619453 0.9999454272307717 0.9999710501792779 0.99998497693746 0.9999923741556669 0.9999962137404514 0.9999981613303028 0.9999991267321453 0.999999594376928 0.9999998157482621 0.9999999181539214 0.9999999644478235 0.9999999848991197 0.999999993728192 0.999999997453022 0.9999999989886816 0.9999999996073823 0.9999999998509744 0.9999999999446967 0.9999999999799354
8.911679019648499e-18 3.312822225645343e-17 1.2031509035146023e-16 4.269039567315159e-16 1.4799033237988854e-15 5.0122744083243795e-15 1.6585943569274713e-14 5.3623505329344003e-14 1.6938932358955375e-13 5.228043282820204e-13 1.5765998574644787e-12 4.645582951083382e-12 1.3375285850639261e-11 3.7628611598457725e-11 1.0344136335494434e-10 2.778691851494055e-10 7.294011140658708e-10 1.8710385903617764e-9 4.6902980867861405e-9 1.149029963459636e-8 2.7509843093641827e-8 6.437010873244353e-8 1.472089520724804e-7 3.290436956255672e-7 7.188842559391628e-7 1.535211937374657e-6 3.204800284780029e-6 6.539998883099286e-6 0.00001304730802343585 0.000025448078068136432 0.00004852954328899427 0.00009049052389678093 0.0001649972438846204 0.0002942122192334777 0.0005130880800360112 0.0008752064222620086 0.001460361316419552 0.0023839079812538098 0.0038075950896426743 0.005951166650758719 0.009103478437714517 0.013631287542633335 0.019983351048702382 0.028687160019138548 0.04033570500128252 0.055562266346124906 0.0750024261035962 0.09924427120571769 0.1287699148561816 0.16389367032295002 0.20470402726001888 0.25101754040544466 0.3023524674479139 0.35792831155225036 0.4166944407012023 0.4773870773187191 0.5386098264603258 0.5989293015507307 0.6569750189274067 0.7115320481086985 0.7616160637152316 0.8065232107530727 0.8458510129574446 0.8794906864202313 0.9075949196728906 0.9305278513781108 0.9488052873517089 0.9630331220573826 0.9738507037924717 0.9818839186170499 0.9877105344438677 0.9918382634721985 0.9946943657195175 0.9966245735848955 0.9978986695819825 0.9987200946308303 0.9992373457433299 0.9995554742618886 0.9997465789884654 0.9998587053903827 0.9999229611335381 0.9999589264260589 0.9999785882044825 0.9999890867594092 0.9999945620068329 0.9999973509871027 0.9999987385560467 0.9999994128218045 0.9999997328402495 0.9999998811898063 0.999999948358175 0.9999999780618793 0.9999999908917907 0.9999999963043653 0.9999999985346035 0.9999999994321683 0.9999999997849836 0.9999999999204389 0.9999999999712328 0.9999999999898362
4.702847240774089e-18 1.795000464641654e-17 6.689808917702845e-17 2.4345186334317447e-16 8.651029079031827e-16 3.0018087809483126e-15 1.0171018580693286e-14 3.365254694791094e-14 1.0873008301556821e-13 3.4305706243795683e-13 1.0569996063947776e-12 3.180405249201984e-12 9.34538222690613e-12 2.681803265284768e-11 7.515896283100168e-11 2.0571595957084772e-10 5.499186654854558e-10 1.4357630480518376e-9 3.661273622848052e-9 9.119241863960847e-9 2.2185809010555704e-8 5.272244590762744e-8 1.2238672489515035e-7 2.7752836170393267e-7 6.14796962892293e-7 1.330532879459419e-6 2.813252741524385e-6 5.811689056900041e-6 0.000011730848211350788 0.00002313740858627784 0.00004459489863543666 0.00008399820790844052 0.00015463257637486757 0.00027823558899943993 0.0004893761611024256 0.0008414583104852649 0.0014145789123208644 0.002325283991088365 0.0037379491852957674 0.005877046298466826 0.009038971188848024 0.013601466254437316 0.02002809327205976 0.028864864864437373 0.040726212286787425 0.05626811912054131 0.07614757380648493 0.10096944608949852 0.1312242624610269 0.1672227646485413 0.20903508555890382 0.2564433504048081 0.30891609657710223 0.36561092955546004 0.42540844282302837 0.4869761141092793 0.5488563972319482 0.6095694147483707 0.6677182882028792 0.7220847100573082 0.771703954964518 0.8159118159217936 0.8543602624000245 0.8870031093710833 0.914056841802907 0.935944347454943 0.9532303773887001 0.966557124201571 0.9765867081211177 0.9839550803203867 0.9892394117388723 0.9929388720839967 0.9954671017559669 0.9971537498157869 0.9982521540471021 0.9989504341720423 0.9993837722966623 0.9996462871183829 0.9998015295527177 0.9998911478563945 0.9999416503272223 0.9999694319837364 0.9999843507607491 0.9999921713207314 0.9999961732738017 0.999998172378824 0.999999147208347 0.9999996112437823 0.9999998268707084 0.9999999246809143 0.9999999679915592 0.9999999867127897 0.9999999946123577 0.9999999978662373 0.9999999991746017 0.9999999996881546 0.9999999998849298 0.999999999958531 0.9999999999854048 0.9999999999949833
2.431283415566266e-18 9.53650839552875e-18 3.6504154891326934e-17 1.3636381391768014e-16 4.971243247525538e-16 1.76866381200716e-15 6.141092296117896e-15 2.080999550411952e-14 6.882253692593985e-14 2.2214081349241016e-13 6.997969942283416e-13 2.15163837312739e-12 6.4569569078076445e-12 1.89128196040718e-11 5.407087074567032e-11 1.5088935624041767e-10 4.1100971072702637e-10 1.0928348356452296e-9 2.8364648025753386e-9 7.186756277343187e-9 1.777600484392476e-8 4.292349982103622e-8 1.0118842089803491e-7 2.328934879017779e-7 5.233497443829011e-7 1.148294977766117e-6 2.460151069525305e-6 5.146815859533329e-6 0.000010514956182642128 0.000020979429161135157 0.00004088130545112681 0.00007780914313049056 0.0001446584580822822 0.0002627240375065561 0.000466162438452131 0.0008081622623463173 0.0013690838791907002 0.002266640478559864 0.003667855903297562 0.005802037625345739 0.008973366831747992 0.013571004307206168 0.02007397215635109 0.029047681408103664 0.0411290435844594 0.05699781673145891 0.07733329320522378 0.10275758827563647 0.13376939485436962 0.1706747001695059 0.21352305360515542 0.26205895280161434 0.3156973307805423 0.3735298102379071 0.43436454400861135 0.49679766387698066 0.5593094764208253 0.6203745343227397 0.6785724031777949 0.7326858270840517 0.7817750962133407 0.825221289809461 0.8627359060429302 0.8943392387354493 0.9203138375619121 0.9411418771387636 0.957436019549362 0.9698725195937912 0.9791333170038627 0.985861257091093 0.9906299499748139 0.9939275659605057 0.9961523316273617 0.9976167053072367 0.9985570844307132 0.9991462501157475 0.9995063767849268 0.9997211383068765 0.9998460896655393 0.9999170162072427 0.9999562951553109 0.9999775175380474 0.9999887044864378 0.9999944577237758 0.9999973443867043 0.9999987574543472 0.999999432313098 0.9999997467589221 0.9999998897015481 0.9999999530973669 0.9999999805284129 0.9999999921083705 0.9999999968776676 0.9999999987940604 0.9999999995453328 0.9999999998326708 0.9999999999398896 0.9999999999789226 0.9999999999927862 0.9999999999975901
1.230207813076102e-18 4.9634690158131486e-18 1.9531520040855628e-17 7.496103328345017e-17 2.806008830842209e-16 1.0244762212627816e-15 3.6482100772067494e-15 1.267152675183425e-14 4.2929475632429106e-14 1.4186213865605343e-13 4.572659268916443e-13 1.4377062482632376e-12 4.409389624648758e-12 1.3191746439129454e-11 3.849910689443302e-11 1.0960570647597764e-10 3.0441080213173055e-10 8.247878251944847e-10 2.1801749704429105e-9 5.622375090421539e-9 1.4146237335570789e-8 3.472713595546737e-8 8.318004949186767e-8 1.9440524053499604e-7 4.433564096270725e-7 9.866730054654455e-7 2.1428374425178528e-6 4.541748351667877e-6 9.395041792323265e-6 0.000018968898863786488 0.00003738362757585541 0.00007191960440880722 0.00013507438531532668 0.000247682276414607 0.00044345832300524395 0.000775336313673266 0.0013238980973166938 0.0022079970434124483 0.0035973239685961147 0.005726131085120527 0.00890663899786329 0.013539880914649324 0.02012103144115796 0.029235829335908944 0.041544769286450095 0.057752517101136526 0.0785616082443077 0.10461186408344124 0.13640982894843115 0.1742554050734438 0.21817510764538445 0.26787233299169577 0.3227042441953105 0.38169216937706285 0.44356804494189217 0.5068541104703962 0.5699677666482874 0.631339315849506 0.689528107008557 0.7433228804370322 0.7918147942566711 0.8344361298572374 0.8709630677051711 0.901486119110122 0.9263558503288085 0.9461138368252198 0.9614191673426509 0.9729795220998254 0.9814934117143559 0.9876072402567655 0.9918880592258038 0.9948106554325062 0.9967561906405946 0.9980189996560173 0.9988182163167458 0.999311412416191 0.9996081707741238 0.9997822770707423 0.999881875882716 0.999937430731304 0.9999676454026665 0.9999836683292682 0.9999919533545368 0.9999961304444112 0.9999981838831531 0.9999991681607332 0.9999996281855938 0.9999998378249597 0.9999999309769534 0.9999999713358427 0.9999999883854331 0.9999999954083307 0.999999998228962 0.9999999993335589 0.9999999997553417 0.9999999999123784 0.9999999999693872 0.9999999999895666 0.9999999999965312 0.999999999998875
6.086401949777222e-19 2.5283800850427294e-18 1.0237726320339208e-17 4.040629672948587e-17 1.5544765583998648e-16 5.829273039490837e-16 2.1308138351155323e-15 7.592479474914574e-15 2.6371523395067006e-14 8.929088323909399e-14 2.94717933646998e-13 9.482901017296602e-13 2.9745358618519416e-12 9.09597312559099e-12 2.711691411808032e-11 7.881379803106865e-11 2.2332921120155464e-10 6.169943270367053e-10 1.6619616600855655e-9 4.3649338178123345e-9 1.117801497439721e-8 2.7912360758048392e-8 6.796555479377065e-8 1.6138318840320378e-7 3.736997689033154e-7 8.439211264990007e-7 1.858729938411721e-6 3.992902800938374e-6 8.366497017510221e-6 0.000017100452081379628 0.00003409646431069347 0.00006632546000334729 0.00012587935964126603 0.00023311456044995595 0.00042127499289171537 0.0007429986810450371 0.001279044127256601 0.0021493743218350177 0.003526363060145415 0.005649317392523194 0.008838760565115606 0.013508074385565349 0.0201693171329456 0.02942954090717706 0.04197399445336526 0.05853345090731541 0.07983467143305772 0.10653563884061872 0.13915035595517203 0.1779711450743738 0.22299879044962384 0.27389181470453194 0.32994514660419766 0.3901052763966083 0.45302405140816127 0.5171473592790597 0.5808292198290598 0.6424574555361251 0.7005750848114418 0.753982333538943 0.801807520479525 0.8435402984310779 0.8790267073059528 0.908431013661559 0.932173376782558 0.9508544167991624 0.965177689066357 0.9758792595489059 0.9836706835501932 0.989198456490225 0.9930200770512176 0.9955946720644878 0.9972848570817998 0.9983661005831347 0.999040126636709 0.9994495699089895 0.9996919375556419 0.9998317414827875 0.9999103243518686 0.9999533671147165 0.9999763410880165 0.9999882902034851 0.9999943463871581 0.9999973374525728 0.9999987769680363 0.9999994520713874 0.9999997605944639 0.9999998979886819 0.9999999576115172 0.9999999828242607 0.9999999932136701 0.9999999973854828 0.9999999990178654 0.9999999996402833 0.9999999998715459 0.999999999955278 0.99999999998482 0.9999999999949767 0.9999999999983795 0.9999999999994904
2.941221212448322e-19 1.259291539620933e-18 5.252065244924897e-18 2.1337531847248045e-17 8.444496755343117e-17 3.2555505887252564e-16 1.2226497867811492e-15 4.473143736211098e-15 1.5942753367863885e-14 5.535545492990745e-14 1.872455374166722e-13 6.170555370143794e-13 1.9811027500930886e-12 6.196814153778365e-12 1.8885042748016468e-11 5.607449963224719e-11 1.622263243204383e-10 4.5729556783319804e-10 1.2560427481617987e-9 3.3616807533411133e-9 8.76732078595419e-9 2.228180988005762e-8 5.518524939591088e-8 1.331991833886944e-7 3.1333178722063814e-7 7.183754085655688e-7 1.6053284800353523e-6 3.4967525506390404e-6 7.424708921408194e-6 0.000015368611699478416 0.00003101415874652742 0.000061022168827829374 0.00011707186923878987 0.00021902465327806522 0.0003996233527318709 0.0007111677317832121 0.0012345452099951327 0.002090794025567377 0.003454983873015846 0.005571587565380827 0.008769703637781557 0.013475562074318558 0.02021887765344852 0.029629061855118433 0.042417361421068334 0.05934192716998061 0.08115477368325541 0.10853249166180241 0.14199606048327224 0.1818285442485234 0.22800202912079853 0.28012606832752834 0.3374285754592596 0.39877642492029636 0.4627374220138899 0.527678766143363 0.5918909569887094 0.6537216149917962 0.711701908855539 0.7646496107556715 0.8117369305186606 0.852517282654264 0.8869117119367856 0.9151615112566781 0.9377575721790476 0.9553586880605729 0.9687104243480325 0.9785737949051154 0.9856696214767554 0.9906409292680303 0.9940327141991759 0.9962863094974573 0.9977444973965406 0.9986633396605678 0.9992271828216783 0.9995641328671441 0.9997602260678731 0.9998713606777916 0.9999326981485801 0.999965666110527 0.9999829224230239 0.9999917185909459 0.9999960850420413 0.9999981958718449 0.9999991895993616 0.9999996451858614 0.9999998485918611 0.9999999370313045 0.9999999744783468 0.9999999899194476 0.9999999961199684 0.9999999985447194 0.999999999468131 0.9999999998105928 0.9999999999342781 0.9999999999777807 0.999999999992681 0.9999999999976511 0.9999999999992655 0.9999999999997763
1.3867495741724099e-19 6.12599719567897e-19 2.6343676209521974e-18 1.1028129816613342e-17 4.494264249632427e-17 1.7830035726695466e-16 6.886342811951365e-16 2.5892510100873634e-15 9.477971371088777e-15 3.377686752201405e-14 1.1719080020235023e-13 3.958637354735761e-13 1.301920084894428e-12 4.168868789078067e-12 1.2997411269615579e-11 3.945574852431801e-11 1.1662434581572936e-10 3.3566425805922254e-10 9.407411535940658e-10 2.5674229775739502e-9 6.823401774778365e-9 1.7660204318625994e-8 4.451413053032611e-8 1.0927600504961593e-7 2.612733771270938e-7 6.084559007460507e-7 1.380220398881054e-6 3.049837783457725e-6 6.56507302340022e-6 0.000013767803344311179 0.000028130807691578055 0.00005600477933799515 0.00010864987113740243 0.0002054157926921653 0.0003785139904151987 0.0006798619504553453 0.0011904252645226503 0.002032278981331778 0.0033831981840382287 0.005492932970690745 0.008699439526407213 0.013442320328048514 0.020269763999836436 0.029834652364717853 0.04287555264105074 0.060179339343737544 0.08252435502107175 0.11060623147202431 0.14495234107380223 0.18583460709443042 0.23319315330216442 0.28658411812508133 0.34516328479595015 0.4077128981647587 0.47271270930651765 0.5384490595196262 0.6031491829374533 0.6651233441965282 0.722895986478038 0.775309083563582 0.8215858949331893 0.8613501667560168 0.8946029983395976 0.9216656414606587 0.9431003583683994 0.9596226864118207 0.9720172333719586 0.9810661373786127 0.9874954891695862 0.9919412311887188 0.9949329939952865 0.9968923613348537 0.9981412115257544 0.9989158705177337 0.999383515733673 0.9996582596577251 0.9998153484972371 0.9999027599140876 0.9999500964573326 0.9999750441525518 0.9999878400214743 0.999994227280844 0.9999973301587659 0.999998797125088 0.9999994720894814 0.999999774325899 0.9999999060356348 0.9999999618947513 0.9999999849502905 0.9999999942113673 0.9999999978317342 0.9999999992090978 0.9999999997190733 0.9999999999028348 0.9999999999672763 0.999999999989269 0.9999999999965736 0.9999999999989349 0.9999999999996776 0.999999999999905
6.371780201557489e-20 2.90740560596829e-19 1.2905540011458948e-18 5.572853025334093e-18 2.34107458887898e-17 9.56742056047911e-17 3.803841794238411e-16 1.4713105448326431e-15 5.5366527740671704e-15 2.0270216031390174e-14 7.220132166292156e-14 2.5021629335291504e-13 8.436808130356173e-13 2.7678459606778486e-12 8.835200389641437e-12 2.7441752561067072e-11 8.293524311549138e-11 2.438989100354411e-10 6.979695529893582e-10 1.9437135966492092e-9 5.267584251578939e-9 1.389278841303677e-8 3.566009501026103e-8 8.908578199346935e-8 2.166138301051094e-7 5.126682510427355e-7 1.1810855670753004e-6 2.648775102692716e-6 5.783007001353898e-6 0.000012292370657430508 0.00002544027325828414 0.00005126793022684488 0.00010061077455095507 0.00019229065526654653 0.00035795713135002325 0.0006490999016510762 0.0011467088825055586 0.0019738531704117245 0.00331101892113362 0.005413345375033003 0.008627938727857899 0.01340832443035816 0.02032202991776357 0.03004658813600028 0.04334929377867552 0.06104717196838945 0.0839460162611235 0.11276091438981424 0.1480249322825043 0.1899967418575701 0.2385809136795939 0.2932753480449029 0.3531582305182722 0.4169219285177205 0.48295409367630115 0.5494582555450326 0.614599095919826 0.6766530033732476 0.7341435119489136 0.7859440656188561 0.8313365422866646 0.8700217178425416 0.9020856269175619 0.9279319966762416 0.9481945331419752 0.9636434920642251 0.9750990371468504 0.9833602422998766 0.9891542909615818 0.9931064273565688 0.9957281861650742 0.9974196571043324 0.998480979442494 0.9991286303719982 0.9995129969052763 0.999734847698387 0.9998593814890826 0.9999273682247057 0.9999634652890137 0.9999821046166344 0.9999914651202466 0.9999960368310584 0.9999982083758652 0.9999992115337502 0.9999996622260955 0.9999998591513464 0.999999942833511 0.9999999774174626 0.9999999913178359 0.9999999967514451 0.9999999988171122 0.9999999995808464 0.9999999998554675 0.9999999999515039 0.9999999999841661 0.9999999999949697 0.999999999998445 0.9999999999995324 0.9999999999998632 0.999999999999961
2.849532142852841e-20 1.3446041969811238e-19 6.167862916020971e-19 2.7504230532854637e-18 1.1923240143301194e-17 5.024870287659678e-17 2.0587199899926337e-16 8.200078385519414e-16 3.1753662731761237e-15 1.1954514888996607e-14 4.3756243170419334e-14 1.5571345323516398e-13 5.387643908941952e-13 1.8124557488017222e-12 5.9284539410039295e-12 1.8855209565654806e-11 5.831069397117364e-11 1.7534920392029905e-10 5.127560075266347e-10 1.458084214393629e-9 4.032123715825697e-9 1.0843763700299297e-8 2.836207056561797e-8 7.214820560580067e-8 1.7850989003194746e-7 4.2960484298374536e-7 1.0057010440716392e-6 2.290266849497417e-6 5.073964642326663e-6 0.000010936591562074054 0.00002293619616024039 0.000046805853087205765 0.00009295142553004951 0.00017965132064935916 0.0003379625901758627 0.0006189001887879872 0.0011034213196898588 0.0019155417681699113 0.0032384602364816484 0.0053328169997041005 0.008555170905627376 0.013373548541207227 0.020375732088523592 0.03026516154140208 0.04383935709647325 0.06194700793644897 0.08542253174020303 0.11500086259561496 0.1512199284229375 0.19432278515240953 0.24417450064594284 0.3002095057493163 0.36142255146421587 0.42641065058288674 0.49346530939463934 0.5607055656861406 0.6262347924774201 0.688299684646432 0.7454294237066323 0.7965368183775037 0.8409703160801659 0.8785144858964569 0.909344927183392 0.9339498604140677 0.9530338792324944 0.9674193028519475 0.9779578471398074 0.9854609986911702 0.9906527264100493 0.994144010277185 0.996425736044967 0.9978749974552414 0.998769609967181 0.9993063056792051 0.9996192205182457 0.9997965288007453 0.9998941708018557 0.9999464283530652 0.9999736093963316 0.9999873494307001 0.9999940995910662 0.9999973224765835 0.9999988179549113 0.99999949235833 0.999999787930631 0.9999999138266413 0.9999999659418398 0.9999999869080991 0.9999999951056016 0.9999999982205163 0.9999999993708256 0.9999999997836706 0.9999999999276707 0.9999999999764846 0.999999999992566 0.9999999999977149 0.999999999999317 0.9999999999998015 0.9999999999999439 0.9999999999999847
1.2386829403674995e-20 6.05191301348894e-20 2.872277088479709e-19 1.324239006043166e-18 5.9308690724309244e-18 2.5804060668146227e-17 1.0906406824655399e-16 4.478223559782809e-16 1.7863525691968318e-15 6.922663460628942e-15 2.6063433650358765e-14 9.533461623595847e-14 3.387965038613284e-13 1.1697843263203002e-12 3.924290344689136e-12 1.2791322450452761e-11 4.0511654080918726e-11 1.2467136628832646e-10 3.728108265995682e-10 1.0833258850601536e-9 3.0590972638014182e-9 8.394732464959752e-9 2.2388082190475007e-8 5.802855438928653e-8 1.4618447641375213e-7 3.579454349256678e-7 8.519451867265848e-7 1.9711100715360955e-6 4.433449947862968e-6 9.694695466029572e-6 0.00002061201075792701 0.00004261237720181714 0.00008566809317478463 0.00016749923569769993 0.0003185397199518096 0.0005892814087000135 0.0010605884836465877 0.00185737118326061 0.003165537583674161 0.005251340580986281 0.008481104870547944 0.013337965632709826 0.020430930331666913 0.03049068288700385 0.04434656515294331 0.06288053644329819 0.08695686321916674 0.11733068482332719 0.1545438090910638 0.1988210279050418 0.2499835629594471 0.30739670444635747 0.36996554558193295 0.43618604690501006 0.5042495621227193 0.5721892967123461 0.6380491679065593 0.7000511345770593 0.7567373685963806 0.8070685690544548 0.8504680469842157 0.8868109186651516 0.9163666342809587 0.9397093403665532 0.9576132710197534 0.9709494989956715 0.9805967826185209 0.9873742036319326 0.9919981334484469 0.9950618269708918 0.9970331903378131 0.9982650898543575 0.9990126929389016 0.9994533026213324 0.9997054904332323 0.9998456688677855 0.9999213391442695 0.9999610086129943 0.9999812050304455 0.9999911907444856 0.9999959855465216 0.9999982214288456 0.9999992339727023 0.9999996792856407 0.9999998694824743 0.9999999483735137 0.9999999801523816 0.9999999925842223 0.99999999730723 0.9999999990497909 0.9999999996741626 0.9999999998914251 0.9999999999648446 0.9999999999889395 0.9999999999966188 0.9999999999989957 0.9999999999997102 0.9999999999999187 0.9999999999999778 0.9999999999999941
5.22646363966677e-21 2.6473711945995777e-20 1.3016439777419798e-19 6.212199105434189e-19 2.877927827975867e-18 1.2942009619197846e-17 5.649591770547959e-17 2.3940463029074367e-16 9.848160920878044e-16 3.932712850813877e-15 1.5245851761359757e-14 5.73775274130625e-14 2.0963871760597286e-13 7.436183543961262e-13 2.5608708240380595e-12 8.562387873015767e-12 2.779605654420997e-11 8.761223038623264e-11 2.681344412430866e-10 7.968210024311473e-10 2.299345663926477e-9 6.443164421007989e-9 1.7533272850565997e-8 4.633554968060115e-8 1.1892506947106585e-7 2.964572907676828e-7 7.178011745665495e-7 1.6882050562201982e-6 3.8570312903222735e-6 8.560881330290733e-6 0.000018460961877925796 0.000038680936619016546 0.00007875645766610917 0.00015583517868875281 0.0002996973588607406 0.0005602621017610901 0.001018236917435868 0.001799369096252821 0.003092267798996657 0.005168909436004893 0.008405708562069769 0.013301547420511298 0.020487687824587084 0.030723481788537437 0.04487179485100932 0.0638495616935731 0.08855217507365533 0.11975529862592416 0.1580034665976862 0.20350024262634714 0.25601822618561 0.31484742202278315 0.3787966404593461 0.4462548855183524 0.51530943721259 0.5839067428148815 0.6500338128670327 0.7118936788971377 0.7680496749640544 0.8175195428370814 0.8598100417874959 0.8948934918998158 0.9231370358964923 0.9452015046112514 0.9619287767265994 0.9742346972479861 0.9830200741148043 0.9891065227326565 0.9931984203759376 0.9958679992814716 0.9975581207555129 0.9985964861131156 0.9992155557830927 0.999573723039014 0.9997748124467917 0.9998843717895118 0.9999422968492688 0.9999720162707554 0.9999868131775036 0.999993962389591 0.9999973143741918 0.9999988394883993 0.9999995128667709 0.9999998013843816 0.9999999213458517 0.9999999697483122 0.9999999887000579 0.9999999959009622 0.9999999985560619 0.9999999995060768 0.9999999998359415 0.9999999999470882 0.9999999999834306 0.9999999999949621 0.9999999999985127 0.9999999999995738 0.9999999999998814 0.999999999999968 0.9999999999999916 0.9999999999999978
2.1372975534611255e-21 1.1239267995406639e-20 5.732416706454284e-20 2.8357604406206804e-19 1.3606269019176889e-18 6.332165769877337e-18 2.858350790696081e-17 1.251513357240944e-16 5.315195447078808e-16 2.1896478348765957e-15 8.750009828795452e-15 3.391801973325211e-14 1.2754078630387427e-13 4.652366252704695e-13 1.6463231465569498e-12 5.651757336269223e-12 1.88230829763501e-11 6.082039420910653e-11 1.9066553773671e-10 5.799277695263115e-10 1.7114712999705545e-9 4.9008993381236846e-9 1.3617898326031307e-8 3.6719065789499224e-8 9.608177357998017e-8 2.439947964195127e-7 6.013599062207401e-7 1.438563340557284e-6 3.3403555072823397e-6 7.529336516204966e-6 0.00001647612341375996 0.00003500457966721241 0.00007221160038967507 0.00014465922387334984 0.000281443774498993 0.000531860697297958 0.0009763937787306376 0.001741564497334902 0.003018669186969099 0.005085517534662952 0.008328949030302117 0.013264264290386667 0.020546071340754552 0.030963908674403365 0.04541598187450003 0.06485601244629642 0.09021185090805689 0.12227995458048227 0.16160623544056146 0.20836971200863014 0.2622891106616539 0.32257249689788414 0.3879253573535677 0.4566236483911064 0.5266467981242384 0.5958540697984993 0.6621789069071472 0.7238121510299359 0.7793473366903627 0.8278690113756815 0.8689761904035338 0.9027448551481305 0.9296431285044342 0.9504185188997931 0.9659777536366152 0.9772767921896153 0.9852330515573839 0.9906654363075889 0.9942619872603392 0.9965708386320886 0.998008047053424 0.9988755231107512 0.999383225438959 0.9996713462784854 0.9998298918032147 0.9999144872603132 0.9999582549646225 0.9999802120200745 0.9999908929228868 0.999995930889533 0.9999982350673738 0.9999992569240981 0.9999996963414877 0.999999879563483 0.9999999536417862 0.9999999826831762 0.9999999937228601 0.9999999977920565 0.9999999992464212 0.9999999997504445 0.9999999999198159 0.9999999999750037 0.99999999999244 0.9999999999977818 0.9999999999993685 0.9999999999998257 0.9999999999999534 0.9999999999999878 0.9999999999999969 0.9999999999999993
8.457403872732829e-22 4.623798269170931e-21 2.449795195168252e-20 1.2578684011671518e-19 6.259229837806972e-19 3.0185120118427825e-18 1.4107746084240123e-17 6.390308819446942e-17 2.8053865603120165e-16 1.193652271180042e-15 4.922494702413862e-15 1.9675399554273702e-14 7.622577392652207e-14 2.8623965242098625e-13 1.0418801186524683e-12 3.67601039478447e-12 1.2572409370252291e-11 4.168268627821365e-11 1.3396822003064237e-10 4.17418080015235e-10 1.2608971476403356e-9 3.6926975761547416e-9 1.0485316064891104e-8 2.886771958273363e-8 7.706507997267406e-8 1.9949856249329812e-7 5.008222282392e-7 1.219315109791018e-6 2.8791618123492934e-6 6.594256306446215e-6 0.000014650418697569627 0.00003157598105368884 0.00006602799644084684 0.00013397070667371113 0.00026378660585656263 0.0005040954540522414 0.0009350868139059827 0.0016839877227217209 0.0029447616102664964 0.005001159578185546 0.00825079241904243 0.01322608521967236 0.02060615150846517 0.031212336429424697 0.045980125555808264 0.06590195249138651 0.09193951174244813 0.12491026261349943 0.1653599239523515 0.2134392588165498 0.2688073486623487 0.3305831199212943 0.39736126776051395 0.46729844976822227 0.53826267430001 0.608026191411114 0.674473109917322 0.7357898262733682 0.7906100104835727 0.8380953596500627 0.8779460921410003 0.9103479929768119 0.9358727814696748 0.955353782602979 0.9697589336393648 0.9800789824436431 0.9872421158284493 0.9920591711701399 0.9951976376790712 0.9971787567458537 0.9983903610879292 0.9991082680628158 0.9995203964919572 0.9997496172589484 0.9998731358331123 0.9999376221286862 0.9999702402818831 0.9999862251114331 0.9999938146133489 0.9999973058161842 0.9999988617579698 0.9999995336012442 0.9999998146611387 0.9999999285774634 0.9999999733105777 0.9999999903293522 0.9999999966024681 0.9999999988427059 0.9999999996178108 0.9999999998776369 0.9999999999620208 0.9999999999885726 0.9999999999966669 0.9999999999990576 0.9999999999997418 0.9999999999999314 0.9999999999999823 0.9999999999999956 0.9999999999999989 0.9999999999999998
3.232839922617835e-22 1.8403073736815098e-21 1.0143631552586295e-20 5.413760005608723e-20 2.7977749021205473e-19 1.4000414922647366e-18 6.7840632667759004e-18 3.183219406898567e-17 1.4463660598623946e-16 6.364034625988766e-16 2.7116752753567158e-15 1.1189285300342594e-14 4.471320171344166e-14 1.7304050815521544e-13 6.485580792328194e-13 2.354237323991204e-12 8.276826461849562e-12 2.8183992109672055e-11 9.295653891029237e-11 2.969688463763579e-10 9.18990843272332e-10 2.7548494324075154e-9 7.999987676106855e-9 2.2506366149360043e-8 6.134335387248944e-8 1.6199402022893374e-7 4.145004638384901e-7 1.0277158985782397e-6 2.469295392881916e-6 5.7498639770859746e-6 0.000012976642610232487 0.00002838745668207514 0.000060199509812246134 0.00012376818986404117 0.0002467328031327308 0.0004769843954611598 0.0008943443265621584 0.001626670489328283 0.0028705665841212047 0.004915831084849685 0.008171203950052932 0.013186977693105085 0.020668003092190124 0.0314691621947759 0.04656529422336255 0.06698959216169892 0.0937390359395313 0.12765222064430656 0.1692728482637895 0.21871927701524696 0.2755846003748269 0.3388908215290264 0.4071139414502295 0.478284943348892 0.5501571378778749 0.6204166380535785 0.6869034528145832 0.7478083638440957 0.8018160289805754 0.8481761733466603 0.8866992022381489 0.9176864010998782 0.9418149070558469 0.9600020604934539 0.9732724962273858 0.9826457796479381 0.9890546927834396 0.9932966183634684 0.9960144820880728 0.9977001740923528 0.9987122536091582 0.9993004696182324 0.9996314061986609 0.9998116408827342 0.9999066614349834 0.999955154790807 0.9999791117865187 0.9999905687047486 0.9999958725216831 0.9999982493313198 0.9999992803946466 0.9999997133680782 0.9999998893718687 0.999999958629487 0.9999999850108807 0.999999994738632 0.9999999982108869 0.9999999994106488 0.9999999998119427 0.9999999999418743 0.9999999999825981 0.9999999999949539 0.9999999999985828 0.9999999999996145 0.9999999999998985 0.999999999999974 0.9999999999999936 0.9999999999999984 0.9999999999999997 1.
1.1915629181555756e-22 7.073889518335047e-22 4.062645963728539e-21 2.2572239993745936e-20 1.2132804233491854e-19 6.309206985139795e-19 3.1741100195408755e-18 1.5449333071462627e-17 7.275207989399043e-17 3.314643398285568e-16 1.461141300576875e-15 6.2318993898541596e-15 2.5717623416883783e-14 1.0269123988538403e-13 3.967699527831633e-13 1.4834002195753248e-12 5.366662041093873e-12 1.878838800520879e-11 6.36543547605728e-11 2.0870604956521948e-10 6.622567504702442e-10 2.0338529550813975e-9 6.0455140879075416e-9 1.739352837456751e-8 4.8440075279079545e-8 1.3058952451772025e-7 3.408192165241633e-7 8.611525116237728e-7 2.1067205585599903e-6 4.990431279651349e-6 0.000011447485373456165 0.000025430981307992403 0.000054719391575923266 0.00011404943111183105 0.00023028856557819524 0.00045054523954173926 0.0008541951399124015 0.0015696459272118914 0.0027961073752889223 0.004829528483525796 0.008090147908887069 0.013146907612603018 0.020731705298857307 0.031734809341462784 0.04717263108377522 0.06812130099781355 0.09561458105788921 0.13051224576250706 0.1733538687226412 0.22422076404309318 0.28263306820534617 0.34750745324746923 0.41719288476907224 0.4895882171749212 0.5623291686925619 0.6330174183330497 0.699455229096299 0.7598477593252504 0.8129424324234418 0.8580883488596809 0.895214999373825 0.9247442764089333 0.947459633873766 0.9643596071691054 0.976520125949094 0.9849829981875424 0.9906791691408063 0.9943872375756122 0.9967218344766725 0.9981434280288984 0.9989806455250174 0.9994575159471959 0.9997202168965679 0.9998601827140811 0.9999323069677042 0.999968252059387 0.9999855779945745 0.9999936550396451 0.9999972967630655 0.9999988847975949 0.9999995545454723 0.9999998277331223 0.9999999355058754 0.9999999766260519 0.9999999918000115 0.9999999972155383 0.9999999990848434 0.9999999997088904 0.9999999999103796 0.9999999999732989 0.9999999999923015 0.9999999999978519 0.99999999999942 0.9999999999998486 0.9999999999999617 0.9999999999999907 0.9999999999999978 0.9999999999999996 0.9999999999999999 1.
4.2266134590953705e-23 2.621182854082316e-22 1.5711142772040759e-21 9.101847028430636e-21 5.096458985590263e-20 2.7582337003631954e-19 1.4428585478157417e-18 7.295476390493735e-18 3.5655638206591914e-17 1.6844392005001328e-16 7.692073629413605e-16 3.3954819352488242e-15 1.448901364942498e-14 5.976759169871577e-14 2.3833786265993525e-13 9.188237739698815e-13 3.4244881151867394e-12 1.2339472548293168e-11 4.298819619053158e-11 1.4480007831592012e-10 4.715977591772836e-10 1.485168458420528e-9 4.52272143598755e-9 1.331878896167138e-8 3.7930866314478506e-8 1.0447398493064206e-7 2.783154319779168e-7 7.171480855939383e-7 1.7875332996692787e-6 4.310299173584057e-6 0.000010055557940628063 0.000022698209133154813 0.000049580281379649015 0.00010481135229786853 0.00021445927760635876 0.000424795323183897 0.000814668552427989 0.0015129486092138125 0.0027214091056305535 0.00474224921570619 0.008007587632612988 0.013105839200478711 0.020797342111672952 0.03200972963695632 0.04780336070068794 0.06929962169770197 0.09757060783963781 0.13349720817495075 0.17761242890792117 0.22995535409230347 0.289965508841286 0.3564451624941782 0.4276074678776118 0.5012126750575812 0.5747765071167974 0.6458188741976316 0.7121118892877748 0.7718863104280089 0.8239650218712206 0.8678082279374797 0.9034731744846101 0.9315067193411105 0.9527984807555556 0.9684242805722985 0.9795050512838138 0.9870977239518879 0.9921248100988718 0.995340949463192 0.9973291043205714 0.9985166827609016 0.9992021253315982 0.9995844008062751 0.9997904060659581 0.9998976756515667 0.9999516479888257 0.9999778878829894 0.9999902146464249 0.9999958100583792 0.9999982642642059 0.9999993043895912 0.9999997303371031 0.9999998988844923 0.9999999633286272 0.9999999871375673 0.999999995637038 0.9999999985688677 0.9999999995460608 0.9999999998607754 0.9999999999587126 0.9999999999881618 0.9999999999967183 0.9999999999991205 0.9999999999997722 0.9999999999999429 0.9999999999999862 0.9999999999999968 0.9999999999999993 0.9999999999999998 1. 1.
1.439826163006833e-23 9.344303170544581e-23 5.855561843034397e-22 3.543077995256069e-21 2.0700906241788633e-20 1.167887117332283e-19 6.362414644420587e-19 3.34703140305552e-18 1.700285595543661e-17 8.340964080559656e-17 3.95140395267983e-16 1.8077420948694803e-15 7.986951004505578e-15 3.407966848475119e-14 1.4043988724986154e-13 5.589565960445552e-13 2.148675139026487e-12 7.977778067211365e-12 2.8610543264015212e-11 9.911028961816392e-11 3.316473910927245e-10 1.0720564229943774e-9 3.347814437473732e-9 1.0100173632455611e-8 2.9440341279249425e-8 8.291405274333328e-8 2.2563771100144272e-7 5.933662208926491e-7 1.5079731108193969e-6 3.703898631419491e-6 8.793418874108109e-6 0.00002018049741446662 0.0000447742125806942 0.00009605001107441049 0.0001992494434749369 0.0003997515206861877 0.0007757942860959508 0.0014566145771542395 0.0026464988603288474 0.004653991846753152 0.007923485499836347 0.01306373489552545 0.020865002654408247 0.03229440562712336 0.048458796140516194 0.07052728550038607 0.09961190656491646 0.13661446817852899 0.18205859737424146 0.23593535220547057 0.2975952423739373 0.3657163594647577 0.43836683945341104 0.5131619033378565 0.5874954944414421 0.6588095307242022 0.7248549407462306 0.7839005993585739 0.8348584370579111 0.8773117588127032 0.9114538407270618 0.9379599463786437 0.9578245274726414 0.9721956407648089 0.9822320619701737 0.988998260756665 0.9934016590663557 0.9961680176046948 0.9978456861660097 0.9988278433342024 0.9993828942921417 0.9996856983386957 0.9998451640632863 0.9999262321241686 0.9999660161632844 0.9999848632620199 0.9999934822558123 0.9999972871706464 0.9999989086428148 0.9999995756801057 0.9999998405707697 0.9999999421158706 0.999999979693289 0.9999999931169321 0.9999999977459537 0.9999999992868847 0.9999999997820522 0.9999999999356539 0.9999999999816493 0.9999999999949449 0.9999999999986551 0.9999999999996543 0.9999999999999143 0.9999999999999795 0.9999999999999952 0.9999999999999989 0.9999999999999998 1. 1. 1.
4.700087698085483e-24 3.198059403638316e-23 2.0990021702770453e-22 1.3288954344600902e-21 8.115707396791849e-21 4.781080313182289e-20 2.7170435395701176e-19 1.4895163494491835e-18 7.877342399340013e-18 4.0189080405362147e-17 1.978057662046123e-16 9.392507419372036e-16 4.3027454511495675e-15 1.901698693161065e-14 8.109253101531986e-14 3.3363762117219594e-13 1.3244542202153477e-12 5.073180865265984e-12 1.8750803898528674e-11 6.687616959565954e-11 2.3017166508002377e-10 7.645038155982152e-10 2.4506123713128027e-9 7.581553871532313e-9 2.2638818235168116e-8 6.525089891059808e-8 1.815448765578993e-7 4.876141205804114e-7 1.2644339348789258e-6 3.1657713217018933e-6 7.653602565259178e-6 0.000017868933135801877 0.00004029262133958182 0.00008776057516256635 0.00018466262090415528 0.00037543015640445775 0.0007376024266086084 0.0014006813638483856 0.002571405800715393 0.004564756187157442 0.00783780292348553 0.013020555241363804 0.020934781589434404 0.03258935325851263 0.04914034686469325 0.07180722917209592 0.10174362603302853 0.13987191643709432 0.18670311225223457 0.24217376892782072 0.30553615764934194 0.37533367471579604 0.44947982724334196 0.5254385217657079 0.600480900693826 0.6719759420345222 0.7376638557746211 0.7958654954678066 0.8455962620987871 0.8865746853620967 0.9191377638152938 0.9440915097568828 0.9625325781502371 0.9756750299029173 0.9847075020087657 0.990694053564109 0.9945204204924525 0.9968789223035901 0.9982808494445213 0.9990844758792398 0.9995287207588273 0.999765547093265 0.9998872992868914 0.999947661162157 0.9999765205863651 0.9999898267079235 0.9999957430607929 0.9999982799136278 0.9999993289123595 0.9999997472172972 0.9999999080777207 0.9999999677322547 0.9999999890664164 0.9999999964241729 0.9999999988712789 0.9999999996561486 0.9999999998989099 0.9999999999713198 0.9999999999921482 0.9999999999979257 0.9999999999994713 0.9999999999998699 0.9999999999999691 0.9999999999999929 0.9999999999999984 0.9999999999999997 1. 1. 1. 1.
1.466724145745535e-24 1.0484083792473144e-23 7.221046702917258e-23 4.7925128508334865e-22 3.064968693802615e-21 1.888839002978138e-20 1.121700421291178e-19 6.4191744342112215e-19 3.540051506578918e-18 1.8813791640665305e-17 9.635808951793599e-17 4.756138059631077e-16 2.262481710664994e-15 1.0372672121524975e-14 4.583344392667805e-14 1.9519680726858923e-13 8.01261501546231e-13 3.1703054370491828e-12 1.209116490455048e-11 4.4452017368536454e-11 1.5753912513593874e-10 5.382421600382041e-10 1.7728808571761852e-9 5.630096643048528e-9 1.72389329208178e-8 5.089662459637778e-8 1.4490380888950032e-7 3.978446843901317e-7 1.0534740835601317e-6 2.6905899586842628e-6 6.628648620181467e-6 0.00001575436275589783 0.00003612635998977049 0.00007993729993092709 0.00017070135406971657 0.00035184691142928844 0.0007001233547695325 0.001345188010115302 0.002496161281629934 0.004474543424659752 0.007750500346892677 0.012976258766374711 0.021006779553200624 0.032895124769410145 0.04984952745883588 0.07314261378563115 0.1039713054607984 0.14327801786392647 0.19155742881638496 0.24868435517095458 0.3138027128523859 0.3853099058533556 0.4609548227039139 0.5380440173067644 0.6137257400597087 0.6853025352954031 0.7505159915412851 0.8077541822364646 0.8561511622553843 0.895572765417802 0.9265066112290139 0.9498905206758719 0.9669193126936726 0.9788656292518041 0.9869392358944948 0.9921955882502074 0.9954923274356546 0.9974842289382915 0.9986436313070326 0.9992937362408281 0.9996449047696592 0.9998276434348417 0.9999192502790444 0.999963489542085 0.9999840707187182 0.9999932946218217 0.9999972769893235 0.9999989333307281 0.9999995969823261 0.9999998531427485 0.9999999483928286 0.9999999825121137 0.9999999942858846 0.9999999981998062 0.9999999994532054 0.9999999998398813 0.9999999999547986 0.9999999999876992 0.9999999999967731 0.999999999999184 0.9999999999998012 0.9999999999999533 0.9999999999999893 0.9999999999999977 0.9999999999999996 0.9999999999999999 1. 1. 1. 1.
4.364470853833991e-25 3.2841454395259146e-24 2.37860498579974e-23 1.658201598006392e-22 1.1126885859320103e-21 7.186837657800067e-21 4.468244423782791e-20 2.674104049220501e-19 1.5405288393138547e-18 8.543186057645058e-18 4.5607605985440744e-17 2.3438592060364607e-16 1.1596119317846301e-15 5.5232092548558335e-15 2.5326751095600506e-14 1.1181213296381496e-13 4.752619345827058e-13 1.945028319414084e-12 7.664482418498588e-12 2.9081721559625928e-11 1.0625647850648467e-10 3.7385897832368297e-10 1.266770447866416e-9 4.13378699729708e-9 1.2992197023056053e-8 3.933035201443525e-8 1.1468657411662351e-7 3.221575184340014e-7 8.718249956586118e-7 2.273178093853703e-6 5.711132199318314e-6 0.000013827425005962738 0.00003226571498625575 0.00007257350983728053 0.0001573671064883561 0.0003290167242657217 0.0006633876683709192 0.001290175075847825 0.002420798973171622 0.004383356268155187 0.007661537243785222 0.0129308018544793 0.02108110363331534 0.03321231188192926 0.05058796730169893 0.07453684550899466 0.10630090962314133 0.1468418594349622 0.19663377010942418 0.25548163684044856 0.3224099301395751 0.39565795151343436 0.47279964782428346 0.550978559749944 0.6272210744186939 0.6987714553244008 0.7633865258904204 0.8195382129949389 0.8664950548667827 0.9042820187739535 0.9335432179211132 0.9553478714822068 0.9709834210658594 0.9817724891157517 0.9889365861305791 0.9935142683977728 0.9963289961948669 0.9979944539814032 0.998942735356452 0.9994623089401821 0.9997362537225675 0.9998752441864526 0.9999431040278778 0.9999749860896265 0.9999894001231919 0.9999956710260789 0.9999982963317315 0.9999993539641502 0.9999997639742365 0.9999999169276061 0.9999999718346537 0.999999990801777 0.9999999971066884 0.9999999991234773 0.9999999997442686 0.9999999999281484 0.9999999999805598 0.9999999999949353 0.9999999999987295 0.9999999999996931 0.9999999999999286 0.999999999999984 0.9999999999999966 0.9999999999999993 0.9999999999999998 1. 1. 1. 1. 1.
1.23500545577756e-25 9.804575992362487e-25 7.483382239297165e-24 5.491388686735603e-23 3.8742522889255596e-22 2.6279781552834194e-21 1.713921075342349e-20 1.074738004619207e-19 6.479851866164253e-19 3.7565285679403396e-18 2.0939989757061323e-17 1.122390480062747e-16 5.784947889133316e-16 2.867172449422312e-15 1.3665286475040662e-14 6.263350674032831e-14 2.760776044255528e-13 1.1703249933140953e-12 4.771425057313397e-12 1.8709954185648573e-11 7.056645639071744e-11 2.560025489442528e-10 8.933706800300892e-10 2.9990474187289944e-9 9.685543189898114e-9 3.009404877480998e-8 8.996688338953432e-8 2.5879883571526276e-7 7.16398701733681e-7 1.908529112886071e-6 4.893695063310683e-6 0.00001207858666482418 0.00002870042971515169 0.00006566158435190543 0.00014466019439992206 0.0003069536855578314 0.0006274260937708647 0.0012356846440956962 0.0023453549866226087 0.004291199104368283 0.007570872122894938 0.012884138605950668 0.021157867891929482 0.033541549331860696 0.05135742129118619 0.07599359864850774 0.10873886759955306 0.1505732022823563 0.2019451806809573 0.26258094865354775 0.3313733829151122 0.4063907305753373 0.4850214020923472 0.5642407981111237 0.6409558059415636 0.7123624129814452 0.776248413756195 0.8311876000685451 0.8765993173108303 0.9126790046798292 0.9402318651594948 0.9604564514402116 0.9747257148806785 0.9844025277748137 0.9907102407469851 0.9946622704270442 0.9970422710114983 0.9984199321531473 0.9991864391296272 0.9995963581251827 0.9998070695418824 0.9999111780051398 0.9999606195231969 0.9999831881527799 0.9999930902239085 0.9999972661632273 0.9999989588999535 0.9999996184254095 0.9999998654160054 0.9999999543229685 0.9999999850837542 0.999999995313507 0.9999999985834389 0.999999999588096 0.9999999998847857 0.9999999999690012 0.9999999999919778 0.9999999999980032 0.9999999999995219 0.9999999999998899 0.9999999999999756 0.9999999999999949 0.9999999999999989 0.9999999999999998 1. 1. 1. 1. 1. 1.
3.3134914132916313e-26 2.781842220176433e-25 2.2426706323318918e-24 1.736164609867834e-23 1.2906696418433845e-22 9.213928713962087e-22 6.316657438302124e-21 4.158628527320675e-20 2.6293071912252005e-19 1.5965021480678797e-18 9.309873777615115e-18 5.21403467111112e-17 2.8045956173834583e-16 1.4489182675185867e-15 7.189632353223512e-15 3.426662540363692e-14 1.5687418147866324e-13 6.898612080584754e-13 2.9141898196762515e-12 1.182597006181245e-11 4.610381384137301e-11 1.726783422028334e-10 6.213857298148258e-10 2.1484751847763332e-9 7.137898621073464e-9 2.2788143459060538e-8 6.991593128452114e-8 2.061602388137424e-7 5.842938752837578e-7 1.5918241935321638e-6 4.169077041524899e-6 0.00001049818118792168 0.000025419732416745723 0.000059192949013817744 0.00013257972134368654 0.00028567092698519614 0.0005922693863814912 0.0011817603169901538 0.0022698680042335397 0.004198078168360103 0.007478462537998762 0.012836220687361052 0.021237193940731636 0.03388351877814558 0.05215978176130489 0.07751684122498798 0.11129211553347984 0.1544825384419476 0.20750558345411355 0.26999846641906045 0.34070917408794266 0.41752108428036844 0.4976262874470948 0.5778276370211084 0.6549164602460603 0.726052541283064 0.7890723695445203 0.8426709422449244 0.88643503443753 0.9207411276637663 0.946558568024461 0.9652113498807915 0.9781492105498089 0.986764495941882 0.9922721303952058 0.9956523792866643 0.997644062499548 0.9987706884004206 0.9993825130171347 0.9997014917748713 0.9998611473254875 0.9999378646697399 0.9999732554553693 0.9999889292361623 0.999995593375425 0.9999983135757604 0.9999993795434412 0.9999997805701427 0.9999999254101118 0.999999975631557 0.9999999923492132 0.9999999976917404 0.9999999993308312 0.9999999998136051 0.9999999999501166 0.9999999999871743 0.999999999996832 0.9999999999992483 0.9999999999998286 0.9999999999999625 0.9999999999999921 0.9999999999999984 0.9999999999999997 1. 1. 1. 1. 1. 1. 1.
8.402571577831264e-27 7.47867394409409e-26 6.3837561049810065e-25 5.2260480465263614e-24 4.103197340001975e-23 3.0897984757059835e-22 2.2315360516377158e-21 1.545793101291376e-20 1.0270242690961448e-19 6.544864053621885e-19 4.000556381644086e-18 2.3455779595570765e-17 1.3191664352133328e-16 7.116735291623202e-16 3.683032705840118e-15 1.8284655711820967e-14 8.708398554659159e-14 3.9790096185359273e-13 1.7442666794861639e-12 7.336167823617861e-12 2.960484312037782e-11 1.1463403683546736e-10 4.2593526620836977e-10 1.518715966482695e-9 5.196827579094408e-9 1.7066993565816352e-8 5.379767338134136e-8 1.6277639385933774e-7 4.7280036539049833e-7 1.3184489758633822e-6 3.530147604344023e-6 9.076450009091869e-6 0.000022412369434687606 0.000053158072297850366 0.00012112351472613663 0.000265180504557725 0.0005579482192684055 0.0011284472022008427 0.0021943794124476773 0.004104001729001541 0.007384265104326531 0.01278699716967496 0.021319211573573436 0.03423895313980724 0.05299709174325395 0.07911086340000795 0.11396814386005313 0.15858115265141384 0.21332983967497413 0.27775123686466024 0.3504339033505785 0.4290616586391089 0.5106194089727821 0.5917339925714686 0.669086962284074 0.7398162640330351 0.80182688150124 0.8539555955410256 0.8959732872809923 0.9284469693771635 0.9525113658723 0.969610039751289 0.9812591781921098 0.9888689039154783 0.9936352756125266 0.9964978078827786 0.9981461840287561 0.9990563184720118 0.9995381530040062 0.9997827399466852 0.9999017850161884 0.9999573411694762 0.9999822008380658 0.9999928668166383 0.9999972546291995 0.9999989853905511 0.9999996399782443 0.99999987735586 0.9999999598936276 0.9999999874109666 0.999999996207279 0.9999999989033732 0.9999999996957094 0.9999999999189757 0.9999999999792979 0.9999999999949247 0.9999999999988061 0.9999999999997305 0.9999999999999416 0.9999999999999879 0.9999999999999976 0.9999999999999996 0.9999999999999999 1. 1. 1. 1. 1. 1. 1.
2.0071182645791756e-27 1.8988748535079524e-26 1.7206250017035148e-25 1.49330600213813e-24 1.2413396756988282e-23 9.883679227147933e-23 7.537723100038161e-22 5.506340349546626e-21 3.8529693050885177e-20 2.5825366267815615e-19 1.6581555305565899e-18 1.0198631138369821e-17 6.009066940102716e-17 3.3918150578072715e-16 1.834127336215598e-15 9.501936334490208e-15 4.716220929526964e-14 2.2428007796391054e-13 1.0219228084182225e-12 4.461633698041004e-12 1.866539403507819e-11 7.482873776559695e-11 2.874815621959948e-10 1.0584884878382623e-9 3.7352807265636615e-9 1.2634269101187748e-8 4.096361347500537e-8 1.2732162382606654e-7 3.7940212449074474e-7 1.0840086970602e-6 2.9699371867559427e-6 7.80358627147724e-6 0.000019666643953150468 0.000047546468989368034 0.00011028806528339838 0.0002454932766536799 0.0005244930590653444 0.001075791888470428 0.002118933438010768 0.004008980290625257 0.007288235522413149 0.012736414353397446 0.02140405946355381 0.03460864141509335 0.05387155974620914 0.08078030911339466 0.11677504951175345 0.1628811896168142 0.21943381182071395 0.2858572038699765 0.36056462117802235 0.44102476420277054 0.5240045490461903 0.6059525274910696 0.683448407954865 0.7536251827176734 0.8144782647124492 0.86500789215499 0.9051854839655658 0.9357766427775386 0.9580806088014184 0.9736525339493818 0.9840631507387114 0.9907279095237673 0.9948136060221864 0.9972120043759094 0.9985601907258669 0.9992858817646457 0.9996599291661008 0.9998445473100347 0.9999318032042157 0.9999712932472924 0.9999884072918319 0.9999955094393562 0.9999983317086762 0.9999994056454105 0.9999997969637039 0.9999999335013894 0.999999979120369 0.9999999937155319 0.99999999818692 0.9999999994986533 0.9999999998671367 0.9999999999662563 0.9999999999917875 0.9999999999980846 0.999999999999572 0.9999999999999083 0.9999999999999811 0.9999999999999962 0.9999999999999993 0.9999999999999999 1. 1. 1. 1. 1. 1. 1. 1.
4.499647403312434e-28 4.5376351834031315e-27 4.376702010628017e-26 4.0377270148247564e-25 3.562920490887288e-24 3.007194601194858e-23 2.4277871421304097e-22 1.8748272558529474e-21 1.3849110800475063e-20 9.785915042252866e-20 6.614689094875947e-19 4.277165293251154e-18 2.6457699814890473e-17 1.565702307085599e-16 8.864204796961779e-16 4.801281638255407e-15 2.4881451314874254e-14 1.2337034011625737e-13 5.853005546780081e-13 2.657040291793159e-12 1.1542177278722177e-11 4.79809355925e-11 1.9088149086990882e-10 7.267713698928356e-10 2.648485849705132e-9 9.238315786197715e-9 3.0847180282368256e-8 9.860546884573276e-8 3.017784673458933e-7 8.843415492092519e-7 2.481667880134252e-6 6.66978067643777e-6 0.000017170460320507745 0.000042346710771644785 0.00010006847045113193 0.00022661877728275204 0.0004919340284243451 0.0010238424086135174 0.0020435772862558146 0.0039130268121433266 0.007190328610632121 0.012684415579571624 0.021491885932330916 0.03499343404565123 0.054785576259451935 0.08253021134407722 0.11972159367199729 0.16739572718270077 0.22583442923930613 0.29433522969031073 0.3711187668531029 0.45342220995415666 0.537783912667862 0.6204733660676923 0.697978835425282 0.7674479884579726 0.8269907599425405 0.875793412168836 0.914043732538379 0.9427121633894723 0.9632592318707404 0.9773415063800994 0.9865708881973062 0.9923551661435164 0.9958217545252568 0.9978084523665147 0.9988972260222178 0.9994678098239486 0.999753751276081 0.9998907796255171 0.999953573767719 0.9999810908886235 0.9999926217499817 0.9999972423155683 0.9999990128438908 0.9999996616048035 0.9999998889261548 0.9999999650935707 0.9999999894981503 0.9999999969754745 0.9999999991662282 0.9999999997800084 0.9999999999444471 0.9999999999865747 0.9999999999968952 0.9999999999993129 0.9999999999998546 0.9999999999999705 0.9999999999999942 0.9999999999999989 0.9999999999999998 1. 1. 1. 1. 1. 1. 1. 1. 1.
9.430043295094411e-29 1.0166848533770639e-27 1.0468777397421153e-26 1.0295533637769883e-25 9.670562900415242e-25 8.67584436982569e-24 7.434236989002844e-23 6.08462349265813e-22 4.756770452940852e-21 3.552065116094433e-20 2.533667045950359e-19 1.7263481117880116e-18 1.1236431929559463e-17 6.98652919942138e-17 4.149924138756175e-16 2.3549300320998016e-15 1.2767021371413914e-14 6.612878686965183e-14 3.2726367932855735e-13 1.5474961742704708e-12 6.9920675241524164e-12 3.018889968499466e-11 1.24559776305497e-10 4.911594330957468e-10 1.851010347428714e-9 6.667561007942129e-9 2.2957781422442524e-8 7.556728115171344e-8 2.3780362326545611e-7 7.155300311051167e-7 2.058783082868582e-6 5.665269068174632e-6 0.000014911373981718252 0.00003754644472650759 0.00009045838276778673 0.0002085650852156206 0.0004603007542588575 0.0009726481882003497 0.001968361280670087 0.0038161569449956757 0.00709049834783519 0.012630941025293073 0.021582849800513556 0.03539424889795283 0.055741732207856685 0.08436603146506441 0.12281726571368327 0.17213885585255365 0.23254975615942441 0.3032051094260274 0.3821140873774435 0.46626510774888913 0.5519578418150551 0.6352837899427827 0.7126530013038446 0.7812504069249476 0.8393266859537695 0.886277311956705 0.922521253949089 0.9492378306119975 0.9680430075896949 0.9806823695077309 0.9887942929236584 0.993765631525926 0.9966748308913913 0.9983004697536539 0.9991678807162757 0.9996098333905308 0.9998248521824568 0.9999247432401472 0.9999690557230884 0.9999878261677465 0.9999954184395347 0.9999983507998748 0.9999994322612513 0.999999813109922 0.9999999411781156 0.9999999823003947 0.9999999949087881 0.9999999986001669 0.9999999996321283 0.9999999999076041 0.9999999999778223 0.999999999994913 0.999999999998885 0.9999999999997664 0.9999999999999533 0.9999999999999911 0.9999999999999984 0.9999999999999998 1. 1. 1. 1. 1. 1. 1. 1. 1. 1.
1.839610143181283e-29 2.127146053712405e-28 2.3455533814192927e-27 2.4664723117327143e-26 2.473414335597993e-25 2.365453468613594e-24 2.1574289019262836e-23 1.8765979566480707e-22 1.5567801335656204e-21 1.2317251467274789e-20 9.294812176336938e-20 6.689877569212081e-19 4.5925896346372675e-18 3.0072601348440875e-17 1.8783263978035926e-16 1.1191069750930334e-15 6.3604437987205344e-15 3.448533514886576e-14 1.783733172077133e-13 8.802221827573448e-13 4.144210623047213e-12 1.8616594004799038e-11 7.979785722309094e-11 3.2639284291657146e-10 1.2740209614147194e-9 4.7460231939314075e-9 1.687462850541027e-8 5.726994182042268e-8 1.8554457286529135e-7 5.739100843876481e-7 1.6949756801383636e-6 4.780381298027362e-6 0.000012876646951138674 0.00003313242042821077 0.00008144996454999556 0.00019133868980317431 0.0004296222010956379 0.0009222599779678247 0.001893339002633762 0.0037183892913651116 0.006988697927733748 0.012575927482264894 0.021677121329242956 0.03581207794519614 0.05674283962829033 0.08629370323117994 0.12607235403416095 0.17712576510960285 0.23959906153668528 0.3124875765972787 0.3935685336221864 0.4795636434214906 0.5665244968805635 0.6503679168296155 0.7274421681752046 0.7949951852798174 0.8514466532010307 0.8964247122821314 0.9305928315333997 0.9553406101226999 0.9724307661150422 0.9836833003717047 0.9907472730243383 0.9949753398400221 0.9973881804960885 0.9987010126141356 0.9993820692995402 0.9997189301902107 0.9998777888598263 0.9999492161149682 0.9999798364128221 0.9999923518767638 0.9999972291406645 0.9999990413024508 0.9999996832635742 0.9999999000894746 0.9999999699133364 0.9999999913514439 0.9999999976270904 0.9999999993786282 0.9999999998447175 0.9999999999629691 0.9999999999915734 0.9999999999981704 0.999999999999621 0.9999999999999252 0.9999999999999859 0.9999999999999974 0.9999999999999996 1. 1. 1. 1. 1. 1. 1. 1. 1. 1. 1.
3.325146330349072e-30 4.137601881465672e-29 4.901957283219581e-28 5.529421806725674e-27 5.938628716015386e-26 6.072900608656441e-25 5.913130430587991e-24 5.482242649298512e-23 4.83979880475712e-22 4.0684964315741105e-21 3.2567774782711474e-20 2.4825634661497616e-19 1.8021133674953717e-18 1.2457918371099714e-17 8.201692966586529e-17 5.142451209564779e-16 3.070863763078076e-15 1.7465894492644845e-14 9.46190380243071e-14 4.88250343747733e-13 2.399956738156783e-12 1.1237852639617e-11 5.0131015013523075e-11 2.1305869162138243e-10 8.627607449627073e-10 3.3289812431056157e-9 1.2240431020410337e-8 4.289280501818478e-8 1.4325719260035168e-7 4.560778309502074e-7 1.3842143103587496e-6 4.00559083792941e-6 0.000011053308652771623 0.00002909052627101965 0.00007303385018975141 0.00017494435451595477 0.000399926488939745 0.0008727297678182282 0.0018185674299687352 0.0036197456841647363 0.00688487982690616 0.012519308116759706 0.021774883264536974 0.03624799474579575 0.05779195487605689 0.08831968201652114 0.1294980245800309 0.18237283697904125 0.24700288998144884 0.322204297210376 0.40550012950582787 0.49332681038046117 0.5814795036447078 0.6657063653733126 0.742313911559865 0.8086421313495122 0.8633098467718356 0.9062011476619701 0.9382352911281513 0.9610105064290906 0.9764245717616487 0.9863552076858952 0.9924455527000993 0.9960011411975644 0.9979771351910143 0.9990224907384833 0.9995489277890304 0.999801294802194 0.9999164602343071 0.9999664884232428 0.9999871760256972 0.9999953194660539 0.9999983709260034 0.9999994593773641 0.9999998289600031 0.9999999484178959 0.9999999851730663 0.9999999959382606 0.9999999989396662 0.9999999997362405 0.9999999999374861 0.9999999999858837 0.9999999999969633 0.9999999999993776 0.9999999999998785 0.9999999999999774 0.999999999999996 0.9999999999999993 0.9999999999999999 1. 1. 1. 1. 1. 1. 1. 1. 1. 1. 1.
5.5411267180223985e-31 7.44676939180048e-30 9.512432301158989e-29 1.1549832238073747e-27 1.332990822192984e-26 1.4623570146437535e-25 1.5249734282301469e-24 1.5116877153752218e-23 1.4244975382840555e-22 1.2760584948077e-21 1.0866728186809823e-20 8.797456629313931e-20 6.771066719284146e-19 4.954627620407824e-18 3.4469275135651144e-17 2.2799992800675224e-16 1.433949983678046e-15 8.57524486759063e-15 4.87629651795886e-14 2.6368413694243287e-13 1.355966963991135e-12 6.631443921992503e-12 3.084506283567886e-11 1.3646104425943062e-10 5.742573985961704e-10 2.298855072461662e-9 8.755058078477267e-9 3.1723992262079674e-8 1.093807642894959e-7 3.5889376263969315e-7 1.1207672723357287e-6 3.3315645393235672e-6 9.428221835737874e-6 0.00002540583560868253 0.00006519911752693134 0.0001593849794663946 0.00037124069517771303 0.000824110680076113 0.001744107072639272 0.003520251490360077 0.00677899588859496 0.012461012209174768 0.021876331997672856 0.03670316282974682 0.05889240471937144 0.09045100000934399 0.13310640794520695 0.18789774724677294 0.254783132732912 0.33237784913853696 0.4179268093585776 0.5075621012779883 0.5968155648163092 0.6812759108278456 0.757231956118784 0.8221482163254655 0.8748743860443857 0.9155730766628938 0.9454280033649076 0.9662409126359636 0.9800298439918349 0.9887116338272246 0.9939064304255828 0.9968604148657737 0.9984567643263516 0.9992766014082076 0.9996767365144397 0.9998623309417256 0.9999441401198705 0.9999784103936735 0.9999920534341854 0.9999972150110183 0.9999990708095248 0.9999997049069449 0.9999999108074529 0.9999999743456112 0.999999992978796 0.9999999981717479 0.9999999995471057 0.9999999998932767 0.9999999999760784 0.9999999999949001 0.9999999999989659 0.9999999999998006 0.9999999999999634 0.9999999999999936 0.9999999999999989 0.9999999999999998 1. 1. 1. 1. 1. 1. 1. 1. 1. 1. 1. 1.
8.467082471274347e-32 1.2336933052434067e-30 1.7055622503709296e-29 2.2372861966047716e-28 2.784685550669186e-27 3.288810934293345e-26 3.6856808332679e-25 3.919413238688786e-24 3.955103839033876e-23 3.7873706580630437e-22 3.441684380637641e-21 2.9680315243526295e-20 2.4290805103519253e-19 1.8867040113049073e-18 1.3908091826625893e-17 9.730780972423384e-17 6.46189330604485e-16 4.073058007367269e-15 2.4369592781672955e-14 1.384083992175485e-13 7.46250105528395e-13 3.819770619311343e-12 1.8562918927722348e-11 8.565226279973063e-11 3.752710470230116e-10 1.5613413787325453e-9 6.169265735765147e-9 2.315217352392835e-8 8.253094194177056e-8 2.79484275822638e-7 8.992236347222717e-7 2.749211864680243e-6 7.988153139859355e-6 0.00002206266319583356 0.000057933269843959625 0.0001446614644354902 0.00034359064020707313 0.0007764568394857325 0.001670022103605199 0.003419935939236556 0.006670997424786138 0.01240096487116829 0.021981678856872768 0.03717884512200438 0.06004781573727688 0.09269532817706057 0.13691069602350342 0.19371957470033407 0.262963097289152 0.34303168297056036 0.4308662179452386 0.5222751531863824 0.6125220360279998 0.6970491380106946 0.7721560528534752 0.8354677531874349 0.8860977676471941 0.9245084503128942 0.9521533967981582 0.9710289226668314 0.9832554111345009 0.9907685873075172 0.9951484883033159 0.9975707642891007 0.9988416346569806 0.999474187554361 0.9997728702423585 0.9999066654242934 0.9999635229178063 0.9999864448554379 0.9999952114488859 0.9999983921719042 0.9999994869744064 0.9999998444613072 0.9999999551997372 0.9999999877421617 0.9999999968143944 0.9999999992137278 0.9999999998157028 0.9999999999589801 0.9999999999913309 0.9999999999982605 0.9999999999996687 0.99999999999994 0.9999999999999898 0.9999999999999983 0.9999999999999998 1. 1. 1. 1. 1. 1. 1. 1. 1. 1. 1. 1. 1.
1.1794007114487379e-32 1.8707924117483272e-31 2.8104076919218787e-30 3.998520209487098e-29 5.387938703446421e-28 6.876175479073865e-27 8.311516204019956e-26 9.515489125649151e-25 1.0318311811985981e-23 1.059796701169951e-22 1.0310583333966623e-21 9.501709689117451e-21 8.294495882952057e-20 6.858998077510106e-19 5.37313162047823e-18 3.9875403223820133e-17 2.803556669808958e-16 1.8674858406451406e-15 1.178602860706232e-14 7.047902039181448e-14 3.993522394772031e-13 2.1442720385164895e-12 1.0910806234273836e-11 5.2615667027879394e-11 2.404835201084525e-10 1.0418405864857601e-9 4.278583482574165e-9 1.6657983112136754e-8 6.149130328554e-8 2.1524049203780538e-7 7.145111295643273e-7 2.249732856615085e-6 6.719847740710707e-6 0.00001904463230338642 0.00005122223010519859 0.00013077257420943345 0.0003170006566900665 0.0007298232172443013 0.0015963804824294123 0.0033188324772481883 0.006560835339435133 0.012339086738139706 0.022091151547889057 0.03767641455315223 0.06126214750419302 0.09506104593580998 0.14092524930264833 0.19985891867656563 0.27156757385622476 0.3541900596912863 0.44433546688053616 0.5374693416919123 0.6285844673510174 0.712994100151064 0.7870419111208717 0.8485526636853762 0.8969373967911549 0.9329773327083286 0.9583974674089472 0.9753755896706724 0.9861134858515119 0.9925443037491154 0.9961912586399396 0.998149703783674 0.9991455881459828 0.9996251255729574 0.9998437767311439 0.9999381820120495 0.9999767791904014 0.9999917218907255 0.9999971998191536 0.9999991014088105 0.9999997264805578 0.9999999210411784 0.9999999783856299 0.9999999943900006 0.9999999986195673 0.9999999996779984 0.9999999999288043 0.99999999998508 0.9999999999970368 0.9999999999994422 0.9999999999999005 0.9999999999999831 0.9999999999999973 0.9999999999999996 1. 1. 1. 1. 1. 1. 1. 1. 1. 1. 1. 1. 1. 1.
1.4879913028451393e-33 2.580883023304552e-32 4.231212945189222e-31 6.556874825707794e-30 9.604429583206678e-29 1.3298314642076893e-27 1.7405244396168843e-26 2.1534302679104106e-25 2.5185924864709638e-24 2.784654056698384e-23 2.9105922872145327e-22 2.8760705229089387e-21 2.686815052616835e-20 2.373061682439034e-19 1.9816510449140276e-18 1.5646138701814377e-17 1.1680599049159842e-16 8.245526434960925e-16 5.5040934120271714e-15 3.4744631975271664e-14 2.0741791902518606e-13 1.1710772325545164e-12 6.253623864443692e-12 3.1587380264434815e-11 1.5092546045613456e-10 6.822019432689057e-10 2.917446546406612e-9 1.180522547953106e-8 4.520364721450371e-8 1.6381436096415462e-7 5.619104460343978e-7 1.8246640580895955e-6 5.610107347693056e-6 0.000016334752729228652 0.00004505034911592489 0.00011771480834062317 0.00029149334259674767 0.0006842654461922032 0.0015232540687849204 0.00321697915108795 0.006448460276138379 0.012275293634566784 0.02220499576381979 0.038197366032656034 0.06253973012434373 0.09755731960016076 0.14516571599884417 0.2063380250765679 0.28062289621931014 0.36587795962990266 0.4583508403958015 0.5531453194864434 0.6449841129820894 0.7290739948030684 0.8018412014179888 0.8613528469060576 0.9073512097668885 0.9409525641579725 0.9641502668211086 0.9792861133704006 0.9886195529584614 0.9940589364415472 0.9970548566317873 0.9986143481703018 0.9993815464317446 0.9997382467948992 0.9998949833742103 0.9999600723643663 0.9999856178705891 0.9999950931216685 0.9999984146316987 0.9999995150261767 0.9999998595573842 0.9999999615046002 0.9999999900140015 0.9999999975487024 0.9999999994306534 0.9999999998748901 0.9999999999739921 0.9999999999948858 0.9999999999990488 0.9999999999998326 0.9999999999999721 0.9999999999999956 0.9999999999999993 0.9999999999999999 1. 1. 1. 1. 1. 1. 1. 1. 1. 1. 1. 1. 1. 1.
1.688582227326318e-34 3.217687227417956e-33 5.783577844968727e-32 9.80589837318056e-31 1.568279804516413e-29 2.365989640601281e-28 3.367158124538346e-27 4.520477964817753e-26 5.72512189680353e-25 6.840292093043505e-24 7.710184309399527e-23 8.199105918217483e-22 8.226064210476649e-21 7.786722287817502e-20 6.95453954729032e-19 5.860684896359365e-18 4.660269569384398e-17 3.496826431331029e-16 2.476034162570638e-15 1.654548376602686e-14 1.0434343869967219e-13 6.21066660056252e-13 3.4891969039928504e-12 1.8503600144411778e-11 9.263233421320647e-11 4.378041739079446e-10 1.953651068017872e-9 8.23202884867834e-9 3.275722947136158e-8 1.231121021165526e-7 4.370655899428092e-7 1.465921560142915e-6 4.645870665609842e-6 0.000013915509738701798 0.00003940042929558052 0.00010548227777687425 0.0002670892985339144 0.000639839604123607 0.001450718722478269 0.0031144190205861216 0.006333822794044629 0.012209496209428895 0.022323476987711866 0.03874332998976575 0.06388530677423002 0.10019419085229621 0.14964916434850167 0.21318092082775508 0.29015699394019867 0.3781209560304959 0.4729274426301505 0.5693004954778712 0.6616974138412106 0.7452468709709004 0.8165016469883177 0.8738166620183598 0.9172983872165589 0.9484104528584902 0.9694063484753253 0.9827699389073461 0.9907921627400625 0.9953341811755687 0.9977595908253871 0.9989811174957575 0.9995613498799983 0.999821294964202 0.9999311301089527 0.9999749005094208 0.9999913517463216 0.9999971834408644 0.9999991331438407 0.9999997479226409 0.9999999307517271 0.9999999820315925 0.999999995596687 0.9999999989810137 0.999999999777346 0.999999999954067 0.9999999999910543 0.9999999999983553 0.9999999999997147 0.9999999999999533 0.9999999999999928 0.9999999999999989 0.9999999999999998 1. 1. 1. 1. 1. 1. 1. 1. 1. 1. 1. 1. 1. 1. 1.
1.7104991964850437e-35 3.599132091948405e-34 7.127812755613317e-33 1.3286339499320703e-31 2.331054257569641e-30 3.8495082927264014e-29 5.983734873867163e-28 8.755128759910595e-27 1.2058279263630343e-25 1.5633307703108016e-24 1.9079631499563452e-23 2.1920691445634394e-22 2.3709156318180616e-21 2.414175697503211e-20 2.3143386667854855e-19 2.088842322726834e-18 1.7750957228630455e-17 1.4203431407229805e-16 1.0701376915560994e-15 7.592452456545388e-15 5.072750927762621e-14 3.191898637306298e-13 1.891586027516049e-12 1.0558555319382772e-11 5.55158697333899e-11 2.749794087116173e-10 1.28319725961881e-9 5.6421023977378725e-9 2.337715578938383e-8 9.12851054094741e-8 3.359900399349568e-7 1.1658403353032082e-6 3.8142952644000903e-6 0.000011768963744594937 0.00003425376573875088 0.00009406659114910164 0.00024380685026356933 0.0005966019620553835 0.0013788543860053096 0.0030112006029685214 0.006216873576376232 0.012141599538630539 0.02244688251531341 0.03931608772260224 0.06530408202399965 0.10298267665994176 0.1543942294933491 0.2204135565164327 0.30019943191632675 0.3909450453470292 0.4880787778605106 0.585928451250175 0.6786954605007933 0.7614653849818342 0.8309672242018644 0.8858915365035092 0.9267401535719608 0.9553314762335037 0.9741651482941827 0.9858407505647733 0.9926526264494553 0.996392844088748 0.9983255654982774 0.9992654691858456 0.9996956376752536 0.9998809201613049 0.999956025364408 0.999984676699675 0.99999496297536 0.9999984384100413 0.999999543498308 0.999999874188126 0.9999999673160269 0.9999999919976107 0.9999999981536234 0.9999999995985915 0.9999999999177808 0.999999999984135 0.9999999999971163 0.9999999999995063 0.9999999999999204 0.9999999999999879 0.9999999999999982 0.9999999999999998 1. 1. 1. 1. 1. 1. 1. 1. 1. 1. 1. 1. 1. 1. 1. 1.
1.533882871172781e-36 3.583304175149907e-35 7.860629228127218e-34 1.6192733694123068e-32 3.132418355221061e-31 5.690416297267298e-30 9.707814891727886e-29 1.5553249086846042e-27 2.3401979043813923e-26 3.3069386611908065e-25 4.388870586753505e-24 5.470717109239194e-23 6.404912541009765e-22 7.043250937467728e-21 7.275095632244216e-20 7.058713301685598e-19 6.4335491331192906e-18 5.508486313583036e-17 4.430883799636616e-16 3.348470209780426e-15 2.3775188227970713e-14 1.5861655102446484e-13 9.943699522681112e-13 5.85804945209642e-12 3.2433754403602495e-11 1.687786658708894e-10 8.255717794049391e-10 3.796245490609934e-9 1.6412172892410686e-8 6.671847588359124e-8 2.550685123751991e-7 9.172090195137927e-7 3.102839638652887e-6 9.876860272268333e-6 0.00002959020616382571 0.00008345675386267784 0.00022166175780502742 0.0005546086942084036 0.0013077451449672814 0.002907378349868498 0.006097563676588721 0.012071502690981362 0.022575523729851846 0.03991758883841405 0.0668017768428068 0.10593488229270506 0.1594212765127253 0.22806395655901826 0.31078143226105714 0.40437642493073434 0.5038162544125057 0.6030182930099132 0.6959434472485182 0.777676626405071 0.8451784931480846 0.8975247087746033 0.9356406527085255 0.9617009678728081 0.9784312743809533 0.9885163458696129 0.9942246152441727 0.9972583654844882 0.9987722910137995 0.9994816693351929 0.9997937733524417 0.9999227075548333 0.9999727206218216 0.999990936268734 0.9999971657318366 0.9999991660572124 0.9999997691633356 0.9999999399008346 0.9999999852850839 0.9999999966122535 0.9999999992667157 0.9999999998507919 0.9999999999714618 0.9999999999948699 0.9999999999991334 0.9999999999998623 0.9999999999999795 0.9999999999999971 0.9999999999999996 1. 1. 1. 1. 1. 1. 1. 1. 1. 1. 1. 1. 1. 1. 1. 1. 1.
1.2066431662975788e-37 3.147961717753383e-36 7.693124061043342e-35 1.761188708201733e-33 3.7769958245999985e-32 7.588092967876851e-31 1.4281469414156042e-29 2.518119899726436e-28 4.1596130662947765e-27 6.437435675393448e-26 9.333992750434035e-25 1.2680271291413268e-23 1.614020218811399e-22 1.9249635035281845e-21 2.1512156336223017e-20 2.2527306929500717e-19 2.2106283645461727e-18 2.0329279653354506e-17 1.7520571150888036e-16 1.4151957583862122e-15 1.0713976348377999e-14 7.602857440185771e-14 5.057356179792327e-13 3.1537120638934317e-12 1.8437698503296524e-11 1.010684062070933e-10 5.195053250148092e-10 2.5042450975739264e-9 1.1322111797879729e-8 4.801747192461261e-8 1.910542429590436e-7 7.132993373151903e-7 2.499344085480237e-6 8.220749452798048e-6 0.00002538823121269434 0.00007363908349214926 0.0002006669131007628 0.0005139155464351979 0.001237479260899982 0.0028030131582776237 0.005975844807961669 0.011999098253890183 0.02270973866607428 0.04054997111890217 0.06838469135343796 0.10906412934189405 0.16475258126532363 0.23616237579444208 0.3219358721386205 0.41844120715407596 0.5201486024906256 0.6205539391111341 0.7134001322672247 0.7938220393535889 0.8590730806650093 0.9086641102883946 0.94396788336797 0.9675097607688901 0.9822146794322788 0.9908183791966907 0.9955336692834087 0.9979543166855925 0.9991183192540803 0.999642613281177 0.9998638176341564 0.9999512373477644 0.999983598289411 0.9999948191983365 0.999998463623567 0.9999995723467434 0.9999998882900706 0.9999999726208452 0.9999999937048276 0.9999999986423337 0.9999999997253869 0.9999999999479114 0.9999999999907356 0.9999999999984551 0.9999999999997584 0.9999999999999646 0.9999999999999951 0.9999999999999993 1. 1. 1. 1. 1. 1. 1. 1. 1. 1. 1. 1. 1. 1. 1. 1. 1. 1.
8.244240827543601e-39 2.4171278612692438e-37 6.621391237133246e-36 1.6947544659238589e-34 4.053030994821177e-33 9.056842954967948e-32 1.891063983534576e-30 3.6895835929764996e-29 6.726670013231856e-28 1.1460012744762155e-26 1.8244988643199433e-25 2.7144868002850376e-24 3.7742487436871506e-23 4.90440058187374e-22 5.956196788496213e-21 6.760768513934623e-20 7.17273135726736e-19 7.113011819005465e-18 6.593614678922201e-17 5.713695084300726e-16 4.628693367039435e-15 3.505695952595098e-14 2.4825254424311504e-13 1.6437991856196685e-12 1.0178283990745665e-11 5.893996746039024e-11 3.1922553712690387e-10 1.6172804527509508e-9 7.665243556354696e-9 3.399214628605304e-8 1.4106180225837953e-7 5.47889427876878e-7 1.992108894647954e-6 6.782113947942311e-6 0.00002162505635232788 0.00006459714531811913 0.00018083202891413705 0.00047457745988888463 0.0011681491701929186 0.002698172916308945 0.0058516696832881165 0.011924271814478613 0.022849894907183817 0.04121558320583176 0.07005977659324754 0.1123851009447834 0.17041253079241525 0.2447414607255552 0.3336972495604851 0.4331650572071051 0.5370811959501453 0.6385133460431618 0.7310173239833899 0.8098374686548413 0.872586337739393 0.9192593867643347 0.9516946703221464 0.9727547526851377 0.9855306902646974 0.9927719692800414 0.9966066298542866 0.9985038905554428 0.999380921161976 0.9997597031289677 0.999912547599356 0.9999701704949615 0.9999904671416401 0.9999971465234148 0.9999992001895507 0.999999790124052 0.999999948451735 0.9999999881514781 0.9999999974517351 0.9999999994872635 0.9999999999034931 0.9999999999830103 0.9999999999972027 0.9999999999995692 0.999999999999938 0.9999999999999917 0.9999999999999989 0.9999999999999999 1. 1. 1. 1. 1. 1. 1. 1. 1. 1. 1. 1. 1. 1. 1. 1. 1. 1.
4.838930217566624e-40 1.605285215508508e-38 4.962106391717469e-37 1.4292173720063597e-35 3.8358060107379253e-34 9.592888519258335e-33 2.2355551446218053e-31 4.854829706710611e-30 9.824835068914961e-29 1.8528911711484036e-27 3.256562424552005e-26 5.334160245921242e-25 8.142974489761928e-24 1.1585763551623872e-22 1.5364064487286507e-21 1.8990830998596255e-20 2.188044026205433e-19 2.3499667665441314e-18 2.352783406412575e-17 2.1960365594256815e-16 1.910994565389855e-15 1.550489347964401e-14 1.1729981744493403e-13 8.275186275704753e-13 5.444350619235579e-12 3.3407345356138893e-11 1.9120946163219077e-10 1.020932751408515e-9 5.085804000035624e-9 2.364055197861721e-8 1.0255558179537587e-7 4.1528042627917725e-7 1.5699682384384651e-6 5.542503840649015e-6 0.000018276756328795965 0.00005631171215194634 0.0001621633224270766 0.00043664814690100475 0.0010998514417998382 0.002592933084215836 0.0057249924123419175 0.011846901391314425 0.022996392865958025 0.04191701057621207 0.07183471676848487 0.11591400675632882 0.1764278450908456 0.25383641276240326 0.3461016071645543 0.4485727398289069 0.5546152682649502 0.656867679613877 0.7487394196441277 0.8256533643638344 0.8856521913940165 0.9292630506893671 0.9587996388001531 0.9774393555642794 0.9883998716220805 0.9944051719894043 0.9974710138190693 0.9989294089096751 0.9995758220206346 0.9998427865928663 0.9999455183084331 0.9999823533979827 0.9999946595981439 0.9999984904025675 0.9999996015159694 0.9999999017969099 0.9999999774099395 0.9999999951503415 0.9999999990285097 0.9999999998184322 0.9999999999683439 0.9999999999948519 0.9999999999992192 0.9999999999998895 0.9999999999999855 0.9999999999999982 0.9999999999999998 1. 1. 1. 1. 1. 1. 1. 1. 1. 1. 1. 1. 1. 1. 1. 1. 1. 1. 1.
2.4106763646853416e-41 9.115685845352359e-40 3.2024916374059047e-38 1.0453032338855598e-36 3.1700061284886415e-35 8.932022603436504e-34 2.3384083850218676e-32 5.688283907197635e-31 1.2857090387890117e-29 2.7003218626571304e-28 5.270009715654356e-27 9.557467626875604e-26 1.6107317031197463e-24 2.5227078702369825e-23 3.6718899509122824e-22 4.9671592531738296e-21 6.245114572191843e-20 7.298041386660929e-19 7.927334766891002e-18 8.004354370331051e-17 7.513270527805316e-16 6.556364656874766e-15 5.319354522205501e-14 4.0128224370344026e-13 2.814964557180611e-12 1.836405433855814e-11 1.1142481598773395e-10 6.288732181742292e-10 3.3019308069242034e-9 1.6130917339492672e-8 7.333421278071996e-8 3.1030578693945784e-7 1.2223580813839262e-6 4.483676632034097e-6 0.000015318412723962948 0.00004876075284515467 0.00014466319792135764 0.0004001796163501659 0.0010326866853612008 0.0024873773105208853 0.005595768965964642 0.011766856811395231 0.02314966951052436 0.042657105366126075 0.07371802376582681 0.11966877060586471 0.18282782206642137 0.2634851496608062 0.3591864015909296 0.464687558146059 0.5727470138423253 0.6755804432159912 0.7665030291279992 0.8411951815208473 0.8982042072920768 0.9386317477163129 0.9652681507861165 0.9815737885966977 0.9908477066663122 0.9957483281909267 0.9981543558332846 0.9992518711818884 0.9997170072730313 0.9999001576160091 0.9999671603340972 0.9999899339889313 0.9999971256172564 0.9999992355781293 0.9999998107168957 0.9999999563701816 0.9999999906402997 0.9999999981315928 0.9999999996529878 0.9999999999400455 0.999999999990365 0.9999999999985599 0.9999999999997998 0.9999999999999741 0.9999999999999969 0.9999999999999997 1. 1. 1. 1. 1. 1. 1. 1. 1. 1. 1. 1. 1. 1. 1. 1. 1. 1. 1. 1.
1.0058805910707787e-42 4.3701967637195574e-41 1.7585782387451964e-39 6.554446916208058e-38 2.262726384480621e-36 7.23532693520922e-35 2.1430063424786858e-33 5.879461942155176e-32 1.4942072962523062e-30 3.5176635145622375e-29 7.671490018520289e-28 1.54988623291097e-26 2.900869599037951e-25 5.030133909726862e-24 8.081084587414232e-23 1.2028614437894729e-21 1.6589598920230954e-20 2.1200716730862364e-19 2.5106221499697828e-18 2.755193109636432e-17 2.80213138536656e-16 2.641307909668688e-15 2.3076754024030314e-14 1.868915745466859e-13 1.4031422702646195e-12 9.766800940937111e-12 6.303588003725005e-11 3.772763551935497e-10 2.0942333111181213e-9 1.078322321914328e-8 5.1511306112296474e-8 2.283330043125914e-7 9.393764133372208e-7 3.587740082560531e-6 0.000012724284654483916 0.000041919454048087624 0.00012832993395965077 0.0003652216462981757 0.0009667594001744191 0.002381598082323021 0.005463957716948089 0.011683999026372377 0.023310202606347176 0.04343902071158254 0.07571914601870526 0.12366924422989245 0.1896446073975725 0.27372845982398863 0.37299030316958026 0.48153066566654285 0.5914665676840747 0.6946065817980246 0.7842367247784336 0.8563840143661902 0.910176872734899 0.9473276078137466 0.9710931530622027 0.985175174728832 0.9929040845536985 0.996833306074768 0.9986835489895427 0.9994905679825563 0.9998166074926538 0.9999386150612053 0.9999809044949325 0.9999944814981021 0.9999985188929297 0.9999996309369785 0.9999999146402541 0.9999999816790719 0.999999996351634 0.9999999993260454 0.9999999998845279 0.9999999999816525 0.9999999999972968 0.9999999999996307 0.9999999999999533 0.9999999999999944 0.9999999999999993 1. 1. 1. 1. 1. 1. 1. 1. 1. 1. 1. 1. 1. 1. 1. 1. 1. 1. 1. 1. 1.
3.464130569130448e-44 1.7442152735176135e-42 8.10744373350735e-41 3.4789920086354826e-39 1.3782139199849353e-37 5.0405990050144806e-36 1.7019984188288868e-34 5.305880019031786e-33 1.5271701377561788e-31 4.0584512637898526e-30 9.958367537113675e-29 2.256231927724339e-27 4.720205865243458e-26 9.118736148633199e-25 1.6267504749296642e-23 2.680014784055767e-22 4.0775772997958615e-21 5.729759468274302e-20 7.436386353822166e-19 8.91462434751123e-18 9.871567239748967e-17 1.0098108772170427e-15 9.543256499279922e-15 8.332795017052945e-14 6.722965856429914e-13 5.0124482104766854e-12 3.453862708769721e-11 2.1997798587124304e-10 1.2951837245295152e-9 7.050627504283992e-9 3.5493023335644054e-8 1.652575878318098e-7 7.118341549623029e-7 2.8372952382282587e-6 0.000010468002024375917 0.00003576027983299494 0.00011315738162798044 0.0003318212023932412 0.0009021777541701665 0.002275697407823221 0.005329520069425102 0.01159817936128763 0.02347851555937947 0.04426625040823999 0.07784859422951647 0.1279374509908332 0.19691349083416776 0.28461014213918057 0.3875529071763037 0.4991202304609947 0.6107568595619985 0.7138915887517084 0.801860966426134 0.8711375046655047 0.9215070998875157 0.9553196382778021 0.9762758792450338 0.9882674038679035 0.9946025963376739 0.997692667315488 0.9990842180176203 0.999662780315897 0.999884865808895 0.9999635717555637 0.9999893237227863 0.9999971027785146 0.9999992722550428 0.9999998308442264 0.9999999636256671 0.9999999927655114 0.9999999986694209 0.9999999997737342 0.9999999999644307 0.9999999999948317 0.9999999999993059 0.9999999999999138 0.9999999999999901 0.9999999999999989 0.9999999999999999 1. 1. 1. 1. 1. 1. 1. 1. 1. 1. 1. 1. 1. 1. 1. 1. 1. 1. 1. 1. 1.
9.687724795660862e-46 5.706214041778448e-44 3.0919373400426067e-42 1.5412651848889023e-40 7.067996021712374e-39 2.981921340087622e-37 1.1574075713497769e-35 4.133106746396765e-34 1.3579309708893768e-32 4.104883941524626e-31 1.1417167086972628e-29 2.921885420276097e-28 6.880649073377935e-27 1.490981236802987e-25 2.9730884552401894e-24 5.455744641878112e-23 9.213612311740278e-22 1.432043831954241e-20 2.0485934321120446e-19 2.6974473931830688e-18 3.2694513595203355e-17 3.647967763390365e-16 3.74725934302869e-15 3.544042204173569e-14 3.0863548774617146e-13 2.475132259327733e-12 1.8281218748501467e-11 1.243713313857354e-10 7.794791639022158e-10 4.5011761233936404e-9 2.3953096939076686e-8 1.1748937868287873e-7 5.312952033560916e-7 2.2155766131911666e-6 8.522779993080704e-6 0.000030253073690058863 0.00009913468164511248 0.0003000218015402561 0.0008390532806928093 0.002169787527771341 0.005192421190236004 0.011509238688287697 0.023655182961615697 0.04514267485558395 0.08011808693799971 0.13249786408141506 0.20467323007060872 0.29617712142632335 0.40291433383203307 0.5174704288738868 0.6305923438337608 0.7333706536255966 0.8192882592890265 0.8853710614131354 0.9321359353721581 0.962585100486383 0.9808263427633466 0.9908807336483105 0.9959796538510948 0.9983587958631246 0.9993801601424646 0.999783580127038 0.9999301851148876 0.9999792027876132 0.9999942815989655 0.9999985492583805 0.9999996605249444 0.9999999267507201 0.9999999854297218 0.9999999973288021 0.9999999995487323 0.9999999999297611 0.999999999989929 0.99999999999867 0.9999999999998382 0.9999999999999819 0.9999999999999981 0.9999999999999998 1. 1. 1. 1. 1. 1. 1. 1. 1. 1. 1. 1. 1. 1. 1. 1. 1. 1. 1. 1. 1. 1.
2.1607040033754442e-47 1.504072361434723e-45 9.595662928650605e-44 5.610761758655365e-42 3.0068900840889645e-40 1.4769676585465217e-38 6.649539046275349e-37 2.7440326258668493e-35 1.0379463981028588e-33 3.5988191199852125e-32 1.1438179223626499e-30 3.3325664999971866e-29 8.90102607215651e-28 2.1794957560141514e-26 4.892640435847819e-25 1.0069777241511311e-23 1.9002257533798468e-22 3.287914174848546e-21 5.2166142234198923e-20 7.589883054427012e-19 1.0127145673539767e-17 1.239295258343176e-16 1.3910137483720635e-15 1.4321664715357225e-14 1.3526998204514362e-13 1.1721954405533221e-12 9.320498847470684e-12 6.80102707736849e-11 4.5547911853687096e-10 2.800214255888843e-9 1.58060071223134e-8 8.193154762792316e-8 3.901042859896377e-7 1.7065861845696984e-6 6.861652454428008e-6 0.000025365207096573565 0.0000862460094639593 0.000269862821680203 0.0007775004794741113 0.0020639916508266693 0.0050526308577510835 0.011417006516881854 0.0238408369601381 0.04607261445272625 0.08254071952043544 0.1373777243784995 0.2129664026863409 0.3084795262203799 0.4191146894708455 0.5365902450718221 0.650937613346562 0.7529679015519353 0.8364236103669309 0.8989994227979718 0.942010444425006 0.9691107965237344 0.9847635562340944 0.9930511109831179 0.9970734614982845 0.9988630358255486 0.999592886518983 0.9998657407673521 0.9999592463652005 0.999988619636784 0.9999970777270586 0.9999993102447975 0.9999998503984412 0.9999999701928488 0.9999999945456852 0.9999999990835668 0.9999999998586424 0.9999999999799866 0.9999999999973996 0.99999999999969 0.999999999999966 0.9999999999999967 0.9999999999999997 1. 1. 1. 1. 1. 1. 1. 1. 1. 1. 1. 1. 1. 1. 1. 1. 1. 1. 1. 1. 1. 1. 1.
3.767065891964904e-49 3.133636544566755e-47 2.3795348574193416e-45 1.6494587109171e-43 1.0437708172448378e-41 6.029650199127784e-40 3.1798884944349437e-38 1.5309981315598848e-36 6.729632166051954e-35 2.700682734929834e-33 9.895412770040699e-32 3.310440856781929e-30 1.0112157385032278e-28 2.8204831448517005e-27 7.183594147871184e-26 1.6707710441564343e-24 3.5486959736554893e-23 6.883651923480681e-22 1.2195250954923002e-20 1.9733764787623847e-19 2.916786061504297e-18 3.938269345827029e-17 4.857875054927816e-16 5.47475554324471e-15 5.637699966376481e-14 5.305226786770924e-13 4.562699647567011e-12 3.586847727081087e-11 2.5777530642624713e-10 1.6938669638175043e-9 1.0179083716183684e-8 5.5952874724937454e-8 2.814015788812554e-7 1.2952176237022267e-6 5.457721350554945e-6 0.000021061778299446166 0.00007447035884440682 0.0002413787602669121 0.0007176363067681717 0.001958444705644604 0.0049101244459169285 0.011321299991299074 0.024036174595081203 0.04706089186233174 0.085131160928423 0.14260740384907553 0.22183978563260773 0.32157071129559167 0.4361933558773884 0.5564820528324987 0.6717459162485842 0.7725957905480445 0.8531653551740326 0.9119385795970473 0.9510857155572028 0.9748941770450121 0.9881154166676589 0.9948192149460431 0.9979228867904466 0.9992348894392155 0.99974129145774 0.9999197574551499 0.9999771839380991 0.9999940557912927 0.9999985816830772 0.9999996901766022 0.9999999380594198 0.9999999886699006 0.9999999981042432 0.9999999997099129 0.9999999999594129 0.9999999999948086 0.999999999999393 0.9999999999999352 0.9999999999999937 0.9999999999999994 1. 1. 1. 1. 1. 1. 1. 1. 1. 1. 1. 1. 1. 1. 1. 1. 1. 1. 1. 1. 1. 1. 1. 1.
5.020361013936857e-51 5.051508836390777e-49 4.620074615449067e-47 3.8408429757792236e-45 2.902433683930295e-43 1.9937252441081582e-41 1.2449308405597446e-39 7.066630591220313e-38 3.646513718648212e-36 1.7106196662799333e-34 7.2954474262395e-33 2.828700311962748e-31 9.971791837529623e-30 3.1961460421858985e-28 9.314602893647338e-27 2.4683400431409355e-25 5.947969469536664e-24 1.3033994104869396e-22 2.597498366146056e-21 4.707910087392904e-20 7.761126880300528e-19 1.1637952936936187e-17 1.587516416742375e-16 1.9700983602808634e-15 2.224477476787847e-14 2.285523106283284e-13 2.1370428228711533e-12 1.818735748273382e-11 1.4090317351565877e-10 9.938966305620284e-10 6.3843297793633785e-9 3.7354169391477415e-8 1.9912342043615936e-7 9.673670745813215e-7 4.284417593122836e-6 0.00001730586408843274 0.0000637813757095101 0.0002145984462549639 0.0006595795382534542 0.0018532940997577267 0.0047648840638984695 0.011221922784383173 0.02424196628187464 0.048112904868843384 0.08790588335993818 0.14822082121826663 0.23134476021175712 0.3355072018293086 0.45418806875157425 0.5771399578772165 0.6929576087319881 0.7921547501662458 0.8694064295972155 0.9241080606902253 0.9593269055907505 0.9799441701294316 0.9909182070042053 0.9962292433937887 0.9985662902076532 0.9995013262265537 0.9998414675000205 0.9999539687682755 0.9999878001235545 0.9999970501260372 0.9999993495611472 0.9999998692620992 0.9999999760531658 0.9999999960040085 0.9999999993926699 0.9999999999159465 0.999999999989409 0.9999999999987852 0.9999999999998732 0.999999999999988 0.9999999999999989 1. 1. 1. 1. 1. 1. 1. 1. 1. 1. 1. 1. 1. 1. 1. 1. 1. 1. 1. 1. 1. 1. 1. 1. 1.
4.988144412351783e-53 6.152213628958452e-51 6.865559869558356e-49 6.932354403679841e-47 6.333655110019975e-45 5.236077865066401e-43 3.916928185694017e-41 2.651449870064689e-39 1.6241672158437572e-37 9.003255718794171e-36 4.516508822900867e-34 2.0504748813713573e-32 8.424988444684201e-31 3.1330230404084425e-29 1.0545197976086235e-27 3.212637170332283e-26 8.859413228900128e-25 2.2116017789514457e-23 4.997950822687914e-22 1.0225552018567988e-20 1.894176758958866e-19 3.177059276653653e-18 4.82543644711405e-17 6.637330999649471e-16 8.268739891994978e-15 9.330876267497098e-14 9.538864124300932e-13 8.83532259506536e-12 7.415963900771671e-11 5.641687025813227e-10 3.890752738407323e-9 2.4329926220725503e-8 1.3798890966357153e-7 7.100268300213898e-7 3.315768270502854e-6 0.000014058826121031126 0.00005414725532454748 0.0001895442131868519 0.0006034499870907504 0.0017487004718776315 0.004616899874623554 0.01111866387622375 0.024459065650151712 0.04923471194362911 0.09088343113702695 0.1542559174683855 0.24153773824165778 0.3503485291130868 0.47313373976700085 0.598547883680765 0.7144985956032248 0.811533163630155 0.8850361592161156 0.935433554859614 0.9667112163707152 0.9842816251534914 0.9932156839662978 0.9973274908563874 0.9990403863370669 0.9996862491035567 0.9999066724290762 0.9999747617767372 0.9999937988971452 0.9999986163745913 0.999999719767352 0.9999999484999269 0.9999999914148757 0.9999999987021806 0.9999999998221287 0.9999999999779032 0.9999999999975122 0.9999999999997462 0.9999999999999765 0.999999999999998 0.9999999999999998 1. 1. 1. 1. 1. 1. 1. 1. 1. 1. 1. 1. 1. 1. 1. 1. 1. 1. 1. 1. 1. 1. 1. 1. 1.
3.593002425337782e-55 5.511610406598553e-53 7.612299729392172e-51 9.466246328589339e-49 1.05991977026982e-46 1.0685891265492105e-44 9.700653699510824e-43 7.929656211725682e-41 5.836899178651236e-39 3.868981843377144e-37 2.3094627215156876e-35 1.2414781497899352e-33 6.01030146997756e-32 2.6205888672891992e-30 1.0291169697570627e-28 3.6400977596053084e-27 1.159750922730907e-25 3.328453914502745e-24 8.605405969692068e-23 2.0043721650406874e-21 4.206233442534969e-20 7.953333526230937e-19 1.3551333007358113e-17 2.080807356914617e-16 2.8796731873790384e-15 3.5922412087080766e-14 4.03974592873644e-13 4.096103723577321e-12 3.74529541437956e-11 3.088719981385424e-10 2.2979374189099233e-9 1.542651005822012e-8 9.347270247450727e-8 5.113584833198724e-7 2.526663739577411e-6 0.000011280671746112039 0.000045530716852461125 0.00016623104436302134 0.0005493675585896201 0.001644838419968793 0.004466171618836441 0.011011296204359734 0.024688420997705834 0.05043313311412146 0.09408473639031179 0.16075519961560122 0.2524806018448782 0.36615691892373303 0.4930609700910713 0.6206773922976955 0.7362788349128928 0.8306078142733677 0.8999426278806171 0.9458498075540018 0.973229665809489 0.9879392691462907 0.9950577506812827 0.9981607912661201 0.99937921378265 0.9998101520442554 0.9999474407586046 0.9999868368286811 0.9999970195668026 0.9999993902029483 0.9999998873085549 0.9999999811966203 0.9999999971680724 0.9999999996151335 0.9999999999528137 0.999999999994782 0.9999999999994796 0.9999999999999531 0.9999999999999962 0.9999999999999998 1. 1. 1. 1. 1. 1. 1. 1. 1. 1. 1. 1. 1. 1. 1. 1. 1. 1. 1. 1. 1. 1. 1. 1. 1. 1.
1.8181575046593236e-57 3.524761620900654e-55 6.119946612798869e-53 9.516854672930135e-51 1.3254885814675427e-48 1.6535019477590627e-46 1.8475221624303077e-44 1.8490199168699944e-42 1.6575706031126139e-40 1.331046923699628e-38 9.574561049458777e-37 6.169683228181518e-35 3.5615642303696995e-33 1.841913754979057e-31 8.534271379132249e-30 3.5428424197272713e-28 1.3177916168560523e-26 4.392121605126209e-25 1.3117770036961842e-23 3.5110049787438127e-22 8.422074833004282e-21 1.8107415886584814e-19 3.489639652940238e-18 6.028820951685613e-17 9.33807599918515e-16 1.296899688492312e-14 1.615236492343942e-13 1.804306820015746e-12 1.8080113804558995e-11 1.6255111287825647e-10 1.3115037747000124e-9 9.498304713460619e-9 6.176488927372766e-8 3.6074257666000126e-7 1.8931172081599155e-6 8.930467231098047e-6 0.00003788906999608161 0.00014466570514939627 0.0004974511224500802 0.0015418971821605579 0.004312710374929502 0.01089957517090578 0.024931088675340284 0.05171586934443371 0.09753349077859842 0.16776636204773715 0.26424114467631854 0.3829967827126236 0.5139941971423865 0.6434852459492204 0.7581910132807859 0.8492449335492305 0.9140156655209595 0.955303686828618 0.9788884909762714 0.9909610890420639 0.9964987493097961 0.9987749226740454 0.9996132888291787 0.9998899874472543 0.9999718188824132 0.9999935043086297 0.999998653567318 0.9999997491481402 0.9999999580108008 0.9999999936877166 0.9999999991480244 0.9999999998967855 0.9999999999887792 0.9999999999989055 0.9999999999999043 0.9999999999999925 0.9999999999999994 1. 1. 1. 1. 1. 1. 1. 1. 1. 1. 1. 1. 1. 1. 1. 1. 1. 1. 1. 1. 1. 1. 1. 1. 1. 1. 1.
6.238378936658954e-60 1.5556148569896807e-57 3.4544411601137846e-55 6.831361905851654e-53 1.20309384373231e-50 1.8869655544701684e-48 2.635790518310861e-46 3.2790736387321087e-44 3.6332601744031457e-42 3.585580075122285e-40 3.151762210021952e-38 2.4677041056124714e-36 1.7210521209761721e-34 1.0692351057025083e-32 5.917646241140611e-31 2.917704574356627e-29 1.2816570515440037e-27 5.016076725510093e-26 1.7492188740961424e-24 5.435507158012175e-23 1.5051611475387395e-21 3.7145582489769125e-20 8.170533627373749e-19 1.6019710983990118e-17 2.8000550566936865e-16 4.363531860387063e-15 6.063560643562486e-14 7.514513608154853e-13 8.306760296801048e-12 8.192268675811049e-11 7.209650784973866e-10 5.663326738674736e-9 3.9719418438253385e-8 2.488024461086931e-7 1.3925086014973491e-6 6.966798819543473e-6 0.00003117438856036148 0.0001248458822595414 0.00044781718375222344 0.0014400812410889693 0.004156540588856354 0.010783236990357176 0.025188248790606865 0.053091644407846576 0.10125658447334106 0.17534299540244558 0.27689349589901524 0.40093394829632734 0.535949411783628 0.6669107369659628 0.7801095351559324 0.8673019986598361 0.9271504585962638 0.9637572606424143 0.9837100049514613 0.9934010846093686 0.9975954515827561 0.9992130879907786 0.999769005790416 0.9999392411879491 0.9999856919399037 0.9999969855487718 0.9999994321487478 0.999999904403315 0.9999999856236452 0.9999999980693883 0.999999999768556 0.999999999975238 0.9999999999976362 0.9999999999997987 0.9999999999999847 0.9999999999999989 1. 1. 1. 1. 1. 1. 1. 1. 1. 1. 1. 1. 1. 1. 1. 1. 1. 1. 1. 1. 1. 1. 1. 1. 1. 1. 1. 1.
1.3943997324033334e-62 4.56040385602579e-60 1.3200615322570447e-57 3.381959470432999e-55 7.668934492358597e-53 1.5392307408665516e-50 2.7345434606268566e-48 4.300207298759385e-46 5.985897419062354e-44 7.375936944825057e-42 8.045756074408675e-40 7.7694991592439e-38 6.642194811606287e-36 5.0273583413456305e-34 3.3689641518520606e-32 1.998948123617422e-30 1.0502127968024604e-28 4.885936347955858e-27 2.0129794475012579e-25 7.344813472504562e-24 2.373579711064025e-22 6.794280458183401e-21 1.7228140364534614e-19 3.870183298181157e-18 7.703190693448499e-17 1.3586548101155393e-15 2.123766946282139e-14 2.9426002255560224e-13 3.614586548188727e-12 3.9370926000424363e-11 3.8034810529235584e-10 3.259786476602546e-9 2.4793082168754125e-8 1.6740087969898404e-7 1.0038039829688768e-6 5.348274159164509e-6 0.00002533380514127509 0.00010675935533213413 0.000400578335065699 0.0013396108143772347 0.003997702412784299 0.010661996860138386 0.025461223709562594 0.05457037421554844 0.10528462610034776 0.18354539335781583 0.29051849916434724 0.42003455042512405 0.5589313816769282 0.6908728456507293 0.8018900113195329 0.8846304280257775 0.9392517320250882 0.9711906717338346 0.9877327286700883 0.9953213851086297 0.9984048691305906 0.9995145914841737 0.9998683252661448 0.9999681921414308 0.9999931634728759 0.9999986935263381 0.9999997781422407 0.9999999665387311 0.9999999955195515 0.9999999994675781 0.9999999999438679 0.9999999999947511 0.9999999999995648 0.999999999999968 0.9999999999999979 0.9999999999999999 1. 1. 1. 1. 1. 1. 1. 1. 1. 1. 1. 1. 1. 1. 1. 1. 1. 1. 1. 1. 1. 1. 1. 1. 1. 1. 1. 1.
1.9402731472332606e-65 8.504024273824421e-63 3.2769728527446785e-60 1.1102391307588519e-57 3.3072324497811e-55 8.6621800321137e-53 1.994869337807886e-50 4.039593636959253e-48 7.192980829143992e-46 1.126266176360459e-43 1.5507721575622177e-41 1.8777801569613622e-39 1.999620005138689e-37 1.8727236092027064e-35 1.5425610679206554e-33 1.1175684707222303e-31 7.121827847798034e-30 3.992260552450007e-28 1.968716541739513e-26 8.541100837934353e-25 3.2601925001599464e-23 1.0949823418160449e-21 3.2362720711381625e-20 8.41784466396e-19 1.9271864024171104e-17 3.8839017654402237e-16 6.891217374126921e-15 1.0766541344309908e-13 1.481451997189212e-12 1.7956408354005268e-11 1.9176712675739082e-10 1.8049670915204422e-9 1.4977555887099155e-8 1.0960934074750008e-7 7.077416854337474e-7 4.0340534209554126e-6 0.00002030993952623801 0.00009038323223924267 0.0003558414746438621 0.001240722184463261 0.003836254395755991 0.010535546934225527 0.02575149995144821 0.05616336982544417 0.1096525603608595 0.19244146753985755 0.3052040063597802 0.4403634823002197 0.5829303205641224 0.715267330505289 0.82336947725874 0.9010793057748062 0.9502383767221874 0.9776045429713613 0.9910106411974319 0.9967897868651059 0.9989820440520162 0.9997138214270342 0.9999287619510376 0.9999843141183817 0.9999969474521297 0.9999994753497403 0.9999999204063951 0.9999999893469422 0.9999999987425885 0.9999999998691622 0.999999999988002 0.9999999999990306 0.9999999999999309 0.9999999999999957 0.9999999999999998 1. 1. 1. 1. 1. 1. 1. 1. 1. 1. 1. 1. 1. 1. 1. 1. 1. 1. 1. 1. 1. 1. 1. 1. 1. 1. 1. 1. 1.
1.5961507052052008e-68 9.602245972681982e-66 5.042297772207117e-63 2.31126417876452e-60 9.247948674400109e-58 3.2301736902375902e-55 9.84921442230365e-53 2.62170563197918e-50 6.092353207013043e-48 1.2359990518905028e-45 2.1892594140569685e-43 3.385614863545428e-41 4.5714666517413264e-39 5.3897550917048115e-37 5.548777163588799e-35 4.988400358440729e-33 3.9163721546707787e-31 2.685283980582811e-29 1.6080792825127095e-27 8.411349830163696e-26 3.843244446300018e-24 1.5340549504891898e-22 5.349767187164559e-21 1.6301399274241091e-19 4.340713273836365e-18 1.0101822068150162e-16 2.0549625191581084e-15 3.6546433940060226e-14 5.683343961110234e-13 7.729883598516729e-12 9.197244991061105e-11 9.575912288865738e-10 8.727329804511776e-9 6.965081666595008e-8 4.869767274968679e-7 2.984396017361086e-6 0.000016041470504149887 0.00007568328613759672 0.0003137057801445894 0.0011436678096358843 0.0036722765743352442 0.010403554078451836 0.026060754219217865 0.05788358197614003 0.11440040377863224 0.20210777962431017 0.32104502879551466 0.46198228695160626 0.607917956287731 0.7399639159067537 0.8443676161237784 0.9165002239613844 0.9600483022362833 0.9830216054679148 0.9936114434146905 0.9978768441579966 0.9993780049889822 0.9998396229444064 0.9999636500391125 0.9999927651433684 0.9999987365517123 0.9999998065421647 0.9999999740423235 0.9999999969494021 0.9999999996861191 0.9999999999717348 0.999999999997773 0.9999999999998466 0.9999999999999907 0.9999999999999996 1. 1. 1. 1. 1. 1. 1. 1. 1. 1. 1. 1. 1. 1. 1. 1. 1. 1. 1. 1. 1. 1. 1. 1. 1. 1. 1. 1. 1. 1.
7.318541380469575e-72 6.206278197479701e-69 4.55821722160298e-66 2.8995104850146365e-63 1.5974587114483238e-60 7.622895075573941e-58 3.1506947981551392e-55 1.1279772649863036e-52 3.4979559853880003e-50 9.396402562203046e-48 2.186535275113577e-45 4.407724184817243e-43 7.697542263624088e-41 1.1646289765535163e-38 1.526653829983217e-36 1.7339332689684353e-34 1.7064214457605005e-32 1.45521708608051e-30 1.0754363758316552e-28 6.887914607688231e-27 3.8235841210681653e-25 1.8398004906685557e-23 7.6741341091107975e-22 2.7751896215433886e-20 8.7018580158655e-19 2.3661650219173725e-17 5.58028883989174e-16 1.1416167381684782e-14 2.0263728091314574e-13 3.1213964915838157e-12 4.173672555522719e-11 4.845669987789731e-10 4.886545079951051e-9 4.281875629582168e-8 3.2617614670167174e-7 2.16120543914328e-6 0.000012463856361758049 0.00006261343901526435 0.00027426043429401884 0.001048716144768746 0.003505874015778069 0.010265657384525792 0.026390884499340656 0.05974589709045936 0.11957412358766065 0.21263069700927015 0.338143665321722 0.48494634310472184 0.6338429773926462 0.7648038210574972 0.8646892960487267 0.9307532541142993 0.9686431839154144 0.9874872274541897 0.9956138148667616 0.9986527227111797 0.9996380765088659 0.9999151029207136 0.9999826322408968 0.9999969045002312 0.9999995197206362 0.9999999351760196 0.9999999923930976 0.9999999992242861 0.9999999999312869 0.9999999999947147 0.9999999999996471 0.9999999999999796 0.9999999999999989 1. 1. 1. 1. 1. 1. 1. 1. 1. 1. 1. 1. 1. 1. 1. 1. 1. 1. 1. 1. 1. 1. 1. 1. 1. 1. 1. 1. 1. 1. 1.
1.7481997910530793e-75 2.152918722393634e-72 2.2767748832442105e-69 2.0676515933183217e-66 1.6125343171186698e-63 1.0800033152853885e-60 6.212074076312796e-58 3.0687058357755864e-55 1.3019476791696876e-52 4.744221243934284e-50 1.4848548450299754e-47 3.9917783661447474e-45 9.217839888405686e-43 1.8284816555876365e-40 3.115808298789808e-38 4.561327541840418e-36 5.736881858648619e-34 6.199413458282857e-32 5.756304773060092e-30 4.592897014943465e-28 3.149298782414641e-26 1.8559377180645968e-24 9.401077702126146e-23 4.093584430635895e-21 1.5324786883746797e-19 4.932974659404839e-18 1.3655693674518074e-16 3.2515063068350563e-15 6.660507216286827e-14 1.1740325330541474e-12 1.7812139485656e-11 2.3267295464993033e-10 2.617711652561937e-9 2.5375946961628307e-8 2.1205965384051695e-7 1.5285516714874412e-6 9.51020314817344e-6 0.000051115442908407325 0.00023758210909844782 0.0009561510847084639 0.003337180870279134 0.010121465418513005 0.02674404741116102 0.06176749742766706 0.1252266903556754 0.22410767322715724 0.3566086957401311 0.5093011755085205 0.660625885882535 0.7895979716702465 0.8841287454927229 0.9437139391469731 0.9760126593953264 0.9910685499745522 0.9971037600384136 0.9991840895978793 0.9998007033137941 0.9999578559253568 0.9999922942670776 0.9999987829831186 0.9999998341070828 0.9999999804964794 0.9999999980234562 0.9999999998274156 0.9999999999870215 0.9999999999991598 0.9999999999999531 0.9999999999999978 0.9999999999999999 1. 1. 1. 1. 1. 1. 1. 1. 1. 1. 1. 1. 1. 1. 1. 1. 1. 1. 1. 1. 1. 1. 1. 1. 1. 1. 1. 1. 1. 1. 1.