3.08273482613059e-89 9.320138953621533e-86 2.394682148437063e-82 5.22901936794342e-79 9.703928943113912e-76 1.5305184725500863e-72 2.051645658471585e-69 2.3374846891494097e-66 2.2635408943062922e-63 1.863083527708171e-60 1.3034452638377852e-57 7.751446328621247e-55 3.918466510362752e-52 1.683868044550919e-49 6.151411446602281e-47 1.91044233281354e-44 5.044343479272248e-42 1.132420506375124e-39 2.1615526440873056e-37 3.5083562137999666e-35 4.842263653963059e-33 5.683682926519699e-31 5.673887262132587e-29 4.81767208764261e-27 3.4796822661765173e-25 2.1381216174295446e-23 1.1178036058039665e-21 4.972728195993966e-20 1.8827075371867396e-18 6.067375938313521e-17 1.66467496083628e-15 3.889201674856958e-14 7.739261027482744e-13 1.312104277878282e-11 1.8958698426780244e-10 2.3355299741335404e-9 2.4541100041041512e-8 2.2007243480931346e-7 1.6853005571576273e-6 0.000011029705703336243 0.00006174954229567288 0.00029606718464671617 0.0012174774031475767 0.0043016625182474314 0.013089541540066467 0.03440520922331497 0.0784199426109326 0.15579346245756537 0.2715886160881795 0.4191247476281565 0.5791616563656229 0.7269557035435184 0.8431560734964606 0.9209361047258502 0.9652594516117063 0.9867621137044014 0.9956425909697088 0.9987647266628832 0.9996991068804941 0.999937138726722 0.9999887527360519 0.9999982785327359 0.999999774820164 0.999999974846199 0.9999999976020312 0.9999999998050078 0.9999999999864815 0.9999999999992013 0.9999999999999598 0.9999999999999982 1. 1. 1. 1. 1. 1. 1. 1. 1. 1. 1. 1. 1. 1. 1. 1. 1. 1. 1. 1. 1. 1. 1. 1. 1. 1. 1. 1. 1. 1.
6.585201967524586e-90 2.118917266280439e-86 5.7868141650783345e-83 1.341384626462891e-79 2.6391463234300546e-76 4.4073607817430456e-73 6.247523964039008e-70 7.517289683904346e-67 7.678019095353663e-64 6.657066602440898e-61 4.899756718820195e-58 3.0615194600747652e-55 1.6239939566844712e-52 7.313609247976829e-50 2.796374634572999e-47 9.078055956175581e-45 2.502323178711463e-42 5.85689983524005e-40 1.1640958229610652e-37 1.9648571400484442e-35 2.816577338974674e-33 3.429182822735019e-31 3.546260886189819e-29 3.1152870685705062e-27 2.3249467106800525e-25 1.4742127825016176e-23 7.943089802883447e-22 3.637113119715834e-20 1.4155495760414175e-18 4.6834446572182635e-17 1.3175237899594002e-15 3.152074308708339e-14 6.414828977212853e-13 1.1108270342705741e-11 1.6372776321439655e-10 2.054842812114478e-9 2.1969020259560425e-8 2.0019381218042832e-7 1.5558811977466005e-6 0.000010321052327256272 0.00005849292152293636 0.0002835437581423975 0.0011773477786649977 0.004195196994077463 0.012858104343308523 0.03400059600536779 0.07787269851872443 0.15527818025082382 0.271400270193145 0.4195238635995668 0.5801823929073284 0.7283505189041644 0.844542443637857 0.9220177644529932 0.9659426552723938 0.9871169525810648 0.9957955017262534 0.9988197096013143 0.999715666428542 0.9999413272272106 0.9999896442019514 0.999998438423878 0.9999997990142824 0.9999999779375559 0.9999999979358065 0.9999999998354783 0.9999999999888345 0.999999999999355 0.9999999999999682 0.9999999999999987 1. 1. 1. 1. 1. 1. 1. 1. 1. 1. 1. 1. 1. 1. 1. 1. 1. 1. 1. 1. 1. 1. 1. 1. 1. 1. 1. 1. 1. 1.
1.3813857024052048e-90 4.734112908551675e-87 1.3752372624928779e-83 3.3864107698555956e-80 7.068589088058555e-77 1.2507357557103301e-73 1.876062649539042e-70 2.3855465194712872e-67 2.5715664316331313e-64 2.350109971646877e-61 1.8208379562204574e-58 1.196079606801437e-55 6.661446489991476e-53 3.145659892992679e-50 1.2595228744664264e-47 4.276309041065017e-45 1.2311755857262981e-42 3.005935267547222e-40 6.224015592538064e-38 1.0929944090091273e-35 1.6279782337739994e-33 2.0568019130386237e-31 2.2043594949697268e-29 2.004263249933725e-27 1.546143256722157e-25 1.0120735588039576e-23 5.622011961916052e-22 2.6506035428648224e-20 1.0608014457299052e-18 3.6043832121764186e-17 1.0399589780875304e-15 2.5484854909103104e-14 5.305603375614947e-13 9.386342162517029e-12 1.4115917034341704e-10 1.8052576598371643e-9 1.9641860545951963e-8 1.8191651596908678e-7 1.4351145228545688e-6 9.650794070903975e-6 0.000055374935585418995 0.0002714219627595568 0.0011381299256937273 0.004090281229247318 0.01262842813019522 0.03359675345651657 0.07732406761662902 0.15475996580104373 0.2712105018689266 0.4199262171683441 0.5812106497195103 0.729752757235471 0.8459315627771593 0.9230965724596898 0.966620039250154 0.9874662418295933 0.9959447465998996 0.9988728512226333 0.999731494898671 0.9999452815381313 0.9999904743909578 0.9999985851119869 0.9999998208524843 0.9999999806793269 0.9999999982263089 0.9999999998614695 0.9999999999907991 0.9999999999994805 0.9999999999999751 0.999999999999999 1. 1. 1. 1. 1. 1. 1. 1. 1. 1. 1. 1. 1. 1. 1. 1. 1. 1. 1. 1. 1. 1. 1. 1. 1. 1. 1. 1. 1. 1.
2.844781366681841e-91 1.0391457236116094e-87 3.213271098193823e-84 8.411418846209392e-81 1.8640185978129737e-77 3.4970267530754846e-74 5.554239685333393e-71 7.468563418198921e-68 8.502504158505802e-65 8.195307204666983e-62 6.688124236870542e-59 4.621438129998732e-56 2.7039438995026454e-53 1.33961819239099e-50 5.620093545786313e-48 1.9966542686911238e-45 6.0072843488391954e-43 1.530700934328425e-40 3.303406860801448e-38 6.03834845048071e-36 9.349445447924092e-34 1.226295047952439e-31 1.3626315330951085e-29 1.282840253662081e-27 1.023334684973229e-25 6.91765010178521e-24 3.9631936545161663e-22 1.9245706747737394e-20 7.922958726572816e-19 2.765522536581459e-17 8.186236646162602e-16 2.0554227159208126e-14 4.378586480128341e-13 7.915989665947703e-12 1.2149473700868136e-10 1.5836432398950296e-9 1.753885942340783e-8 1.6512882447553747e-7 1.3225183915177156e-6 9.017292889448597e-6 0.00005239134089218291 0.00025969394758890466 0.001099815288000337 0.0039869155389682465 0.012400531549869158 0.03319371048338372 0.07677406041622782 0.15423879775276525 0.27101929501528754 0.4203318474491183 0.5822465028687146 0.7311624479049993 0.8473233671553113 0.9241724204336179 0.9672915315746999 0.9878099755228213 0.9960903590313949 0.9989241878574845 0.9997466150646067 0.9999490118482891 0.9999912467854251 0.9999987195359563 0.999999840538143 0.9999999831073185 0.9999999984787038 0.9999999998835956 0.9999999999924356 0.9999999999995828 0.9999999999999805 0.9999999999999992 1. 1. 1. 1. 1. 1. 1. 1. 1. 1. 1. 1. 1. 1. 1. 1. 1. 1. 1. 1. 1. 1. 1. 1. 1. 1. 1. 1. 1. 1.
5.7496787795721336e-92 2.2402958678629104e-88 7.379580361554669e-85 2.055086363199237e-81 4.838477516465487e-78 9.631108201164284e-75 1.6208465603215827e-71 2.3062984279070357e-68 2.774646093040863e-65 2.822470897623634e-62 2.4276900752916384e-59 1.7656797021718938e-56 1.0859242507568943e-53 5.647694288114384e-51 2.4839520202867506e-48 9.239176948846239e-46 2.9064349985227478e-43 7.73296523056684e-41 1.7402528562651115e-38 3.3127171410410796e-36 5.334445394733006e-34 7.267030911388404e-32 8.375687920978999e-30 8.168006962706783e-28 6.740376862430646e-26 4.707275241730038e-24 2.7824183609430243e-22 1.392191034539327e-20 5.897419003013455e-19 2.115355284733183e-17 6.426048226336151e-16 1.6536234183787057e-14 3.605517323422623e-13 6.6628454520356525e-12 1.0438926751452848e-10 1.3871486659934911e-9 1.5640773008385555e-8 1.497254358906332e-7 1.2176312121218247e-6 8.418957361424282e-6 0.00004953795608638342 0.000248351862966245 0.0010623951327496134 0.0038850999243493453 0.012174433148002942 0.03279149636613896 0.07622268785634273 0.15371465461457176 0.27082663328931456 0.4207407941820835 0.5832900293194325 0.7325796197263021 0.8487177910522061 0.9252451987726682 0.9679570608525383 0.9881481492107544 0.9962323734234563 0.998973755940918 0.9997610493994809 0.9999525280627428 0.9999919647194002 0.9999988425803422 0.9999998582596079 0.9999999852540927 0.9999999986975978 0.999999999902393 0.9999999999937959 0.9999999999996656 0.9999999999999847 0.9999999999999993 1. 1. 1. 1. 1. 1. 1. 1. 1. 1. 1. 1. 1. 1. 1. 1. 1. 1. 1. 1. 1. 1. 1. 1. 1. 1. 1. 1. 1. 1.
1.1401687791997515e-92 4.7424284703358424e-89 1.6653714258959933e-85 4.9375071421827257e-82 1.2359440012588282e-78 2.6121188361123813e-75 4.661217572481603e-72 7.023085937027147e-69 8.934891783717349e-66 9.598306471621121e-63 8.706749505197347e-60 6.669397988676109e-57 4.314201144638417e-54 2.3567441756644406e-51 1.0872743385139625e-48 4.236411860895107e-46 1.3941476082001722e-43 3.875179011702028e-41 9.098503590895884e-39 1.8045471440580932e-36 3.0235266311026483e-34 4.279929283646623e-32 5.118816771316188e-30 5.173080042062923e-28 4.417899355926442e-26 3.1887051684191564e-24 1.9453376725557742e-22 1.0032610037045766e-20 4.374560717264188e-19 1.6129767004847268e-17 5.030094543037097e-16 1.3270015355245545e-14 2.962241758170833e-13 5.596886125404357e-12 8.953491780538437e-11 1.2131818584962321e-9 1.3929784652616708e-8 1.3560719527585634e-7 1.1200114186420946e-6 7.854242362996996e-6 0.00004681066330012962 0.00023738786409170656 0.0010258605529867226 0.0037848340675987894 0.011950151357797707 0.03239014075908061 0.07566996131306886 0.15318751476002698 0.2706325001008538 0.4211530977454106 0.5843413069441434 0.7340043009297722 0.850114766748352 0.9263147965954643 0.9686165563135756 0.9884807599457007 0.996370825128543 0.9990215919905436 0.9997748200657632 0.9999558398035098 0.9999926313820724 0.9999989550776138 0.9999998741910949 0.9999999871492165 0.9999999988870929 0.9999999999183293 0.9999999999949236 0.9999999999997329 0.9999999999999881 0.9999999999999996 1. 1. 1. 1. 1. 1. 1. 1. 1. 1. 1. 1. 1. 1. 1. 1. 1. 1. 1. 1. 1. 1. 1. 1. 1. 1. 1. 1. 1. 1.
2.2176504906146966e-93 9.854522772131335e-90 3.692018607083203e-86 1.1662337059827232e-82 3.1060528877106015e-79 6.974969426566388e-76 1.3206727215768505e-72 2.1085184531773166e-69 2.8385689872901034e-66 3.222349567368894e-63 3.084672973167862e-60 2.4901294102393563e-57 1.6952160420263793e-54 9.732707526937021e-52 4.712638569720078e-49 1.9245719312101686e-46 6.6292276780449e-44 1.9260670253026977e-41 4.720438161860871e-39 9.759342904601801e-37 1.70221126733522e-34 2.5049030304602024e-32 3.11018305432236e-30 3.2586298154091225e-28 2.881234301504679e-26 2.1501144490080387e-24 1.354360417035132e-22 7.20199637395227e-21 3.233559739473229e-19 1.2259983420917362e-17 3.92609946629665e-16 1.0621555373719518e-14 2.4281590015240467e-13 4.691931565804697e-12 7.665759403425508e-11 1.0593893009824105e-9 1.2389418427953778e-8 1.2268082742821332e-7 1.0292369438769547e-6 7.321648708093405e-6 0.00004420540935495427 0.00022679411467323735 0.0009902024702836377 0.0036861173273105294 0.01172770449076178 0.03198967369103626 0.07511589261000229 0.15265735642870715 0.2704368786078435 0.42156879916795287 0.5854004145333804 0.7354365191325037 0.8515142244861572 0.9273811017531695 0.9692699478587832 0.9888078063068222 0.9965057504355816 0.999067732584444 0.9997879489055401 0.9999589564105562 0.9999932498212816 0.9999990578103666 0.9999998884935392 0.9999999888194975 0.9999999990508344 0.9999999999318119 0.9999999999958565 0.9999999999997871 0.9999999999999907 0.9999999999999997 1. 1. 1. 1. 1. 1. 1. 1. 1. 1. 1. 1. 1. 1. 1. 1. 1. 1. 1. 1. 1. 1. 1. 1. 1. 1. 1. 1. 1. 1.
4.2294150040358543e-94 2.0094636355522597e-90 8.038327862494917e-87 2.7073514490203757e-83 7.677592228081879e-80 1.8332242490410747e-76 3.685747057529792e-73 6.239714409639153e-70 8.894953955940356e-67 1.0677604041363176e-63 1.0793621144280287e-60 9.188335042006916e-58 6.587138773961415e-55 3.977061331653467e-52 2.0223187999495412e-49 8.6611693701266545e-47 3.1243685672295187e-44 9.493529912225398e-42 2.4299409649280573e-39 5.239516038783231e-37 9.517905178686496e-35 1.456720754377113e-32 1.878577049322144e-30 2.0414370657095168e-28 1.869552805781482e-26 1.4430429841060434e-24 9.388817075043822e-23 5.1497831565924644e-21 2.38164446208908e-19 9.28852192596199e-18 3.0554806739662363e-16 8.479473206007487e-15 1.9857363777667627e-13 3.925195720185921e-12 6.551365007566149e-11 9.236370803272908e-10 1.100445639012665e-8 1.1085867579866599e-7 9.449046904147317e-7 6.819722755013808e-6 0.00004171820690612158 0.0002165627905907933 0.0009554116375516266 0.0035889487338441914 0.011507110727268292 0.03159012556557457 0.07456049402866571 0.1521241577273343 0.27023975171154174 0.4219879401422521 0.5864674318058157 0.7368763013071379 0.8529160924308451 0.9284440008426307 0.9699171661089127 0.9891292884240526 0.9966371865556329 0.99911221433887 0.9998004574311531 0.9999618869430722 0.9999938229470811 0.9999991515134949 0.9999999013154125 0.9999999902892043 0.999999999192057 0.9999999999431941 0.9999999999966264 0.9999999999998308 0.9999999999999929 0.9999999999999998 1. 1. 1. 1. 1. 1. 1. 1. 1. 1. 1. 1. 1. 1. 1. 1. 1. 1. 1. 1. 1. 1. 1. 1. 1. 1. 1. 1. 1. 1.
7.906656366262306e-95 4.019779006081229e-91 1.7182637700723152e-87 6.175376986897421e-84 1.8660842071403563e-80 4.741347483200836e-77 1.0129414913594025e-73 1.8196540905476833e-70 2.7486901056201177e-67 3.491455410209638e-64 3.729435870267273e-61 3.3500305064827345e-58 2.5306810198363946e-55 1.6077711825884962e-52 8.590642395184924e-50 3.8606403903107896e-47 1.4593001186613407e-44 4.639833327980696e-42 1.2409533582801635e-39 2.7920860065122384e-37 5.285057328297552e-35 8.416823235081342e-33 1.1278656628067886e-30 1.2717851730979166e-28 1.2068627396835137e-26 9.639063244766009e-25 6.480297785360021e-23 3.667707843239474e-21 1.7478240198008266e-19 7.01416142860682e-18 2.3708855331259323e-16 6.751426008206041e-15 1.6200847345016066e-13 3.276884347169058e-12 5.588686396753952e-11 8.039931534509414e-10 9.760859552662992e-9 1.0005844761752913e-7 8.666300000690389e-7 6.34705598020932e-6 0.0000393451355290525 0.00020668608357749815 0.00092147864202129 0.003493326984805583 0.011288388106890816 0.031191527161018327 0.07400377831913343 0.1515878966310141 0.2700411020516459 0.42241056303785524 0.5875424394183572 0.7383236737496618 0.8543202966310196 0.9295033792209118 0.9705581424542543 0.9894452080013318 0.9967651716064894 0.999155073885748 0.9998123668162153 0.9999646401810257 0.9999943535353442 0.9999992368763223 0.9999999127935073 0.999999991580273 0.999999999313625 0.9999999999527823 0.9999999999972602 0.9999999999998659 0.9999999999999944 0.9999999999999998 1. 1. 1. 1. 1. 1. 1. 1. 1. 1. 1. 1. 1. 1. 1. 1. 1. 1. 1. 1. 1. 1. 1. 1. 1. 1. 1. 1. 1. 1.
1.4484053014670308e-95 7.88618057445244e-92 3.60501335204299e-88 1.3836244755376522e-84 4.458706957711084e-81 1.2063897240816208e-77 2.7407131407956526e-74 5.228133485445491e-71 8.37427954219546e-68 1.1263601179266395e-64 1.2721790812004891e-61 1.2066281999117818e-58 9.610964872053894e-56 6.429008151812903e-53 3.611776141185242e-50 1.7041793107271115e-47 6.753775706190028e-45 2.248204502398807e-42 6.286452945819413e-40 1.4766622171594828e-37 2.914000640326484e-35 4.831268291399924e-33 6.730212967287045e-31 7.878239645884401e-29 7.750020820140283e-27 6.407594178798466e-25 4.453033825226941e-23 2.601611178154615e-21 1.2779617075824213e-19 5.2790326213453745e-18 1.8341452867186087e-16 5.3610455101899094e-15 1.3185877261055133e-13 2.7298354706163945e-12 4.758567418072633e-11 6.987107846314064e-10 8.645692497730972e-9 9.020296536497229e-8 7.940461225152305e-7 5.902284519963641e-6 0.00003708234274621824 0.00019715620491395642 0.0008883939083916082 0.0033992504406360783 0.011071554518516873 0.030793909630250277 0.07344575871085957 0.15104855098458314 0.26984091200130045 0.4228367109149477 0.5886255189762503 0.7397786620461296 0.8557267609788961 0.9305591210212676 0.9711928091054269 0.9897555683391059 0.9968897445961931 0.9991963478500233 0.9998236978870203 0.9999672246269937 0.9999948442314122 0.9999993145446854 0.999999923053684 0.9999999927124996 0.999999999418071 0.9999999999608413 0.9999999999977804 0.9999999999998941 0.9999999999999958 0.9999999999999998 1. 1. 1. 1. 1. 1. 1. 1. 1. 1. 1. 1. 1. 1. 1. 1. 1. 1. 1. 1. 1. 1. 1. 1. 1. 1. 1. 1. 1. 1.
2.599132829528673e-96 1.5168270277720592e-92 7.421383213875815e-89 3.044265490033214e-85 1.0469771456550305e-81 3.018961419991881e-78 7.298823510708179e-75 1.4795613710407686e-71 2.5148292508435964e-68 3.584187736883489e-65 4.283432050267165e-62 4.2926449535198445e-59 3.6074812632806432e-56 2.542403083552282e-53 1.502665595905113e-50 7.448617295394331e-48 3.096732141405211e-45 1.079859506535208e-42 3.158561703452979e-40 7.749879578301073e-38 1.5951862494671525e-35 2.7546648742362985e-33 3.991169911345516e-31 4.8522410203449096e-29 4.95034920419211e-27 4.2386331500996505e-25 3.046231010078916e-23 1.8378220616231215e-21 9.309180619708458e-20 3.959669468887215e-18 1.4145811379071824e-16 4.2453343198715205e-15 1.0705788210376218e-13 2.269198610045876e-12 4.044065752083714e-11 6.062130981429636e-10 7.647051546485963e-9 8.121992470926289e-8 7.268036838538863e-7 5.4840886807773714e-6 0.00003492604499292402 0.00018796538913175512 0.0008561477021491692 0.003306717120318934 0.010856627690238364 0.03039730450030152 0.07288644892370985 0.15050609850407104 0.2696391636619918 0.4232664275383146 0.5897167530431787 0.7412412910382749 0.85713540717022 0.9316111091706143 0.971821099145185 0.9900603743560344 0.9970109454054694 0.999236072826873 0.9998344711143579 0.9999696485082623 0.9999952975537734 0.9999993851229728 0.999999932211586 0.9999999937037207 0.9999999995076296 0.9999999999676 0.9999999999982068 0.9999999999999165 0.9999999999999967 0.9999999999999999 1. 1. 1. 1. 1. 1. 1. 1. 1. 1. 1. 1. 1. 1. 1. 1. 1. 1. 1. 1. 1. 1. 1. 1. 1. 1. 1. 1. 1. 1.
4.567320421556972e-97 2.859365490908094e-93 1.4986115615048367e-89 6.575478457175794e-86 2.4154200078821153e-82 7.428372236842475e-79 1.9126680972703882e-75 4.1232571191746087e-72 7.442291040499038e-69 1.1247335436471942e-65 1.4232512616893532e-62 1.5080492228774337e-59 1.3380290691462475e-56 9.941384315572565e-54 6.185515207694115e-51 3.2230747449704996e-48 1.4065321206601145e-45 5.140847244396071e-43 1.5737958415692365e-40 4.035670903654148e-38 8.668903149532331e-36 1.5599968523372937e-33 2.351947552561682e-31 2.97106774658669e-29 3.1449891765057623e-27 2.789926045429387e-25 2.0743580204194375e-23 1.2928523104477072e-21 6.755416610325947e-20 2.959822070722731e-18 1.0876055667080115e-16 3.3524585306216176e-15 8.670604997792984e-14 1.8821491510168323e-12 3.4302231363068967e-11 5.250786919504873e-10 6.753996407664855e-9 7.304165901986065e-8 6.64570155820004e-7 5.091192419309907e-6 0.00003287252852047366 0.00017910589772205903 0.0008247301330585516 0.0032157246972108373 0.010643625179019102 0.030001743671712777 0.07232586317920063 0.14996051677828132 0.2694358388583251 0.42369975739163646 0.5908162251513555 0.7427115847879795 0.8585461546638922 0.9326592254085508 0.9724429465812313 0.9903596326098545 0.9971288147690668 0.9992742853588134 0.9998447066057516 0.9999719197791934 0.9999957158977678 0.9999994491761148 0.9999999403733197 0.9999999945699809 0.9999999995842688 0.9999999999732552 0.9999999999985549 0.9999999999999345 0.9999999999999976 1. 1. 1. 1. 1. 1. 1. 1. 1. 1. 1. 1. 1. 1. 1. 1. 1. 1. 1. 1. 1. 1. 1. 1. 1. 1. 1. 1. 1. 1. 1.
7.856690060580263e-98 5.28109689860909e-94 2.967440897596751e-90 1.3938662638293729e-86 5.473301520308191e-83 1.79669997707592e-79 4.930704047845146e-76 1.1312520809496001e-72 2.1698889842162073e-69 3.4798029491000126e-66 4.6657662300854523e-63 5.230648932945956e-60 4.9030523942891125e-57 3.84300600209805e-54 2.5187530466191568e-51 1.3804729680164193e-48 6.327284013918464e-46 2.425352465860275e-43 7.775411916560769e-41 2.0849132604972483e-38 4.67623196070541e-36 8.77359747638253e-34 1.3771022297787103e-31 1.808415353092131e-29 1.9870757920681213e-27 1.8270912405725192e-25 1.4060028862496476e-23 9.056265183513095e-22 4.883294638529784e-20 2.2047022415698213e-18 8.335706574580056e-17 2.639880978072214e-15 7.004606706434434e-14 1.5576344984677043e-12 2.9038563803089043e-11 4.5402825925920345e-10 5.956485219662337e-9 6.560491054693021e-8 6.070293263471198e-7 4.72236279279006e-6 0.000030918150235295664 0.00017057002284511438 0.0007941311588246354 0.0031262704950074114 0.010432564360139765 0.0296072594176583 0.07176401621194657 0.14941178327049753 0.2692309191326812 0.42413674569213106 0.5919240198115967 0.7441895665405698 0.8599589206413278 0.9337033503079857 0.9730582864000132 0.9906533513173423 0.9972433942560015 0.9993110219127376 0.9998544240981317 0.9999740461238495 0.9999961015393113 0.9999995072315224 0.9999999476361036 0.999999995325689 0.9999999996497185 0.9999999999779761 0.9999999999988387 0.9999999999999487 0.9999999999999981 1. 1. 1. 1. 1. 1. 1. 1. 1. 1. 1. 1. 1. 1. 1. 1. 1. 1. 1. 1. 1. 1. 1. 1. 1. 1. 1. 1. 1. 1. 1.
1.322544539071603e-98 9.553292434492725e-95 5.760014200336344e-91 2.8988745204983983e-87 1.2178079813137912e-83 4.270516844912328e-80 1.2500965470899577e-76 3.054766835363336e-73 6.23152823267468e-70 1.0612175087080644e-66 1.5087586317284013e-63 1.7908274607601626e-60 1.7746815757303334e-57 1.4683685236083698e-54 1.0144112689730653e-51 5.851608273400367e-49 2.8186291204751175e-46 1.1337652878216263e-43 3.808498876206218e-41 1.068451993843415e-38 2.50353781465016e-36 4.899834642699823e-34 8.01069256296467e-32 1.0940995258470781e-29 1.248482566080513e-27 1.1903985530417843e-25 9.48499787131277e-24 6.316461761546493e-22 3.516141321257135e-20 1.6363908451091758e-18 6.368225144849151e-17 2.072786578866545e-15 5.6442184427200235e-14 1.2861489205252571e-12 2.453367617442762e-11 3.9191216587780326e-10 5.245312898159322e-9 5.885060834330436e-8 5.538807721846955e-7 4.376409380861494e-6 0.000029059338472692867 0.00016235009103633785 0.0007643405889274198 0.0030383514838513903 0.010223462416420232 0.029213884382821603 0.07120092328131876 0.14885987532031894 0.2690243857397506 0.4245774384055493 0.5930402225233702 0.7456752586869009 0.8613736199655686 0.9347433632974297 0.973667054621485 0.9909415403733164 0.9973547262487028 0.9993463188569116 0.9998636429509549 0.999976034958872 0.9999964566386313 0.9999995597809755 0.9999999540888822 0.9999999959837627 0.9999999997054967 0.9999999999819077 0.9999999999990692 0.9999999999999599 0.9999999999999986 1. 1. 1. 1. 1. 1. 1. 1. 1. 1. 1. 1. 1. 1. 1. 1. 1. 1. 1. 1. 1. 1. 1. 1. 1. 1. 1. 1. 1. 1. 1.
2.177798956827302e-99 1.6920261263412657e-95 1.0956461029908636e-91 5.91309906362882e-88 2.6598049723208234e-84 9.972014637937612e-81 3.1161888562688524e-77 8.116752242246911e-74 1.762256275360462e-70 3.189300613440297e-67 4.8114242315470464e-64 6.050855106455126e-61 6.343645047523482e-58 5.544408714453012e-55 4.040008671995767e-52 2.4543578046572202e-49 1.243200901419495e-46 5.250657128513588e-44 1.849174290422763e-41 5.430739275957641e-39 1.3301005056342297e-36 2.7169682260985874e-34 4.629057088210699e-32 6.578777268265994e-30 7.799797156418324e-28 7.7152914615695e-26 6.367999470165286e-24 4.3862388591615995e-22 2.5216467095692217e-20 1.2101841776959834e-18 4.849271346853631e-17 1.622757474282398e-15 4.5361907716714633e-14 1.0595342397942792e-12 2.0685723232499052e-11 3.3769893259474003e-10 4.612052698550984e-9 5.272365298948828e-8 5.048393342542643e-7 4.05218367988126e-6 0.000027292593703968653 0.0001544384669045696 0.0007353480886296091 0.00295196427659249 0.01001633632722059 0.028821651582012515 0.07063660018331533 0.14830477014563198 0.26881621964094005 0.4250218822615358 0.5941649197848085 0.7471686827241976 0.8627901651401801 0.9357791426850086 0.974269188354813 0.9912242113686238 0.9974628539210606 0.9993802124379642 0.9998723821397857 0.999977893436603 0.9999967832440082 0.9999996072824585 0.9999999598129118 0.9999999965557633 0.9999999997529323 0.9999999999851741 0.9999999999992562 0.9999999999999688 0.9999999999999989 1. 1. 1. 1. 1. 1. 1. 1. 1. 1. 1. 1. 1. 1. 1. 1. 1. 1. 1. 1. 1. 1. 1. 1. 1. 1. 1. 1. 1. 1. 1.
3.5067359275859205e-100 2.9331453769076656e-96 2.041625684459028e-92 1.1826012427347221e-88 5.700702579796864e-85 2.2869410773939505e-81 7.635322506276852e-78 2.1215610248468716e-74 4.906253785036542e-71 9.443265343635184e-68 1.5128096185219264e-64 2.01720192447505e-61 2.238884056361247e-58 2.0684555885787608e-55 1.5907782041999496e-52 1.0184500477282081e-49 5.42820026574458e-47 2.4086798392615855e-44 8.898818335907197e-42 2.737415677746003e-39 7.011836982568816e-37 1.495669885398389e-34 2.656965295786777e-32 3.931144803487636e-30 4.844802583516948e-28 4.973962344845597e-26 4.25450541672987e-24 3.0323047905947567e-22 1.8011008251416096e-20 8.916969444752259e-19 3.680385132760013e-17 1.2666612711015838e-15 3.636031228355067e-14 8.708037638894123e-13 1.7405437135577456e-11 2.9046457308379957e-10 4.049000899941886e-9 4.717270816698013e-8 4.596345964156161e-7 3.7485784707419314e-6 0.000025614489175782345 0.00014682755681795726 0.0007071431831570405 0.0028671051252081186 0.009811202857221674 0.02843059439851406 0.07007106326264685 0.1477464448447233 0.26860640149864956 0.42547012476936463 0.5952981991026779 0.7486698592156147 0.8642084662679614 0.9368105656842589 0.9748646258549969 0.9915013776070487 0.9975678212153737 0.9994127387579028 0.9998806602503477 0.9999796284484468 0.9999970832955147 0.9999996501619406 0.999999964882313 0.9999999970520199 0.9999999997931864 0.9999999999878815 0.9999999999994071 0.9999999999999758 0.9999999999999991 1. 1. 1. 1. 1. 1. 1. 1. 1. 1. 1. 1. 1. 1. 1. 1. 1. 1. 1. 1. 1. 1. 1. 1. 1. 1. 1. 1. 1. 1. 1.
5.5195518884938315e-101 4.974814948961996e-97 3.725561828563708e-93 2.3182273762291078e-89 1.1986099077190075e-85 5.1495108419658367e-82 1.8383561623166849e-78 5.453543947894025e-75 1.3443862920004312e-71 2.7540815881346597e-68 4.688664968960578e-65 6.633678110593166e-62 7.800213882880624e-59 7.622910085595176e-56 6.1917545361395865e-53 4.1802587228135212e-50 2.345894426373667e-47 1.0943360640862296e-44 4.243780255004639e-42 1.3681701547133926e-39 3.667244932829035e-37 8.173019949794936e-35 1.514611981971894e-32 2.334174275631443e-30 2.9917075303812447e-28 3.1893669696260774e-26 2.828396118164736e-24 2.0868125390627178e-22 1.2811453954712183e-20 6.545728248449966e-19 2.783843935401593e-17 9.85720590399489e-16 2.9066561876278845e-14 7.139870673432769e-13 1.4614722161936254e-11 2.4938273923857924e-10 3.549124515339684e-9 4.214999911004554e-8 4.1801036829822826e-7 3.4645271613364637e-6 0.00002402167148068673 0.00013950981257286 0.000679715262051754 0.002783769917394407 0.009608078544986524 0.02804074658214787 0.06950432942503697 0.14718487639854066 0.2683949116704154 0.42592221423405985 0.5964401490022928 0.7501788077484806 0.8656284310094962 0.9378375084417617 0.9754533065803808 0.9917730541210861 0.9976696728182066 0.9994439337511911 0.9998884954730588 0.9999812466284586 0.9999973586287496 0.9999996888151033 0.9999999693645949 0.9999999974817446 0.9999999998272721 0.9999999999901196 0.9999999999995288 0.9999999999999813 0.9999999999999993 1. 1. 1. 1. 1. 1. 1. 1. 1. 1. 1. 1. 1. 1. 1. 1. 1. 1. 1. 1. 1. 1. 1. 1. 1. 1. 1. 1. 1. 1. 1.
8.488956970182377e-102 8.252358919457265e-98 6.655257806090948e-94 4.452688738385516e-90 2.4714887710177808e-86 1.1381054519956488e-82 4.348136938143123e-79 1.3782585462585118e-75 3.6247291935918753e-72 7.909503205894544e-69 1.4320686222472026e-65 2.1514564682868135e-62 2.682066540977788e-59 2.774533929806833e-56 2.3818287321121665e-53 1.696871205306848e-50 1.0032853714607121e-47 4.9233240642619156e-45 2.0052739400743472e-42 6.779465957015336e-40 1.902616696630366e-37 4.432731797684476e-35 8.57411538535688e-33 1.3770249957575257e-30 1.836411090550225e-28 2.0338511478178595e-26 1.870856790762848e-24 1.4295231953675852e-22 9.074768548441422e-21 4.786813433967302e-19 2.0984903183198946e-17 7.647364667227695e-16 2.3172349109501903e-14 5.839934434166269e-13 1.2245387888401643e-11 2.1371562727801205e-10 3.1060119308848804e-9 3.761111795116128e-8 3.7972417283557413e-7 3.199003104832066e-6 0.0000225108610579045 0.0001324777350410347 0.000653053583697188 0.0027019541733369866 0.009406979691304765 0.027652142247045996 0.06893641614974085 0.14662004167310735 0.26818173020291663 0.4263781997729129 0.5975908590373642 0.7516955468911851 0.8670499645415817 0.9388598460666805 0.9760351712510202 0.9920392576865167 0.9977684541351577 0.9994738331619226 0.9998959055980554 0.9999827543571542 0.9999976109785544 0.9999997236090101 0.9999999733211489 0.9999999978531378 0.9999999998560704 0.9999999999919653 0.9999999999996267 0.9999999999999856 0.9999999999999996 1. 1. 1. 1. 1. 1. 1. 1. 1. 1. 1. 1. 1. 1. 1. 1. 1. 1. 1. 1. 1. 1. 1. 1. 1. 1. 1. 1. 1. 1. 1.
1.275220771771051e-102 1.3383656703174907e-98 1.1634289189169639e-94 8.376995098793099e-91 4.996066202341467e-87 2.468131733423212e-83 1.0099921771222131e-79 3.4236324732613203e-76 9.613606505563378e-73 2.2362842792836197e-69 4.309445210723377e-66 6.879906536993825e-63 9.099649922402852e-60 9.971559123835711e-57 9.053451794846006e-54 6.810765627724795e-51 4.2454887990426023e-48 2.192959422124482e-45 9.387017883544684e-43 3.3299983186831618e-40 9.790554429876943e-38 2.385875504209508e-35 4.819465883040389e-33 8.070447873912509e-31 1.120430589406629e-28 1.2897529159932718e-26 1.2311567016645066e-24 9.746813159628502e-23 6.400574270841561e-21 3.487026539394709e-19 1.5763572342030145e-17 5.914419450984068e-16 1.8422007911613456e-14 4.764920371759325e-13 1.023800931730876e-11 1.8280559945847756e-10 2.713826375497642e-9 3.351483596071471e-8 3.445467391209082e-7 2.951018894964693e-6 0.000021078852623516285 0.00012572387779031862 0.0006271472800147437 0.0026216530426712696 0.009207922347321948 0.027264815869117293 0.06836734150228241 0.14605191742209753 0.2679668368258393 0.4268381313324072 0.5987504197997716 0.7532200941486766 0.8684729695155704 0.9398774526622611 0.976610161907872 0.9923000068357242 0.9978642112645475 0.9995024725211268 0.9999029080107196 0.9999841577655318 0.9999978419827127 0.9999997548837218 0.999999976807715 0.9999999981734865 0.9999999998803466 0.9999999999934835 0.9999999999997051 0.9999999999999889 0.9999999999999997 1. 1. 1. 1. 1. 1. 1. 1. 1. 1. 1. 1. 1. 1. 1. 1. 1. 1. 1. 1. 1. 1. 1. 1. 1. 1. 1. 1. 1. 1. 1.
1.8703554780597935e-103 2.1212956410602952e-99 1.9895634974513906e-95 1.543126956697636e-91 9.89785166715577e-88 5.250303025962654e-84 2.3032508706641858e-80 8.356443852772383e-77 2.5074701259679062e-73 6.222937523136886e-70 1.2773583382307573e-66 2.1687067622414654e-63 3.045606977143829e-60 3.537912597065064e-57 3.399672415974568e-54 2.702474870473779e-51 1.7772163410453462e-48 9.669279191230373e-46 4.352573486366673e-43 1.6211437359894425e-40 4.99629348084044e-38 1.2742531448560574e-35 2.6895417913034902e-33 4.698429173195767e-31 6.793912092297562e-29 8.13253078054745e-27 8.059742017951447e-25 6.613989719735348e-23 4.494873089645043e-21 2.530206855265309e-19 1.1799470101687524e-17 4.559655564305801e-16 1.4604077081907945e-14 3.878068509549843e-13 8.54090317512119e-12 1.5606747776493547e-10 2.367262121199235e-9 2.982292266721742e-8 3.122615011824283e-7 2.7196256396076052e-6 0.000019722515529345564 0.00011924085067392834 0.0006019853613306599 0.002542861301642261 0.009010922302456573 0.026878802283195523 0.06779712414741092 0.1454804802895791 0.2677502109455969 0.4273020597055621 0.5999189229292449 0.7547524659165243 0.8698973460156594 0.9408902013593552 0.977178221972769 0.9925553218696903 0.9979569909700392 0.9995298871242448 0.9999095196877117 0.9999854627392936 0.999998053185621 0.9999997829538543 0.9999999798748216 0.9999999984492537 0.9999999999007639 0.9999999999947291 0.9999999999997677 0.9999999999999916 0.9999999999999998 1. 1. 1. 1. 1. 1. 1. 1. 1. 1. 1. 1. 1. 1. 1. 1. 1. 1. 1. 1. 1. 1. 1. 1. 1. 1. 1. 1. 1. 1. 1.
2.6772824350341613e-104 3.284642042327405e-100 3.3270281081057913e-96 2.7823204508542638e-92 1.9210924539827574e-88 1.0951876692299872e-84 5.155102330933378e-81 2.0035696451408504e-77 6.429847031773002e-74 1.7038732442473913e-70 3.728435254434118e-67 6.737236049401062e-64 1.0053491745022812e-60 1.2389317399355187e-57 1.2609261503259786e-54 1.0598920787369544e-51 7.358389944387967e-49 4.219628861540688e-46 1.99875274466166e-43 7.821003262550414e-41 2.5282037521996164e-38 6.75209064152064e-36 1.4899597371420799e-33 2.7168015361098073e-31 4.09382714819443e-29 5.098413479323637e-27 5.248385349954308e-25 4.466413008372361e-23 3.1426733109157243e-21 1.828605543674228e-19 8.800444506546107e-18 3.5038726352214986e-16 1.1544120141213923e-14 3.148249804662046e-13 7.109210315757346e-12 1.3298146752562346e-10 2.0615033135705983e-9 2.6499971830332333e-8 2.82664103253727e-7 2.5039122139068843e-6 0.00001843879404994583 0.00011302132338341803 0.0005775567214117726 0.002465573350473723 0.008815995072107797 0.02649413667985659 0.06722578336227908 0.14490570681293094 0.26753183163890193 0.42777003654970797 0.6010964611229449 0.756292677433511 0.8713229915171741 0.9418979643520342 0.9777392963091386 0.9928052248686072 0.9980468406522043 0.9995561120088114 0.9999157571935198 0.9999866749232589 0.9999982460419286 0.999999808110079 0.9999999825681967 0.9999999986861605 0.9999999999178957 0.9999999999957482 0.9999999999998177 0.9999999999999936 0.9999999999999998 1. 1. 1. 1. 1. 1. 1. 1. 1. 1. 1. 1. 1. 1. 1. 1. 1. 1. 1. 1. 1. 1. 1. 1. 1. 1. 1. 1. 1. 1. 1.
3.7386536270841465e-105 4.9666370272510264e-101 5.438387195669772e-97 4.908468800440453e-93 3.651727325969402e-89 2.239421120726551e-85 1.132055268575104e-81 4.7174126764411085e-78 1.6205227489016467e-74 4.589156028095533e-71 1.0713939458872324e-67 2.0621364020596203e-64 3.272288634409434e-61 4.281215922962575e-58 4.618282682181653e-55 4.10780351005894e-52 3.01282586270493e-49 1.822194713887523e-46 9.088558290025318e-44 3.738521721656162e-41 1.268344348754808e-38 3.549255088072488e-36 8.192822358851007e-34 1.5601387666215256e-31 2.451136091904201e-29 3.177546694656553e-27 3.399288211750361e-25 3.0013250923798604e-23 2.1874184764598172e-21 1.3161877889131917e-19 6.539649390397208e-18 2.683720063324349e-16 9.098630072244419e-15 2.549165948814412e-13 5.9040748441153994e-12 1.1308667049509934e-10 1.7921853313359758e-9 2.351323422547421e-8 2.5556191209207285e-7 2.3030044943142414e-6 0.000017224707597222755 0.00010705802896030386 0.0005538501426685065 0.0023897832109571215 0.008623155885157522 0.02611085460189178 0.06665333904984312 0.14432757342594263 0.267311677646184 0.42824211440470383 0.6022831281449262 0.7578407427327093 0.8727498008448815 0.9429006129353512 0.9782933312834179 0.9930497397010429 0.9981338083190456 0.9995811819323805 0.9999216366775278 0.9999877997259592 0.9999984219201392 0.9999998306205677 0.9999999849291563 0.9999999988892618 0.9999999999322364 0.9999999999965798 0.9999999999998572 0.9999999999999951 0.9999999999999998 1. 1. 1. 1. 1. 1. 1. 1. 1. 1. 1. 1. 1. 1. 1. 1. 1. 1. 1. 1. 1. 1. 1. 1. 1. 1. 1. 1. 1. 1. 1.
5.091000887642621e-106 7.330738122582436e-102 8.686193261415097e-98 8.469469714799737e-94 6.795729649507269e-90 4.487224928323652e-86 2.4383204084652756e-82 1.0903975024080658e-78 4.013014351091774e-75 1.2155134851782813e-71 3.030151235214972e-68 6.217237462175509e-65 1.0499616103898864e-61 1.4595114594159561e-58 1.669999238936363e-55 1.5729598697236831e-52 1.2196383838506572e-49 7.785343455690161e-47 4.091483658707966e-44 1.7703758382249074e-41 6.307531419473388e-39 1.850517106703697e-36 4.470952720080258e-34 8.896464662540142e-32 1.4580970615722415e-29 1.9685791306185073e-27 2.189616514679935e-25 2.0067327408058193e-23 1.5155915736097622e-21 9.434512582965901e-20 4.8415566198338496e-18 2.0486817821572857e-16 7.14986852880213e-15 2.0586531768516754e-13 4.891911229760125e-12 9.597514857073752e-11 1.5553585738938974e-9 2.083245718561958e-8 2.307735368722365e-7 2.116064574879502e-6 0.00001607735086234501 0.00010134376726127025 0.0005308543015229449 0.002315484524270274 0.008432419671270078 0.02572899194042236 0.06607981175248352 0.1437460564621023 0.2670897273648511 0.4287183467116137 0.603479018835474 0.7593966745910083 0.8741776661313903 0.9438980175453217 0.9788402748271232 0.9932888920315983 0.9982179425555032 0.9996051313507327 0.9999271738716086 0.9999888423244008 0.9999985821061694 0.9999998507323786 0.9999999869949661 0.9999999990630146 0.9999999999442117 0.9999999999972565 0.9999999999998886 0.9999999999999962 0.9999999999999999 1. 1. 1. 1. 1. 1. 1. 1. 1. 1. 1. 1. 1. 1. 1. 1. 1. 1. 1. 1. 1. 1. 1. 1. 1. 1. 1. 1. 1. 1. 1.
6.757249227767396e-107 1.055755800086653e-102 1.3550696960155076e-98 1.4288022043748504e-94 1.237664998036834e-90 8.807717168028662e-87 5.149465884794781e-83 2.4734864907479208e-79 9.761489439743577e-76 3.165142326570926e-72 8.432440124532034e-69 1.8459049607777718e-65 3.320287215928847e-62 4.907581660520404e-59 5.960758750884073e-56 5.949707669230517e-53 4.8805555956984535e-50 3.290361782160442e-47 1.8232319013610535e-44 8.30403785988726e-42 3.1089489711902533e-39 9.568529448457466e-37 2.4211278630204785e-34 5.036958053138938e-32 8.616646147552151e-30 1.212197610714759e-27 1.4025720213976268e-25 1.334907372702176e-23 1.0452406093891733e-21 6.734326747118501e-20 3.5708254375229614e-18 1.5586027300242517e-16 5.601507849340351e-15 1.6580779755177818e-13 4.043751306766385e-12 8.128650094190272e-11 1.3474545757596522e-9 1.842973083339304e-8 2.0812835715800287e-7 1.9422899671983113e-6 0.000014993893884744763 0.00009587140837190285 0.000508557773939794 0.0022426705490368255 0.008243801047995498 0.025348584930644354 0.0655052226658511 0.1431611321580853 0.2668659588423894 0.4291987878318487 0.6046842291202864 0.7609604844770357 0.8756064767756717 0.9448900478011778 0.9793800764995124 0.9935227093269905 0.9982992924919554 0.9996279943964039 0.9999323840882456 0.9999898076689875 0.9999987278068583 0.9999998686727865 0.9999999887991807 0.9999999992113413 0.9999999999541873 0.9999999999978058 0.9999999999999134 0.9999999999999971 1. 1. 1. 1. 1. 1. 1. 1. 1. 1. 1. 1. 1. 1. 1. 1. 1. 1. 1. 1. 1. 1. 1. 1. 1. 1. 1. 1. 1. 1. 1. 1.
8.73822816110884e-108 1.4829462476644247e-103 2.0639059053418485e-99 2.3557247231472746e-95 2.2051470196317687e-91 1.692924782666058e-87 1.065943545015283e-83 5.504744139808586e-80 2.3316165346875518e-76 8.100383813595604e-73 2.3083136317957556e-69 5.395577975299285e-66 1.0345447341368632e-62 1.627211671340873e-59 2.0996111812525616e-56 2.222550874416535e-53 1.9301988334577931e-50 1.3753432674710587e-47 8.040851127363927e-45 3.857448151870967e-42 1.5185639060080386e-39 4.906044073952242e-37 1.300854854587033e-34 2.831147262433861e-32 5.057938931407024e-30 7.418364819955474e-28 8.933418600388112e-26 8.834048553367793e-24 7.174630555051232e-22 4.786418464232186e-20 2.6234756983457013e-18 1.1816659051352723e-16 4.37496093146945e-15 1.33181380454256e-13 3.3346636529428828e-12 6.870291911071102e-11 1.1652543473079901e-9 1.6279340924349392e-8 1.874660594259765e-7 1.7809127854337074e-6 0.000013971582048120517 0.00009063389596375802 0.0004869490411172125 0.0021713341596361637 0.008057314307679444 0.0249696701471853 0.06492959365293333 0.1425727766574455 0.2666403497692972 0.4296834930667965 0.6058988560195058 0.7625321824974471 0.8770361194017715 0.9458765725499708 0.9799126875507946 0.9937512208605024 0.9983779077717464 0.9996498048575723 0.9999372822191839 0.9999907004885886 0.9999988601534227 0.999999884650556 0.9999999903719607 0.9999999993376862 0.9999999999624762 0.9999999999982501 0.9999999999999328 0.9999999999999979 1. 1. 1. 1. 1. 1. 1. 1. 1. 1. 1. 1. 1. 1. 1. 1. 1. 1. 1. 1. 1. 1. 1. 1. 1. 1. 1. 1. 1. 1. 1. 1.
1.100442062847898e-108 2.0306972316393494e-104 3.0678474828284847e-100 3.7943785607454326e-96 3.8421477442898265e-92 3.185244092201507e-88 2.162001354149449e-84 1.2014999553458669e-80 5.4670970021824215e-77 2.0368847539517588e-73 6.213911544272155e-70 1.552264785122419e-66 3.1752862944193467e-63 5.319020436985557e-60 7.296737164937899e-57 8.197699441612096e-54 7.542946656070434e-51 5.684562817273396e-48 3.5089990574582036e-45 1.774291227955205e-42 7.349364662409371e-40 2.4939540784177064e-37 6.933851474952769e-35 1.579593291775512e-32 2.948777609238553e-30 4.511394325761059e-28 5.657219896348234e-26 5.815360205917218e-24 4.9011345674860235e-22 3.3871691962270815e-20 1.9199125500180436e-18 8.92743067118007e-17 3.4062988903646213e-15 1.0667890622540802e-13 2.7432384100182964e-12 5.794468586336137e-11 1.005858841917761e-9 1.4357628210908197e-8 1.6863618258882528e-7 1.6311989178580407e-6 0.000013007736003520663 0.00008562425058967694 0.00046601649533469625 0.0021014678447753374 0.007872973404187186 0.024592284499062898 0.06435294725834585 0.14198096601452403 0.2664128774718479 0.4301725186779429 0.6071229976565595 0.7641117773415211 0.878466477817749 0.9468574599135764 0.9804380609858176 0.9939744577147329 0.9984538385177633 0.999670596157342 0.9999418827346126 0.9999915252957428 0.9999989802048563 0.99999989885716 0.9999999917403672 0.9999999994450683 0.9999999999693463 0.9999999999986087 0.9999999999999482 0.9999999999999984 1. 1. 1. 1. 1. 1. 1. 1. 1. 1. 1. 1. 1. 1. 1. 1. 1. 1. 1. 1. 1. 1. 1. 1. 1. 1. 1. 1. 1. 1. 1. 1.
1.3489651820130545e-109 2.709756954687686e-105 4.4484509253360494e-101 5.9682065875871e-97 6.544005884744341e-93 5.864311798524254e-89 4.2951001906317447e-85 2.5711202798038657e-81 1.2579836968527845e-77 5.030864225620589e-74 1.64451343950679e-70 4.3941280678672487e-67 9.59760058450247e-64 1.7136521279351265e-60 2.501320177477539e-57 2.9848363320194614e-54 2.9120303656569647e-51 2.3228259374399258e-48 1.5149768757314456e-45 8.07958878020767e-43 3.5236618020629096e-40 1.256757378698347e-37 3.66601831209883e-35 8.747038833983321e-33 1.7072302394496837e-30 2.7260501501780624e-28 3.5615400537973044e-26 3.807693080003455e-24 3.331742262448027e-22 2.3863830012399467e-20 1.3994337838475481e-18 6.720543232118022e-17 2.643669604819103e-15 8.520975540903362e-14 2.25113114576803e-12 4.8766085903662286e-11 8.666614505903009e-10 1.2642854225405904e-8 1.5149767293554326e-7 1.4924471863773036e-6 0.000012099751519701988 0.00008083557291213331 0.0004457484459542334 0.0020330637063327777 0.007690791939446054 0.024216465224226096 0.06377530672284396 0.14138567619857978 0.2661835189046778 0.4306659219075107 0.6083567532668126 0.7656992762240342 0.8798974329749201 0.9478325773381762 0.9809561516281764 0.9941924527825885 0.998527135298092 0.9996904013334647 0.9999461996828783 0.9999922863919835 0.9999990889512637 0.9999999114679399 0.999999992928636 0.9999999995361275 0.9999999999750254 0.9999999999988971 0.99999999999996 0.9999999999999989 1. 1. 1. 1. 1. 1. 1. 1. 1. 1. 1. 1. 1. 1. 1. 1. 1. 1. 1. 1. 1. 1. 1. 1. 1. 1. 1. 1. 1. 1. 1. 1.
1.6088629629523657e-110 3.5219585621279547e-106 6.2896506660157525e-102 9.163336210560091e-98 1.0891150161878321e-93 1.05607716359139e-89 8.354658046055756e-86 5.392408804152543e-82 2.839675554616807e-78 1.2201068575023111e-74 4.277426286711519e-71 1.2235900470304016e-67 2.856092758289386e-64 5.4401016368484256e-61 8.455838186923798e-58 1.0726036138375018e-54 1.1103869080710294e-51 9.381734982384516e-49 6.46977144516507e-46 3.6418079222382044e-43 1.6733826825537642e-40 6.277030327298404e-38 1.9223286464477004e-35 4.80676422909401e-33 9.814568243292397e-31 1.6365486497384409e-28 2.228833300692946e-26 2.4795629897575425e-24 2.2536524295925386e-22 1.673736174171957e-20 1.0159203282713022e-18 5.040822563214072e-17 2.0451419084613268e-15 6.786636600594077e-14 1.8426598697219633e-12 4.095169748083612e-11 7.453224263438823e-10 1.1115073370465821e-8 1.3591844887699382e-7 1.3639884955199843e-6 0.00001124509926112329 0.00007626104685950555 0.000426133125571137 0.0019661134584854105 0.007510783149814889 0.023842249883668003 0.06319669599805865 0.14078688309815537 0.2659522506431934 0.4311637609996193 0.6096002232059947 0.76729468482635 0.8813288629274497 0.9488017916462698 0.9814669161846675 0.9944052407664511 0.9985978490907871 0.999709253018533 0.9999502466907273 0.9999929878732758 0.9999991873171281 0.9999999226432139 0.9999999939584328 0.9999999996131672 0.9999999999797078 0.9999999999991284 0.9999999999999694 0.9999999999999991 1. 1. 1. 1. 1. 1. 1. 1. 1. 1. 1. 1. 1. 1. 1. 1. 1. 1. 1. 1. 1. 1. 1. 1. 1. 1. 1. 1. 1. 1. 1. 1.
1.8660041725492685e-111 4.456623014130714e-107 8.66750885081568e-103 1.37273124311124e-98 1.7704668133985827e-94 1.859558599200944e-90 1.5906004390054574e-86 1.1080298625829047e-82 6.286250129896123e-79 2.904645457139473e-75 1.0931208511036053e-71 3.3506574244690616e-68 8.365519592738375e-65 1.701266035870512e-61 2.8182828882212373e-58 3.8031896968926415e-55 4.181017656388929e-52 3.7446213491728635e-49 2.732429267444551e-46 1.6245401599617405e-43 7.870101295763624e-41 3.1069134511740425e-38 9.995642557165865e-36 2.6209719087572495e-33 5.601773862271453e-31 9.759926322197513e-29 1.386362923465644e-26 1.605738358446835e-24 1.5167203664033977e-22 1.1685392263575684e-20 7.34467464317105e-19 3.7669513909366807e-17 1.5769104579426034e-15 5.3895525174589314e-14 1.5044497962296754e-12 3.431303594518023e-11 6.397451421471581e-10 9.756011195175333e-9 1.2177497585396867e-7 1.2451849723806834e-6 0.000010441324494059571 0.00007189394270508717 0.0004071586963100039 0.0019006084271290854 0.007332959892285709 0.023469676355090435 0.06261713976145027 0.1401845625256831 0.26571904887579356 0.43166609522199173 0.6108535089583984 0.7688980072356935 0.8827606427923762 0.9497649690912928 0.9819703133100237 0.9946128581754667 0.9986660312477884 0.9997271834206896 0.9999540369640736 0.9999936336355497 0.9999992761645089 0.9999999325293294 0.9999999948490887 0.9999999996781934 0.9999999999835578 0.9999999999993133 0.9999999999999766 0.9999999999999993 1. 1. 1. 1. 1. 1. 1. 1. 1. 1. 1. 1. 1. 1. 1. 1. 1. 1. 1. 1. 1. 1. 1. 1. 1. 1. 1. 1. 1. 1. 1. 1.
2.1036198668734298e-112 5.48769392301804e-108 1.1636308237313514e-103 2.0056308390411426e-99 2.809994365426669e-95 3.200275230833679e-91 2.9628249479167123e-87 2.2298283316229125e-83 1.3642511625265853e-79 6.785567334207843e-76 2.7438428203541883e-72 9.020420002258784e-69 2.411032187175324e-65 5.239663054445367e-62 9.258581399366873e-59 1.3302837959022858e-55 1.5542557690259904e-52 1.476727326954574e-49 1.1410403690878285e-46 7.170509188847448e-44 3.6650098083594424e-41 1.5237267405927748e-38 5.153231361999802e-36 1.4178496982541393e-33 3.173951374320713e-31 5.781441295752703e-29 8.570170936672925e-27 1.0339950516990177e-24 1.0155202340634944e-22 8.120338078296641e-21 5.28761268793078e-19 2.80441334279955e-17 1.2118053419549463e-15 4.267381862141485e-14 1.225120902730152e-12 2.8685521743413582e-11 5.480540878445547e-10 8.548948726604125e-9 1.0895185173425399e-7 1.135429099020591e-6 9.686046721488755e-6 0.0000677276200637742 0.0003888132562613813 0.0018365395496038972 0.00715733463052786 0.02309878282610856 0.062036663431485166 0.139578690222347 0.2654838893959008 0.4321729848882153 0.6121167131448098 0.770509245882549 0.8841926447101188 0.9507219754148912 0.9824663036718435 0.9948153433208887 0.9987317334580254 0.9997442243048839 0.9999575832892909 0.9999942273803193 0.9999993562961638 0.9999999412596638 0.9999999956178198 0.9999999997329485 0.9999999999867151 0.9999999999994609 0.9999999999999822 0.9999999999999996 1. 1. 1. 1. 1. 1. 1. 1. 1. 1. 1. 1. 1. 1. 1. 1. 1. 1. 1. 1. 1. 1. 1. 1. 1. 1. 1. 1. 1. 1. 1. 1.
2.3039025799588535e-113 6.572433425959104e-109 1.5212059929193724e-104 2.856651996583158e-100 4.3525357842053274e-96 5.3808617651158616e-92 5.397531019952361e-88 4.393213237012804e-84 2.901509149356669e-80 1.5550043129858373e-76 6.762660046359506e-73 2.3866847594540093e-69 6.835627244805024e-66 1.5888499595832531e-62 2.997265759354638e-59 4.589057566207184e-56 5.7029194154663065e-53 5.752647443731814e-50 4.710405926392004e-47 3.1310816994299155e-44 1.6896776067592978e-41 7.403163759034122e-39 2.6337148831658726e-36 7.60843775591575e-34 1.785003711106787e-31 3.401308032403655e-29 5.2646295482325976e-27 6.620074206197961e-25 6.763892750054395e-23 5.6162154530231936e-21 3.790432125905673e-19 2.0798338523383263e-17 9.28058411609052e-16 3.368669082825622e-14 9.950137575406259e-13 2.392574691472586e-11 4.685745134170145e-10 7.478612717853708e-9 9.73414029931165e-8 1.0341428388275164e-6 8.976959247533434e-6 0.00006375553080131223 0.00037108484605380816 0.0017738973747344466 0.006983919420781047 0.022729607786975272 0.061455293183026394 0.13896924186320567 0.26524674759379585 0.4326844913805806 0.6133899395301651 0.7721284014761463 0.8856247378055606 0.9516726759069277 0.9829548500156408 0.9950127363094237 0.9987950077097485 0.9997604069747179 0.9999608980350185 0.9999947726203735 0.9999994284585927 0.9999999489555718 0.9999999962799272 0.9999999997789433 0.9999999999892968 0.9999999999995779 0.9999999999999865 0.9999999999999997 1. 1. 1. 1. 1. 1. 1. 1. 1. 1. 1. 1. 1. 1. 1. 1. 1. 1. 1. 1. 1. 1. 1. 1. 1. 1. 1. 1. 1. 1. 1. 1.
2.4500749291130642e-114 7.652444128941866e-110 1.935561476830067e-105 3.96467422282019e-101 6.576729965837402e-97 8.835339696985182e-93 9.61294796481946e-89 8.470714279694087e-85 6.045389429198144e-81 3.494465959810854e-77 1.6360702547775967e-73 6.204416365529798e-70 1.9058646064483406e-66 4.742318127689853e-63 9.559023112928184e-60 1.560912572971681e-56 2.064930735820362e-53 2.2131740889108614e-50 1.9219059048038525e-47 1.352323453921931e-44 7.710612440522505e-42 3.562769368224961e-39 1.3341693359320756e-36 4.049450439984508e-34 9.962875925289476e-32 1.9871160159071337e-29 3.2133901671830436e-27 4.213700729390317e-25 4.481151473764425e-23 3.865589763305975e-21 2.705371834138381e-19 1.5364570930698193e-17 7.082852311294261e-16 2.6510632920863413e-14 8.059494910065551e-13 1.9909015664961837e-11 3.998136280068503e-10 6.531071666258785e-9 8.684329193990617e-8 9.407767583408362e-7 8.311828672405484e-6 0.00005997122185114085 0.00035396145555594314 0.0017126720631963515 0.006812725897608751 0.022362190022812863 0.06087305596294416 0.13835619306259228 0.2650075984482522 0.4332006771735088 0.6146732930308951 0.7737554729379713 0.8870567881497664 0.952616935468269 0.983435917229922 0.9952050790345177 0.9988559062521363 0.9997757622549174 0.9999639931544806 0.9999952726855275 0.9999994933450024 0.9999999557272834 0.9999999968489836 0.9999999998174836 0.999999999991402 0.9999999999996707 0.9999999999999898 0.9999999999999998 1. 1. 1. 1. 1. 1. 1. 1. 1. 1. 1. 1. 1. 1. 1. 1. 1. 1. 1. 1. 1. 1. 1. 1. 1. 1. 1. 1. 1. 1. 1. 1.
2.5286238370950217e-115 8.65749617052727e-111 2.3958613198536417e-106 5.359201287509385e-102 9.689820287620206e-98 1.416176594932735e-93 1.6730715148033317e-89 1.5977801044647684e-85 1.233490009188869e-81 7.698070226936905e-78 3.883899949571121e-74 1.584190442368912e-70 5.2241328926584414e-67 1.3928486613477334e-63 3.002570439807368e-60 5.23359487844579e-57 7.376396288020271e-54 8.407114730407018e-51 7.748749107624091e-48 5.77595229725673e-45 3.4821775841907314e-42 1.6980258110832407e-39 6.6978839365480704e-37 2.137314461549643e-34 5.517957693077172e-32 1.1526935608819908e-29 1.948618666653982e-27 2.6660953293811007e-25 2.952746254123656e-23 2.647602743245913e-21 1.9223867301899588e-19 1.130543602532937e-17 5.386475755405357e-16 2.0798072371455356e-14 6.510201571137244e-13 1.6527136075292947e-11 3.404432663902142e-10 5.693637448450282e-9 7.736413522082609e-8 8.548091460398441e-7 7.688494318935863e-6 0.00005636833793385114 0.00033743103070263576 0.0016528533882191573 0.006643765259520006 0.02199656860533095 0.06028997950593537 0.13773951937979764 0.26476641651796057 0.43372160585759145 0.6159668797219445 0.7753904573332709 0.8884886587224348 0.9535546186764279 0.9839094724112045 0.995392415165532 0.9989144815562205 0.9997903204744609 0.9999668801883037 0.9999957307284196 0.9999995515981857 0.9999999616747512 0.9999999973370042 0.9999999998496962 0.9999999999931136 0.999999999999744 0.9999999999999922 0.9999999999999998 1. 1. 1. 1. 1. 1. 1. 1. 1. 1. 1. 1. 1. 1. 1. 1. 1. 1. 1. 1. 1. 1. 1. 1. 1. 1. 1. 1. 1. 1. 1. 1.
2.5313065473338488e-116 9.512139022200822e-112 2.883613458230699e-107 7.052271900652767e-103 1.3914334567530302e-98 2.214858598886253e-94 2.844389780213187e-90 2.9471468016914242e-86 2.4637390226280835e-82 1.6618024598955783e-78 9.044159022105095e-75 3.97168086984683e-71 1.4073825271708792e-67 4.0243620550481975e-64 9.286363925808807e-61 1.7293233081156346e-57 2.5990112881623555e-54 3.152557248098826e-51 3.0864834991830885e-48 2.4391392963188313e-45 1.555997461413207e-42 8.013303050419455e-40 3.331797447184718e-37 1.1185296830764628e-34 3.0322153435301584e-32 6.638388292461565e-30 1.1738357785194328e-27 1.6766890415856547e-25 1.9349248773110986e-23 1.8043334800555604e-21 1.3598648940306933e-19 8.285114574177542e-18 4.0816663758547525e-16 1.626459032305395e-14 5.244060804757406e-13 1.3686441440016125e-11 2.8928393699502094e-10 4.9547724128591775e-9 6.881713379572436e-8 7.757451295874952e-7 7.10486759193555e-6 0.00005294062417444782 0.000321481480438775 0.0015944307366367282 0.006477048254472491 0.021632782884017623 0.059706092350557904 0.13711919632505448 0.2645231759327424 0.43424734216425487 0.6172708068434261 0.7770333498004791 0.8899202093751526 0.9544855898541064 0.9843754849288748 0.9955747901347516 0.9989707862751869 0.9998041114504073 0.9999695702678297 0.9999961497303429 0.9999996038133158 0.9999999668884505 0.9999999977546035 0.9999999998765515 0.9999999999945013 0.9999999999998017 0.9999999999999942 0.9999999999999999 1. 1. 1. 1. 1. 1. 1. 1. 1. 1. 1. 1. 1. 1. 1. 1. 1. 1. 1. 1. 1. 1. 1. 1. 1. 1. 1. 1. 1. 1. 1. 1.
2.45652770850384e-117 1.0144445332800983e-112 3.3729748747017572e-108 9.02991812072855e-104 1.9464742748444667e-99 3.378441939097267e-95 4.7216801270594893e-91 5.313724036364341e-87 4.8154234697459346e-83 3.5141033128355645e-79 2.0651493226892313e-75 9.77369001604346e-72 3.7252046060906874e-68 1.1435143195001502e-64 2.8271554165689726e-61 5.629793322039652e-58 9.030037625883642e-55 1.1667085914637635e-51 1.2143232090834666e-48 1.018194590937304e-45 6.87828018932802e-43 3.743797262137847e-40 1.6419583486399504e-37 5.803191512990632e-35 1.6529829562762551e-32 3.7950114241076196e-30 7.023492155656119e-28 1.0479653117715778e-25 1.260841531157958e-23 1.2234007070997477e-21 9.575398307230764e-20 6.046757965267256e-18 3.081616393973503e-16 1.2678138576515311e-14 4.212171068125788e-13 1.1306021122096577e-11 2.4529016811235804e-10 4.3040017647933996e-9 6.112171455399574e-8 7.031157930063886e-7 6.558931271766896e-6 0.000049681928612621966 0.00030610068377390497 0.0015373931102949695 0.006312585165266446 0.021270872476782297 0.05912142385546799 0.1364951993658274 0.264277850384542 0.4347779519910744 0.618585182806896 0.7786841434785372 0.8913512967955617 0.955409713140711 0.9848339264897885 0.9957522511221784 0.9990248732041002 0.9998171644724503 0.9999720741189089 0.9999965325070974 0.999999650540653 0.9999999714501309 0.9999999981111383 0.9999999998988818 0.9999999999956228 0.9999999999998468 0.9999999999999957 0.9999999999999999 1. 1. 1. 1. 1. 1. 1. 1. 1. 1. 1. 1. 1. 1. 1. 1. 1. 1. 1. 1. 1. 1. 1. 1. 1. 1. 1. 1. 1. 1. 1. 1.
2.309778438962228e-118 1.0495616219642908e-113 3.8323476557393267e-109 1.1244727751172087e-104 2.651357716438363e-100 5.023794108999431e-96 7.649778234249159e-92 9.361154005661544e-88 9.206280382236008e-84 7.276537462395752e-80 4.622356704641667e-76 2.3600083591408593e-72 9.684770505735318e-69 3.1945249320108035e-65 8.46995477876257e-62 1.805227198124841e-58 3.092988284251566e-55 4.260315053719511e-52 4.717865427298817e-49 4.200638614666459e-46 3.0073159253985472e-43 1.7312810453211895e-40 8.015209671497679e-38 2.984411004982377e-35 8.938005327685515e-33 2.153314207185427e-30 4.173603142587335e-28 6.508942146426248e-26 8.169044882935312e-24 8.252180279507573e-22 6.711013317768104e-20 4.394680924907433e-18 2.3179245718534623e-16 9.849969627061478e-15 3.3735497456956105e-13 9.316142162315817e-12 2.0753707162428115e-10 3.731831074553767e-9 5.420318370254021e-8 6.364772952487029e-7 6.048738743667022e-6 0.0000465862046014452 0.00029127649694059055 0.0014817291278278718 0.006150385794843902 0.0209108772600368 0.05853600421586435 0.13586750393343114 0.2640304131181942 0.4353135024277505 0.619910117201206 0.780342829432034 0.8927817744725128 0.9563268525668818 0.9852847712025038 0.9959248470380581 0.9990767952391137 0.9998295082882365 0.9999744020661632 0.9999968817148528 0.9999996922881608 0.9999999754335243 0.9999999984148398 0.9999999999174001 0.9999999999965266 0.9999999999998822 0.9999999999999968 1. 1. 1. 1. 1. 1. 1. 1. 1. 1. 1. 1. 1. 1. 1. 1. 1. 1. 1. 1. 1. 1. 1. 1. 1. 1. 1. 1. 1. 1. 1. 1. 1.
2.103005687720248e-119 1.0528755061981269e-114 4.227292774340001e-110 1.3611441293920051e-105 3.51488107789561e-101 7.279317897474084e-97 1.2090761408345417e-92 1.6106810986367843e-88 1.7209535790372839e-84 1.4748367171406156e-80 1.0137859680814037e-76 5.589712239008966e-73 2.472223817759206e-69 8.771154069022562e-66 2.4963934210227666e-62 5.699998926900134e-59 1.044147016500223e-55 1.5345996151796888e-52 1.809666088505165e-49 1.712368825787391e-46 1.3002286383117354e-43 7.923125693772629e-41 3.8749116864972777e-38 1.5210839908072243e-35 4.793056536490789e-33 1.2125133299199488e-30 2.4627895322322707e-28 4.0169232032192204e-26 5.262006729223896e-24 5.537018405590646e-22 4.6811524545046696e-20 3.180386558695644e-18 1.7368823341437054e-16 7.627029987807216e-15 2.693943021459001e-13 7.656844175645929e-12 1.752080463472327e-10 3.2296687350772433e-9 4.7992392026311196e-8 5.754099915980191e-7 5.572413164494289e-6 0.00004364751308993867 0.00027699676064861186 0.001427427026811181 0.005990459451504371 0.02055283735819186 0.05794986448012765 0.1352360854299789 0.2637808369219566 0.4358540617827754 0.6212457207979141 0.7820093965741377 0.8942114926623286 0.957236872132105 0.9857279956410394 0.9960926285030974 0.9991266053362233 0.9998411710894773 0.9999765640377072 0.9999971998560052 0.9999997295240309 0.9999999789050079 0.9999999986729324 0.9999999999327158 0.9999999999972524 0.9999999999999096 0.9999999999999976 1. 1. 1. 1. 1. 1. 1. 1. 1. 1. 1. 1. 1. 1. 1. 1. 1. 1. 1. 1. 1. 1. 1. 1. 1. 1. 1. 1. 1. 1. 1. 1. 1.
1.8530026444058946e-120 1.0235050019957445e-115 4.5244940005627256e-111 1.6007515731953782e-106 4.532731431162252e-102 1.0272755846587435e-97 1.863435070972456e-93 2.7055272958552626e-89 3.144203695251993e-85 2.9248395234852916e-81 2.1779022917532433e-77 1.2981743403292128e-73 6.194414436818456e-70 2.3662224663700318e-66 7.236285544605725e-63 1.771734970274443e-59 3.4731572887275966e-56 5.451477420249837e-53 6.851591308279029e-50 6.895753708200576e-47 5.557931214010744e-44 3.587704048818701e-41 1.8549241121009523e-38 7.682091819226924e-36 2.5486989795829254e-33 6.7746989315959685e-31 1.4429328372103136e-28 2.462893425025543e-26 3.369417201468272e-24 3.6952922849863326e-22 3.249475969808353e-20 2.291641176719425e-18 1.296468374843952e-16 5.885599785049975e-15 2.144799403320569e-13 6.2766913151045405e-12 1.4758354595678153e-10 2.7897531923871793e-9 4.242541209040816e-8 5.195175593173976e-7 5.128146568727599e-6 0.0000408600247852155 0.00026324930742711546 0.0013744746663044457 0.005832814934053341 0.020196793132556092 0.05736303656665759 0.1346009192356867 0.2635290941178068 0.43639969961080227 0.6225921055562068 0.7836838315872419 0.8956402983562611 0.9581396358854457 0.9861635789080353 0.9962556478263269 0.9991743564696285 0.9998521804988851 0.9999785695703093 0.9999974892850202 0.9999997626791174 0.9999999819242249 0.9999999988917438 0.9999999999453477 0.9999999999978337 0.9999999999999309 0.9999999999999982 1. 1. 1. 1. 1. 1. 1. 1. 1. 1. 1. 1. 1. 1. 1. 1. 1. 1. 1. 1. 1. 1. 1. 1. 1. 1. 1. 1. 1. 1. 1. 1. 1.
1.579120244065335e-121 9.63597242365703e-117 4.696206385727221e-112 1.8280069405986787e-107 5.683237500935591e-103 1.4112692341866624e-98 2.799171075348942e-94 4.434703117350767e-90 5.61210710474661e-86 5.673161715875661e-82 4.58115052709587e-78 2.9552039196852114e-74 1.5229238171369668e-70 6.269923102178334e-67 2.0623211854711883e-63 5.41974171355109e-60 1.1380170895165716e-56 1.909362288165484e-53 2.5598862883602487e-50 2.7426563860664837e-47 2.3483813315631174e-44 1.607101267355676e-41 8.790819907754555e-39 3.8438355222130926e-36 1.3436662915437923e-33 3.755398392457892e-31 8.392877831440271e-29 1.500081584760684e-26 2.1445408606135366e-24 2.452700515456e-22 2.2445604123786124e-20 1.6439668288028568e-18 9.639250282466669e-17 4.525990622792395e-15 1.7023867402322718e-13 5.13166627696678e-12 1.2403083939371834e-10 2.405084769599561e-9 3.74432274210988e-8 4.684261289259073e-7 4.71419891567174e-6 0.00003821802218996458 0.0002500219690459263 0.0013228595297902488 0.005677460516896302 0.019842785169613665 0.056775553280894696 0.1339619807165366 0.26327515655148825 0.43695048674074727 0.6239493846273136 0.7853661188412995 0.8970680352492726 0.9590350080094642 0.9865915026972001 0.9964139589805718 0.9992201015897668 0.9998625635579604 0.9999804278149815 0.9999977522142478 0.999999792149276 0.9999999845446645 0.9999999990768025 0.9999999999557369 0.9999999999982978 0.9999999999999476 0.9999999999999987 1. 1. 1. 1. 1. 1. 1. 1. 1. 1. 1. 1. 1. 1. 1. 1. 1. 1. 1. 1. 1. 1. 1. 1. 1. 1. 1. 1. 1. 1. 1. 1. 1.
1.3007384421373756e-122 8.780853099992029e-118 4.724408440966612e-113 2.0259555617697796e-108 6.924563640655322e-104 1.8864431982333044e-99 4.096314395595316e-95 7.090079504644193e-91 9.782006749444664e-87 1.0758094881606808e-82 9.431607556223761e-79 6.591622518221246e-75 3.672565409651885e-71 1.6312962701915604e-67 5.7769551192822866e-64 1.6311208868531936e-60 3.6720960580701686e-57 6.591801480386964e-54 9.435824208399861e-51 1.0771268117457216e-47 9.806030294975141e-45 7.120163494400003e-42 4.1237391592715664e-39 1.905174197687742e-36 7.022026521907883e-34 2.0650060060670323e-31 4.845779423097373e-29 9.075035053886172e-27 1.3565687143128416e-24 1.6188980326233382e-22 1.542649890288723e-20 1.174042974066905e-18 7.138106945013658e-17 3.4681393397009698e-15 1.3470347215320906e-13 4.184192460912547e-12 1.0399469464197899e-10 2.06936190344586e-9 3.29914336726087e-8 4.217834224536632e-7 4.328897079973152e-6 0.0000357159015113162 0.00023730258400723206 0.0012725687285207044 0.005524403935096481 0.019490854268666865 0.05618744833252784 0.13331924523232394 0.2630189955823069 0.43750649530463814 0.6253176723583593 0.7870562403097658 0.8984945437102385 0.9599228529073455 0.987011751354913 0.9965676175754933 0.9992638935810916 0.9998723467156605 0.9999821475429784 0.9999979907196979 0.9999998182976124 0.9999999868142032 0.9999999992329283 0.999999999964257 0.9999999999986668 0.9999999999999603 0.9999999999999991 1. 1. 1. 1. 1. 1. 1. 1. 1. 1. 1. 1. 1. 1. 1. 1. 1. 1. 1. 1. 1. 1. 1. 1. 1. 1. 1. 1. 1. 1. 1. 1. 1.
1.0349662193963157e-123 7.740168860588351e-119 4.603823983072479e-114 2.177904185715158e-109 8.194432452764464e-105 2.452267566330185e-100 5.837072656039246e-96 1.1051231276348333e-91 1.664275887379382e-87 1.9936577039673723e-83 1.8997606084049092e-79 1.4400696403715526e-75 8.683979747414006e-72 4.166009920767557e-68 1.5900279323741105e-64 4.828256518081726e-61 1.1665323414195483e-57 2.2425678358369653e-54 3.430521960057933e-51 4.176055756940942e-48 4.045684340314732e-45 3.119380070865198e-42 1.9143853538958613e-39 9.352183982406157e-37 3.63715126555835e-34 1.1262146990221128e-31 2.7768024282594414e-29 5.452449945564057e-27 8.527620676569016e-25 1.0625002719364694e-22 1.0548271989126366e-20 8.346096808786237e-19 5.264404441967865e-17 2.6479578452302718e-15 1.0624868114150951e-13 3.402271483439079e-12 8.698891979534312e-11 1.7769216111423048e-9 2.9019951756302406e-8 3.792578999856415e-7 3.970633787668993e-6 0.00003334817443724958 0.00022507900509802258 0.0012235890052796144 0.005373652369410933 0.019141041428820192 0.0555987563528736 0.1326726881450955 0.2627605820726632 0.4380677987672409 0.6266970842956322 0.7887541754831231 0.8999196607537128 0.960803035293305 0.9874243119408526 0.9967166808281713 0.9993057852196641 0.9998815558179708 0.9999837371521871 0.9999982067467664 0.9999998414566337 0.9999999887756077 0.999999999364313 0.9999999999712239 0.9999999999989595 0.99999999999997 0.9999999999999993 1. 1. 1. 1. 1. 1. 1. 1. 1. 1. 1. 1. 1. 1. 1. 1. 1. 1. 1. 1. 1. 1. 1. 1. 1. 1. 1. 1. 1. 1. 1. 1. 1.
7.949562117140739e-125 6.595801130480187e-120 4.343131888594631e-115 2.2696420760433016e-110 9.413234852896556e-106 3.0985349237261485e-101 8.095045405403861e-97 1.678562952921956e-92 2.7626266464512805e-88 3.608980374360184e-84 3.74228622357081e-80 3.0802996799308934e-76 2.0126432310544782e-72 1.0439362773302919e-68 4.298642481984451e-65 1.405260994113112e-61 3.647293727144029e-58 7.516126441651325e-55 1.2298452764377155e-51 1.5979589631759983e-48 1.648798896507628e-45 1.3511005684098944e-42 8.793460158757135e-40 4.545921548638755e-37 1.8668789796357154e-34 6.091011323303178e-32 1.579043810216387e-29 3.253040860169791e-27 5.326501802490432e-25 6.933100288398549e-23 7.175166327503057e-21 5.905469820276367e-19 3.8664201014402134e-17 2.014319026342346e-15 8.353473604879387e-14 2.7587242724096563e-12 7.258869838018019e-11 1.5226840050018873e-9 2.5482752879809808e-8 3.405379157639105e-7 3.6378665001304998e-6 0.0000311094697769857 0.00021333910699358763 0.001175906738569449 0.005225212431324925 0.018793387835291143 0.055009512912427276 0.13202228482800185 0.2624998863773175 0.43863447195648014 0.6280877371872108 0.7904599012799098 0.9013432200133655 0.9616754202862893 0.9878291742875098 0.9968612075311987 0.9993458291306341 0.9998902160984038 0.9999852046738922 0.9999984021158994 0.9999998619303101 0.9999999904670028 0.9999999994745938 0.999999999976904 0.9999999999991909 0.9999999999999774 0.9999999999999996 1. 1. 1. 1. 1. 1. 1. 1. 1. 1. 1. 1. 1. 1. 1. 1. 1. 1. 1. 1. 1. 1. 1. 1. 1. 1. 1. 1. 1. 1. 1. 1. 1.
5.890523536767459e-126 5.4301594252083595e-121 3.9640244466311366e-116 2.2915688104052388e-111 1.0490847946355099e-106 3.803454415982119e-102 1.0920567013292496e-97 2.4832564627663002e-93 4.472168387641636e-89 6.378909740496276e-85 7.206408988740447e-81 6.448353477793152e-77 4.5703622399674234e-73 2.565900359065887e-69 1.1411247335959843e-65 4.020210696936712e-62 1.1220356213847027e-58 2.4810078168713628e-55 4.34647083866565e-52 6.033346422168822e-49 6.636220550365399e-46 5.784361770629333e-43 3.995732601519446e-40 2.187669129915546e-37 9.494087676257185e-35 3.26631593576987e-32 8.90941273455689e-30 1.9270146487966886e-27 3.305466434573927e-25 4.497467361703756e-23 4.8548655045129124e-21 4.1587170597252667e-19 2.8276708654693377e-17 1.526576043478994e-15 6.546112615628224e-14 2.230524944697934e-12 6.042365895792103e-11 1.3021006723791774e-9 2.233759541525445e-8 3.0533088507114693e-7 3.329116248374618e-6 0.000028994534961986714 0.00020207079390166684 0.00112950794723099 0.005079090148101742 0.018447934845025025 0.05441975453857052 0.1313680106745753 0.2622368783323775 0.43920659109468463 0.6294897489849192 0.7921733919552192 0.9027650517172412 0.9625398735070217 0.9882263310584468 0.9970012580182653 0.9993840777456875 0.9998983521694464 0.9999865577798926 0.9999985785281866 0.9999998799960408 0.9999999919223042 0.9999999995669183 0.9999999999815208 0.999999999999373 0.9999999999999831 0.9999999999999996 1. 1. 1. 1. 1. 1. 1. 1. 1. 1. 1. 1. 1. 1. 1. 1. 1. 1. 1. 1. 1. 1. 1. 1. 1. 1. 1. 1. 1. 1. 1. 1. 1.
4.2078891643255645e-127 4.3162196664077895e-122 3.498230095305314e-117 2.2403020104574042e-112 1.1336693648928154e-107 4.533114877291959e-103 1.4323426768483004e-98 3.576408361472326e-94 7.056803313888115e-90 1.1003762873965378e-85 1.3559982895177306e-81 1.3206116337606821e-77 1.0164910051566055e-73 6.183864092813698e-70 2.9734532059318414e-66 1.130121839508995e-62 3.3952534437409025e-59 8.063497236363816e-56 1.5139185417957446e-52 2.247165844261279e-49 2.6372391878694415e-46 2.4472410788935117e-43 1.7957716309672668e-40 1.0421027336353818e-37 4.782965114407228e-35 1.7364335560799443e-32 4.9870767817441654e-30 1.1332352045888326e-27 2.037731789035136e-25 2.900032015044632e-23 3.267186238804008e-21 2.9144698121613704e-19 2.0590852986747075e-17 1.1525274447462898e-15 5.112649888635878e-14 1.7982175878514575e-12 5.0171622081458296e-11 1.1111067393698117e-9 1.9545773488562882e-8 2.7336246306952986e-7 3.042966420338415e-6 0.0000269982374044632 0.00019126200723660692 0.0010843782955035877 0.004935290947868435 0.018104723971595994 0.05382951873342984 0.1307098411084532 0.26197152724400036 0.4397842338306805 0.6309032388455592 0.7938946190066077 0.9041849826649702 0.9633962611784181 0.9886157778051516 0.9971368941272148 0.9994205832605392 0.9999059880149737 0.9999878037899508 0.9999987375708723 0.999999895906529 0.9999999931716197 0.9999999996440043 0.9999999999852618 0.9999999999995158 0.9999999999999873 0.9999999999999998 1. 1. 1. 1. 1. 1. 1. 1. 1. 1. 1. 1. 1. 1. 1. 1. 1. 1. 1. 1. 1. 1. 1. 1. 1. 1. 1. 1. 1. 1. 1. 1. 1.
2.8958328080886387e-128 3.310181221467856e-123 2.9830635128094437e-118 2.119402564342654e-113 1.1871700230223877e-108 5.242877736611839e-104 1.8255482096221962e-99 5.011799932258381e-95 1.0848801773741464e-90 1.8516931242522498e-86 2.4921137627905062e-82 2.6447929641143833e-78 2.2133742888794794e-74 1.4607400769963166e-70 7.602610573745716e-67 3.1206314943860477e-63 1.0102572348904989e-59 2.5796022655961515e-56 5.195512080411029e-53 8.254381671992178e-50 1.0345454251705262e-46 1.0229502279990524e-43 7.980565707320801e-41 4.912754750710762e-38 2.3865522278453472e-35 9.149941927653312e-33 2.768981047941049e-30 6.615080705697134e-28 1.2477591529881371e-25 1.8585865795403093e-23 2.1866430839836492e-21 2.0324295017527517e-19 1.49282985343405e-17 8.667536604970194e-16 3.979491890238229e-14 1.4454069309963337e-12 4.1552970709373786e-11 9.460764381075187e-10 1.707187715571204e-8 2.4437573671638586e-7 2.778061503819768e-6 0.00002511556571055435 0.00018090073331247696 0.0010405030985334363 0.004793819644758939 0.01776379686937645 0.05323884399187838 0.1300477515935664 0.26170380187680153 0.4403674792727567 0.6323283271313658 0.7956235510773547 0.9056028362070772 0.9642444502293948 0.9889975130223367 0.9972681791605598 0.9994553975925511 0.9999131469836441 0.9999889496795534 0.9999988807227771 0.9999999098915648 0.9999999942416189 0.9999999997081923 0.9999999999882836 0.9999999999996275 0.9999999999999907 0.9999999999999998 1. 1. 1. 1. 1. 1. 1. 1. 1. 1. 1. 1. 1. 1. 1. 1. 1. 1. 1. 1. 1. 1. 1. 1. 1. 1. 1. 1. 1. 1. 1. 1. 1.
1.9185512137388768e-129 2.447720045570597e-124 2.4563794972621724e-119 1.9390202349716654e-114 1.2040115859407327e-109 5.88097419523105e-105 2.259683400756555e-100 6.830236027635256e-96 1.6241435574130183e-91 3.038262350688903e-87 4.471474018596891e-83 5.17742836719804e-79 4.716608594527287e-75 3.380753303054169e-71 1.906697740897477e-67 8.46161359289667e-64 2.9549307386925155e-60 8.120556222392188e-57 1.7562735228207853e-53 2.989456282038493e-50 4.0051078367449033e-47 4.2236633438589797e-44 3.5063220063011086e-41 2.291604990511166e-38 1.1792216567278168e-35 4.778218414300478e-33 1.5247694872339045e-30 3.8323871580845644e-28 7.588021926404063e-26 1.1837442162914836e-23 1.455271583188517e-21 1.410219442242547e-19 1.0774590516698466e-17 6.492618168240544e-16 3.086741888338415e-14 1.1583147006572637e-12 3.4325593178569006e-11 8.037819994864538e-10 1.488356400684769e-8 2.181304308214881e-7 2.5331057878854114e-6 0.000023341630745598738 0.00017097501104354582 0.0009978673283362234 0.004654680424135019 0.017425195316951417 0.05264776981966306 0.12938171764480688 0.26143367044196075 0.4409564080225353 0.6337651354096488 0.7973601538570343 0.9070184322265511 0.9650843084020989 0.9893715382015227 0.9973951778434499 0.9994885723385643 0.9999198517832937 0.9999900020879593 0.9999990093596185 0.9999999221597181 0.9999999951558738 0.9999999997614921 0.9999999999907166 0.9999999999997146 0.9999999999999931 0.9999999999999999 1. 1. 1. 1. 1. 1. 1. 1. 1. 1. 1. 1. 1. 1. 1. 1. 1. 1. 1. 1. 1. 1. 1. 1. 1. 1. 1. 1. 1. 1. 1. 1. 1.
1.2227807294737278e-130 1.7439372836049785e-125 1.951898557102889e-120 1.7144922159173764e-115 1.1818816227201648e-110 6.394130113119938e-106 2.714984924841982e-101 9.047777774792519e-97 2.3665504930334892e-92 4.858481449832988e-88 7.829043017957831e-84 9.902698146612784e-80 9.832173819606012e-76 7.663237076460906e-72 4.688765558989986e-68 2.2521980048873274e-64 8.493295678852581e-61 2.514717086833978e-57 5.846134545845533e-54 1.0671883051870456e-50 1.529798357024596e-47 1.7221832174739965e-44 1.522688009763736e-41 1.0574674110879461e-38 5.768858122899191e-36 2.472445455618423e-33 8.325885243872876e-31 2.203232780148446e-28 4.5823022555645954e-26 7.491635732413151e-24 9.629995320625141e-22 9.734905884498571e-20 7.741210273912912e-18 4.843856271111466e-16 2.3858085852182666e-14 9.253942148401341e-13 2.828035078812132e-11 6.813556956618208e-10 1.2951342015697045e-8 1.9440212925275899e-7 2.306862025647897e-6 0.00002167166654925031 0.00016147293964039616 0.0009564556202207332 0.004517876827909749 0.01708896119976353 0.052056336751654414 0.12871171483920066 0.2611611005850164 0.44155110220976834 0.6352137864515511 0.7991043899793318 0.9084315871228201 0.9659157043625652 0.9897378578827456 0.997517956279091 0.9995201587330235 0.9999261244763352 0.9999909673265133 0.9999991247592234 0.9999999328999434 0.9999999959351719 0.999999999805626 0.9999999999926692 0.9999999999997821 0.9999999999999949 0.9999999999999999 1. 1. 1. 1. 1. 1. 1. 1. 1. 1. 1. 1. 1. 1. 1. 1. 1. 1. 1. 1. 1. 1. 1. 1. 1. 1. 1. 1. 1. 1. 1. 1. 1.
7.491624922828317e-132 1.1963252079818985e-126 1.4957218851866523e-121 1.464160218766629e-116 1.1222014235061862e-111 6.734515083525123e-107 3.164496267975817e-102 1.1643289088537746e-97 3.3545202026021868e-93 7.567986782259583e-89 1.3370202350803358e-84 1.8497653519176064e-80 2.004152517223569e-76 1.7005755758717384e-72 1.130131536982615e-68 5.882314004975669e-65 2.3981337979328875e-61 7.658191480384866e-58 1.9157120275277766e-54 3.7541467057640534e-51 5.76364990325227e-48 6.932988213271433e-45 6.534528608325386e-42 4.8263311222466e-39 2.7936460008027883e-36 1.2674308923856638e-33 4.507427702916793e-31 1.256736754820474e-28 2.747502807127499e-26 4.7107120084546575e-24 6.335437557346798e-22 6.685105262392159e-20 5.5360096632885494e-18 3.598955688276692e-16 1.8374022997216403e-14 7.36996474864141e-13 2.3237024943290876e-11 5.762548596968253e-10 1.1248363429452124e-8 1.7298151223468272e-7 2.0981500613926456e-6 0.000020101031098461205 0.0001523826862893292 0.0009162522796784351 0.004383411739995918 0.016755136491964247 0.051464586370197275 0.1280377188275983 0.2608860593733381 0.4421516455280979 0.6366744042298818 0.8008562189170696 0.9098421137983138 0.9667385078148174 0.990096479704222 0.9976365819016215 0.9995502076064875 0.9999319864761744 0.9999918513872003 0.9999992281066252 0.9999999422830963 0.9999999965978026 0.9999999998420649 0.9999999999942311 0.9999999999998344 0.9999999999999962 1. 1. 1. 1. 1. 1. 1. 1. 1. 1. 1. 1. 1. 1. 1. 1. 1. 1. 1. 1. 1. 1. 1. 1. 1. 1. 1. 1. 1. 1. 1. 1. 1. 1.
4.408845598487612e-133 7.895862276233866e-128 1.104516270911709e-122 1.206841811143508e-117 1.030012643937323e-112 6.866850479237044e-108 3.576060841755923e-103 1.454770806505496e-98 4.623144152091055e-94 1.1477440843130779e-89 2.2260243382660158e-85 3.372914734012664e-81 3.992876315445773e-77 3.693065213655329e-73 2.6688586873531606e-69 1.5070232144795195e-65 6.649514310469417e-62 2.292752380497566e-58 6.177962022229677e-55 1.3010081170414753e-51 2.1413606782741037e-48 2.754900342177751e-45 2.7705287766161626e-42 2.1782027220021655e-39 1.3389217347949697e-36 6.435475683825803e-34 2.418954265826007e-31 7.111411017144097e-29 1.6354313932326286e-26 2.942616868972935e-24 4.143307426677168e-22 4.5663872386920215e-20 3.940270609756093e-18 2.6628179423374724e-16 1.4098612587867747e-14 5.850816705526253e-13 1.9040701639533554e-11 4.862297132103989e-10 9.75022947363108e-9 1.5367361062028772e-7 1.905845425119224e-6 0.000018625206916720173 0.00014369249380264285 0.0008772412897443034 0.004251287371906205 0.016423763237456698 0.050872561323557004 0.12735970534691404 0.26060851328326956 0.4427581232718015 0.6381471139159506 0.8026155968743758 0.9112498216477727 0.9675525896184063 0.990447414449795 0.9977511234264553 0.9995787693446094 0.999937458544647 0.9999926599514173 0.999999320499038 0.9999999504633654 0.9999999971598209 0.9999999998720621 0.9999999999954761 0.9999999999998745 0.9999999999999973 1. 1. 1. 1. 1. 1. 1. 1. 1. 1. 1. 1. 1. 1. 1. 1. 1. 1. 1. 1. 1. 1. 1. 1. 1. 1. 1. 1. 1. 1. 1. 1. 1. 1.
2.490326683733368e-134 5.010219337800993e-129 7.854336612331158e-124 9.594501976292992e-119 9.132797429121698e-114 6.774270403152683e-109 3.915687250389086e-104 1.7638040455601827e-99 6.191563848297429e-95 1.6938293667074132e-90 3.6113592776419085e-86 6.000906643334495e-82 7.771817991350926e-78 7.845191381720587e-74 6.172718973560408e-70 3.7858185942464736e-66 1.809978017124065e-62 6.745880581574359e-59 1.960105615742041e-55 4.4403952770668305e-52 7.84320391304819e-49 1.0802551153754344e-45 1.160258056061354e-42 9.718885923614644e-40 6.349718312403936e-37 3.2360548544884122e-34 1.286630285440241e-31 3.9914234055639475e-29 9.662852834603995e-27 1.8258411581616777e-24 2.6933204421549523e-22 3.1022781373100826e-20 2.7909811911102e-18 1.9617840842738447e-16 1.0777581716969568e-14 4.629706221228964e-13 1.5558553822361094e-11 4.0929383678412613e-10 8.434805627165582e-9 1.362970779505344e-7 1.7288778976231122e-6 0.00001723980152823099 0.00013539068822678065 0.0008394063188323955 0.004121505248529711 0.016094883530106654 0.05028030534443833 0.1266776502329243 0.26032842818692803 0.4433706223735627 0.6396320418753565 0.8043824766759633 0.9126545165504986 0.9683578219093908 0.990790676093994 0.9978616507981135 0.9996058938476795 0.9999425607904805 0.9999933983989369 0.9999994029506987 0.9999999575796217 0.9999999976352858 0.9999999998966826 0.9999999999964649 0.9999999999999054 0.999999999999998 1. 1. 1. 1. 1. 1. 1. 1. 1. 1. 1. 1. 1. 1. 1. 1. 1. 1. 1. 1. 1. 1. 1. 1. 1. 1. 1. 1. 1. 1. 1. 1. 1. 1.
1.3490349562393697e-135 3.0541319373068446e-130 5.37457199069118e-125 7.351894710888966e-120 7.817399142661747e-115 6.461625249082789e-110 4.151902770721578e-105 2.0739038516772794e-100 8.05335639960926e-96 2.431216760987666e-91 5.706126123208161e-87 1.0412221146316726e-82 1.4772166104689576e-78 1.6295187691793403e-74 1.397673787427525e-70 9.321844321674588e-67 4.8346755223123707e-63 1.949952078006608e-59 6.116391996661671e-56 1.4921323038575275e-52 2.8313164205009193e-49 4.178975273840463e-46 4.798284921751161e-43 4.286228662934659e-40 2.9790665831574857e-37 1.6111948544977372e-34 6.781597487726449e-32 2.2217325164267978e-29 5.6662384431124255e-27 1.1251692978588813e-24 1.7399963412420335e-22 2.095977734014631e-20 1.9672016310903856e-18 1.439030109792274e-16 8.207440048537124e-15 3.6513124328848264e-13 1.2676984832656189e-11 3.436971221844463e-10 7.282047205373723e-9 1.2068348104727002e-7 1.5662300493081696e-6 0.000015940547756109106 0.00012746568639532082 0.000802730729049946 0.003994066194114016 0.015768539493106897 0.049687863268568555 0.1259915294336591 0.26004576933865486 0.4439892314432915 0.6411293156626471 0.8061568076534523 0.9140560008657199 0.9691540782247352 0.991126281844519 0.9979682351355683 0.9996316304908174 0.999947312668779 0.9999940718170374 0.9999994763975767 0.9999999637566848 0.9999999980364787 0.9999999999168285 0.9999999999972478 0.999999999999929 0.9999999999999986 1. 1. 1. 1. 1. 1. 1. 1. 1. 1. 1. 1. 1. 1. 1. 1. 1. 1. 1. 1. 1. 1. 1. 1. 1. 1. 1. 1. 1. 1. 1. 1. 1. 1.
7.002770715083017e-137 1.7871112499851753e-131 3.5362933306735123e-126 5.425850154622704e-121 6.455329927906944e-116 5.955374657633451e-111 4.260388373351027e-106 2.3634633066919586e-101 1.016761132591747e-96 3.3921185144075346e-92 8.776423614565583e-88 1.7610514013797744e-83 2.7406201225803525e-79 3.3079856821282197e-75 3.0969433660028497e-71 2.2489307678230144e-67 1.2668114855252557e-63 5.53557396953131e-60 1.8765137466886987e-56 4.935204705278285e-53 1.0070507383414816e-49 1.5944892199482486e-46 1.9590721434167343e-43 1.86799690430827e-40 1.382424113082738e-37 7.94133178193477e-35 3.5414852907916365e-32 1.2262454656419872e-29 3.2971358715064205e-27 6.885579285401514e-25 1.1170585899416905e-22 1.4081335766600125e-20 1.3796229605713845e-18 1.0508985889202507e-16 6.225918293859234e-15 2.8699562661342365e-13 1.0299098731031745e-11 2.8790105009492294e-10 6.273834972409674e-9 1.0667660981543413e-7 1.4169357559623427e-6 0.000014723303863995651 0.00011990600341326553 0.0007671975849918311 0.0038689703184796175 0.015444773257472174 0.04909528105331986 0.12530131902340114 0.2597605013611013 0.4446140408080356 0.6426390640147972 0.8079385355287108 0.9154540734312836 0.9699412336301154 0.9914542521819752 0.9980709486751322 0.9996560280849096 0.9999517329815284 0.9999946850097761 0.9999995417019396 0.9999999691065127 0.9999999983741021 0.9999999999332616 0.9999999999978653 0.9999999999999468 0.9999999999999989 1. 1. 1. 1. 1. 1. 1. 1. 1. 1. 1. 1. 1. 1. 1. 1. 1. 1. 1. 1. 1. 1. 1. 1. 1. 1. 1. 1. 1. 1. 1. 1. 1. 1.
3.4804231428962347e-138 1.0029945599189329e-132 2.2355670009705976e-127 3.8539599698162475e-122 5.1388438623001476e-117 5.299943334564433e-112 4.2279912200115405e-107 2.608940008661301e-102 1.2452946093439156e-97 4.598008181070116e-93 1.3133166939800307e-88 2.9019151359385225e-84 4.960551212797474e-80 6.560255880395875e-76 6.712342959446128e-72 5.3138384217227104e-68 3.2549424676271594e-64 1.542768445483006e-60 5.658539113622709e-57 1.6061273077277214e-53 3.5282238812685954e-50 5.998796826775724e-47 7.894754072044886e-44 8.042995162379696e-41 6.343725005067375e-38 3.8740547139719207e-35 1.8320412414846836e-32 6.709848631242903e-30 1.903556891499016e-27 4.18380586604248e-25 7.125534902212283e-23 9.405989182418152e-21 9.626069003466339e-19 7.639877637008522e-17 4.7040885308439516e-15 2.2480382609008344e-13 8.342465783532684e-12 2.4055614200475174e-10 5.393820490438881e-9 9.413180685947524e-8 1.2800786947717358e-6 0.0000135840535409025 0.00011270026005907261 0.0007327896630173493 0.0037462170034981176 0.015123626939650497 0.048502605796360176 0.12460699521732516 0.2594725882309419 0.4452451425530102 0.6441614168434158 0.8097276022941451 0.9168485295658593 0.9707191648510891 0.9917746108966621 0.9981698647109363 0.9996791348383787 0.9999558398791158 0.9999952425073773 0.9999995996567745 0.999999973729315 0.9999999986574584 0.9999999999466236 0.9999999999983504 0.9999999999999605 0.9999999999999993 1. 1. 1. 1. 1. 1. 1. 1. 1. 1. 1. 1. 1. 1. 1. 1. 1. 1. 1. 1. 1. 1. 1. 1. 1. 1. 1. 1. 1. 1. 1. 1. 1. 1.
1.654764601455764e-139 5.394740579455028e-134 1.3568092846650277e-128 2.6326235564770778e-123 3.9408395747024435e-118 4.551218191920612e-113 4.055224819519684e-108 2.7877942558921267e-103 1.478685602573877e-98 6.051623994367871e-94 1.911003485401582e-89 4.656481757079891e-85 8.7553940020073e-81 1.2703707343046716e-76 1.4224571101478173e-72 1.2291931693281662e-68 8.197723885476312e-65 4.219687946008241e-61 1.6765055238840818e-57 5.1415397096551535e-54 1.2172322022782114e-50 2.2247287035303527e-47 3.1393424245444475e-44 3.420555796819062e-41 2.878019056233147e-38 1.8701533652072044e-35 9.386434436695453e-33 3.6393507446554255e-30 1.0902215994120102e-27 2.523772679866139e-25 4.5156281045437694e-23 6.246252292837515e-21 6.681453432777869e-19 5.528510638165553e-17 3.5398934187445367e-15 1.7547084534517562e-13 6.73715377902353e-12 2.0048144011361294e-10 4.62728090004186e-9 8.291531744627627e-8 1.1547908238701019e-6 0.000012518905729447585 0.00010583719009046558 0.0006994894610093348 0.003625804889863368 0.014805142618228571 0.047909885754304486 0.12390853438679449 0.25918199326420177 0.44588263056378924 0.6456965052256225 0.8115239460899215 0.9182391610748851 0.9714877504076026 0.992087385122236 0.998265057533044 0.9997009983198784 0.9999596508628534 0.9999957485757114 0.9999996509900593 0.9999999777145911 0.9999999988946122 0.9999999999574531 0.9999999999987303 0.9999999999999707 0.9999999999999996 1. 1. 1. 1. 1. 1. 1. 1. 1. 1. 1. 1. 1. 1. 1. 1. 1. 1. 1. 1. 1. 1. 1. 1. 1. 1. 1. 1. 1. 1. 1. 1. 1. 1.
7.519686532761657e-141 2.778436318079819e-135 7.899321491190843e-130 1.7281267138107835e-124 2.9091502775470625e-119 3.7685161663292964e-114 3.756624086653806e-109 2.881763619194954e-104 1.7012301659513822e-99 7.729003981494507e-95 2.702416069020862e-90 7.272145616646818e-86 1.5061529417952952e-81 2.4009735921942997e-77 2.9460113961991465e-73 2.7824575549763297e-69 2.022971236197795e-65 1.1322429586716354e-61 4.878676635321459e-58 1.6184634352077554e-54 4.134002270299508e-51 8.130867263559368e-48 1.2315045687550977e-44 1.436503113275112e-41 1.290598591780923e-38 8.931769433592885e-36 4.762104095421533e-33 1.956299620883948e-30 6.193196051148516e-28 1.5111735589636832e-25 2.842640623712992e-23 4.123241535970403e-21 4.612980926977772e-19 3.9818654679974644e-17 2.6528514961997496e-15 1.364737349911166e-13 5.423998132287289e-12 1.6664587455765117e-10 3.960982815344929e-9 7.290366027442991e-8 1.0402508487401287e-6 0.00001152409429806625 0.00009930564744007667 0.0006672792086155386 0.0035077318641892016 0.014489362309718078 0.04731717036135319 0.1232059130753509 0.2588886791011876 0.44652660056968957 0.647244461393493 0.8133275010780538 0.919625756260456 0.9722468707517743 0.992392605366048 0.9983566023632602 0.9997216654220036 0.9999631827884938 0.99999620722584 0.9999996963688804 0.9999999811420991 0.9999999990925372 0.9999999999662014 0.9999999999990266 0.9999999999999784 0.9999999999999996 1. 1. 1. 1. 1. 1. 1. 1. 1. 1. 1. 1. 1. 1. 1. 1. 1. 1. 1. 1. 1. 1. 1. 1. 1. 1. 1. 1. 1. 1. 1. 1. 1. 1.
3.263099622629567e-142 1.3690267717252322e-136 4.4079839152717194e-131 1.0892368797629665e-125 2.0657001445528703e-120 3.0066557714362415e-115 3.358776494731787e-110 2.879848249966828e-105 1.8952218566247411e-100 9.573353587412932e-96 3.711882614813722e-91 1.1047497372258604e-86 2.523989922206506e-82 4.426709452030797e-78 5.9602029993231e-74 6.160927344354191e-70 4.88940583914818e-66 2.97929010666945e-62 1.3939267493978683e-58 5.007991137537825e-55 1.3816948031109717e-51 2.927636011159196e-48 4.764453672902642e-45 5.955779899237895e-42 5.7192147399601096e-39 4.219432892660621e-36 2.3919115135952123e-33 1.0420045067302404e-30 3.4889561134723696e-28 8.980490112897204e-26 1.7773434819829524e-23 2.7052709467822226e-21 3.1676363431839105e-19 2.8541793128104064e-17 1.9797406912904885e-15 1.0575606162030819e-13 4.3530859028282655e-12 1.3815138289004543e-10 3.3830550080016214e-9 6.398301943615597e-8 9.356826787832411e-7 0.000010595977558154468 0.00009309461328665897 0.0006361408779702085 0.0033919950464652493 0.014176327943401627 0.04672451024788658 0.12249910801541629 0.25859260769100745 0.4471771501883925 0.6488054187220085 0.8151381973133428 0.9210080999353982 0.9729964084088993 0.9926903055359644 0.998444575288701 0.9997411823261079 0.9999664518707216 0.9999966222235999 0.9999997364033947 0.9999999840827558 0.9999999992572467 0.9999999999732443 0.9999999999992566 0.999999999999984 0.9999999999999998 1. 1. 1. 1. 1. 1. 1. 1. 1. 1. 1. 1. 1. 1. 1. 1. 1. 1. 1. 1. 1. 1. 1. 1. 1. 1. 1. 1. 1. 1. 1. 1. 1. 1.
1.3509083776723286e-143 6.447915102021581e-138 2.3555902314304364e-132 6.586808311041127e-127 1.4097869469453935e-121 2.3096385018745523e-116 2.8963836454008923e-111 2.7803524563246077e-106 2.0430837485145063e-101 1.149282191877792e-96 4.9491872416717486e-92 1.6316283719130062e-87 4.11816055774425e-83 7.957847811216815e-79 1.177376231702919e-74 1.3337688245838402e-70 1.1569417667301439e-66 7.684751673445467e-63 3.908943007986185e-59 1.5227409042362457e-55 4.543164073537994e-52 1.0382166764509158e-48 1.8173956014845136e-45 2.4371446642929866e-42 2.5039536437171308e-39 1.9712065712997942e-36 1.1891930497592248e-33 5.498537001408041e-31 1.9488775747865894e-28 5.295925850786045e-26 1.1035892799204398e-23 1.7639356653226122e-21 2.1631417629206435e-19 2.0358730982440817e-17 1.4710924793703053e-15 8.164733600722588e-14 3.4824309256746545e-12 1.1421765252883563e-10 2.882869546493431e-9 5.6048657885294836e-8 8.40353877369919e-7 9.731037627530824e-6 0.00008719320298767523 0.0006060561948935371 0.0032785907779066953 0.013866081335226032 0.04613195725899872 0.12178809614574246 0.258293740275669 0.4478343789718362 0.6503795117153987 0.8169559606111083 0.9223859734417497 0.9737362481215996 0.9929805229634749 0.9985290531931997 0.9997595944683134 0.9999694736886022 0.9999969970992029 0.9999997716506338 0.9999999865994726 0.9999999993939122 0.999999999978895 0.9999999999994347 0.9999999999999883 0.9999999999999998 1. 1. 1. 1. 1. 1. 1. 1. 1. 1. 1. 1. 1. 1. 1. 1. 1. 1. 1. 1. 1. 1. 1. 1. 1. 1. 1. 1. 1. 1. 1. 1. 1. 1.
5.330576159157735e-145 2.900194197490161e-139 1.2044533595890016e-133 3.8183058081718563e-128 9.240119326353474e-123 1.706944857541389e-117 2.4071654081892295e-112 2.5914751731832225e-107 2.1298730166080157e-102 1.336403365965134e-97 6.4019328537142894e-93 2.3414659080535825e-88 6.5385620279891195e-84 1.3941516548249605e-79 2.2698027308214004e-75 2.8218565356064415e-71 2.6789860904394916e-67 1.9423007456538947e-63 1.0754661985411673e-59 4.548177012659803e-56 1.4691523681946148e-52 3.625072328384478e-49 6.833160530433642e-46 9.840568581057906e-43 1.0828173443882659e-39 9.104884702455842e-37 5.851018747295437e-34 2.8739988708799456e-31 1.0792148314089133e-28 3.098652338384882e-26 6.80408735021633e-24 1.1428799417072427e-21 1.4688672090715972e-19 1.4449487053725522e-17 1.0883553142881994e-15 6.279528143684069e-14 2.7768192056303662e-12 9.416836277153256e-11 2.45093105118314e-9 4.9004352651771954e-8 7.535741086602475e-7 8.925879641991e-6 0.00008159067285886225 0.0005770066505646605 0.003167514609231759 0.01355866416072334 0.04553956447293668 0.12107285462963226 0.2579920373737415 0.44849838845342893 0.651966875991804 0.8187807124117056 0.923759154673903 0.9744662769970359 0.9932632984228914 0.9986101136866326 0.9997769465068045 0.9999722631919645 0.9999973351568261 0.9999998026181487 0.9999999887479277 0.9999999995069684 0.9999999999834126 0.9999999999995719 0.9999999999999916 0.9999999999999999 1. 1. 1. 1. 1. 1. 1. 1. 1. 1. 1. 1. 1. 1. 1. 1. 1. 1. 1. 1. 1. 1. 1. 1. 1. 1. 1. 1. 1. 1. 1. 1. 1. 1.
2.002868201687924e-146 1.2445998171697372e-140 5.887380117772465e-135 2.1200067256920197e-129 5.811437354223253e-124 1.2127462385462512e-118 1.9266634601349032e-113 2.330244469612787e-108 2.1456934773420886e-103 1.5042364321553813e-98 8.028959613748954e-94 3.2629518562588374e-89 1.0096824439502253e-84 2.379016075870314e-80 4.2684024114122813e-76 5.831860848887767e-72 6.067960882901417e-68 4.808327155893709e-64 2.901914834434248e-60 1.3339538035000598e-56 4.670797050448023e-53 1.2458529455249726e-49 2.5316457558163002e-46 3.9195662171934344e-43 4.6239684175398586e-40 4.157012627170863e-37 2.848335090867202e-34 1.4876625087286058e-31 5.923652781856513e-29 1.798556755433745e-26 4.164824066360013e-24 7.357138374982949e-22 9.916961875212223e-20 1.020335174366033e-17 8.01608504937494e-16 4.810908690442997e-14 2.20680557009626e-12 7.741880893710026e-11 2.078773721182599e-9 4.2761851971042467e-8 6.746935844554164e-7 8.177230817163329e-6 0.00007627642678649619 0.0005489735136633614 0.003058761289404862 0.013254117926948292 0.04494738621942487 0.12035336087396957 0.25768745876356713 0.44916928219661695 0.6535676482661379 0.820612369641774 0.9251274181066482 0.9751863846570821 0.9935386761464367 0.9986878350322587 0.9997932822904878 0.9999748347086951 0.9999976394841678 0.9999998297674941 0.9999999905772797 0.9999999996002077 0.9999999999870115 0.9999999999996771 0.9999999999999938 0.9999999999999999 1. 1. 1. 1. 1. 1. 1. 1. 1. 1. 1. 1. 1. 1. 1. 1. 1. 1. 1. 1. 1. 1. 1. 1. 1. 1. 1. 1. 1. 1. 1. 1. 1. 1.
7.158582474221595e-148 5.0910974725755155e-142 2.748510791661152e-136 1.1264008646492331e-130 3.5043408739529344e-125 8.276494902246738e-120 1.483962061931025e-114 2.0199728859208253e-109 2.0874955234184606e-104 1.6378514149513523e-99 9.756744025555683e-95 4.412962809217025e-90 1.515531970638893e-85 3.9520744086701715e-81 7.825773704206823e-77 1.1767658093777954e-72 1.3437961818061606e-68 1.1654111791105182e-64 7.676286774506663e-61 3.840391636617116e-57 1.4594216497672204e-53 4.213068550795304e-50 9.239821058670782e-47 1.5396233121441704e-43 1.9493696129710348e-40 1.8756448250292502e-37 1.371631331944965e-34 7.624563749009407e-32 3.2221944167123266e-29 1.0354407935339465e-26 2.5306047067579867e-24 4.704904602379836e-22 6.656144142218506e-20 7.167658527049899e-18 5.877270437623473e-16 3.671202637163132e-14 1.7478443079479823e-12 6.34647971925203e-11 1.758865786291239e-9 3.724035442581175e-8 6.031015142953286e-7 7.481939363266468e-6 0.00007124002265798782 0.0005219378429736715 0.0029523247548815857 0.012952483943414918 0.044355478097837034 0.11962959254908287 0.2573799634660097 0.44984716584486106 0.6551819663310628 0.8224508445722165 0.9264905348283887 0.9758964633913542 0.9938067038350322 0.9987622960721768 0.9998086448291028 0.9999772019529128 0.9999979129619474 0.9999998535175527 0.9999999921308254 0.9999999996768634 0.9999999999898679 0.9999999999997576 0.9999999999999956 1. 1. 1. 1. 1. 1. 1. 1. 1. 1. 1. 1. 1. 1. 1. 1. 1. 1. 1. 1. 1. 1. 1. 1. 1. 1. 1. 1. 1. 1. 1. 1. 1. 1. 1.
2.431383697746186e-149 1.983104472127304e-143 1.2243548610676314e-137 5.721982045359223e-132 2.024284206656838e-126 5.421147211731761e-121 1.0990441462281142e-115 1.686760643179456e-110 1.9598238904272042e-105 1.7239218427414703e-100 1.1480678893719874e-95 5.788693178218764e-91 2.2098917329754524e-86 6.387849506426628e-82 1.3981332535841248e-77 2.317240442814672e-73 2.908320839179624e-69 2.7642927793935874e-65 1.9898489473342064e-61 1.0848673193839466e-57 4.4800436697650534e-54 1.401420698096901e-50 3.321011065527021e-47 5.962470740216111e-44 8.111091508665743e-41 8.361369180885727e-38 6.532423084950609e-35 3.868392395384038e-32 1.736658670176945e-29 5.911584644917324e-27 1.5261165767572343e-24 2.9886013623566686e-22 4.4408170371404513e-20 5.008526246558969e-18 4.2891440931268684e-16 2.7902036410489202e-14 1.379538144123215e-12 5.1872704621560225e-11 1.484521036029207e-9 3.236601012782544e-8 5.382245619644265e-7 6.83697325580362e-6 0.00006647117859663598 0.0004958805004418331 0.0028481981193952503 0.01265380329202249 0.04376389699519128 0.11890152760948346 0.257069509726723 0.45053214717305967 0.6568099690359536 0.8242960446728673 0.9278482725797836 0.9765964083129595 0.9940674326645809 0.9988335761510102 0.9998230762648646 0.9999793780339943 0.999998158273325 0.9999998742476996 0.9999999934466026 0.999999999739684 0.9999999999921266 0.9999999999998188 0.9999999999999969 1. 1. 1. 1. 1. 1. 1. 1. 1. 1. 1. 1. 1. 1. 1. 1. 1. 1. 1. 1. 1. 1. 1. 1. 1. 1. 1. 1. 1. 1. 1. 1. 1. 1. 1.
7.839270990917024e-151 7.348433397347734e-145 5.1991499666263176e-139 2.776491003632601e-133 1.1191669965259335e-127 3.405156868699985e-122 7.820463038624233e-117 1.355785841680086e-111 1.7742870829949134e-106 1.7528410442974758e-101 1.3072527603621626e-96 7.360180914741445e-92 3.1285554130868667e-87 1.0040177043188094e-82 2.4327532276736032e-78 4.450741369003308e-74 6.148431293948963e-70 6.413805705877426e-66 5.052550242695379e-62 3.0059030573858448e-58 1.3506333512575683e-54 4.5838428884802115e-51 1.1751319165514934e-47 2.2758667498614824e-44 3.3300699470202454e-41 3.6817492465235614e-38 3.076119458342325e-35 1.9424994589953333e-32 9.272478810188718e-30 3.346462029267591e-27 9.133138808834308e-25 1.88538747743701e-22 2.944732975797229e-20 3.48091807507404e-18 3.115344157327439e-16 2.1119032446286145e-14 1.084991413138179e-12 4.22706050634165e-11 1.2498170780324715e-9 2.8071443899435245e-8 4.795253114992029e-7 6.239418865620736e-6 0.00006195977898639647 0.00047078216467912596 0.0027463736643235995 0.012358116795956083 0.04317270110392811 0.11816914431550692 0.2567560549979252 0.451224336140473 0.6584517962637438 0.826147872463852 0.9292003957981023 0.977286117516837 0.9943209172875564 0.9989017550379425 0.9998366178457131 0.9999813754664164 0.9999983779132187 0.9999998923008078 0.999999994557945 0.9999999997909991 0.9999999999939059 0.9999999999998652 0.9999999999999978 1. 1. 1. 1. 1. 1. 1. 1. 1. 1. 1. 1. 1. 1. 1. 1. 1. 1. 1. 1. 1. 1. 1. 1. 1. 1. 1. 1. 1. 1. 1. 1. 1. 1. 1.
2.3967660802268314e-152 2.5876769966297743e-146 2.102530791105861e-140 1.285672628885116e-134 5.916740524655399e-129 2.0493099732303786e-123 5.3421404481933815e-118 1.0481311815269966e-112 1.5478168341970726e-107 1.7204369383504343e-102 1.4394141583493045e-97 9.065131478056813e-93 4.2975241981836187e-88 1.5336779289500645e-83 4.120392988802978e-79 8.333936872733743e-75 1.2690798072299584e-70 1.4550458638533662e-66 1.2561379263789604e-62 8.165767586449018e-59 3.99746296825884e-55 1.473775202342745e-51 4.0923458027859985e-48 8.559460537978488e-45 1.3486414531447505e-41 1.6009240160410133e-38 1.4319337243647796e-35 9.651920911808481e-33 4.903563880104977e-30 1.877998121411346e-27 5.423165220484769e-25 1.1811018566023255e-22 1.9405161093110237e-20 2.4059170067735155e-18 2.2518508728482814e-16 1.5917910374900614e-14 8.50254702043641e-13 3.434036715971905e-11 1.0495199797675904e-9 2.429530034880873e-8 4.265007457138137e-7 5.6864794521742255e-6 0.00005769588027277378 0.0004466233448989797 0.0026468428296765613 0.012065464987552423 0.042581949939438625 0.11743242125589476 0.25643955591966316 0.45192384494519583 0.660107588905531 0.8280062253636207 0.9305466656675707 0.9779654922405225 0.9945672158297036 0.9989669128472356 0.9998493099002457 0.9999832061803786 0.9999985741974993 0.9999999079860953 0.9999999954939867 0.9999999998327762 0.999999999995302 0.9999999999999002 0.9999999999999984 1. 1. 1. 1. 1. 1. 1. 1. 1. 1. 1. 1. 1. 1. 1. 1. 1. 1. 1. 1. 1. 1. 1. 1. 1. 1. 1. 1. 1. 1. 1. 1. 1. 1. 1.
6.941020317930921e-154 8.650295836183141e-148 8.089021328212515e-142 5.6757888370698844e-136 2.988340424687116e-130 1.1806370754578236e-124 3.500215561780658e-119 7.787093162289325e-114 1.3000769369623703e-108 1.6288741528605484e-103 1.5315929629163332e-98 1.0808117552930594e-93 5.7242974627514616e-89 2.275492992130719e-84 6.789331558634663e-80 1.5205307738544582e-75 2.556231432111399e-71 3.225995558278523e-67 3.056397894041976e-63 2.174025913795385e-59 1.161066169605007e-55 4.656057102094157e-52 1.4021150567737098e-48 3.170967432492962e-45 5.3862409841644193e-42 6.8724844626924e-39 6.587637348353476e-36 4.744541641822711e-33 2.567888747469858e-30 1.0446086252474063e-27 3.194594518896113e-25 7.346242256736824e-23 1.2706351918870435e-20 1.6535640237988631e-18 1.6196758134466076e-16 1.1946327449496032e-14 6.638495371160118e-13 2.781063687092599e-11 8.790149505722731e-10 2.098181066902152e-8 3.786807401703778e-7 5.175473524251654e-6 0.00005366971652617673 0.0004233843952762636 0.002549596205746855 0.011775888075122998 0.04199170435730636 0.11669133737135916 0.2561199683005502 0.45263078808022744 0.6617774888328017 0.829870995533645 0.9318868401759924 0.978634437027166 0.9948063898816608 0.99902912995737 0.9998611918144 0.9999848815331656 0.9999987492720428 0.9999999215818189 0.9999999962801238 0.9999999998666729 0.9999999999963931 0.9999999999999264 0.9999999999999989 1. 1. 1. 1. 1. 1. 1. 1. 1. 1. 1. 1. 1. 1. 1. 1. 1. 1. 1. 1. 1. 1. 1. 1. 1. 1. 1. 1. 1. 1. 1. 1. 1. 1. 1.
1.901848872879289e-155 2.742109847006261e-149 2.9576055119211785e-143 2.3864374539982444e-137 1.4405311146878497e-131 6.505293983176797e-126 2.197821584118027e-120 5.5553234010461415e-115 1.0505786469252e-109 1.4864893433855374e-104 1.573698763818959e-99 1.2465838691963512e-94 7.3888368387484015e-90 3.277185861100442e-85 1.0877110360165586e-80 2.7016678211856224e-76 5.021996577696414e-72 6.986647240684299e-68 7.275001285942653e-64 5.670160795405219e-60 3.308144522092894e-56 1.4448808781160846e-52 4.724687322776687e-49 1.1567682097077665e-45 2.1207769917191655e-42 2.911838065817075e-39 2.994449539737138e-36 2.306774557032065e-33 1.3313752243550938e-30 5.758126021843565e-28 1.8665371731008439e-25 4.535965175773731e-23 8.26607500854535e-21 1.1299628687653497e-18 1.159116234171249e-16 8.92648578377475e-15 5.163628921419303e-13 2.2450622431774186e-11 7.342427253608322e-10 1.8080380930215324e-8 3.356265754193476e-7 4.7038330727717015e-6 0.00004987170475430745 0.00040104552971475556 0.0024546235254645564 0.011489425908723233 0.041402026570215945 0.11594587197915894 0.25579724709795904 0.4533452823911994 0.6634616388671627 0.8317420697197992 0.9332206741779603 0.9792928598906171 0.9950385044853207 0.9990884869289591 0.9998723020099556 0.9999864123212097 0.9999989051216196 0.999999933337814 0.9999999969384343 0.9999999998940801 0.9999999999972424 0.999999999999946 0.9999999999999992 1. 1. 1. 1. 1. 1. 1. 1. 1. 1. 1. 1. 1. 1. 1. 1. 1. 1. 1. 1. 1. 1. 1. 1. 1. 1. 1. 1. 1. 1. 1. 1. 1. 1. 1.
4.924680660495857e-157 8.233541722303702e-151 1.0266213643234475e-144 9.54677652687757e-139 6.62116540614137e-133 3.42493445620602e-127 1.3213557775163472e-121 3.802306624377241e-116 8.161035754803696e-111 1.3065496083603126e-105 1.560276543587008e-100 1.38990730594807e-95 9.236198685213914e-91 4.578672959282991e-86 1.6933314173787443e-81 4.672171666750246e-77 9.618120398596856e-73 1.4773320855806207e-68 1.693193087112724e-64 1.448109783641301e-60 9.242552261790501e-57 4.402602423322642e-53 1.5652696719946971e-49 4.1540320681863994e-46 8.229902289422957e-43 1.2173400180545782e-39 1.3445457204213232e-36 1.1090384229337693e-33 6.83272333488015e-31 3.1448188093962422e-28 1.0815373291002048e-25 2.779933889181708e-23 5.341874421648223e-21 7.676407791392998e-19 8.252597850284819e-17 6.640255288586925e-15 4.001024031860413e-13 1.806460528707046e-11 6.116413168819225e-10 1.5545201575980018e-8 2.969294702258385e-7 4.2691016806850824e-6 0.00004629244995061154 0.0003795868370078007 0.002361913657500028 0.011206117944865767 0.04081298016449387 0.1151960047987392 0.2554713463976543 0.4540674471358084 0.6651601827474108 0.8336193290904139 0.9345479194649422 0.9799406724823612 0.9952636281147486 0.9991450644215959 0.9998826779249098 0.9999878087928072 0.9999990435786046 0.9999999434778843 0.9999999974880576 0.999999999916162 0.9999999999979008 0.9999999999999606 0.9999999999999994 1. 1. 1. 1. 1. 1. 1. 1. 1. 1. 1. 1. 1. 1. 1. 1. 1. 1. 1. 1. 1. 1. 1. 1. 1. 1. 1. 1. 1. 1. 1. 1. 1. 1. 1.
1.203678514432803e-158 2.3390452028458556e-152 3.379317267579412e-146 3.62985628858812e-140 2.8988675965894756e-134 1.7212927634882083e-128 7.599378127093726e-123 2.4946436030305516e-117 6.08915491864942e-112 1.1051858282075763e-106 1.4916122481577363e-101 1.4970367537390796e-96 1.117324882250921e-91 6.201728240839383e-87 2.5600551042383174e-82 7.859731822149833e-78 1.7947670960551025e-73 3.048402810987715e-69 3.851451583969878e-65 3.619850192127014e-61 2.5310435882851651e-57 1.3166891348180362e-53 5.096552896409101e-50 1.4679739164759057e-46 3.146675031615891e-43 5.0202515767696346e-40 5.962017333389259e-37 5.271280370966001e-34 3.470268693406977e-31 1.7014242877920478e-28 6.213758556588123e-26 1.690797067805134e-23 3.428809506574268e-21 5.183811021748511e-19 5.844836399873421e-17 4.917071929147232e-15 3.088041892237275e-13 1.4487105961933764e-11 5.080928100702557e-10 1.3334877780019549e-8 2.6220913837538675e-7 3.868932515350861e-6 0.000042922749866111825 0.00035898829637489807 0.0022714546001575205 0.010926003210169472 0.04022463011622739 0.11444171597846413 0.2551422193928443 0.45479740404501995 0.6668732650938176 0.83550264907104 0.9358683248425743 0.9805777902600853 0.9954818326514852 0.999198943109802 0.9998923559957897 0.9999890806614451 0.9999991663314902 0.9999999522020462 0.9999999979455387 0.9999999999338886 0.9999999999984089 0.9999999999999714 0.9999999999999996 1. 1. 1. 1. 1. 1. 1. 1. 1. 1. 1. 1. 1. 1. 1. 1. 1. 1. 1. 1. 1. 1. 1. 1. 1. 1. 1. 1. 1. 1. 1. 1. 1. 1. 1.
2.7735786209708587e-160 6.279564199275607e-154 1.0536743250149778e-147 1.310325002013092e-141 1.2076908432007863e-135 8.249840808421364e-130 4.176937253193867e-124 1.5674840198009216e-118 4.3600553596587035e-113 8.989516046765126e-108 1.3738794726018952e-102 1.556476323086674e-97 1.3071714985077582e-92 8.138316336430403e-88 3.756345993061008e-83 1.2854173504756203e-78 3.2612974790991806e-74 6.135165784876202e-70 8.558069159237693e-66 8.85248366441186e-62 6.790834727473142e-58 3.863506343911963e-54 1.630330411918962e-50 5.103217308913395e-47 1.1850323486394e-43 2.041655176275802e-40 2.610086048083087e-37 2.4763301093797848e-34 1.7438639529679748e-31 9.116865746847962e-29 3.539135844106932e-26 1.0204011383157987e-23 2.1856784495154857e-21 3.479226299829253e-19 4.117408543000886e-17 3.6241333447916675e-15 2.3738610429314233e-13 1.1578639056880031e-11 4.2087487972527315e-10 1.1412080267602372e-8 2.3111237152361566e-7 3.50108620912971e-6 0.00003975359949252322 0.00033922979335590064 0.0021832334761050245 0.01064912026394549 0.03963704280692067 0.1136829861234975 0.25480981836263406 0.45553527738609473 0.6686010313694479 0.8373918991759302 0.9371816362154631 0.9812041326576201 0.9956931933540678 0.9992502035982563 0.9999013716419436 0.999990237119686 0.9999992749331873 0.9999999596886298 0.9999999983251391 0.9999999999480664 0.9999999999987994 0.9999999999999793 0.9999999999999998 1. 1. 1. 1. 1. 1. 1. 1. 1. 1. 1. 1. 1. 1. 1. 1. 1. 1. 1. 1. 1. 1. 1. 1. 1. 1. 1. 1. 1. 1. 1. 1. 1. 1. 1.
6.017566741742637e-162 1.5912359256846537e-155 3.108419538995777e-149 4.485841784539262e-143 4.782510399504568e-137 3.7669033858113284e-131 2.1919930401751352e-125 9.423889743582606e-120 2.993425726964842e-114 7.025314403563815e-109 1.218244965498195e-103 1.5609486731642336e-98 1.4778908931428489e-93 1.0339788703232285e-88 5.34581081767776e-84 2.0425216821332996e-79 5.767546260349681e-75 1.2036737216797174e-70 1.8567085709895523e-66 2.117006782351259e-62 1.7843216989837413e-58 1.1118040474903632e-54 5.1218004456796904e-51 1.7445977377068557e-47 4.3942982456883553e-44 8.185660244472281e-41 1.1278260517551147e-37 1.1495182415943683e-34 8.668503121185122e-32 4.8373276920850545e-29 1.9979748526316576e-26 6.109436017482455e-24 1.3834346043126465e-21 2.320610552436183e-19 2.8846700821805603e-17 2.6584884918533098e-15 1.8174008936080415e-13 9.221996601183748e-12 3.476167213631868e-10 9.743216158137062e-9 2.033116504140215e-7 3.163428634260277e-6 0.00003677619524498362 0.0003202911360423056 0.0020972365279839926 0.010375507159716387 0.03905028603863012 0.1129197963248654 0.25447409464985915 0.45628119402750783 0.6703436278383712 0.839286942836293 0.9384875966798378 0.9818196232559977 0.9958977888216112 0.9992989263364911 0.9999097592518584 0.9999912868535672 0.9999993708091004 0.999999966096243 0.9999999986391142 0.9999999999593632 0.9999999999990983 0.9999999999999851 0.9999999999999998 1. 1. 1. 1. 1. 1. 1. 1. 1. 1. 1. 1. 1. 1. 1. 1. 1. 1. 1. 1. 1. 1. 1. 1. 1. 1. 1. 1. 1. 1. 1. 1. 1. 1. 1.
1.2276936970130943e-163 3.801149324134809e-157 8.665870279946452e-151 1.4547543370557035e-144 1.79827351361826e-138 1.6368895921882637e-132 1.0972109370901194e-126 5.4159940707902785e-121 1.9687677140301757e-115 5.2704870747867214e-110 1.0391054048738949e-104 1.508810144535298e-99 1.6135794404634127e-94 1.2709915727803695e-89 7.374093750311285e-85 3.1514241097167143e-80 9.921045331002777e-76 2.3008185690405684e-71 3.9310238630625716e-67 4.948272962235472e-63 4.5893920620260875e-59 3.1364764362709412e-55 1.5796083165063745e-51 5.862951287226e-48 1.6039322583610338e-44 3.234499297399871e-41 4.808766933742257e-38 5.271415102517632e-35 4.261443903429036e-32 2.5409795943490857e-29 1.1177650142139484e-26 3.62834380986034e-24 8.693506162774473e-22 1.5379778595797184e-19 2.009732563788267e-17 1.9406823309875085e-15 1.3855805558046296e-13 7.319003834788592e-12 2.862590945411877e-10 8.298119340913998e-9 1.785037866417981e-7 2.8539285784128265e-6 0.00003398193883341342 0.0003021520716239017 0.0020134491149453202 0.010105201405674157 0.03846442904853211 0.11215212818975695 0.2541349986382815 0.4570352835058169 0.6721012015205673 0.8411876372253444 0.9397859466243672 0.9824241899553288 0.9960957009512996 0.9993451915332481 0.999917552171541 0.9999922380574555 0.9999994552649631 0.9999999715655996 0.9999999988979646 0.9999999999683296 0.9999999999993259 0.9999999999999893 0.9999999999999999 1. 1. 1. 1. 1. 1. 1. 1. 1. 1. 1. 1. 1. 1. 1. 1. 1. 1. 1. 1. 1. 1. 1. 1. 1. 1. 1. 1. 1. 1. 1. 1. 1. 1. 1.
2.352181542640082e-165 8.549035226222585e-159 2.2803085474335803e-152 4.463836124365191e-146 6.413120185239954e-140 6.762168232906295e-134 5.233202890606462e-128 2.972517355144462e-122 1.2392741500493766e-116 3.792348882054366e-111 8.518432520312467e-106 1.4045434294325348e-100 1.700001764626744e-95 1.51049083768671e-90 9.852772482548556e-86 4.71833760936879e-81 1.6589372233426318e-76 4.2825581211351613e-72 8.11769968246634e-68 1.129914059841031e-63 1.1549667150492082e-59 8.67035721828804e-56 4.7806083829576965e-52 1.936185749173937e-48 5.76065621525378e-45 1.2592341117338152e-41 2.0225765781702784e-38 2.3874193403877212e-35 2.071319172268305e-32 1.32110947632507e-29 6.195755678766189e-27 2.13706274779187e-24 5.422855314738166e-22 1.0126672158409215e-19 1.3921893225508445e-17 1.4096718596615711e-15 1.0518641980658063e-13 5.7876961082305834e-12 2.350181881323152e-10 7.049759855528451e-9 1.564085969861401e-7 2.5706553276010987e-6 0.00003136244081208881 0.00028479230322683743 0.001931855710156023 0.009838239924077622 0.03787954252285803 0.11137996387310226 0.25379247972912256 0.45779767809455446 0.6738739001433698 0.8430938330802353 0.9410764238394977 0.9830177651471975 0.9962870148896541 0.9993890790707007 0.999924782694991 0.9999930984493135 0.9999995294944239 0.9999999762212204 0.9999999991106593 0.9999999999754182 0.9999999999994984 0.9999999999999925 0.9999999999999999 1. 1. 1. 1. 1. 1. 1. 1. 1. 1. 1. 1. 1. 1. 1. 1. 1. 1. 1. 1. 1. 1. 1. 1. 1. 1. 1. 1. 1. 1. 1. 1. 1. 1. 1.
4.226400922739292e-167 1.807892464906489e-160 5.656386323149421e-154 1.2944282472040795e-147 2.1666948114599402e-141 2.6528170477408978e-135 2.3758346342039617e-129 1.5564482741371905e-123 7.458881299654152e-118 2.6148390497431645e-112 6.705962294063831e-107 1.2581595268945123e-101 1.7269645160329275e-96 1.7342832795353557e-91 1.2742736505544834e-86 6.850621730407915e-82 2.6948964872685014e-77 7.757486240822077e-73 1.6341458301038887e-68 2.5192879823554902e-64 2.8425686308182457e-60 2.3475892599623514e-56 1.4192094752242881e-52 6.280918799789437e-49 2.0351461630550225e-45 4.828501048548557e-42 8.389340189034436e-39 1.0675872439004555e-35 9.951956668423852e-33 6.797075599956582e-30 3.40200237214772e-27 1.2481017780482418e-24 3.3572889348860685e-22 6.623556826926786e-20 9.587884876764897e-18 1.018777066608451e-15 7.95050329182123e-14 4.559869983330179e-12 1.9235302784491183e-10 5.97397171206963e-9 1.36767612173043e-7 2.311776163414914e-6 0.00002890952379780492 0.00026819150701791917 0.001852439899323294 0.00957465900960018 0.037295698610144264 0.11060328611048666 0.2534464863169161 0.45856851287520484 0.6756618720892312 0.8450053745208993 0.942358763635631 0.9836002858872325 0.9964718189774459 0.9994306684187493 0.9999314820567908 0.9999938752863156 0.9999995945863716 0.9999999801730088 0.9999999992848343 0.9999999999809998 0.9999999999996285 0.9999999999999947 1. 1. 1. 1. 1. 1. 1. 1. 1. 1. 1. 1. 1. 1. 1. 1. 1. 1. 1. 1. 1. 1. 1. 1. 1. 1. 1. 1. 1. 1. 1. 1. 1. 1. 1. 1.
7.111819634973848e-169 3.5900239758174373e-162 1.320957293596511e-155 3.54293271456803e-149 6.926727926945467e-143 9.871733155376372e-137 1.02557706746714e-130 7.767174053605359e-125 4.288333652324102e-119 1.7260629966908595e-113 5.0650050566498756e-108 1.0836071911499936e-102 1.690235734191011e-97 1.9223033107615256e-92 1.5940902964287218e-87 9.63915315325901e-83 4.250304182322952e-78 1.3667161909153625e-73 3.2050729997143795e-69 5.481824542170836e-65 6.838626900818457e-61 6.223019530903093e-57 4.1310185715191303e-53 2.0006722794296435e-49 7.069701747522004e-46 1.8229768856818122e-42 3.430604715172296e-39 4.7122797733902526e-36 4.725326799626073e-33 3.459809061876356e-30 1.8500455247448003e-27 7.226480896986527e-25 2.062557776356947e-22 4.302897257272624e-20 6.563823974483188e-18 7.324706398449149e-16 5.982679651487071e-14 3.5789657783005973e-12 1.5693615762321274e-10 5.049198553749925e-9 1.1934282176312597e-7 2.075553781776848e-6 0.00002661522534771301 0.0002523293495477703 0.0017751843802808285 0.0093144942866344 0.036712970933726476 0.10982207825244364 0.25309696576465396 0.4593479258103468 0.6774652663396307 0.8469220988659271 0.9436326989705075 0.9841716940675087 0.9966502046881478 0.9994700385496098 0.9999376804268274 0.9999945753807656 0.9999996515319912 0.9999999835177081 0.9999999994269704 0.9999999999853765 0.9999999999997264 0.9999999999999962 1. 1. 1. 1. 1. 1. 1. 1. 1. 1. 1. 1. 1. 1. 1. 1. 1. 1. 1. 1. 1. 1. 1. 1. 1. 1. 1. 1. 1. 1. 1. 1. 1. 1. 1. 1.
1.1191166891881516e-170 6.684843943194994e-164 2.9004649540466126e-157 9.141391514916863e-151 2.092828965456363e-144 3.4804938089509406e-138 4.2047798438936995e-132 3.690210646601833e-126 2.3527485326219687e-120 1.0897530118274347e-114 3.6670893223531254e-109 8.965393136040734e-104 1.5925251050691696e-98 2.0553612984948046e-93 1.927490058421227e-88 1.313459860285922e-83 6.504027596394302e-79 2.34051214800754e-74 6.121057523075688e-70 1.1634706715780966e-65 1.6074105610726415e-61 1.6142564156051588e-57 1.1784952590325905e-53 6.255066139251378e-50 2.413950009222499e-46 6.774318202438749e-43 1.3826060323317685e-39 2.0525244218781616e-36 2.2166895206452485e-33 1.741916240966957e-30 9.961991595734525e-28 4.147304317134281e-25 1.2572085843289956e-22 2.775949163096034e-20 4.466262687254356e-18 5.238443835901406e-16 4.481475862702771e-14 2.798242725632489e-12 1.276273383415506e-10 4.256256536457898e-9 1.0391545668793376e-7 1.860343640653632e-6 0.000024471800488813795 0.00023718550530417163 0.0017000709636838132 0.009057780665569441 0.0361314346034171 0.10903632430018918 0.25274386437820373 0.46013605781902756 0.6792842324148916 0.8488438364455371 0.9448979605861265 0.9847319365883924 0.996822266559822 0.999507267852916 0.9999434069071549 0.9999952051162588 0.9999997012315457 0.9999999863402451 0.9999999995425488 0.9999999999887941 0.9999999999997995 0.9999999999999973 1. 1. 1. 1. 1. 1. 1. 1. 1. 1. 1. 1. 1. 1. 1. 1. 1. 1. 1. 1. 1. 1. 1. 1. 1. 1. 1. 1. 1. 1. 1. 1. 1. 1. 1. 1.
1.6444161389386393e-172 1.1655681935967077e-165 5.97977127535829e-159 2.220548578966518e-152 5.968610134953849e-146 1.1612676742343918e-139 1.6354874874046858e-133 1.6673551516031332e-127 1.2305123324377472e-121 6.574043178973509e-116 2.5426143778500752e-110 7.119400303075944e-105 1.4432313834997752e-99 2.1182343265900144e-94 2.25099579120004e-89 1.7320348360146686e-84 9.650283241074481e-80 3.8935616432257664e-75 1.1376317592982538e-70 2.407301140441715e-66 3.6894548556394946e-62 4.095708147528933e-58 3.293564305239575e-54 1.918725324279182e-50 8.098649060470326e-47 2.476932508494522e-43 5.489998555271126e-40 8.819588521656881e-37 1.0270986608440614e-33 8.672475384802059e-31 5.310456254339358e-28 2.3587555695330922e-25 7.601817981651886e-23 1.7781840952161194e-20 3.0201387147154983e-18 3.7261909447856096e-16 3.3413918907575814e-14 2.1792115976396733e-12 1.0345001931053054e-10 3.57811377566765e-9 9.028481078227115e-8 1.6645912443392303e-6 0.000022471723891926764 0.00022273967444479419 0.0016270805748571716 0.008804552298055025 0.03555116622628951 0.10824600894284443 0.25238712737997193 0.46093305285445463 0.6811189203097088 0.8507704104117773 0.9461542771555671 0.9852809655294359 0.9969881021203649 0.999542434051568 0.9999486895309972 0.9999957704640325 0.9999997445008744 0.999999988714965 0.9999999996361908 0.9999999999914511 0.9999999999998537 0.9999999999999982 1. 1. 1. 1. 1. 1. 1. 1. 1. 1. 1. 1. 1. 1. 1. 1. 1. 1. 1. 1. 1. 1. 1. 1. 1. 1. 1. 1. 1. 1. 1. 1. 1. 1. 1. 1.
2.2528333446369704e-174 1.9002151532278335e-167 1.155931713861366e-160 5.0713685010994544e-154 1.6046863430839055e-147 3.662149846021533e-141 6.027991182146549e-135 7.156651874108627e-129 6.128566904968934e-123 3.785571863913233e-117 1.6867092539928016e-111 5.421241331093582e-106 1.256960737731804e-100 2.102446732990844e-95 2.537031019184727e-90 2.208730186532207e-85 1.3873815797061322e-80 6.287928932350463e-76 2.056372977672651e-71 4.852942427840565e-67 8.265067526505579e-63 1.0159157063731649e-58 9.013102276279056e-55 5.772121839167902e-51 2.6686086417874235e-47 8.907816381904229e-44 2.147085312892707e-40 3.7374954347314842e-37 4.699321592527588e-34 4.268666507988479e-31 2.8018363215166654e-28 1.3292033718973532e-25 4.5588944689793873e-23 1.1308074039848036e-20 2.0292954198397103e-18 2.635888334383948e-16 2.4795362889108867e-14 1.6902931031654615e-12 8.35703504577161e-11 2.9996856913200107e-9 7.826710248233519e-8 1.4868293720937538e-6 0.000020607691683964693 0.00020897160067722507 0.0015561932568427517 0.00855484253127421 0.03497224391650092 0.1074511175962125 0.2520266988817876 0.4617390579840763 0.6829694804241282 0.8527016365460589 0.9474013754400481 0.9858187383188867 0.9971478118060444 0.9995756141185561 0.9999535552638844 0.9999962769994539 0.9999997820776074 0.9999999907067642 0.9999999997117779 0.9999999999935079 0.9999999999998939 0.9999999999999987 1. 1. 1. 1. 1. 1. 1. 1. 1. 1. 1. 1. 1. 1. 1. 1. 1. 1. 1. 1. 1. 1. 1. 1. 1. 1. 1. 1. 1. 1. 1. 1. 1. 1. 1. 1.
2.873082988302707e-176 2.892244567532721e-169 2.0921172420676943e-162 1.0874494687386216e-155 4.06174475511998e-149 1.0901986007945552e-142 2.1027984264888577e-136 2.914734121095535e-130 2.9034911128264382e-124 2.0786151387059737e-118 1.0694792235911203e-112 3.954840007261045e-107 1.0511349421165118e-101 2.008060920400531e-96 2.757409911086409e-91 2.7217639473427222e-86 1.931276816955578e-81 9.85157423698653e-77 3.612916438341722e-72 9.526378235568758e-68 1.8061108386690073e-63 2.4622926303520307e-59 2.414065265174557e-55 1.7022042604739337e-51 8.633191018695078e-48 3.149755577432278e-44 8.267666570352226e-41 1.561533744704441e-37 2.122521054320583e-34 2.0766552416391136e-31 1.462781996748118e-28 7.419975173893512e-26 2.71115559254719e-23 7.138014260957325e-21 1.354684705507739e-18 1.8541074821955228e-16 1.831068769958661e-14 1.3056735715566152e-12 6.727851553182303e-11 2.507645565597761e-9 6.769437767901577e-8 1.325675259046726e-6 0.000018872622893295064 0.00019586108925216016 0.001487388174688984 0.008308683861245992 0.03439474730406864 0.1066516364431605 0.25166252185698057 0.4625542234721445 0.6848360634897579 0.8546373230641908 0.9486389804565912 0.9863452179013706 0.9973014988732835 0.999606884195003 0.9999580300069056 0.9999967299185857 0.9999998146270914 0.9999999923721257 0.9999999997725597 0.9999999999950927 0.9999999999999234 0.9999999999999991 1. 1. 1. 1. 1. 1. 1. 1. 1. 1. 1. 1. 1. 1. 1. 1. 1. 1. 1. 1. 1. 1. 1. 1. 1. 1. 1. 1. 1. 1. 1. 1. 1. 1. 1. 1.
3.405420539610628e-178 4.1035956687417566e-171 3.5400070101618375e-164 2.1862374694543156e-157 9.666129620317492e-151 3.0597006811162144e-144 6.93403302609941e-138 1.12508090875044e-131 1.3070237318203787e-125 1.0871684498596993e-119 6.474951454361779e-114 2.7613161256329737e-108 8.432383967108596e-103 1.8439754288486665e-97 2.8876701827011925e-92 3.238518651241476e-87 2.6011886774499232e-82 1.496394328153594e-77 6.165852841750105e-73 1.8198669057121209e-68 3.847818227216502e-64 5.828408165274383e-60 6.325302192123105e-56 4.918671254516334e-52 2.7409003383918385e-48 1.0946278411252789e-44 3.1334470964981545e-41 6.430173250022396e-38 9.461007719382511e-35 9.982658043278605e-32 7.555100562816152e-29 4.102273041689612e-26 1.5985302122319452e-23 4.471685045149395e-21 8.983443636706481e-19 1.2966842209182385e-16 1.3454982345425979e-14 1.004332420396073e-12 5.397217922263021e-11 2.0902496169607455e-9 5.8413454535326226e-8 1.1798277373742302e-6 0.000017259660524082382 0.0001833880250343705 0.0014206436210271805 0.008066107885187898 0.033818757542524766 0.10584755247567755 0.2512945381116266 0.4633787028648366 0.686718820490929 0.8565772704190511 0.9498668156566249 0.9868603729032628 0.997449269303665 0.999636319509659 0.9999621386020554 0.9999971340547813 0.9999998427480248 0.999999993760063 0.9999999998212461 0.9999999999963083 0.9999999999999452 0.9999999999999993 1. 1. 1. 1. 1. 1. 1. 1. 1. 1. 1. 1. 1. 1. 1. 1. 1. 1. 1. 1. 1. 1. 1. 1. 1. 1. 1. 1. 1. 1. 1. 1. 1. 1. 1. 1.
3.7452324462779683e-180 5.418794198119491e-173 5.591474874950257e-166 4.1148863699841355e-159 2.159759966092042e-152 8.084967502261841e-146 2.158667803971149e-139 4.110913621323458e-133 5.584018878292395e-127 5.410322840783704e-121 3.7392106059373936e-115 1.843447405723839e-109 6.48321403654085e-104 1.6265770487823974e-98 2.9113927469989456e-93 3.7178125735314896e-88 3.387310634822491e-83 2.2020416104291396e-78 1.021464210538002e-73 3.3812276657167003e-69 7.987454569796682e-65 1.346657601417536e-60 1.6205268250087462e-56 1.3920179603464802e-52 8.536243737371603e-49 3.737412648892688e-45 1.1684562806007152e-41 2.6088729573262593e-38 4.1606627746143506e-35 4.740465578697941e-32 3.859399082601413e-29 2.2457621743831046e-26 9.342758899290866e-24 2.7796888959286962e-21 5.916903202105852e-19 9.015064889141725e-17 9.836888313505512e-15 7.692186567970929e-13 4.314185360244608e-11 1.737175886232864e-9 5.028491089621416e-8 1.0480643458165937e-6 0.00001576217225656811 0.00017153239061413407 0.0013559370229761702 0.007827145252967448 0.033244357315355424 0.10503885353866274 0.25092268825492886 0.4642126530780365 0.6886179025805597 0.8585212711011023 0.9510846031158893 0.9873641777952555 0.9975912317021565 0.999663994300099 0.9999659048396393 0.9999974938952523 0.999999866977805 0.9999999949129774 0.999999999860089 0.9999999999972362 0.9999999999999608 0.9999999999999996 1. 1. 1. 1. 1. 1. 1. 1. 1. 1. 1. 1. 1. 1. 1. 1. 1. 1. 1. 1. 1. 1. 1. 1. 1. 1. 1. 1. 1. 1. 1. 1. 1. 1. 1. 1.
3.8153449596900475e-182 6.648764566426238e-175 8.231403922114974e-168 7.240033865093076e-161 4.524279567408199e-154 2.0086737605278833e-147 6.336218033090987e-141 1.4201094484483048e-134 2.2614943698370855e-128 2.5589570037031996e-122 2.0574861697080423e-116 1.175522541665411e-110 4.7726524906492955e-105 1.3770172448642936e-99 2.823494023320992e-94 4.1145370015417186e-89 4.261495057114229e-84 3.137126733439247e-79 1.6415548196570075e-74 6.10602360543303e-70 1.6146204756757333e-65 3.0354523475605115e-61 4.057447005551754e-57 3.8565425672425084e-53 2.6067720812851627e-49 1.2531891495421171e-45 4.285423866370021e-42 1.0425490233287212e-38 1.8046579436358343e-35 2.2231506914216443e-32 1.949440350220611e-29 1.2170919343954651e-26 5.411670373203426e-24 1.7142589966479625e-21 3.8701391454704967e-19 6.229900400465712e-17 7.154494615295729e-15 5.865561949305249e-13 3.435800170255411e-11 1.4393762268853784e-9 4.3182114740219623e-8 9.292384156331905e-7 0.00001437375077144233 0.00016027428442066277 0.0012932449504172068 0.007591825617681681 0.03267163084114148 0.10422552837551922 0.2505469116687099 0.4650562344878572 0.6905334609904135 0.8604691094369298 0.952292063735972 0.9878566130515917 0.997727497188571 0.9996899817358582 0.999969351467699 0.9999978135975593 0.9999998877975858 0.9999999958674359 0.9999999998909528 0.9999999999979413 0.9999999999999722 0.9999999999999998 1. 1. 1. 1. 1. 1. 1. 1. 1. 1. 1. 1. 1. 1. 1. 1. 1. 1. 1. 1. 1. 1. 1. 1. 1. 1. 1. 1. 1. 1. 1. 1. 1. 1. 1. 1.
3.5939853507343456e-184 7.567472741130835e-177 1.1275828235654956e-169 1.1889866458488782e-162 8.872476765175238e-156 4.685555898989445e-149 1.751198336590797e-142 4.632098405570416e-136 8.671604170399323e-130 1.1489791338384841e-123 1.0775279558440306e-117 7.152573201465472e-112 3.36068771558121e-106 1.1177430991346551e-100 2.6316071200792465e-95 4.38615541001313e-90 5.175486872727811e-85 4.3235929201793806e-80 2.5573430261386853e-75 1.0710513851593384e-70 3.17641993861983e-66 6.671199543969151e-62 9.923020280552802e-58 1.0454352957090423e-53 7.802030379180783e-50 4.1250036968166e-46 1.545262611051389e-42 4.1020743419945656e-39 7.717884765603054e-36 1.0293583190118717e-32 9.734193668493157e-30 6.528358683768822e-27 3.10599675829065e-24 1.0486579474124388e-21 2.5134531922190432e-19 4.278697945977512e-17 5.1760190707776806e-15 4.452600925821165e-13 2.7259708264899503e-11 1.1889406917425916e-9 3.699029794561353e-8 8.222761410767523e-7 0.000013088213697619568 0.00014959393879728676 0.0012325431256779288 0.0073601775854025 0.03210066387729741 0.10340756667561238 0.25016714647597815 0.465909611024014 0.6924656469354791 0.862420561386054 0.953488917457826 0.988337665305419 0.9978581792823125 0.9997143538437558 0.9999725002034072 0.9999980970059756 0.9999999056370497 0.999999996654872 0.9999999999153744 0.9999999999984743 0.9999999999999805 0.9999999999999998 1. 1. 1. 1. 1. 1. 1. 1. 1. 1. 1. 1. 1. 1. 1. 1. 1. 1. 1. 1. 1. 1. 1. 1. 1. 1. 1. 1. 1. 1. 1. 1. 1. 1. 1. 1.
3.124819012079462e-186 7.975957861866965e-179 1.4349330556591351e-171 1.819613520563641e-164 1.6264242063607398e-157 1.0247186896754577e-150 4.550941415519821e-144 1.424734253398295e-137 3.1442243353808856e-131 4.891612300777716e-125 5.364905358536763e-119 4.148177139045102e-113 2.2612701303132555e-107 8.690873745001018e-102 2.3550900333930643e-96 4.499905259615566e-91 6.062773563425609e-86 5.760147721470648e-81 3.859352264895076e-76 1.8236449938000457e-71 6.077716393475134e-67 1.4287194971049294e-62 2.3691658973718517e-58 2.7715669513803757e-54 2.2876026332475097e-50 1.332325052950812e-46 5.476073640494186e-43 1.5886197062924173e-39 3.253363124186063e-36 4.704215039007583e-33 4.803696371946613e-30 3.465000990625028e-27 1.766010016931276e-24 6.361918654452639e-22 1.6205289060058802e-19 2.920111257028072e-17 3.724397945479278e-15 3.364479256889164e-13 2.1544759690268173e-11 9.789736120262057e-10 3.1605673470735996e-8 7.261736424254276e-7 0.000011899603184000493 0.00013947173799713753 0.0011738064346641832 0.0071322286641369165 0.03153154372231685 0.10258495912367244 0.24978332950854273 0.46677295026613796 0.6944146115121352 0.8643753943362431 0.9546748834875856 0.9888073274996865 0.9979833937804721 0.9997371814356439 0.9999753717463733 0.9999983476676741 0.9999999208788981 0.9999999973022184 0.9999999999346163 0.9999999999988751 0.9999999999999862 0.9999999999999999 1. 1. 1. 1. 1. 1. 1. 1. 1. 1. 1. 1. 1. 1. 1. 1. 1. 1. 1. 1. 1. 1. 1. 1. 1. 1. 1. 1. 1. 1. 1. 1. 1. 1. 1. 1.
2.503084583402453e-188 7.770799429006399e-181 1.693496702251022e-173 2.590832967556986e-166 2.782526540904709e-159 2.0979399666905015e-152 1.1104787397764599e-145 4.126683579557394e-139 1.0766556696126608e-132 1.9721913374033358e-126 2.5364745587588993e-120 2.2905242290246602e-114 1.4523688498388633e-108 6.466548603127061e-103 2.0218037563581925e-97 4.439100733713266e-92 6.844802226238533e-87 7.41240089357308e-82 5.637846367873154e-77 3.0119689398727e-72 1.1303159486171143e-67 2.979843939240567e-63 5.519084786000755e-59 7.182240968882966e-55 6.567743670270917e-51 4.2207037230863776e-47 1.9064312105231213e-43 6.053230158486611e-40 1.3513052059250838e-36 2.121290472944704e-33 2.3421738204549188e-30 1.8193499134229907e-27 9.94521650963179e-25 3.8269833771068004e-22 1.0370797329094475e-19 1.9800749219796708e-17 2.6650521078935278e-15 2.530324415075083e-13 1.6960986877785292e-11 8.034806717232166e-10 2.6934595879447865e-8 6.399940295231603e-7 0.000010802185097036545 0.00012988823605654252 0.0011170089394748287 0.006908005212050692 0.03096435921641347 0.10175769745120651 0.24939539627363835 0.4676464235431422 0.6963805055897887 0.8663333668976235 0.9558496805350123 0.9892655990329893 0.9981032586293768 0.9997585340388231 0.9999779857937965 0.9999985688486943 0.9999999338630636 0.9999999978324737 0.9999999999497109 0.9999999999991751 0.9999999999999905 1. 1. 1. 1. 1. 1. 1. 1. 1. 1. 1. 1. 1. 1. 1. 1. 1. 1. 1. 1. 1. 1. 1. 1. 1. 1. 1. 1. 1. 1. 1. 1. 1. 1. 1. 1. 1.
1.843745215833831e-190 6.985633037901969e-183 1.8503163032003914e-175 3.4263320961134643e-168 4.435725340863762e-161 4.014768940139212e-154 2.5405444392138025e-147 1.124018999329295e-140 3.4770596446459254e-134 7.520627535751562e-128 1.1373972512503463e-121 1.2028184945973887e-115 8.894726492761843e-110 4.599658791680144e-104 1.663398900746506e-98 4.2069147158059055e-93 7.441283973247946e-88 9.206003310197247e-83 7.966319520743412e-78 4.822078283868138e-73 2.0418787830011043e-68 6.048908738280681e-64 1.253750446586677e-59 1.818325704115027e-55 1.845452050596429e-51 1.310851665005678e-47 6.517473030929218e-44 2.2685173023778905e-40 5.5285677955372535e-37 9.435636414251439e-34 1.1280017316372826e-30 9.447879705868917e-28 5.545847692761293e-25 2.282202683739884e-22 6.586617262043301e-20 1.3338091626503176e-17 1.896222523316701e-15 1.8938336853387543e-13 1.3298735964280503e-11 6.57266290528192e-10 2.2892764979562484e-8 5.628644736587182e-7 9.790447847225897e-6 0.0001208241745023947 0.001062123892533535 0.00668753238501342 0.030399200740450962 0.10092577448999887 0.24900328091952778 0.46853020603574785 0.698363479695636 0.8682942286958848 0.9570130270648753 0.9897124858997398 0.9982178937897139 0.9997784798293581 0.9999803610573907 0.9999987635496406 0.9999999448906514 0.9999999982652095 0.9999999999614994 0.9999999999993985 0.9999999999999933 1. 1. 1. 1. 1. 1. 1. 1. 1. 1. 1. 1. 1. 1. 1. 1. 1. 1. 1. 1. 1. 1. 1. 1. 1. 1. 1. 1. 1. 1. 1. 1. 1. 1. 1. 1. 1.
1.2463770311142896e-192 5.783439452639355e-185 1.8682441331833969e-177 4.20145453123287e-170 6.577983217801378e-163 7.170045542395829e-156 5.441225781044341e-149 2.8749318169682562e-142 1.0576094986840159e-135 2.708956013486549e-129 4.8313676877459526e-123 5.99989205628951e-117 5.188439433406682e-111 3.1243953439713057e-105 1.3102325929628216e-99 3.8265090277147534e-94 7.783042389402464e-89 1.102581193698968e-83 1.087954126234274e-78 7.477837440971169e-74 3.5804378370806753e-69 1.19432679878941e-64 2.775701672737381e-60 4.4949464442671655e-56 5.072504336696018e-52 3.989474950198381e-48 2.1870551893960255e-44 8.358276889454433e-41 2.2271906673737612e-37 4.138682482343099e-34 5.364423019882654e-31 4.851167849320188e-28 3.061647201001182e-25 1.348942720715027e-22 4.15079215126385e-20 8.924196624808292e-18 1.341373760963763e-15 1.4104782518052214e-13 1.0384342878645817e-11 5.358406418258101e-10 1.9404472185346996e-8 4.939732954538814e-7 8.859100848976474e-6 0.00011226049984872132 0.0010091237522686445 0.006470834083528086 0.029836160213049395 0.10008918422777932 0.24860691620004688 0.4694244768822783 0.7003636838921781 0.8702577201649099 0.9581646415615528 0.9901480008240184 0.9983274210953896 0.9997970855685248 0.9999825152820002 0.9999989345210765 0.9999999542276155 0.9999999986170222 0.9999999999706638 0.9999999999995637 0.9999999999999954 1. 1. 1. 1. 1. 1. 1. 1. 1. 1. 1. 1. 1. 1. 1. 1. 1. 1. 1. 1. 1. 1. 1. 1. 1. 1. 1. 1. 1. 1. 1. 1. 1. 1. 1. 1. 1.
7.716928572685154e-195 4.401149010699076e-187 1.739968548604343e-179 4.768462693899834e-172 9.059109220528691e-165 1.1930859437289145e-157 1.0892980199083762e-150 6.894785275821923e-144 3.025553597892485e-137 9.204725943703877e-131 1.941563044582057e-124 2.8394906651609464e-118 2.8793368410064417e-112 2.024526854518959e-106 9.870767666674147e-101 3.337285728509505e-95 7.824765358995441e-90 1.2723510817464788e-84 1.4349098504339536e-79 1.1224084305498764e-74 6.089969892634225e-70 2.292184444238943e-65 5.985354086470948e-61 1.0843652675810424e-56 1.3631727752794839e-52 1.1892278081266955e-48 7.200678014434415e-45 3.026483517444026e-41 8.831419845682909e-38 1.7894954230527447e-34 2.518435081488537e-31 2.4622796835778585e-28 1.6729149022769362e-25 7.901042387598038e-23 2.595009431651012e-20 5.9297924246392715e-18 9.432536478163453e-16 1.0452017050762092e-13 8.074498086350132e-12 4.353356481046103e-10 1.640188906568036e-8 4.3256707623453733e-7 8.003072619585717e-6 0.00010417838083669416 0.000957980200368862 0.006257932899111913 0.029275331085743716 0.09924792186613365 0.2482062334380526 0.47032941928784733 0.702381267647128 0.8722235723392124 0.9593042428071478 0.9905721633864438 0.9984319641063066 0.9998144165426094 0.9999844652658183 0.9999990842785704 0.9999999621081779 0.9999999989019348 0.9999999999777549 0.9999999999996854 0.9999999999999969 1. 1. 1. 1. 1. 1. 1. 1. 1. 1. 1. 1. 1. 1. 1. 1. 1. 1. 1. 1. 1. 1. 1. 1. 1. 1. 1. 1. 1. 1. 1. 1. 1. 1. 1. 1. 1.
4.962894421160502e-195 2.88587717462572e-187 1.1627503469302713e-179 3.246152176007899e-172 6.279621786720297e-165 8.417620249951536e-158 7.818906648651743e-151 5.032848784773302e-144 2.2449357830847704e-137 6.939496894980157e-131 1.4866159668082102e-124 2.2071408042101154e-118 2.2711012622122767e-112 1.6196983286985312e-106 8.006454387611809e-101 2.7433016135027012e-95 6.515601503424071e-90 1.0727668597400822e-84 1.224476279718472e-79 9.689831978338685e-75 5.316578678607936e-70 2.0226961883014444e-65 5.3363852945224966e-61 9.763857359171067e-57 1.2390747678715241e-52 1.0907488402066571e-48 6.661292985544224e-45 2.8226776331180744e-41 8.300490461156535e-38 1.6942073194453771e-34 2.4007227628526368e-31 2.3623081531997187e-28 1.6146323903307487e-25 7.668275223630537e-23 2.531504633177041e-20 5.811910911460485e-18 9.284554109659595e-16 1.0327602479002033e-13 8.005637976026581e-12 4.3291274624749386e-10 1.6352389929108734e-8 4.321839341085804e-7 8.009729056228319e-6 0.00010440107676140945 0.0009608908606561945 0.006280118160253694 0.029382988050438458 0.09959206740354998 0.24894327731855057 0.471397149857115 0.7034338191918146 0.8729324418723832 0.9596313113148096 0.9906757583785148 0.9984545233603732 0.9998177979923556 0.9999848144633166 0.9999991091412253 0.9999999633293887 0.999999998943336 0.9999999999787241 0.9999999999997011 0.9999999999999971 1. 1. 1. 1. 1. 1. 1. 1. 1. 1. 1. 1. 1. 1. 1. 1. 1. 1. 1. 1. 1. 1. 1. 1. 1. 1. 1. 1. 1. 1. 1. 1. 1. 1. 1. 1. 1.
5.383128546156835e-195 3.125075316332287e-187 1.2570486580193164e-179 3.50362396792408e-172 6.766516461536071e-165 9.055325543124808e-158 8.397381718136305e-151 5.396285584874912e-144 2.4030798055933894e-137 7.416099366737364e-131 1.5860968030975013e-124 2.3509551442690583e-118 2.415095325139419e-112 1.7195525908988933e-106 8.486042330714654e-101 2.9028342467043247e-95 6.883146435537185e-90 1.131414558010187e-84 1.2892906242642381e-79 1.0185933915418836e-74 5.57957540343814e-70 2.1192588849430717e-65 5.581939885859927e-61 1.0196337689757435e-56 1.2918298483354403e-52 1.1353187594564298e-48 6.922087848607825e-45 2.9283681072751503e-41 8.597145881406112e-38 1.7518771077780762e-34 2.478369650967279e-31 2.4347149575827e-28 1.6613966791771416e-25 7.87745944170216e-23 2.5963118134245468e-20 5.950969226744495e-18 9.491211256597442e-16 1.0540310331587562e-13 8.15727185504492e-12 4.4039941459830453e-10 1.6608402076739357e-8 4.3824727769570815e-7 8.109187901513564e-6 0.00010553101387815819 0.0009697817409886578 0.006328570514407207 0.029565867383436254 0.10007014016840773 0.24980884893239702 0.47248255440179204 0.704376489642951 0.8734994741486437 0.959867541447867 0.990743920396091 0.9984681449943829 0.9998196833580728 0.9999849951980538 0.9999991211408397 0.9999999638811771 0.9999999989609095 0.9999999999791117 0.999999999999707 0.9999999999999971 1. 1. 1. 1. 1. 1. 1. 1. 1. 1. 1. 1. 1. 1. 1. 1. 1. 1. 1. 1. 1. 1. 1. 1. 1. 1. 1. 1. 1. 1. 1. 1. 1. 1. 1. 1. 1.
5.8389026965813925e-195 3.3840744344865446e-187 1.3589844047228503e-179 3.78148929644911e-172 7.291108673682475e-165 9.741269992512054e-158 9.018587774803511e-151 5.78592424801987e-144 2.5723451447822713e-137 7.925375888412395e-131 1.692222096109426e-124 2.504121640454105e-118 2.5681999398415984e-112 1.8255493074058317e-106 8.994290907887307e-101 3.071621466173485e-95 7.271370609179788e-90 1.1932596468306406e-84 1.3575256703138195e-79 1.070735596018326e-74 5.855538440486543e-70 2.220414983593125e-65 5.838750432204476e-61 1.0647895404295138e-56 1.3468210621373984e-52 1.1817011334469577e-48 7.19303979115543e-45 3.0379935076673846e-41 8.904337770185867e-38 1.8114965520974893e-34 2.5585089854645573e-31 2.509322574353305e-28 1.7095027881880708e-25 8.092290428273437e-23 2.6627584867438232e-20 6.093309957316537e-18 9.702397082498535e-16 1.0757320443206137e-13 8.311717192624143e-12 4.4801229947313475e-10 1.6868300323774806e-8 4.4439249247440787e-7 8.20982321653167e-6 0.00010667242837078121 0.000978748097083083 0.0063773534814180795 0.02974969047550961 0.1005498863771057 0.25067601577494214 0.47356816332386653 0.7053177803525094 0.8740647413261085 0.9601026472748728 0.99081164596245 0.9984816570531689 0.9998215504686299 0.999985173887199 0.9999991329850452 0.9999999644249196 0.9999999989781981 0.9999999999794924 0.9999999999997128 0.9999999999999971 1. 1. 1. 1. 1. 1. 1. 1. 1. 1. 1. 1. 1. 1. 1. 1. 1. 1. 1. 1. 1. 1. 1. 1. 1. 1. 1. 1. 1. 1. 1. 1. 1. 1. 1. 1. 1.
6.333218884960282e-195 3.664511580506026e-187 1.4691753406816609e-179 4.0813612391723626e-172 7.85631292850779e-165 1.0479097155770401e-157 9.68567632280704e-151 6.203650681890701e-144 2.75351254816296e-137 8.469562420171706e-131 1.8054347957089732e-124 2.66724724410059e-118 2.7309903229251357e-112 1.9380654893233574e-106 9.532908899226205e-101 3.250198807713074e-95 7.681434453468706e-90 1.2584759583192977e-84 1.4293614175687713e-79 1.1255386326377685e-74 6.14510490313202e-70 2.3263822000248976e-65 6.107330896293223e-61 1.111936852872683e-56 1.404142766001422e-52 1.2299693073530809e-48 7.474542303034826e-45 3.151699488337125e-41 9.222437990499233e-38 1.87313110637671e-34 2.6412201579806685e-31 2.586197325559841e-28 1.7589888504373703e-25 8.312918972290914e-23 2.730885622256362e-20 6.239009499397309e-18 9.918209223272961e-16 1.0978718184969372e-13 8.469024946073608e-12 4.557534711489609e-10 1.713214169597335e-8 4.50620637591112e-7 8.31164815992103e-6 0.0001078254282439161 0.0009877905023955706 0.006426468951839106 0.029934460822466535 0.10103130830604325 0.2515447743234277 0.47465396858447484 0.7062576863479544 0.8746282447073802 0.9603366324061888 0.9908789373716684 0.9984950603184695 0.9998233994870285 0.9999853505525901 0.9999991446757677 0.9999999649607296 0.9999999989952064 0.9999999999798663 0.9999999999997184 0.9999999999999973 1. 1. 1. 1. 1. 1. 1. 1. 1. 1. 1. 1. 1. 1. 1. 1. 1. 1. 1. 1. 1. 1. 1. 1. 1. 1. 1. 1. 1. 1. 1. 1. 1. 1. 1. 1. 1.
6.86933238801861e-195 3.968158976641218e-187 1.588289120054857e-179 4.4049802871946515e-172 8.465268734272794e-165 1.1272725376871543e-157 1.0402030929624647e-150 6.651486310102655e-144 2.947417478998035e-137 9.05104765613491e-131 1.9262073244864623e-124 2.840978218411352e-118 2.9040779319286855e-112 2.0575012363331714e-106 1.0103706724354442e-100 3.4391327197914406e-95 8.114563343751537e-90 1.3272467487903442e-84 1.5049873091670932e-79 1.1831378559699264e-74 6.448943103482076e-70 2.4373885315798956e-65 6.388218617230935e-61 1.1611631746287893e-56 1.4638932800173534e-52 1.2801995797673685e-48 7.767004036126916e-45 3.2696370631581903e-41 9.551831444966402e-38 1.9368484064153925e-34 2.7265850691169438e-31 2.665407514364888e-28 1.8098940720439632e-25 8.539499844562265e-23 2.800735199890215e-20 6.388146001365664e-18 1.0138747384094556e-15 1.1204590588129979e-13 8.629246974139166e-12 4.6362503286481904e-10 1.73999840251658e-8 4.5693278524338014e-7 8.414676028066642e-6 0.00010899012242520573 0.0009969095341097853 0.006475918824145158 0.030120181923999432 0.10151440821459544 0.2524151210249248 0.47573996214037634 0.7071962026846512 0.8751899856171974 0.9605695004515998 0.9909457969095554 0.9985083555673409 0.9998252305749584 0.999985525215848 0.9999991562149103 0.9999999654887191 0.9999999990119387 0.9999999999802336 0.999999999999724 0.9999999999999973 1. 1. 1. 1. 1. 1. 1. 1. 1. 1. 1. 1. 1. 1. 1. 1. 1. 1. 1. 1. 1. 1. 1. 1. 1. 1. 1. 1. 1. 1. 1. 1. 1. 1. 1. 1. 1.
7.450773086957893e-195 4.2969351626818745e-187 1.7170473229698436e-179 4.754224395237171e-172 9.12135794739134e-165 1.2126368478237258e-157 1.1171284287109812e-150 7.131597793832811e-144 3.154953944174846e-137 9.672383438266563e-131 2.055043535034244e-124 3.0260026795229495e-118 3.0881127437903324e-112 2.1842811474918863e-106 1.070860247368861e-100 3.6390223434326274e-95 8.572051226803061e-90 1.39976520823668e-84 1.5846027256275838e-79 1.2436754840473138e-74 6.7677540748869e-70 2.553672740923692e-65 6.681975369499531e-61 1.2125597994138033e-56 1.5261750533495925e-52 1.332471321030305e-48 8.070849385381434e-45 3.3919628018917695e-41 9.89291653006511e-38 2.0027183420418602e-34 2.8146882070907777e-31 2.74702348369152e-28 1.862258762061368e-25 8.77219190169652e-23 2.872350234991865e-20 6.540799403333156e-18 1.0364113382474352e-15 1.1435026375680008e-13 8.792436052539055e-12 4.716291213298284e-10 1.7671885960182445e-8 4.633300208319069e-7 8.518920256429808e-6 0.00011016662077222444 0.0010061057731556554 0.006525705004744731 0.030306857283627243 0.10199918834500458 0.2532870522963612 0.47682613594413553 0.7081333244459367 0.8757499654023368 0.9608012550202382 0.9910122268536543 0.998521543572177 0.9998270438928079 0.9999856978983782 0.9999991676043536 0.999999966008998 0.9999999990283994 0.9999999999805943 0.9999999999997295 0.9999999999999973 1. 1. 1. 1. 1. 1. 1. 1. 1. 1. 1. 1. 1. 1. 1. 1. 1. 1. 1. 1. 1. 1. 1. 1. 1. 1. 1. 1. 1. 1. 1. 1. 1. 1. 1. 1. 1.
8.081368603635231e-195 4.65291706068378e-187 1.8562298052702127e-179 5.1311198233776614e-172 9.828223452834785e-165 1.3044558008674237e-157 1.1997336524846571e-150 7.646307449673485e-144 3.377078589408673e-137 1.0336295879028437e-130 2.1924807969534984e-124 3.223053301491167e-118 3.2837856762570284e-112 2.3188558180403185e-106 1.1349628296734675e-100 3.8505013943282565e-95 9.055264447832885e-90 1.4762349972759094e-84 1.6684175045524366e-79 1.3073009452740153e-74 7.102273168500953e-70 2.6754848624776996e-65 6.989188469747206e-61 1.2662220129234274e-56 1.5910948368413496e-52 1.386867096277764e-48 8.38651909199829e-45 3.518839033368448e-41 1.0246105606092691e-37 2.0708131316855703e-34 2.9056167288325386e-31 2.831117676588744e-28 1.9161243631909608e-25 9.011158192727483e-23 2.945774803527807e-20 6.69705147759788e-18 1.0594411192212745e-15 1.167011599453474e-13 8.958645889758938e-12 4.797679072387099e-10 1.7947906977919327e-8 4.69813443114146e-7 8.6243944208886e-6 0.00011135503407943904 0.001015379804228049 0.006575829407991127 0.03049449040863632 0.10248565092226898 0.2541605645245427 0.4779124819442977 0.7090690467431852 0.8763081854315131 0.9610318997205052 0.9910782294732459 0.9985346251007317 0.9998288395996704 0.9999858686213725 0.9999991788459561 0.9999999665216752 0.9999999990445929 0.9999999999809486 0.9999999999997349 0.9999999999999974 1. 1. 1. 1. 1. 1. 1. 1. 1. 1. 1. 1. 1. 1. 1. 1. 1. 1. 1. 1. 1. 1. 1. 1. 1. 1. 1. 1. 1. 1. 1. 1. 1. 1. 1. 1. 1.
8.76526938365407e-195 5.038353033221573e-187 2.0066793986516968e-179 5.537852832677347e-172 1.0589789282362163e-164 1.403216716389542e-157 1.288437486761339e-150 8.198104413531399e-144 3.6148150804067786e-137 1.1045697240935603e-130 2.3390922221784335e-124 3.432910195746486e-118 3.491831161182889e-112 2.46170342745367e-106 1.2028937168521487e-100 4.074240153031108e-95 9.565645790516203e-90 1.556870813038467e-84 1.7566524874275817e-79 1.3741712428125696e-74 7.453271727472971e-70 2.8030867325867743e-65 7.310471933511934e-61 1.3222492666439322e-56 1.6587638628013145e-52 1.443472793391927e-48 8.714470869588474e-45 3.6504340560579743e-41 1.0611825483381549e-37 2.141207399399833e-34 2.9994605436023097e-31 2.917764698368338e-28 1.9715334833414898e-25 9.256566068483847e-23 3.0210540678924075e-20 6.856985869997455e-18 1.0829746988249505e-15 1.1909951648317615e-13 9.127931143112576e-12 4.880435957950223e-10 1.8228107394549426e-8 4.763841643596294e-7 8.731112239090822e-6 0.00011255547408521699 0.001024732215805576 0.006626293956193728 0.030683084810021785 0.10297379815403487 0.25503565406618267 0.4789989920855711 0.710003364715879 0.8768646470952808 0.9612614381599944 0.9911438070293503 0.9985476009161365 0.9998306178533564 0.9999860374058116 0.9999991899415543 0.9999999670268581 0.9999999990605233 0.9999999999812965 0.9999999999997402 0.9999999999999976 1. 1. 1. 1. 1. 1. 1. 1. 1. 1. 1. 1. 1. 1. 1. 1. 1. 1. 1. 1. 1. 1. 1. 1. 1. 1. 1. 1. 1. 1. 1. 1. 1. 1. 1. 1. 1.
9.506975889923955e-195 5.455677016879803e-187 2.169306989369672e-179 5.976782301857764e-172 1.1410282281039876e-164 1.5094436505220005e-157 1.3836894735394294e-150 8.789656603871601e-144 3.8692587899364684e-137 1.1803698624412322e-130 2.4954890377583858e-124 3.6564039762504965e-118 3.7130298792252464e-112 2.6133314242845107e-106 1.2748810056478416e-100 4.310947569419347e-95 1.0104718741851737e-89 1.6418989855512223e-84 1.8495400949268124e-79 1.4444513373260695e-74 7.821558842528303e-70 2.936752544529781e-65 7.646467684119929e-61 1.3807453591978581e-56 1.7292980322676934e-52 1.5023777560507875e-48 9.055180054187105e-45 3.78692235628804e-41 1.0990517925336064e-37 2.2139782544116537e-34 3.096312399205326e-31 3.0070413805610983e-28 2.028529928057978e-25 9.508587293780638e-23 3.0982343033336913e-20 7.020688142180046e-18 1.1070229192428478e-15 1.2154627330752174e-13 9.30034743507004e-12 4.964584272421059e-10 1.851254837687675e-8 4.830433105069626e-7 8.839087571817678e-6 0.00011376805347887541 0.001034163600169343 0.0066771005796288346 0.030872644002427334 0.1034636322304852 0.2559123172479259 0.48008565830900324 0.710936273531671 0.877419351805933 0.9614898739454159 0.9912089617747305 0.9985604717769238 0.9998323788104 0.9999862042724661 0.999999200892963 0.9999999675246525 0.9999999990761947 0.9999999999816382 0.9999999999997453 0.9999999999999976 1. 1. 1. 1. 1. 1. 1. 1. 1. 1. 1. 1. 1. 1. 1. 1. 1. 1. 1. 1. 1. 1. 1. 1. 1. 1. 1. 1. 1. 1. 1. 1. 1. 1. 1. 1. 1.
1.0311368084112576e-194 5.907523819399079e-187 2.3450970059728354e-179 6.450453337454842e-172 1.2294255441059117e-164 1.623700161133983e-157 1.4859722391685774e-150 9.423823541464684e-144 4.1415818120999326e-137 1.261362351886287e-130 2.6623231158573715e-124 3.894419022301933e-118 3.9482116660337337e-112 2.7742783136812913e-106 1.3511663511407774e-100 4.561373487970853e-95 1.0674091994343989e-89 1.7315581062551263e-84 1.947324932203811e-79 1.5183145489957024e-74 8.207983192882381e-70 3.0767694295339303e-65 7.997846816096358e-61 1.4418186255490202e-56 1.8028181100623056e-52 1.5636749220780394e-48 9.409140279027384e-45 3.928484834395315e-41 1.1382640168860318e-37 2.2892053732842853e-34 3.1962679708857167e-31 3.099026846749609e-28 2.0871587338439553e-25 9.767398162501297e-23 3.177362925014647e-20 7.188245814814233e-18 1.1315968520196335e-15 1.2404238859676138e-13 9.475951369860692e-12 5.050146774019846e-10 1.8801291953838704e-8 4.897920213225505e-7 8.94833442436035e-6 0.00011499288590777483 0.0010436745534218499 0.006728251216550617 0.031063171504086103 0.1039551553242321 0.25679055036637943 0.48117247255216283 0.7118677683864534 0.8779723009974036 0.9617172106825191 0.9912736959538946 0.9985732384370447 0.9998341226260691 0.9999863692418995 0.9999992117019754 0.9999999680151629 0.9999999990916114 0.9999999999819738 0.9999999999997504 0.9999999999999976 1. 1. 1. 1. 1. 1. 1. 1. 1. 1. 1. 1. 1. 1. 1. 1. 1. 1. 1. 1. 1. 1. 1. 1. 1. 1. 1. 1. 1. 1. 1. 1. 1. 1. 1. 1. 1.
1.1183737388185236e-194 6.396745676178556e-187 2.535113348959072e-179 6.961611955581948e-172 1.3246613030956962e-164 1.7465922808336335e-157 1.5958039253483717e-150 1.0103670086848625e-143 4.433038326641708e-137 1.3479022275559096e-130 2.840289671366839e-124 4.147896951720534e-118 4.198258600674312e-112 2.9451155538292576e-106 1.432005770759261e-100 4.826311000776502e-95 1.1275464198675585e-89 1.8260996903875695e-84 2.0502644257280588e-79 1.5959429797840873e-74 8.61343497662633e-70 3.2234380650067196e-65 8.365310915550304e-61 1.5055821344087368e-56 1.879449927954165e-52 1.6274609673034893e-48 9.776864175000071e-45 4.0753090390874534e-41 1.1788665462778746e-37 2.3669710847749545e-34 3.299425952981191e-31 3.1938025803275807e-28 2.1474662024008798e-25 1.0033179615642371e-22 3.258488515722254e-20 7.359748411757443e-18 1.1567078028252787e-15 1.265888391168595e-13 9.654800550351687e-12 5.137146582221658e-10 1.909440102815428e-8 4.966314505609945e-7 9.058866947907339e-6 0.00011623008598445152 0.0010532656755058416 0.006779747813201591 0.03125467083675942 0.10444836959020581 0.2576703496881382 0.4822594267493166 0.7127978445044196 0.8785234961251644 0.9619434519760186 0.9913380118031001 0.9985859016458913 0.9998358494543742 0.9999865323344694 0.9999992223703639 0.9999999684984922 0.9999999991067773 0.9999999999823034 0.9999999999997553 0.9999999999999977 1. 1. 1. 1. 1. 1. 1. 1. 1. 1. 1. 1. 1. 1. 1. 1. 1. 1. 1. 1. 1. 1. 1. 1. 1. 1. 1. 1. 1. 1. 1. 1. 1. 1. 1. 1. 1.
1.2129821334436442e-194 6.926430169649898e-187 2.7405057978938657e-179 7.513220919547184e-172 1.4272637658188108e-164 1.878771713377516e-157 1.7137407984712342e-150 1.0832481161091671e-143 4.744970337660692e-137 1.4403687564972434e-130 3.0301301382102364e-124 4.417840317930483e-118 4.464108287677785e-112 3.126449567934294e-106 1.5176704958541888e-100 5.106598935592523e-95 1.1910628980762555e-89 1.9257888750419277e-84 2.1586294933057195e-79 1.6775279569581046e-74 9.038847934914318e-70 3.3770733112539605e-65 8.749593440078004e-61 1.5721538941933897e-56 1.959324596271091e-52 1.6938364551523898e-48 1.0158884097789456e-44 4.2275894103197526e-41 1.2209083624868184e-37 2.44736045747697e-34 3.405888153423142e-31 3.2914524942458387e-28 2.2094999358101346e-25 1.0306117362403264e-22 3.3416608542416164e-20 7.535287505205049e-18 1.182367316317387e-15 1.291866205742442e-13 9.836953595210656e-12 5.225607183306215e-10 1.93919393881249e-8 5.035627661272819e-7 9.170699440944823e-6 0.00011747976929380072 0.0010629375702232856 0.006831592323823303 0.03144714552567679 0.10494327716554722 0.25855171144981814 0.4833465128316119 0.7137264971381296 0.8790729386661267 0.9621686014295171 0.9914019115503566 0.9985984621483157 0.9998375594480766 0.9999866935703294 0.9999992328998795 0.999999968974742 0.9999999991216963 0.999999999982627 0.9999999999997602 0.9999999999999977 1. 1. 1. 1. 1. 1. 1. 1. 1. 1. 1. 1. 1. 1. 1. 1. 1. 1. 1. 1. 1. 1. 1. 1. 1. 1. 1. 1. 1. 1. 1. 1. 1. 1. 1. 1. 1.
1.315584112987173e-194 7.499919623588926e-187 2.962516934382491e-179 8.108476824186201e-172 1.5378019413562219e-164 2.0209392702629548e-157 1.840380050368113e-150 1.161377752012238e-143 5.07881381282348e-137 1.5391670885318865e-130 3.232635236157491e-124 4.705316545360523e-118 4.746757344836808e-112 3.3189238787696995e-106 1.6084478736438131e-100 5.403124486674226e-95 1.2581480237863107e-89 2.0309051548263881e-84 2.27270524900545e-79 1.7632704989390568e-74 9.485201474485931e-70 3.5380048780140573e-65 9.15146116086882e-61 1.6416570679049287e-56 2.042578724305546e-52 1.7629059921902802e-48 1.0555752882675065e-44 4.385527530988453e-41 1.2644401618132483e-37 2.530461390336489e-34 3.5157595911713194e-31 3.3920630027988105e-28 2.2733088726829687e-25 1.0586402004386764e-22 3.4269309444097276e-20 7.714956761840117e-18 1.2085871811023135e-15 1.3183674797523406e-13 1.0022470156353308e-11 5.315552435989715e-10 1.969397171958469e-8 5.105871502406899e-7 9.283846350668215e-6 0.00011874205240029348 0.0010726908452543258 0.006883786710666412 0.0316405990994741 0.1054398801694976 0.2594346318580836 0.4844337227272528 0.7146537215685709 0.8796206301185384 0.9623926626454322 0.9914653974154304 0.9986109206846505 0.9998392527586981 0.9999868529694312 0.9999992432922528 0.9999999694440125 0.9999999991363724 0.999999999982945 0.999999999999765 0.9999999999999978 1. 1. 1. 1. 1. 1. 1. 1. 1. 1. 1. 1. 1. 1. 1. 1. 1. 1. 1. 1. 1. 1. 1. 1. 1. 1. 1. 1. 1. 1. 1. 1. 1. 1. 1. 1. 1.
1.426854237974331e-194 8.120832093606494e-187 3.202489622381453e-179 8.750828524943604e-172 1.6568887257493566e-164 2.1738485655134902e-157 1.97636280447749e-150 1.2451332657893702e-143 5.43610525097703e-137 1.6447300193771692e-130 3.4486482407412844e-124 5.01146211848954e-118 5.0472651096174045e-112 3.523221373242491e-106 1.704642322502726e-100 5.71682599655721e-95 1.3290017729228923e-89 2.14174315713793e-84 2.3927917448092666e-79 1.8533818046010604e-74 9.953522893304047e-70 3.706578022200913e-65 9.571715669796605e-61 1.714220197318559e-56 2.129354649882175e-52 1.8347783898602358e-48 1.0968044628066016e-44 4.54933238776084e-41 1.3095144146993981e-37 2.616364706137099e-34 3.629148596670833e-31 3.495723095513653e-28 2.3389433253050395e-25 1.0874229163002785e-22 3.5143510448656096e-20 7.898851990006292e-18 1.2353794347975699e-15 1.3454025599213745e-13 1.0211410936683764e-11 5.407006577139906e-10 2.0000563618006512e-8 5.177057996005045e-7 9.398322274406548e-6 0.00012001705285524853 0.0010825261121763326 0.006936332944001053 0.03183503509013251 0.10593818070329113 0.26031910708968214 0.48552104836168397 0.7155795131052219 0.8801665720018843 0.962615639224921 0.9915284716098476 0.9986232779907294 0.9998409295365287 0.9999870105515265 0.9999992535491935 0.9999999699064024 0.9999999991508095 0.9999999999832572 0.9999999999997697 0.9999999999999978 1. 1. 1. 1. 1. 1. 1. 1. 1. 1. 1. 1. 1. 1. 1. 1. 1. 1. 1. 1. 1. 1. 1. 1. 1. 1. 1. 1. 1. 1. 1. 1. 1. 1. 1. 1. 1.