7.355237938042111e-9 1.1544197712370401e-8 1.8012475032754098e-8 2.79400616198312e-8 4.308513376559998e-8 6.605040719247525e-8 1.0066382670748989e-7 1.5251875086278687e-7 2.2973489534176406e-7 3.4402242217166587e-7 5.121589866924336e-7 7.580247836466588e-7 1.1153853914698625e-6 1.6316684246223899e-6 2.3730497485048478e-6 3.4312504483903716e-6 4.932548987031061e-6 7.0496359319824255e-6 0.000010017082729571883 0.000014151361944189498 0.000019876543747022642 0.000027757000251398354 0.000038538671529983485 0.00005320067821227103 0.00007301929573227363 0.00009964652123719514 0.00013520564850132125 0.00018240639724385148 0.000244682195039318 0.000326352152540557 0.0004328100727226702 0.0005707424569387485 0.000748376879081257 0.000975761260443718 0.0012650734633486843 0.0016309592110867288 0.002090894627363378 0.002665567678834099 0.00337927052835326 0.004260292317139941 0.005341299270709196 0.0066596863738096895 0.008257882319331078 0.010183587166339823 0.012489920325002095 0.015235455316488926 0.018484117432767126 0.022304921134196156 0.02677152593851165 0.0319615928007097 0.037955927632691205 0.04483740466823119 0.0526896697652834 0.06159563228595051 0.07163576364281785 0.08288623059537165 0.09541690148610948 0.10928927332085608 0.1245543763769932 0.14125072030839111 0.15940235096846234 0.17901708991098542 0.20008502836293163 0.22257734413168206 0.24644550330263015 0.2716208987689642 0.29801496486486 0.3255197920805504 0.35400924862511246 0.38334059721388863 0.4133565767390591 0.4438879003370988 0.47475610470226703 0.5057766711658408 0.5367623278163466 0.5675264343735275 0.5978863480535228 0.627666669462025 0.6567022725828685 0.684841031920942 0.7119461723300169 0.7378981823491282 0.7625962491905836 0.7859591919879108 0.8079258886114311 0.8284552094045479 0.8475254877718539 0.8651335719658886 0.8812935141305777 0.8960349612989131 0.9094013184279925 0.9214477556862531 0.932239131254123 0.9418478971738924 0.9503520497152693 0.9578331778170817 0.9643746539728568 0.9700600020056395 0.9749714660572419 0.9791887952787997
6.4898634141579895e-9 1.0238165750400145e-8 1.605502728772312e-8 2.502672276101454e-8 3.8779550626450595e-8 5.973230764255707e-8 9.145879799863193e-8 1.3920453204707418e-7 2.106177830002061e-7 3.1677627010236333e-7 4.7361825324556585e-7 7.039223255231924e-7 1.040025487282146e-6 1.5275262137403647e-6 2.2302904068033406e-6 3.2371656735867795e-6 4.670915603907533e-6 6.700012733953232e-6 9.554078350204893e-6 0.000013543930117044783 0.00001908739446597219 0.000026742257912261103 0.000037247965968264264 0.000051577923379254465 0.00007100449497865153 0.00009717903862685451 0.00013222950219410852 0.00017887826245030424 0.0002405829474041049 0.0003217029330513609 0.00042769400494462165 0.0005653332863955314 0.0007429759198961065 0.000970844109978297 0.0012613479629628539 0.0016294360696502462 0.0020929719620066518 0.0026731304430347184 0.003394805371112706 0.0042870178329588995 0.005383310848861668 0.006722113936366055 0.008347058161036501 0.01030721989978371 0.012657269630570601 0.015457500853389955 0.01877371395573102 0.02267693066532617 0.02724291686151402 0.0325514950784783 0.038685633102832725 0.04573030164196241 0.05377110202587593 0.06289267411289708 0.07317690470485642 0.08470096744812215 0.09753523592245532 0.111741121850776 0.1273688995071849 0.1444555848557304 0.16302294314376914 0.183075701094256 0.2046000390910311 0.22756243457365083 0.25190892017001876 0.2775648090057063 0.30443492544973494 0.33240436279581287 0.3613397707215886 0.39109115564808505 0.42149415727035494 0.45237274553007195 0.48354226512217685 0.5148127401707475 0.5459923407454139 0.5768909060117047 0.6073234163917312 0.637113309287948 0.6660955395731779 0.6941192968119065 0.7210503054688187 0.7467726514174466 0.771190096990086 0.7942268666411108 0.8158279050470305 0.8359586282008922 0.8546042049377123 0.871768420656956 0.8874721862695936 0.9017517632690388 0.9146567801871303 0.926248116621958 0.9365957287618878 0.9457764852727357 0.9538720750651453 0.9609670393889188 0.9671469705121571 0.9724969085292432 0.9770999571554573 0.9810361291918946
5.7124866400524605e-9 9.058937376125602e-9 1.4278754920871699e-8 2.2370012112699694e-8 3.483427172568874e-8 5.391551917251819e-8 8.294483755046368e-8 1.26833941216742e-7 1.9277658922243604e-7 2.912379543414023e-7 4.3733960471866946e-7 6.527834987970907e-7 9.68504199751619e-7 1.4282965341988303e-6 2.093738513981668e-6 3.050819006455424e-6 4.418788884903323e-6 6.361885549637193e-6 9.104735687822761e-6 0.000012952421082486534 0.00001831639715939171 0.00002574768207050902 0.000035978981501794905 0.00004997767423036757 0.00006901184538289926 0.00009473180385138743 0.00012926973820734388 0.00017536032747891137 0.00023648519994031995 0.0003170440903821979 0.00042255534587693915 0.0005598880307954522 0.0007375272420452853 0.0009658733255151008 0.0012575744503776005 0.0016278904247131905 0.002095083713620582 0.002680831358469581 0.0034106489260679065 0.004314314800358833 0.005426280159517793 0.00678604698400099 0.008438493575287465 0.010434124519961828 0.012829220022892373 0.015685858285249692 0.019071784349597918 0.023060099794678306 0.02772875002655519 0.03315978982189919 0.039438413307538375 0.04665174169766314 0.054887370747044265 0.06423168979785486 0.07476799517032297 0.08657443203780088 0.09972181030541805 0.11427135077669903 0.13027242740059797 0.1477603789932443 0.16675446891167214 0.18725607318881204 0.2092471762115105 0.23268924789011636 0.2575225673762077 0.28366604589448596 0.3110175855456068 0.33945499259992806 0.36883744361651605 0.3990074816150405 0.4297934985263423 0.4610126403143125 0.4924740535335472 0.5239823776068235 0.5553413765615953 0.586357597936036 0.6168439453870379 0.6466230552705625 0.6755303759110829 0.7034168609646138 0.7301512045143543 0.7556215644432402 0.779736741204063 0.8024268002962471 0.8236431475069312 0.8433580853009885 0.861563895794569 0.8782715098350163 0.8935088323538409 0.9073188010936739 0.9197572589877145 0.9308907200483201 0.9407941049355405 0.9495485159048259 0.9572391121555721 0.9639531363556944 0.9697781319532953 0.9748003794306778 0.9791035684755695 0.9827677126221467
5.015752046313446e-9 7.996516239401005e-9 1.2670225755741668e-8 1.995209247579001e-8 3.122590086768192e-8 4.8569750010983586e-8 7.508326089942857e-8 1.1535829423108852e-7 1.7615100264840722e-7 2.673340268928015e-7 4.032352634943498e-7 6.04505585561365e-7 9.007041788892123e-7 1.3338490330869811e-6 1.963254114402484e-6 2.872066523465754e-6 4.176029229123366e-6 6.035130344058694e-6 8.668960533845676e-6 0.000012376787433887876 0.00001756357009295357 0.000024773375937237407 0.000034731923670449395 0.00004840025097079414 0.00006704178514024496 0.00009230536288573862 0.0001263269820001397 0.00017185324723017597 0.00023238956383377232 0.00031237609867096344 0.00041739432903115743 0.0005544065895602801 0.0007320303624660092 0.0009608480925333028 0.0012537520090583453 0.0016263217745777394 0.0020972307435455535 0.0026886742119077503 0.003426810305844597 0.004342201160534153 0.005470238877762769 0.006851537561042977 0.008532269681055965 0.010564422327940479 0.013005946791668568 0.01592077362511778 0.019378665136683272 0.02345487836640464 0.028229614224211202 0.033787232759572614 0.04021522056246858 0.047602904046524196 0.05603991170792316 0.06561439914119012 0.07641106225673876 0.08850897630152259 0.1019793103496126 0.11688297824559116 0.1332682968508704 0.15116873016246082 0.17060080279323725 0.19156226786565375 0.2140306121625163 0.23796197516770268 0.26329054840092214 0.2899285074228849 0.3177665115186925 0.3466747860422309 0.3765047806038926 0.40709137374036447 0.4382555725434572 0.4698076350946881 0.5015505255554751 0.533283597381767 0.5648063901643031 0.5959224206002395 0.626442848360378 0.6561899031140845 0.6849999694011779 0.7127262408125896 0.7392408732412004 0.7644365877938528 0.788227696205362 0.8105505441149363 0.8313633892360324 0.8506457512523404 0.8683972873417453 0.8846362609034016 0.8993976809054649 0.9127311950867317 0.9246988220722798 0.9353726055517863 0.9448322684499713 0.9531629370597268 0.960452995068718 0.9667921159905963 0.9722695104095802 0.9769724123145379 0.980984817210679 0.9843864741264323
4.392759815155893e-9 7.041473933908984e-9 1.121670204832444e-8 1.775595798174605e-8 2.793201349683438e-8 4.366581279893503e-8 6.783659755831284e-8 1.0473018633723693e-7 1.606819862299633e-7 2.449922073619729e-7 3.7121837682825687e-7 5.589863792984056e-7 8.365079712143437e-7 1.2440524173357452e-6 1.8386952514660834e-6 2.700761039856643e-6 3.942492375712969e-6 5.719616990586691e-6 8.246651278284597e-6 0.000011816973378709293 0.000016828922728804923 0.000023819434326982342 0.00003350699108577303 0.000046845969569785694 0.00006509475214900356 0.00008990026640138431 0.00012340186929984053 0.00016835769221872014 0.00022829666988372728 0.00030769945299101274 0.0004122112062100075 0.0005488888730006099 0.0007264847972492869 0.0009557675822847698 0.0012498796995776534 0.0016247296025447492 0.0020994139420693904 0.0026966629287101737 0.0034432989794170037 0.004370695594667407 0.005515220043521485 0.0069186400370461225 0.008628471331976821 0.010698240349104757 0.013187633665810976 0.016162504917733755 0.019694709491182353 0.023861738659589026 0.028746127730303144 0.03443461747823726 0.04101705472313998 0.048585026326940575 0.057230230996146145 0.06704260479110598 0.0781082287565107 0.09050706005882463 0.10431054080331996 0.11957915058542337 0.1363599790487035 0.15468440252304083 0.17456595350845724 0.19599847277221294 0.21895463072164895 0.24338489729244345 0.2692170278809708 0.29635611713813037 0.32468525327741216 0.3540667837207538 0.3843441794057082 0.41534446105222295 0.4468811273671829 0.4787575037883898 0.5107704121037072 0.5427140471432647 0.5743839375320029 0.6055808637320889 0.6361146085153323 0.6658074224750639 0.694497099787809 0.7220395764526759 0.7483109837175526 0.7732091122197222 0.7966542663004315 0.8185895117565665 0.838980342786661 0.8578138140228508 0.8750972004544197 0.8908562611132507 0.9051331912333379 0.9179843521027011 0.929477868131448 0.9396911771184333 0.9487086128434681 0.9566190896042601 0.9635139468957092 0.9694849998562836 0.974622828119952 0.9790153229847025 0.9827465009142293 0.9858955807825758
3.8370509465752725e-9 6.184935082254891e-9 9.906126933892028e-9 1.57654237558313e-8 2.493115197469868e-8 3.917562839222755e-8 6.116860665353878e-8 9.490352311681274e-8 1.4631182675310866e-7 2.241414535829056e-7 3.412031096966999e-7 5.161242988603406e-7 7.757981507516312e-7 1.158774593847805e-6 1.7199181047467306e-6 2.536752227406832e-6 3.7180294823546597e-6 5.415209288355699e-6 7.837698845104266e-6 0.00001127291457543423 0.00001611245545694875 0.00002288594329058669 0.00003230437499085123 0.000045315141293936426 0.00006317118358351164 0.00008751706945893011 0.00012049504599566182 0.0001648743487317173 0.0002242071689481922 0.0003030146700386431 0.00040700624830782386 0.0005433348030172078 0.0007208900619875093 0.0009506309515924908 0.0012459565589208847 0.0016231133763498242 0.002101634229652253 0.0027048015791846804 0.003460124789457117 0.004399817561686024 0.005561258133861549 0.006987411233758086 0.008727187325295658 0.010835711659614134 0.01337447330175302 0.016411322942817757 0.020020288218381886 0.024281176710004775 0.02927894003898151 0.035102777633051 0.04184496592873087 0.0495994079205663 0.05845990890810536 0.0685181967035581 0.0798617179858951 0.09257125632457724 0.10671843093950191 0.12236314772478137 0.13955108461835888 0.1583113012390295 0.1786540671023766 0.20056900306448036 0.22402362651071986 0.24896238202356144 0.27530622591170895 0.3029528154307902 0.33177733242095103 0.3616339473343357 0.3923579043432127 0.42376818267549016 0.455670664860323 0.4878617205123208 0.5201320958686182 0.552270985565425 0.5840701548903152 0.6153279784526451 0.6458532650108283 0.6754687478605492 0.7040141351618814 0.7313486340056581 0.7573528847908992 0.7819302673427099 0.8050075658028135 0.826535004341522 0.846485688933021 0.8648545107351706 0.8816565831758895 0.8969252970906861 0.9107100858834518 0.9230739956797986 0.9340911540535821 0.9438442256000488 0.9524219340443186 0.9599167194700768 0.9664225864477982 0.9720331851545054 0.9768401537802287 0.9809317372933877 0.9843916855525848 0.9872984232325821
3.1903274974495976e-9 5.17829594526447e-9 8.350576380765452e-9 1.3379069389140008e-8 2.129693855397558e-8 3.368156709069606e-8 5.292408247114881e-8 8.262329224584717e-8 1.281569081846729e-7 1.9750325405004433e-7 3.024138171361093e-7 4.6007291990050287e-7 6.954277305385076e-7 1.0444324545742338e-6 1.558527867109839e-6 2.3107746674450854e-6 3.404179950150449e-6 4.982903854491722e-6 7.247211332365457e-6 0.000010473244409070285 0.00001503893451478861 0.00002145765176718067 0.000030421495155375302 0.00004285645753610657 0.0000599920408292515 0.00008344823296017523 0.0001153430657695805 0.0001584242221039011 0.00021622831304293153 0.000293271457921934 0.0003952746192586495 0.0005294267159432002 0.0007046878030209766 0.0009321335086418789 0.001225340408268474 0.001600810055373202 0.0020784269580079286 0.002681942899456513 0.0034394766897967964 0.004384014784701908 0.005553894344375183 0.006993246403176239 0.008752373100784853 0.010888029653341772 0.013463579216811265 0.01654898733413354 0.020220622583573135 0.024560831657673966 0.02965726065238036 0.0356019000104732 0.04248983841548869 0.050417720916659005 0.05948191847976556 0.06977642964240909 0.08139054948550768 0.09440635604923706 0.10889607883258635 0.12491942724895394 0.14252096795974362 0.16172764799314918 0.18254656468552793 0.20496308312230008 0.22893939648387857 0.2544136143649829 0.2812994488783083 0.30948654863673053 0.33884150730070567 0.369209547324736 0.40041685210711786 0.4322734923584108 0.4645768666347914 0.4971155530752147 0.5296734507446412 0.5620340757029304 0.5939848697718566 0.6253213793846237 0.655851167908156 0.6853973370721682 0.7138015508989923 0.740926477769331 0.7666575917064946 0.7909043011894163 0.8136004013333962 0.834703871671805 0.8541960657311787 0.8720803590267767 0.8883803381951687 0.9031376252081764 0.9164094367777322 0.9282659802675151 0.9387877840511516 0.9480630529000338 0.9561851284143343 0.9632501215980765 0.969354770329139 0.974594559570045 0.9790621275118114 0.9828459671313956 0.9860294204202251 0.9886899521960629
2.7693981935508403e-9 4.521312794472446e-9 7.332886498968592e-9 1.1814586944938604e-8 1.8910250085673438e-8 3.006859975272056e-8 4.74972500872196e-8 7.453586002743616e-8 1.1619993831576835e-7 1.7996694207359106e-7 2.769033804059342e-7 4.232676001228884e-7 6.427701658069655e-7 9.697350381246143e-7 1.4534832903011817e-6 2.1643604139174907e-6 3.201952106987423e-6 4.706185591126012e-6 6.872197480071871e-6 9.970067839604793e-6 0.00001437077491947867 0.00002058001574695278 0.000029281861223895855 0.00004139456371132299 0.000058141198691451934 0.0000811381825101007 0.0001125050411441871 0.00015499907852603698 0.00021217876726349635 0.00028859971175630185 0.0003900468587416122 0.0005238061928451868 0.0006989783918575177 0.0009268357667569012 0.0012212222202593807 0.001598993883341998 0.0020804955107382147 0.0026900646412738485 0.003456552000915478 0.004413842732960826 0.005601358917559011 0.007064519680665317 0.008855131231440825 0.01103167569486068 0.01365946494784136 0.016810624169162045 0.020563869823344044 0.025004048639271286 0.03022140808464476 0.036310575061565986 0.04336922812579377 0.05149645938970713 0.06079083517145413 0.07134817899124776 0.08325911610846821 0.09660643470006898 0.11146233413279961 0.12788564462497304 0.1459191139455601 0.16558686471482506 0.18689212951646225 0.20981536975193674 0.23431287755487468 0.2603159480267108 0.28773069177714405 0.31643853582207 0.3462974352069331 0.3771437894762368 0.40879502871926643 0.4410528049492195 0.47370669762122936 0.5065383187017021 0.539325684231814 0.5718477068770764 0.6038886582688126 0.6352424513650213 0.6657166015015976 0.6951357397620945 0.7233445728719771 0.7502102088084657 0.7756237952636706 0.79950144743001 0.8217844706936239 0.8424389112076313 0.8614544916351021 0.8788430095200039 0.8946362909924455 0.9088838024117054 0.9216500270093562 0.9330117128495075 0.943055092987356 0.951873169315369 0.959563139125879 0.966224028857513 0.9719545838093305 0.9768514467270055 0.9810076429120329 0.9845113755574917 0.9874451228863379 0.9898850186996602
2.3970805239290603e-9 3.9368103363340894e-9 6.422287333752585e-9 1.040687362445073e-8 1.675090005818381e-8 2.678214860598639e-8 4.253478537196951e-8 6.710221877547052e-8 1.051539637510021e-7 1.6368653862014204e-7 2.531053604993824e-7 3.887705796832307e-7 5.931872742468829e-7 8.990823359658589e-7 1.3536900855464146e-6 2.024669920433353e-6 3.008206161557372e-6 4.439996844373961e-6 6.510028385094223e-6 9.482260074018982e-6 0.000013720608190320188 0.000019722924200013183 0.000028165002114731732 0.00003995701985816632 0.000056315206556336236 0.00007885191395304407 0.00010968763023286052 0.0001515887747529156 0.00020813531011656844 0.00028392225251508955 0.00038479899326606694 0.0005181498988637541 0.0006932188654454203 0.0009214792994767731 0.0012170493197867704 0.0015971497809866184 0.0020825999810522053 0.002698342643540219 0.003473986004251597 0.004444346677433849 0.00564997257591287 0.007137620718159556 0.00896066053522463 0.011179369604999084 0.013861085943857833 0.01708017945292285 0.020917805224320712 0.025461403509743075 0.030803915526339765 0.037042691115518035 0.04427807364241966 0.052611659334110134 0.06214424222997716 0.07297347159518856 0.08519126537589579 0.0988810402315821 0.11411483490811442 0.13095041817171224 0.14942848414483267 0.1695700456583673 0.19137413928109337 0.2148159533375708 0.23984548209006146 0.2663867952837986 0.29433799275192896 0.3235718894372466 0.35393744805903754 0.38526194608799913 0.4173538322733024 0.4500061974080376 0.4830007560553208 0.5161122122188153 0.5491128638426273 0.5817772896608491 0.6138869579801418 0.6452346007111153 0.6756282071369677 0.7048945098387722 0.7328818588013831 0.7594624075951895 0.7845335660396631 0.8080187051731605 0.82986713096315 0.8500533714039996 0.8685758461054097 0.8854550071178684 0.9007310538716922 0.9144613333992561 0.92671753951117 0.9375828216876275 0.947148906788762 0.9555133251574031 0.9627768182931711 0.9690409890823215 0.9744062386175719 0.9789700168967588 0.9828253989743547 0.9860599841118892 0.9887551036006241 0.9909853134903019
2.0686624976556293e-9 3.418149998380058e-9 5.609535104063073e-9 9.14321364644493e-9 1.4801616555890573e-8 2.3799061404237355e-8 3.800608214462133e-8 6.028249881879475e-8 9.496785417929874e-8 1.4859756584340378e-7 2.3093991905769978e-7 3.564849666474305e-7 5.465640796244808e-7 8.323413657982274e-7 1.2589989985840175e-6 1.891541675649225e-6 2.822775295533262e-6 4.184175975640581e-6 6.160562036788546e-6 9.009717219991232e-6 0.000013088390613340153 0.000018886417958091007 0.000027071067591790863 0.000038544105577280624 0.00005451448650552618 0.00007658999033977718 0.00010689151489128914 0.00014819406256548335 0.00020409868381542054 0.0002792397036218171 0.0003795313978529748 0.0005124578332570527 0.0006874087641845385 0.0009160632180723445 0.0012128206346665696 0.0015952771003011634 0.0020847413115019932 0.002706781418418386 0.003491789887888506 0.004475549090060713 0.005699775612007971 0.007212616559885402 0.009069066613116713 0.011331270681042482 0.014068674069193928 0.017357980498071347 0.021282878539850395 0.025933499422704374 0.031405574004532984 0.03779926423750503 0.04521765468870479 0.053764902532414414 0.06354405957039755 0.07465459674332603 0.0871896795399764 0.10123326077899075 0.1168570743761278 0.13411762877827105 0.15305331059177155 0.17368171647537267 0.19599733368367186 0.21996968605587655 0.24554205238473495 0.27263084798527226 0.3011257383330742 0.330890526688376 0.36176482687712597 0.3935664993951744 0.4260947954978579 0.4591341218119361 0.49245830912621513 0.5258352451042394 0.5590317131717013 0.5918182698410004 0.623973990866596 0.6552909229940227 0.6855780922759269 0.7146649411004242 0.7424040929138976 0.7686733745056413 0.7933770588378221 0.8164463248624617 0.8378389627388219 0.8575383817016824 0.8755520021677431 0.8919091324950312 0.9066584435211731 0.9198651604056676 0.9316080915869596 0.9419766093817407 0.9510676867250015 0.9589830807958899 0.9658267379274927 0.9717024764133346 0.9767119857009696 0.9809531629860189 0.9845187922040051 0.9874955564809464 0.9899633636564784 0.9919949557403742
1.7797857390198557e-9 2.959153376902378e-9 4.885974200858034e-9 8.011628441880818e-9 1.3046031907543897e-8 2.109726834482987e-8 3.3881794147239366e-8 5.403824893017134e-8 8.559201162249835e-8 1.3463711380448736e-7 2.1032870154605835e-7 3.263151019193672e-7 5.027863712150295e-7 7.693791816626508e-7 1.1692597878280477e-6 1.7648118545408854e-6 2.645488777890766e-6 3.938555644727989e-6 5.823648892489133e-6 8.552326202905676e-6 0.00001247406811495275 0.000018070527135574077 0.00002600019752609194 0.000037156092899100625 0.0000527394570528641 0.0000743529767738769 0.00010411738584654172 0.0001448157097575208 0.00020006965268454986 0.0002745527138936154 0.0003742444714846062 0.0005067300116459206 0.0006815476310367098 0.0009105866192228971 0.0012085350654077087 0.0015933751731217803 0.0020869204778718414 0.0027153856520877105 0.0035099753021415694 0.004507473423589702 0.0057508101573645115 0.007289577424259162 0.009180460218429989 0.011487546184636382 0.014282473007656225 0.017644371550765703 0.02165956303549795 0.026420971261234178 0.032027216246900164 0.0385813639451396 0.04618931787938231 0.054957852539934814 0.06499230478185929 0.07639395770113991 0.08925717071020964 0.1036663287770108 0.11969270187174545 0.1373913213373749 0.15679799191755017 0.17792656538450918 0.2007666031436898 0.22528155016682483 0.25140753079761324 0.27905285847976025 0.3080983268217564 0.33839831962754013 0.3697827439844735 0.4020597549383057 0.4350192046526479 0.46843671529728476 0.5020782452374037 0.5357049942141464 0.569078476598586 0.6019655835100035 0.6341434551398023 0.6654039939796853 0.6955578672250431 0.7244378713089382 0.7519015617888274 0.7778330858162874 0.8021441901537254 0.8247744131162567 0.8456905019791632 0.8648851266088686 0.882374983997597 0.8981984060711498 0.9124125941059863 0.9250906072940376 0.9363182308031331 0.9461908408215272 0.9548103715410966 0.9622824729964069 0.9687139303869006 0.974210396205818 0.9788744673284939 0.9828041211646472 0.9860915088439824 0.9888220897474236 0.9910740808544303 0.9929181864709438
1.5264289953690212e-9 2.554083936922637e-9 4.243517926677188e-9 7.000857848561412e-9 1.146866644406633e-8 1.8655771280462642e-8 3.013383340375181e-8 4.8332448233865886e-8 7.697840074190725e-8 1.2174389400663266e-7 1.9119491810796351e-7 2.981666697998175e-7 4.6174084356307494e-7 7.100630382236557e-7 1.084321403114725e-6 1.6443144953298736e-6 2.4761721173810078e-6 3.702962909867512e-6 5.499131894262791e-6 8.109964669901966e-6 0.000011877576031301243 0.000017275270756888047 0.000024952521396304405 0.00003579324570131173 0.000050990532553735504 0.0000721414399151477 0.00010136594241113684 0.0001414545001675041 0.00019604900357322787 0.0002698619583177116 0.00036893863810808023 0.0005009664669802154 0.0006756350121021282 0.0009050485848902072 0.0012041914843774308 0.0015914433103385356 0.002089138490654084 0.0027241602131547597 0.0035285543833334667 0.004540144164517459 0.005803120285577386 0.007368576887403638 0.009294957561967743 0.011648371822347504 0.014502738985459816 0.01793971483564953 0.022048356946287984 0.02692448760387501 0.03266971925259934 0.0393901164707155 0.04719448073934971 0.05619225949009372 0.06649109869939206 0.07819407796339885 0.09139668762312438 0.10618362799278643 0.1226255297952195 0.1407757111678212 0.16066709872441035 0.18230944691274376 0.20568699028812504 0.23075665664874095 0.25744695497534453 0.28565763098245156 0.3152601555109529 0.346099078146597 0.37799424193958164 0.4107438168720659 0.44412807193377424 0.477913770550754 0.5118590438074623 0.5457185722966428 0.5792488920206793 0.6122136335392665 0.6443885069124836 0.6755658577095107 0.7055586406247543 0.7342036857120886 0.7613641661297461 0.7869312135034616 0.81082466534441 0.8329929662032389 0.8534122783779291 0.8720848873031942 0.8890370099218307 0.9043161305345495 0.9179879975005116 0.9301334158524223 0.9408449659640417 0.9502237677827892 0.9583763949892943 0.9654120250918006 0.9714398912719899 0.9765670810821252 0.9808967070286008 0.9845264556452412 0.9875475056077424 0.9900437922646041 0.9920915859097594 0.993759344223338
1.3048916037706682e-9 2.197628411679548e-9 3.674628579478321e-9 6.100340197483476e-9 1.0054910611291842e-8 1.6454630698296743e-8 2.673536576701469e-8 4.312951481791273e-8 6.908057557821328e-8 1.0985828944177279e-7 1.7346342150479232e-7 2.7194680682708405e-7 4.2331523642327167e-7 6.542605578238598e-7 1.004032170362957e-6 1.5298816857125977e-6 2.3146472274568944e-6 3.4772193424764836e-6 5.18684650104222e-6 7.682500907636569e-6 0.0000112988388868202 0.000016500656385699772 0.000023928157781362644 0.000034455819107602534 0.00004926812258598141 0.00006995594744866822 0.00009863789216320959 0.00013811123368536005 0.00019203754626110183 0.0002651681388426503 0.00036361434767556 0.0004951672505538948 0.000669670457237436 0.0008994481822045889 0.0011997887349381579 0.0015894808010702055 0.0020913963966044686 0.002733110161553539 0.0035475397790341355 0.004573586889432769 0.0058567521222960255 0.007449692079178434 0.009412680638396146 0.011813932260098543 0.014729741545564905 0.01824439167540704 0.02244978503779322 0.02744475282979233 0.03333400704283854 0.04022670824709934 0.04823463599049813 0.0574699652084587 0.06804267131580363 0.08005760786274956 0.09361132276025456 0.10878870086928474 0.12565954079580088 0.14427519055549284 0.16466537891650534 0.1868353853876013 0.2107636909503361 0.23640024306697383 0.2636654520238638 0.2924500116078762 0.3226156063200396 0.35399653118614094 0.38640221056396373 0.4196205613521433 0.4534221060595316 0.4875647047140717 0.5217987438505592 0.5558725977751702 0.5895381634509713 0.6225562665868595 0.6547017430890301 0.6857680165184444 0.7155710175162721 0.7439523236807677 0.7707814360428353 0.7959571487626258 0.819408009530209 0.841091907055854 0.8609948568803102 0.879129085802824 0.8955305372720097 0.9102559344018524 0.9233795436937932 0.9349897814071988 0.9451857966064958 0.9540741513505848 0.9617657006376177 0.9683727540482254 0.9740065790150364 0.9787752836574322 0.982782096348539 0.9861240405797136 0.9888909879409851 0.9911650595537269 0.9930203372232336 0.9945228398437829
1.1117769773506373e-9 1.8848779749038903e-9 3.17229696229111e-9 5.300191373151019e-9 8.791005509151696e-9 1.4474950511912833e-8 2.366080365497872e-8 3.839531098831075e-8 6.185370258075023e-8 9.892240091248853e-8 1.570607818117188e-7 2.4756420849492177e-7 3.873984744389674e-7 6.018398998880018e-7 9.282399818260396e-7 1.421343758257901e-6 2.1607326037932566e-6 3.2611411571141183e-6 4.886620736960676e-6 7.269793774866937e-6 0.000010737770183277894 0.000015746679757132223 0.00002292721384599046 0.000033144058867923726 0.00004757263130179315 0.00006779706751800837 0.00009593395059067531 0.00013478672623184267 0.00018803611385406895 0.0002604719851836172 0.0003582720772220388 0.0004893324330711106 0.0006636535207181473 0.0008937844633643054 0.0011953256305547641 0.0015874869117998003 0.0020936952803817066 0.0027422407579684375 0.003566944674870219 0.004607828325017907 0.005911753962584619 0.007533003892705834 0.009533757575522387 0.01198442167420214 0.014963764377568495 0.0185588036909079 0.022864400279388904 0.027982509374089484 0.034021053605030674 0.04109238963402638 0.049311356125808684 0.05879290865623569 0.0696493680544811 0.08198733155275585 0.09590431982834062 0.11148525618505986 0.12879889518526108 0.1478943353919501 0.16879776294804003 0.19150957812022373 0.21600205459361618 0.24221767057330187 0.27006823150595227 0.29943487693566145 0.3301690297059217 0.36209430602859044 0.39500936195242375 0.42869160791734884 0.4629016809962606 0.49738852671512734 0.5318949114100885 0.5661631639396985 0.5999409336817557 0.6329867508976222 0.665075185799018 0.6960014233209008 0.7255851003239361 0.7536732887827375 0.7801425501038675 0.8049000294677238 0.8278836023694981 0.8490611258685106 0.8684288822888713 0.886009331554447 0.9018483088463264 0.9160118162941266 0.9285825609927725 0.9396563873467949 0.9493387406022858 0.9577412817791016 0.964978753609854 0.9711661741448507 0.9764164109600717 0.9808381658224562 0.9845343784070111 0.9876010391275889 0.9901263859403517 0.9921904484115962 0.9938648944442391 0.9952131306349804
8.948174769016407e-10 1.5297002792134375e-9 2.5956012670516864e-9 4.371509968118524e-9 7.307840054270561e-9 1.2125871002001636e-8 1.997126514167145e-8 3.264896366658362e-8 5.29793928134459e-8 8.533377755115335e-8 1.3643134424348946e-7 2.165157150251117e-7 3.410749097466094e-7 5.33332853143093e-7 8.278246960236381e-7 1.2754789593584617e-6 1.9507725977669875e-6 2.9617072214309e-6 4.463582826894086e-6 6.677826109027906e-6 9.917469365624384e-6 0.000014621276690795638 0.00002139897668028807 0.0000310905802435566 0.000044843326304684855 0.00006421038598679596 0.00009127603478716539 0.0001288125264000535 0.00018047431049370173 0.00025103545357686827 0.0003466760557389162 0.00047532300235741747 0.0006470494362498417 0.0008745357680272442 0.0011735927543479602 0.0015637440792162047 0.002068861920799244 0.0027178441743365774 0.0035453163963675197 0.004592335284579085 0.005907063853084901 0.0075453817477779 0.009571387813477208 0.012057746606403184 0.015085826642467914 0.018745576418706476 0.02313508526586377 0.028359780442949612 0.03453122000051175 0.04176545305881798 0.05018093526033393 0.05989600695425918 0.07102596451596997 0.08367978012066506 0.09795655098815635 0.1139417840435619 0.13170364437047558 0.15128931398177667 0.17272161958575044 0.19599609268990467 0.2210786214365241 0.24790384037377997 0.2763743819020933 0.30636108202072854 0.33770419451976164 0.3702156238158362 0.40368213962159644 0.43786948932443653 0.4725272792424734 0.5073944566753371 0.5422051934427926 0.5766949504862997 0.6106064935219087 0.6436956323283529 0.6757364708553176 0.706525980954344 0.7358877474482325 0.763674774153484 0.7897712866397337 0.8140935150461337 0.836589486305529 0.8572378970239019 0.8760461738183734 0.8930478554838102 0.9082994499283316 0.9218769280502037 0.933872016917595 0.9443884466120049 0.9535382902035352 0.961438516145168 0.9682078486657455 0.9739640062842525 0.9788213630256322 0.9828890527398106 0.9862695152723078 0.9890574649402047 0.9913392473276011 0.9931925400069206 0.9946863463135347 0.9958812284223281
7.563476079139502e-10 1.3020534749821752e-9 2.22453101968125e-9 3.771833609104794e-9 6.3470692324054095e-9 1.0599928004689179e-8 1.756887597749465e-8 2.890007208517283e-8 4.7181350496284766e-8 7.644709949524755e-8 1.229344718707265e-7 1.9620555814812763e-7 3.1079709331412693e-7 4.88622873244011e-7 7.624391018761671e-7 1.1807950280543257e-6 1.8150369513077996e-6 2.769120144313511e-6 4.193217979035904e-6 6.302407903659409e-6 9.40206628423766e-6 0.000013922022819582473 0.000020462011074689378 0.000029851500173862037 0.00004322759196120983 0.0000621352963402029 0.00008865512125075607 0.00012556348461513343 0.00017653190916030122 0.0002463712157712093 0.00034132688874780195 0.0004694313344600835 0.000640917771121166 0.0008686988470820429 0.0011689106715682723 0.0015615196598503147 0.002070985386446915 0.0027269675020324307 0.003565058772304562 0.004627519600237954 0.0059639822604157615 0.007632085879943119 0.009697996429193313 0.012236760219869714 0.015332435303982568 0.019077943417922485 0.02357458639909975 0.028931175921126574 0.03526273440552539 0.04268873831721454 0.05133089270149623 0.06131044740339067 0.07274509019260415 0.08574547889639031 0.10041150217405846 0.11682838502976631 0.13506277865563135 0.1551589927787393 0.17713554051230837 0.20098216921086362 0.22665754485790726 0.25408774149629415 0.28316566124230524 0.31375147532691317 0.3456741339269327 0.3787339444840004 0.4127061674843416 0.44734552835128377 0.4823914973666185 0.5175741494399939 0.5526203847711089 0.5872602720919484 0.6212332695671975 0.6542940850272467 0.68621795655379 0.7168051652021847 0.7458846317337812 0.7733164959622554 0.7989936276370209 0.8228420685129222 0.8448204533241661 0.8649185000676699 0.8831546951067959 0.8995733245850831 0.9142410196677622 0.9272429891098368 0.9386791091587 0.9486600289799999 0.9573034312196567 0.9647305638233888 0.9710631327741792 0.9764206178767836 0.9809180468380141 0.9846642381064463 0.9877605013485327 0.9902997667835494 0.992366101246269 0.9940345598300828 0.9953713170409869 0.9964340201062771
6.369428547623638e-10 1.1043706130096485e-9 1.900082499318081e-9 3.2439601056407142e-9 5.495740922670399e-9 9.239044421725785e-9 1.5412758234011238e-8 2.5514598008414523e-8 4.1913583744615146e-8 6.832526400863151e-8 1.1052770834539326e-7 1.7743011068697379e-7 2.826525469584117e-7 4.468390780849614e-7 7.010119736499553e-7 1.0913883075704717e-6 1.6862284409575566e-6 2.5854766479604898e-6 3.934195526768051e-6 5.941095980951974e-6 8.903830688456922e-6 0.000013243156293311267 0.00001954857968397334 0.00002863868278947093 0.00004163995666828402 0.000060088647265451575 0.00008606078700845618 0.00012233620774896228 0.00017260283312833582 0.00024170784515571432 0.0003359623050769799 0.0004635053607946499 0.0006347331592788268 0.0008627958664513162 0.0011641636508427364 0.0015592590055009874 0.0020731482999694663 0.0027362799652552424 0.003585250294156807 0.004663570660497397 0.0060224023108510025 0.007721217170482553 0.009828335861609312 0.012421287994540854 0.015586935478908681 0.019421297869230567 0.024029020344044683 0.029522430471121394 0.036020139919550304 0.04364516198804714 0.05252253515964418 0.0627764664279127 0.07452703502751529 0.08788652619558476 0.1029554940741243 0.11981868092778518 0.13854094440805914 0.1591633635264581 0.1816997053305409 0.2061334363570251 0.23241545461420957 0.2604626986185618 0.2901577601297504 0.3213495877509094 0.3538553213282977 0.3874632446339735 0.42193678922102495 0.457019468999298 0.49244057645243855 0.5279214307593237 0.5631819381770814 0.5979472079668352 0.6319539640945556 0.6649565041325265 0.6967319814352737 0.7270848230467807 0.7558501414053822 0.7828960496641237 0.8081248449302172 0.8314730774906278 0.8529105738912526 0.8724385247856552 0.8900867826128227 0.9059105380046801 0.9199865567707854 0.9324091615510934 0.9432861346593702 0.9527347027181772 0.9608777412704442 0.9678403107214897 0.9737466058393107 0.9787173716218006 0.9828678103798932 0.9863059797961216 0.9891316605145817 0.9914356551083162 0.9932994682734959 0.9947953106965186 0.9959863658370235 0.996927259276583
5.343428051815983e-10 9.332869930003502e-10 1.6173093486573137e-9 2.7807108834392596e-9 4.7435746258203884e-9 8.028699316199638e-9 1.3482694493915272e-8 2.2464813973682087e-8 3.713866459228523e-8 6.091859329186873e-8 9.914629532259077e-8 1.6010658565478074e-7 2.5653767049584447e-7 4.078548614830219e-7 6.433926979787287e-7 1.00708514875077e-6 1.5641542700601223e-6 2.410572640962116e-6 3.6863129324689425e-6 5.593708021604826e-6 8.42262528560355e-6 0.000012584615266569987 0.00001865873032144344 0.00002745232001079955 0.000040080785495580136 0.00005807099276512616 0.00008349376779466492 0.00011913157255749413 0.00016868801679900805 0.00023704620359155175 0.000330582923445343 0.0004575452705764682 0.0006284952113718952 0.0008568258403927289 0.0011593503726809902 0.0015569612259995673 0.0020753517696743256 0.0027457874497704444 0.0036059061228248166 0.004700519730181484 0.006082381235249367 0.00781287247431653 0.009962560818629508 0.012611566010151636 0.015849674002019684 0.019776132933371333 0.024499068299386452 0.03013446064303824 0.036804640211501566 0.04463626923170874 0.05375780365965898 0.06429645192809572 0.07637467739220503 0.09010632244413723 0.10559246382599688 0.12291713839936466 0.14214310423273907 0.16330782104490882 0.1864198446776807 0.21145583064036325 0.2383583307258282 0.2670345438379319 0.2973561479336846 0.32916029569974775 0.36225180443184835 0.3964065134826191 0.4313757240471179 0.46689157971711687 0.5026731959077799 0.5384333053935031 0.5738851586427068 0.6087494034389133 0.6427606694326471 0.6756735997026564 0.7072681019419926 0.7373536343623381 0.7657723928643787 0.7924013229388744 0.8171529383706579 0.8399749853906926 0.8608490420670776 0.8797881856286713 0.8968338930161757 0.9120523610582869 0.9255304419645598 0.9373713878364939 0.9476905858668228 0.9566114456200427 0.9642615734201214 0.9707693387265484 0.976260905735745 0.9808577723806704 0.9846748301706449 0.9878189332603367 0.9903879446589653 0.9924702120422908 0.994144415260602 0.9954797220555128 0.9965361871573322 0.9973653321108704
4.4650483849150087e-10 7.857396638546761e-10 1.371676076967155e-9 2.375456521138073e-9 4.0810092783501215e-9 6.955293900519928e-9 1.1759621040577978e-8 1.9724396942661623e-8 3.282082130369851e-8 5.4179289735790126e-8 8.872750894033707e-8 1.441542594195597e-7 2.323507617064666e-7 3.715450774271254e-7 5.894313319223036e-7 9.277113631465443e-7 1.4486194350087436e-6 2.2441997150719334e-6 3.4493608857161467e-6 5.2600523339084314e-6 7.958300994424911e-6 0.000011946324326135327 0.00001779249664413319 0.000026292590793111066 0.00003855043402810416 0.00005608288339311741 0.00008095480430454607 0.00011595047069778434 0.00016478841928284016 0.0002323871848323005 0.0003251893959788515 0.00045155127943020154 0.0006222035477369294 0.0008507877691690478 0.0011544694831520405 0.0015546254018702947 0.0020775969457342116 0.002755496086035393 0.0036270420967951422 0.0047383995533250055 0.006143979099058104 0.007907153624731338 0.010100834201619134 0.012807843149629327 0.01612101686318294 0.02014296936609509 0.02498544989462442 0.030768234873166662 0.037617506996646274 0.04566369200782483 0.05503874700368953 0.0658729221108391 0.07829104902983058 0.09240844367069462 0.10832654386280041 0.12612843457303632 0.14587443968646246 0.16759797869462703 0.1913018963402995 0.21695547158973752 0.24449229812358028 0.27380920157483285 0.30476631966526685 0.3371884218457698 0.37086748759674293 0.40556650052791865 0.4410243527118076 0.47696169442068415 0.5130875126634402 0.549106181269457 0.5847246986486657 0.6196598186967777 0.6536447863886605 0.6864354119683196 0.7178152546784039 0.7475997360168128 0.7756390601003547 0.8018198808872599 0.8260657186204375 0.8483361869225294 0.868625143990259 0.8869579235032468 0.903387831272495 0.9179921113678505 0.930867590508448 0.9421262027794115 0.9518905798798032 0.960289867263342 0.9674558961595578 0.9735198080938686 0.97860919457397 0.9828457822028194 0.9863436643340115 0.9892080557457681 0.9915345274212527 0.9934086646594071 0.9949060832620322 0.9960927349776347 0.9970254340213471 0.9977525404823202
3.715891662641327e-10 6.589489985326978e-10 1.159036136024611e-9 2.0220917380124635e-9 3.4991762248324826e-9 6.006124473430972e-9 1.0225603889071036e-8 1.7268411894620636e-8 2.892593540202267e-8 4.806145351097231e-8 7.921070587766367e-8 1.2949455402277715e-7 2.0999214119714467e-7 3.377862103704028e-7 5.389788158919806e-7 8.530924676988348e-7 1.3394269806795661e-6 2.086145379227401e-6 3.2231234733904653e-6 4.939927910614882e-6 7.510696839514943e-6 0.000011328194184311355 0.000016949897630376922 0.00002515966041186904 0.00003704924753286036 0.00005412486543034924 0.00007844464155164372 0.00011279380845737773 0.00016090502465809718 0.00022773171536804256 0.00031978240952369844 0.0004455236308341053 0.0006158577994394463 0.0008446806391277912 0.0011495195928293677 0.001552250583118424 0.0020798850221806077 0.00276541226195257 0.0036486747698370684 0.004777244439671564 0.006207258974651137 0.008004167745442787 0.010243327631259522 0.013010381935306266 0.016401350473444196 0.020522357354196195 0.02548892575051576 0.031424776926890934 0.03846008450771938 0.04672915468705152 0.05636752857756054 0.06750853345805721 0.08027934403811472 0.09479665121661097 0.11116207190437563 0.1294574667055221 0.14974035984090117 0.1720396749417076 0.19635200883628576 0.22263866134524532 0.2508236213136048 0.28079267752326587 0.3123937786837158 0.3454387114063496 0.37970610192928983 0.4149456801794535 0.45088367787224554 0.48722917028535373 0.5236811184513915 0.5599358285942523 0.5956945216030174 0.6306706989696897 0.6645970033853615 0.6972313012212208 0.7283617582775883 0.7578107362534194 0.7854374013686638 0.8111390040195176 0.8348508547529836 0.8565450830029535 0.8762283173464962 0.8939384667960304 0.9097408101449497 0.9237236140152318 0.9359935004368418 0.9466707728501091 0.9558848874076094 0.9637702268840405 0.9704623001321777 0.9760944535895769 0.9807951453629054 0.9846857990296545 0.9878792251443241 0.9904785746193281 0.99257677023106 0.9942563505461488 0.9955896542250691 0.9966392712785298 0.9974586905578097 0.998093078581751
3.079442876319552e-10 5.504005702070265e-10 9.756100766539292e-10 1.715010104136448e-9 2.989871392775436e-9 5.1693538679140695e-9 8.863812480171477e-9 1.5073292131671344e-8 2.542153445807579e-8 4.252109512641541e-8 7.053736396738484e-8 1.1605111427504732e-7 1.8936427317171095e-7 3.0645654369351036e-7 4.918871882535523e-7 7.830539357498851e-7 1.2363782676014465e-6 1.936193310730569e-6 3.0073783712933713e-6 4.633124509268731e-6 7.079639867367452e-6 0.000010730121387250546 0.00001613093706060635 0.000024053679735394356 0.000035577560095231786 0.00005219748001501518 0.00007596402817225231 0.00010966250643499604 0.00015703884220007487 0.0002230807552731669 0.00031436268700114943 0.00043946259763427454 0.0006094576093859099 0.0008385034228124609 0.0011444992757018288 0.0015498357879580348 0.0020822172390123307 0.002775542636423663 0.0036708214512111473 0.004817090357195088 0.006272287126077716 0.008104027585709316 0.010390222012967706 0.013219459428826285 0.01669108302817497 0.02091487849240254 0.026010300234907798 0.03210516960121889 0.03933379429671253 0.047834480066262695 0.05774643362726056 0.0692060892156047 0.08234292839468173 0.09727490196798612 0.11410360139437636 0.13290936214491017 0.15374650992724664 0.17663897970565043 0.20157654440780642 0.22851188323319666 0.2573586975585848 0.2879910456534259 0.32024401703236727 0.3539158057199201 0.38877117247759074 0.4245462134688345 0.460954281741261 0.4976928432357623 0.5344509954355587 0.5709173381846274 0.6067878655148878 0.6417735460833222 0.6756072781274753 0.7080499413205571 0.7388953198189374 0.7679737343202291 0.7951542915094765 0.8203457319316272 0.8434959272241827 0.8645901403693095 0.8836482145674115 0.9007208949163248 0.9158855108912692 0.9292412564365399 0.9409042991766564 0.9510029326329599 0.9596729578781827 0.9670534466763681 0.9732829998748174 0.9784965755555964 0.9828229238026609 0.986382630997584 0.9892867478464169 0.9916359527820757 0.9935201863231358 0.9950186822375668 0.9962003173908843 0.9971242030973284 0.9978404456167673 0.9983910110677586
2.5409290160670827e-10 4.5782739394032925e-10 8.17963874266627e-10 1.4490785848163265e-9 2.5455267997869867e-9 4.433981545865509e-9 7.658491159817868e-9 1.3116816377661804e-8 2.227678064680227e-8 3.751614285306658e-8 6.265111711527401e-8 1.0374987921727496e-7 1.7037188153768765e-7 2.7743632564971835e-7 4.480098008827289e-7 7.174214537489543e-7 1.139273250477202e-6 1.7941236236218706e-6 2.801897057867166e-6 4.3394227572004145e-6 6.664945085806196e-6 0.000010151988040305655 0.000015335603003324222 0.000022974784486167816 0.00003413569372529038 0.00005030126222607235 0.0000735137156738396 0.00010655749916889608 0.00015319090657771005 0.00021843529905569834 0.0003089309888043374 0.00043336848363180334 0.0006030026335105997 0.0008322550791082877 0.001139407068049134 0.0015473800014757352 0.002084594884426427 0.0027858941537627258 0.0036935002485838776 0.004857975031130711 0.006339133207253237 0.00820685188045192 0.010541708145288365 0.01343536820027405 0.016990645975721277 0.02132114791330214 0.02655042443064503 0.03281055870864381 0.04024014039412465 0.04898159581832662 0.05917787703949001 0.07096854843669444 0.08448535005465492 0.09984735913018065 0.11715591238784633 0.13648948857763274 0.15789878001526844 0.18140220040829735 0.20698208130570717 0.23458179916450955 0.2641040483848165 0.29541043305195613 0.32832249318035867 0.3626242129029963 0.39806598234057583 0.43436990671042125 0.4712362809561882 0.5083509811775513 0.5453934703485153 0.5820450792794948 0.6179972072873183 0.652959091855529 0.6866648223241101 0.7188793173697426 0.7494030463332038 0.7780753458229419 0.8047762602802546 0.8294269129024443 0.8519884862832829 0.8724599557897759 0.8908747694802445 0.9072967039226734 0.9218151445484657 0.934540042417302 0.9455967878654371 0.9551212177763144 0.9632549400992143 0.9701411200253444 0.9759208302122204 0.9807300256854532 0.9846971651501985 0.9879414664290662 0.9905717559656975 0.9926858514891681 0.9943704031146465 0.995701110944395 0.9967432358315464 0.9975523233290586 0.9981750677994932 0.9986502530326049
2.0871831489128318e-10 3.7919259466217447e-10 6.829875096462852e-10 1.2196120313867493e-9 2.1591815267622016e-9 3.789812484170886e-9 6.594928580757654e-9 1.1378082772050989e-8 1.9462455102123383e-8 3.300644493297998e-8 5.549778429925019e-8 9.251914754823904e-8 1.5292206077627169e-7 2.506079320784297e-7 4.0720153489959764e-7 6.560211829475683e-7 1.0479107675877356e-6 1.6597131541983114e-6 2.6064450505472768e-6 4.058594282371264e-6 6.266415428586187e-6 9.593661552583732e-6 0.000014563867308390201 0.000021923094492329227 0.00003272395743444905 0.00004843674011886796 0.00007109445762484058 0.00010347973470917203 0.00014936227801380406 0.00021379637650590513 0.00030348811423743134 0.00042724162524624776 0.0005964925420423704 0.0008259345534262563 0.0011342414672815236 0.00154488217422709 0.00208701929718079 0.0027964740590335577 0.0037167301138624712 0.004899938050048565 0.006407870474724807 0.00831276573753117 0.010697987375002988 0.01365841737260283 0.017300495600819758 0.021741816583668156 0.027110199333819612 0.03354215736603944 0.04118071485479677 0.05017254141019067 0.060664411662670524 0.07279903561567207 0.08671034965121376 0.10251840356438156 0.12032402289074792 0.14020346453520052 0.1622033136702276 0.18633588762925615 0.21257541522986312 0.24085524568116043 0.2710663092057109 0.3030570023676027 0.33663460693151703 0.3715682753648992 0.4075935335078032 0.444418166993941 0.4817292786395169 0.5192012350498958 0.5565041673328031 0.5933126571552889 0.6293142280600568 0.6642172738515333 0.6977580900418388 0.7297067281511513 0.7598714619486047 0.78810173427257 0.8142895370477274 0.8383692595972373 0.8603161158263921 0.8801433246841917 0.8978982670419532 0.9136578737127152 0.9275235131789694 0.9396156444851762 0.9500684826531743 0.9590248937576866 0.9666316978825364 0.9730355142083731 0.9783792369943687 0.9827991873650272 0.9864229461750836 0.98936783967731 0.9917400233973707 0.9936340909559636 0.995133123380013 0.9963090900258627 0.9972235135638493 0.9979283173105957 0.9984667822439377 0.9988745520466429
1.601783495586132e-10 2.940288035679818e-10 5.349902731992996e-10 9.648821674247694e-10 1.724954299392735e-9 3.0567397432494144e-9 5.369324299744008e-9 9.348974335926067e-9 1.6135946216300963e-8 2.760667797921861e-8 4.681945342549294e-8 7.871081044103856e-8 1.31172201610344e-7 2.1669669672286065e-7 3.548703208449415e-7 5.761001548011695e-7 9.271317067809713e-7 1.4791233874682366e-6 2.3393301036491205e-6 3.6678162976756617e-6 5.701086905691783e-6 8.785107304634413e-6 0.000013420891646924115 0.000020326677879583986 0.00003052167159316927 0.00004543740869668566 0.00006706391694111038 0.00009813897997853352 0.0001423898241990994 0.00020483732079214643 0.0002921731476502409 0.0004132200754739327 0.0005794843874109541 0.000805807152708007 0.0011111173969536683 0.0015192849215958661 0.002060063468552623 0.0027701060562448495 0.003694023738816782 0.0048854470633204975 0.006408036651996942 0.008336376398728036 0.01075667076656316 0.013767157848667862 0.017478143601730552 0.022011561426118535 0.027499966421325593 0.03408488632611847 0.04191447209603066 0.051140420445053965 0.06191417794373824 0.07438248007899578 0.08868232686612605 0.10493554620787346 0.12324314363532597 0.14367967836644263 0.1662879367325209 0.19107419120507685 0.21800433345646159 0.2470011511297482 0.27794297968037684 0.3106639037691217 0.3449556098601094 0.38057090707531527 0.4172288424175243 0.4546212454954655 0.4924204534990394 0.5302878957570198 0.5678831643018436 0.6048731666403661 0.6409409517954578 0.6757938210520473 0.7091703790849271 0.7408462457563347 0.7706382287996347 0.798406846741532 0.8240571831573844 0.8475381412030664 0.8688402454825688 0.8879922019766578 0.9050564727100204 0.9201241484287082 0.9333094097769823 0.9447438567597852 0.9545709603165942 0.962940852128718 0.9700056233089804 0.9759152534259938 0.9808142421683524 0.9848389700851743 0.9881157747467646 0.9907596960299774 0.9928738199002964 0.994549134136659 0.9958648013977595 0.9968887538626376 0.9976785180967043 0.9982821873631178 0.9987394698897969 0.9990827543022758
1.3017463600726527e-10 2.410496483291993e-10 4.4236699450647814e-10 8.045582462953206e-10 1.4502183647191137e-9 2.59067614838962e-9 4.586690752270825e-9 8.04813599285319e-9 1.3995992304847427e-8 2.412280376205876e-8 4.120698755356822e-8 6.976480424899986e-8 1.1706522739445456e-7 1.9469249667020503e-7 3.2092548183041217e-7 5.243206621547254e-7 8.490471576920111e-7 1.3627406428515753e-6 2.167933021709662e-6 3.4184929836415203e-6 5.342996250374629e-6 8.277549903712339e-6 0.000012711335888388215 0.000019349021364332284 0.000029195203967367784 0.000043667198024307144 0.00006474368090248018 0.00009515793572916497 0.0001386455414496695 0.00020025722733055747 0.00028674803773068 0.000407053714333761 0.0005728640330794325 0.0007993004478519705 0.0011057015112315416 0.0015165139167277787 0.002062279462732982 0.0027806987212303253 0.0037177408178787987 0.004928755823796783 0.0064795324062519805 0.008447229444070909 0.010921097415030098 0.014002894875684058 0.01780689881365342 0.022459406647505127 0.028097633676131877 0.03486792406544206 0.042923216774507195 0.05241974029339298 0.06351295102130575 0.07635277798958168 0.09107828894184773 0.10781194618728963 0.1266536711348921 0.14767497959782316 0.17091348140434948 0.19636805354174616 0.2239949928120289 0.2537054298653688 0.28536424115204573 0.3187906302292879 0.35376046821987506 0.39001038994924725 0.42724354361539957 0.46513679482824843 0.5033490977686462 0.5415306738941857 0.5793325878027473 0.6164162846541623 0.6524626559966903 0.6871802307486828 0.720312143016284 0.7516416039644567 0.7809956951234251 0.8082473983476708 0.8333158758647625 0.8561651055029876 0.8768010552417216 0.8952676430537972 0.9116417696718928 0.9260277322975123 0.9385513270235539 0.9493539290333805 0.9585868058300232 0.9664058739638441 0.9729670584143437 0.9784223602965876 0.9829166868122858 0.98658545054722 0.9895529056591784 0.9919311576093959 0.9938197613864994 0.9953058104031002 0.996464413548207 0.9973594599655411 0.9980445784741641 0.9985642095642473 0.9989547210748004 0.9992455126603352
1.0526187524963659e-10 1.9667232936048805e-10 3.6411242093238964e-10 6.679597854972246e-10 1.2142003284510016e-9 2.1870479611115796e-9 3.903525644670159e-9 6.903820502938387e-9 1.2099258389219659e-8 2.1012030881457636e-8 3.615935543169624e-8 6.166236820716988e-8 1.0420060606010201e-7 1.7449164343481568e-7 2.895591924309563e-7 4.7617061592603896e-7 7.759874707866768e-7 1.2531939357858063e-6 2.005663695394015e-6 3.1811139181953455e-6 5.000194318402464e-6 7.789088319671663e-6 0.000012024977452810933 0.00001839864820868991 0.000027899600372684447 0.000041930228177389845 0.00006245694752326541 0.00009220746015933993 0.00013492456715626954 0.00019568791340842485 0.0002813155593326823 0.0004008570864610374 0.0005661887625894457 0.0007927188083115908 0.0011002067097913848 0.0015136945374897657 0.0020645401614605625 0.0027915320355418613 0.0037420529755973955 0.004973246439492741 0.006553123868595417 0.008561536617816983 0.011090922131384736 0.014246722825109939 0.01814736930422881 0.022923718825056727 0.028717846932708548 0.03568110629985238 0.043971392754032 0.05374959438750997 0.06517524467128256 0.07840145281890575 0.09356924142254476 0.11080147884480289 0.1301966475147411 0.15182273427965848 0.17571156047784106 0.20185388311336114 0.23019559113676707 0.2606352905309597 0.2930235186418284 0.3271637539469344 0.3628152961847888 0.399697989214009 0.43749865223991474 0.47587898201361106 0.514484597222793 0.5529548238266044 0.5909327724311475 0.6280752398862983 0.6640619786787602 0.6986039184540708 0.7314499907536628 0.7623922953519452 0.7912694474326276 0.8179680514046563 0.8424223514621587 0.8646122036816408 0.8845595933945827 0.9023239803395579 0.9179967902100797 0.9316953842125184 0.9435568295427099 0.9537317662496057 0.9623786238801721 0.9696583893363193 0.9757300704204979 0.9807469422134478 0.984853609686257 0.9881838728873558 0.9908593427452033 0.992988727055376 0.9946676877126187 0.9959791610663908 0.9969940322092121 0.9977720594747108 0.9983629556915165 0.9988075460914869 0.9991389376411974 0.9993836496354147
8.467621973080459e-11 1.5967142348086207e-10 2.9828730229051335e-10 5.52060564634288e-10 1.0122452179787648e-9 1.8388002807212129e-9 3.3092996465028413e-9 5.900561410255545e-9 1.0423400401933196e-8 1.8242637207014174e-8 3.163234203859552e-8 5.434306928849267e-8 9.249745644089915e-8 1.559883335545241e-7 2.606364888233416e-7 4.314826537388146e-7 7.07751745782807e-7 1.150251237866492e-6 1.8522666782866299e-6 2.9554151434436425e-6 4.67243248037836e-6 7.319523114044836e-6 0.000011361709728236905 0.00001747559558284624 0.000026635094437946 0.00004022697408152484 0.000060204456168963106 0.00008928854102922347 0.00013122806347655748 0.00019113056854809613 0.0002758767063881373 0.00039463071367944717 0.0005594583615157243 0.0007860611650546159 0.0010946313261888884 0.0015108255111148364 0.0020668469298644 0.002802614207219862 0.003766982340961572 0.005018966024816433 0.006628899472591833 0.008679450659163028 0.011266392971083004 0.014499025302824825 0.01850012450964371 0.0234053137546928 0.029361738451574398 0.036525959631033764 0.04506100348234227 0.05513254554222526 0.0669042575236905 0.08053240197055958 0.09615982154133884 0.113909531512048 0.1338781810334948 0.15612969540677327 0.18068944289051336 0.2075392807262938 0.23661382277841253 0.2677982337443273 0.30092779267549985 0.3357893841626921 0.3721249737777794 0.4096370119151993 0.44799559511204545 0.48684710500524137 0.5258239509446974 0.5645549706062094 0.6026759997025612 0.6398401107185516 0.6757270424416464 0.7100513950765449 0.7425692454673692 0.7730829368053587 0.8014439090900125 0.8275535517685566 0.851362169782293 0.8728662510080591 0.8921043006802158 0.9091515627113149 0.9241139770232785 0.9371217263817719 0.9483227080809433 0.9578762289922687 0.9659471718452011 0.9727008215055611 0.9782984777665464 0.9828939205665597 0.9866307385479592 0.9896404853610836 0.9920415918511685 0.9939389369005027 0.9954239649370634 0.9965752329133504 0.9974592723356985 0.9981316608327443 0.9986382108710452 0.9990161987414047 0.9992955732697055 0.9995000995795038
6.775126082961792e-11 1.2896801062620984e-10 2.431688240024793e-10 4.5414826581942694e-10 8.401445246057696e-10 1.5395001429232545e-9 2.7943306232864267e-9 5.024018491354051e-9 8.947531568435067e-9 1.5784729649806595e-8 2.758394820385323e-8 4.774904711463742e-8 8.187772755909847e-8 1.3907965575185052e-7 2.3402504355765044e-7 3.900913353271189e-7 6.441396897419736e-7 1.0536790980903979e-6 1.7074823105774623e-6 2.741125012380152e-6 4.35945051195472e-6 6.8686394005850266e-6 0.00001072140758868407 0.000016579880816101996 0.00002540190142187724 0.00003855789750268772 0.00005798694248250692 0.00008640217563945512 0.0001275572174637383 0.0001865864212474417 0.00027043251971732276 0.0003883751609233284 0.0005526726390839888 0.0007793264390902927 0.00108897364968982 0.0015079055199968157 0.0020692011891699793 0.002813953818423978 0.0037925521319027884 0.005065964154330938 0.0067069524914079425 0.00880113298381256 0.011447772500352966 0.014760208864415812 0.018865768490047487 0.023905057352271886 0.03003051038176509 0.037404104794147 0.046194175094543474 0.05657131145956238 0.06870337767516688 0.08274974733232163 0.0988549238399446 0.11714177620001046 0.13770468280652637 0.1606029238399894 0.18585469340903946 0.21343211055232347 0.24325759011151193 0.2752018888487369 0.30908406987936493 0.34467353288930414 0.38169414445584815 0.41983037984931343 0.4587352640953372 0.49803978552212097 0.5373633588389072 0.5763248450400349 0.614553598043878 0.6517000061746241 0.6874450305327625 0.7215083090552226 0.75365448894518 0.7836975632818537 0.811503110753927 0.8369884608928568 0.8601209216833341 0.8809143040715403 0.8994240527056176 0.9157413406147832 0.9299865063472292 0.9423022065947653 0.9528466288039119 0.9617870614806912 0.9692940605075773 0.9755363837495573 0.9806767991843197 0.9848688086506138 0.9882542738997728 0.9909618865525249 0.9931063901440169 0.9947884408688907 0.9960949831419151 0.9971000151865654 0.9978656266323136 0.9984432024344245 0.9988747032546558 0.9991939498861355 0.9994278568127755 0.9995975763746752
5.390823070111368e-11 1.0361623884586981e-10 1.972326794168747e-10 3.718012710346079e-10 6.941072140123159e-10 1.283301793685928e-9 2.349744180697596e-9 4.26093601778726e-9 7.652182806189875e-9 1.361021356885663e-8 2.3974378631569525e-8 4.1825032826714085e-8 7.226626241298286e-8 1.2366571384071562e-7 2.0959535908360098e-7 3.518334114810722e-7 5.849519546421227e-7 9.632430255967468e-7 1.5710471028481771e-6 2.5379645077986743e-6 4.060976764051805e-6 6.436206776027967e-6 0.000010103927006964048 0.000015711500652284315 0.000024200217141134702 0.00003692344577377564 0.000055805137141362846 0.00008354936993658635 0.00012391324085906042 0.00018205673970439617 0.00026498408868532374 0.00038209103843739393 0.0005458314300936345 0.0007725135420699803 0.0010832319239509752 0.0015049331997091745 0.002071604419608294 0.002825559846820668 0.0038187867219846554 0.005114293021403824 0.006787381362512013 0.008926754284001312 0.01163533882254759 0.01503070466402036 0.019244942440240383 0.02442386929883338 0.030725439826719714 0.0383172634122184 0.04737316506213782 0.05806877536313017 0.0705761952240091 0.08505784939189502 0.10165971525869172 0.12050418473816346 0.14168288074727575 0.16524979951647764 0.19121517936965154 0.21954050058087327 0.25013499597216116 0.28285399688771784 0.31749935554919967 0.3538220768229001 0.3915271669652052 0.43028057291239985 0.4697179534445132 0.5094549037689808 0.549098157766835 0.5882572256682541 0.6265558950679259 0.6636430325772854 0.6992021712140535 0.7329594506623252 0.7646895866971746 0.79421967308941 0.8214307537143672 0.8462572337520604 0.8686843170151701 0.8887437535420044 0.9065082519820438 0.9220849520386407 0.9356083631301274 0.9472331588097448 0.95712717670136 0.9654649165178807 0.9724217605918306 0.9781690687452101 0.9828702281734574 0.9866776742140813 0.9897308430144959 0.9921549743998299 0.9940606535056609 0.9955439626313465 0.996687109003516 0.9975593977966253 0.9982184305798569 0.9987114250178672 0.9990765699638489 0.9993443491644828 0.9995387851560223 0.9996785715004921
4.2646837474984904e-11 8.279060833022422e-11 1.5913589271006589e-10 3.0286614270227284e-10 5.707311966943828e-10 1.0649119791392376e-9 1.9674334969853473e-9 3.5990992499311052e-9 6.5192599653714416e-9 1.1692757364222216e-8 2.0766023360425168e-8 3.6518359845068627e-8 6.359085274250958e-8 1.0964974088100645e-7 1.8722095455537184e-7 3.1654809054819355e-7 5.299904792306185e-7 8.787078855549286e-7 1.4426941429890504e-6 2.3456475935867975e-6 3.776728371371993e-6 6.021979288760627e-6 9.509104696109253e-6 0.000014870430514367906 0.000023030216879455226 0.000035324050470408156 0.000053659764536855424 0.00008073113752941759 0.00012029736980953489 0.00017754283251065656 0.0002595325528932312 0.0003757790040749868 0.0005389345969642263 0.0007656213769645742 0.0010774043456644473 0.0015019071369176205 0.0020740581635064507 0.002837441688442531 0.0038457117119817044 0.005164007609031729 0.006870290038150886 0.009056495177350726 0.011829386689445344 0.015310970240989062 0.019638327410847065 0.02496272699020074 0.031447884328222625 0.0392672652966234 0.04860037151986432 0.059627997429147636 0.07252651568540248 0.08746132225391395 0.10457965105685009 0.12400304455246075 0.14581983381291383 0.17007803247548176 0.19677907659546293 0.22587284148588982 0.257254333669921 0.2907623903154715 0.3261806221986814 0.36324071466361385 0.40162806232226356 0.4409895676657113 0.4809432928985604 0.5210895298883399 0.5610227558365541 0.6003438806795832 0.6386721718051875 0.6756562642559548 0.71098372815894 0.7443887640089076 0.7756577219568962 0.8046322826389738 0.8312102825779595 0.8553443052779208 0.8770382796040521 0.8963424219167779 0.9133469225506039 0.9281748085218766 0.940974413741552 0.9519118590371893 0.9611638924842545 0.9689113726829109 0.975333600918465 0.9806036295599643 0.9848845996530903 0.9883270952216712 0.9910674485526023 0.9932268913863835 0.9949114217190831 0.9962122439000887 0.9972066390674792 0.9979591313471479 0.9985228300860827 0.9989408471860836 0.9992477091086758 0.9994707034914008 0.999631119169454 0.9997453548214632
3.353673337832154e-11 6.577399136821049e-11 1.2770043540773413e-10 2.4543586607910903e-10 4.669753808053571e-10 8.795554219816538e-10 1.640018658536153e-9 3.027289405752613e-9 5.5319981515666385e-9 1.000775244336204e-8 1.7923432725311186e-8 3.177896638386099e-8 5.578228436572786e-8 9.693820385280274e-8 1.6677854487251554e-7 2.840773012221041e-7 4.790588338533388e-7 7.998383071476751e-7 1.3221535258054105e-6 2.1638815989170263e-6 3.5064115009146975e-6 5.62569544826882e-6 8.936757783068552e-6 0.000014056623781982231 0.00002189205428054188 0.000033760126036456535 0.00005155154137331244 0.0000779484986110924 0.00011671086450434804 0.0001730460493090471 0.00025407910390250676 0.0003694397656988109 0.0005319820319141667 0.0007586488388266986 0.0010714890631664288 0.0014988258671816378 0.0020765640285756474 0.0028496091821416155 0.003873354006769518 0.005215165873930201 0.0069557883639757 0.009190546909126344 0.012030228705553198 0.015601491457490691 0.02004664725994784 0.025522669819490515 0.032199287806774946 0.04025605634212589 0.049878343327513605 0.061252227076316904 0.07455837434762419 0.08996504960812786 0.10762049159002081 0.12764497507158515 0.1501229464917286 0.17509567357179986 0.20255487428947724 0.23243778363100775 0.2646240742335254 0.29893496905187744 0.3351347736797898 0.37293491946298385 0.41200045561150533 0.4519587709336976 0.4924101765044879 0.5329398523364635 0.5731305652628079 0.6125755103981152 0.6508906197136766 0.687725719256348 0.7227739978838141 0.7557793677203142 0.7865414394111276 0.8149179912780524 0.84082496761773 0.8642341852866294 0.8851690488856325 0.9036986655600072 0.9199308062370304 0.934004180051691 0.9460804749920305 0.9563365753229642 0.9649573019050766 0.9721289429102555 0.9780337575882342 0.982845551970567 0.9867263488074072 0.9898241091208502 0.9922714122847608 0.9941849665693918 0.9956658022038312 0.9967999926363519 0.9976597544549366 0.9983047896038225 0.9987837522633582 0.9991357444160652 0.9993917664560865 0.9995760704609424 0.999707382708832 0.9997999779661939
2.4319768192544145e-11 4.8310615422434656e-11 9.497823892503215e-11 1.848020703278224e-10 3.5587183536749054e-10 6.782463768450603e-10 1.2793564615167276e-9 2.3884114801370576e-9 4.413098841909857e-9 8.070466821437999e-9 1.4607567187086379e-8 2.6168888147231417e-8 4.640073720664456e-8 8.143310646572942e-8 1.4145494043817648e-7 2.432097234353037e-7 4.1389899533739797e-7 6.972099996348466e-7 1.1625029663115701e-6 1.918631035940203e-6 3.134453221902668e-6 5.068872448115202e-6 8.114220748072354e-6 0.0000128580514075461 0.000020169900559388593 0.00003132134458143749 0.000048149667467257764 0.00007327757976323949 0.0001104035510386319 0.00016467920790208196 0.0002431915983943107 0.00035556852837366807 0.0005147241481041005 0.0007377589556962536 0.0010470228130405965 0.0014713409025928783 0.0020473903748762625 0.002821199555427235 0.003849722140638978 0.005202416405795732 0.006962735205926409 0.009229408194146907 0.012117375522521966 0.01575821513714444 0.020299896763281863 0.025905697974692055 0.03275213421361774 0.04102578739640245 0.05091896774952676 0.062624210143064 0.0763276869268619 0.09220170964327665 0.11039658561514527 0.1310321843852428 0.1541896444960058 0.1799037042505962 0.20815616289808492 0.23887096507078584 0.2719113480558871 0.30707939894190506 0.34411824108016786 0.3827169147016785 0.4225178462689478 0.46312662886380607 0.5041236762486421 0.5450771803054819 0.5855567074350028 0.6251467228942039 0.663459337322051 0.7001456263530531 0.7349049769630003 0.7674920535508292 0.7977211401308637 0.8254677880467495 0.8506678667709959 0.8733142653456513 0.8934516131051622 0.9111694731819973 0.9265945074842563 0.9398821177710351 0.9512080379885643 0.9607602946999925 0.9687318734987113 0.9753143386945317 0.9806925599987899 0.9850406110463148 0.9885188263939311 0.9912719402132919 0.9934281833552235 0.9950991860883323 0.9963805203904443 0.9973527158919455 0.9980825944791543 0.9986247869694445 0.9990233180822092 0.9993131704301936 0.9995217622483392 0.9996702954596799 0.9997749494338191 0.9998479109298878
1.885385092417005e-11 3.786149984763086e-11 7.523152184754596e-11 1.4791389952776273e-10 2.8775850640797944e-10 5.539371119006179e-10 1.055137499341071e-9 1.9887367252711846e-9 3.7091009508175392e-9 6.845210037087016e-9 1.2500732856012477e-8 2.2590129606871704e-8 4.039621645860679e-8 7.148348913759754e-8 1.2517524520672413e-7 2.1691201576067823e-7 3.719685747542325e-7 6.3123584445472e-7 1.0600964028220934e-6 1.7618673448176053e-6 2.8978861512139212e-6 4.717111619333863e-6 7.599140989931157e-6 0.000012115839979237657 0.000019118366582701964 0.000029858242440552352 0.00004615325247328931 0.00007061124915499415 0.00010692724952510051 0.0001602713043276275 0.00023778615609574126 0.0003492142504306559 0.0005076726892945772 0.0007305916099952181 0.001040825601795776 0.0014679385350324819 0.002049649107614669 0.0028334072882613133 0.0038780508040380034 0.005255466528136803 0.00705215532078818 0.009370572472920972 0.012330091964947516 0.01606742440434199 0.020736309218973292 0.026506304967570702 0.033560520616235635 0.042092167596736646 0.052299868334752114 0.0643817308478063 0.07852828798769337 0.09491449873987623 0.11369111041168446 0.1349757756206201 0.15884439690229862 0.18532322472679882 0.21438225316260084 0.24593043511178428 0.27981317305790687 0.3158124327922886 0.35364968217310944 0.3929916843734847 0.43345898850851267 0.474636775489479 0.5160875496504039 0.557365032339869 0.5980285247960976 0.6376569726445681 0.6758619866151824 0.7122991514430677 0.7466770800466628 0.7787638312519518 0.8083904918017312 0.8354519110117833 0.859904753413615 0.8817631872089089 0.9010926437472437 0.9180021589938993 0.9326358399334276 0.9451639890958208 0.955774374473412 0.9646640581728816 0.972032104820218 0.9780733899160734 0.9829736282231225 0.9869056505530642 0.9900268796982783 0.9924778961942725 0.9943819434212611 0.9958451986965213 0.9969576304574356 0.9977942684049926 0.9984167301054696 0.9988748705214208 0.9992084470390588 0.9994487190746294 0.9996199262159218 0.999740610693046 0.9998247680017021 0.9998828234722794
1.4518279041251346e-11 2.94822422083745e-11 5.922609300890095e-11 1.176998009563264e-10 2.3139364612050412e-10 4.500319040733478e-10 8.658738058208092e-10 1.6481195833258719e-9 3.103481810910657e-9 5.781489784805098e-9 1.0655265398970533e-8 1.9427941529653115e-8 3.504544337134379e-8 6.254362281559361e-8 1.1042969619359155e-7 1.929056645627303e-7 3.3339990944259784e-7 5.701022554397254e-7 9.64522782890461e-7 1.6145467629411008e-6 2.6740741124923524e-6 4.382152868375834e-6 7.105584890219351e-6 0.00001140033716969165 0.00001809876112470309 0.000028431610035518444 0.0000441961195944805 0.00006798389276914663 0.00010348484928132823 0.00015588581171833076 0.00023238404722385192 0.00034283679364698945 0.0005005668901707682 0.0007233414373013788 0.0010345342242040526 0.001464472814552304 0.0020519571479800792 0.0028459180344044786 0.003907161146283508 0.0053101157565476585 0.007144478907609362 0.009516617051521698 0.012550561327550828 0.01638841301457219 0.021189966168643874 0.02713135891009878 0.034402586689927316 0.04320375257963846 0.053739992079700295 0.06621509197383511 0.08082392083097088 0.09774389684645109 0.11712582850309138 0.13908456495339339 0.16368997512377165 0.19095882661373262 0.22084814833269983 0.253250628123749 0.2879925159227182 0.32483437651272556 0.3634748707890658 0.4035575523502519 0.44468046251493387 0.48640810904657955 0.528285239821224 0.5698516886677266 0.6106574894598008 0.6502774341128603 0.6883242924289432 0.7244600126196605 0.7584043710766262 0.7899407243298205 0.818918718082255 0.8452540097654379 0.8689252452813004 0.8899686832796304 0.9084709712916309 0.9245606418860368 0.9383989132086128 0.9501703507352315 0.9600738833007747 0.9683145763233052 0.9750964595596736 0.980616596464157 0.9850604768109106 0.9885987212398732 0.9913850109536182 0.9935551006056871 0.9952267378685963 0.996500297758909 0.9974599406770686 0.9981751166437678 0.9987022604625233 0.9990865497528176 0.9993636267032322 0.9995612123850153 0.9997005676855484 0.9997977762354079 0.9998648416146485 0.999910603641482
1.1101772682930579e-11 2.2804662968569565e-11 4.63299693390491e-11 9.309155991503466e-11 1.8499993719809876e-10 3.636210378459367e-10 7.068803016646431e-10 1.3591446155448385e-9 2.584710940942578e-9 4.861704871238128e-9 9.044810026075252e-9 1.6643654392463193e-8 3.0292885242725356e-8 5.4535567706013116e-8 9.711158508308306e-8 1.710484899439432e-7 2.980092083217305e-7 5.135797196396601e-7 8.755069097485548e-7 1.476355368532486e-6 2.462681582424297e-6 4.063669616695968e-6 6.633281222407456e-6 0.000010711389713738674 0.00001711112423934944 0.000027041759664186544 0.00004227891923302748 0.00006539652712451641 0.00010007769174675985 0.00015152425369701784 0.0002269867118095396 0.0003364371354053672 0.0004934068453928055 0.0007160073667361228 0.0010281466381214985 0.0014609419652218405 0.0020543161268052113 0.0028587430880891904 0.003937085099851138 0.005366434339196361 0.00723984120583906 0.009667780284917934 0.012779177002466769 0.016721797000636935 0.021661790533291647 0.027782190020171127 0.0352801840571716 0.044363038266483294 0.05524260320712644 0.06812844064835655 0.08321970763517167 0.10069605596474385 0.12070792344804052 0.14336670129555398 0.1687353469487857 0.1968200619694353 0.22756366043263754 0.2608412082654472 0.29645841631574155 0.33415312314360424 0.37360001659261 0.41441853007473295 0.4561836279019231 0.49843898363107736 0.5407118758454493 0.5825289943227986 0.623432279030186 0.6629939118326831 0.7008296464626375 0.7366097896498134 0.7700673228588426 0.8010028628273732 0.8292863805553053 0.8548558127850012 0.8777128894089244 0.8979166503664856 0.9155752270584825 0.9308365121947522 0.9438783397364248 0.9548987492814429 0.9641068264323158 0.9717145039961634 0.9779295905024226 0.9829501739404289 0.9869604394787379 0.9901278474116813 0.9926015460926803 0.9945118458527781 0.9959705531976362 0.9970719574320379 0.9978942705833285 0.9985013418123199 0.9989444951091633 0.9992643700626984 0.9994926766292109 0.9996538036895501 0.9997662461854 0.9998438359403982 0.9998967767029561 0.9999324947669613
8.427789775854957e-12 1.7517611787786002e-11 3.6003085808118263e-11 7.316630782177717e-11 1.4702535280405912e-10 2.92136768518531e-10 5.73979628654288e-10 1.1151326233960615e-9 2.1422987024783195e-9 4.069685363599745e-9 7.644920500884454e-9 1.420105651392552e-8 2.6086048331118664e-8 4.738495986888494e-8 8.511815018818479e-8 1.5120228966105487e-7 2.6561612704023777e-7 4.6144082584818593e-7 7.927732883092264e-7 1.346975325044452e-6 2.2633643051662063e-6 3.761320841640541e-6 6.1819384230478e-6 0.000010048819121760869 0.00001615546850068915 0.000025688978381934184 0.000040402284930987615 0.00006285016714518465 0.00009670713783378287 0.00014718819643764848 0.0002215956505762301 0.0003300163176004033 0.00048619269470521 0.0007085883277197883 0.0010216607474512166 0.0014573441445529015 0.002056727747576265 0.00287189430631098 0.003967856322508935 0.005424496560980018 0.007338385607727383 0.009824315442892648 0.013016357708561152 0.017068232886928596 0.022152766732008725 0.028460217768967185 0.036195288605834326 0.045572686970262274 0.05681118051770766 0.07012619062789667 0.08572108963688699 0.10377749515685239 0.12444498347097899 0.14783075865091785 0.17398990147410928 0.20291686964003264 0.23453891786807793 0.2687120469190255 0.30521997345450197 0.3437764430350426 0.38403099765249044 0.42557807352889115 0.46796906485194867 0.510726766732335 0.553361427291729 0.5953875125205637 0.6363402310721376 0.6757908852158477 0.713360206819347 0.7487289941014766 0.7816455703533123 0.8119298198452417 0.8394737967018768 0.864239128125495 0.8862516253103847 0.9055936597148311 0.922394950860348 0.9368224424997161 0.9490699205992239 0.9593479576153754 0.9678746647793108 0.9748676109052885 0.9805371359665145 0.9850811622814519 0.9886814951590562 0.9915015148055801 0.9936850956168403 0.9953565481994303 0.9966213617413506 0.9975675261473694 0.9982672301483062 0.9987787585572087 0.9991484443898468 0.9994125657367645 0.9995991099768027 0.9997293570062196 0.9998192573703943 0.9998806000458526 0.999921978247649 0.9999495705631523
6.349730515877278e-12 1.3359683548147986e-11 2.7786503707868933e-11 5.713095785991201e-11 1.1612136102453919e-10 2.3332378899995586e-10 4.634636107147073e-10 9.100925493962933e-10 1.7667394992162936e-9 3.390630283768521e-9 6.43299794321842e-9 1.2066345057393408e-8 2.2375457347348307e-8 4.1021040584811055e-8 7.435068064139908e-8 1.332330430369334e-7 2.3604409027482572e-7 4.1346070897121256e-7 7.160466698361934e-7 1.2260854688377783e-6 2.0757698241094772e-6 3.4747514145002593e-6 5.75124457631198e-6 9.41242116381842e-6 0.000015231777905338793 0.00002437352636987565 0.00003856683143547209 0.00006034582435642174 0.0000933745668367494 0.00014287924886072806 0.00021621242671929466 0.00032357544970191627 0.0004789246261607359 0.0007010832515725342 0.0010150744006871904 0.0014536774403774877 0.002059193790521421 0.0028853841440150264 0.003999510313308507 0.005484381029787801 0.0074402642601077975 0.009986491844189472 0.01326254945831908 0.01742842087601592 0.022663945550056477 0.029166957934703325 0.03715001021742833 0.046835540187042356 0.05844943342429529 0.0722130414214432 0.08833384873086828 0.10699512344847412 0.12834502387548066 0.15248575563983013 0.17946346284269737 0.20925958002292674 0.24178435804892628 0.2768732004206559 0.31428630704327976 0.3537119273515952 0.39477328749803486 0.43703899664459744 0.4800364785158259 0.5232677408720181 0.566226610510701 0.6084164435563905 0.6493672822907777 0.6886514746035274 0.7258968956576053 0.7607971008535483 0.7931179754688298 0.8227007061614071 0.8494611582657594 0.8733859773893845 0.8945259251394062 0.9129870935856573 0.9289207147986356 0.9425122908461336 0.9539707224478413 0.9635180222257332 0.9713800752081534 0.9777787700120003 0.9829256832611557 0.9870173694767602 0.9902321980011592 0.9927285931101864 0.9946444755172317 0.9960976721763973 0.9971870535499965 0.9979941687227466 0.9985851736309359 0.9990128809397784 0.99931879698905 0.9995350478555944 0.9996861301087525 0.9997904504621824 0.9998616413885825 0.9999096567536017 0.9999416630791711 0.9999627489428022
4.7466458912357805e-12 1.0112612578768287e-11 2.129249140380475e-11 4.430770240452559e-11 9.112232965327703e-11 1.852109125554878e-10 3.720557223058492e-10 7.38673825674533e-10 1.449454376416312e-9 2.811043050148471e-9 5.3882250764369e-9 1.0208069616314563e-8 1.9114624416171608e-8 3.5376672418645665e-8 6.471460574840961e-8 1.1701110088558001e-7 2.0912060448032054e-7 3.6941749378782613e-7 6.450526095870075e-7 1.1133619268561652e-6 1.8995380611416685e-6 3.203592499215625e-6 5.340867461926324e-6 8.801965403695073e-6 0.000014340006792023207 0.000023095635270296994 0.000036773152674553015 0.00005788450494659684 0.00009008137519696907 0.00013859906272797778 0.00021083866768229943 0.0003171157119367877 0.00047160287954361606 0.0006934910732760826 0.001008385389437358 0.0014499398675489647 0.0020617161169769025 0.0028992256919336385 0.004032084537912737 0.005546170986914768 0.007545638718700305 0.01015459609201585 0.013518227703149215 0.01780310832622676 0.023196449450821943 0.029904030292995567 0.038146603355760096 0.0481546324825801 0.06016131929380062 0.07439399886480587 0.091064130538663 0.11035626402979656 0.1324165103384126 0.15734117520092583 0.18516630315659954 0.21585891773573906 0.2493107164621986 0.28533488273252317 0.32366651176626965 0.3639669240863701 0.4058318741812506 0.4488033769456226 0.4923845967214698 0.5360570005147935 0.5792987929739711 0.6216035451276539 0.6624979128330253 0.7015574160809299 0.7384194087880168 0.7727925938904248 0.8044627073325556 0.8332942801784606 0.8592286634223951 0.8822787407209163 0.9025209411052233 0.9200852847078926 0.9351442453822443 0.9479011980176189 0.9585791448743091 0.9674102983846867 0.9746269539671251 0.9804539321001551 0.9851027192387934 0.9887673042026345 0.9916215987642442 0.9938182527032275 0.9954886252906111 0.9967436547500413 0.9976753702916286 0.9983588122082965 0.998854158290736 0.999208893831018 0.9994599029600381 0.9996353973247103 0.9997566316710789 0.9998393833882293 0.9998951940523291 0.9999323857669233 0.9999568743717141 0.9999728063869697
3.519421233179186e-12 7.595317756826101e-12 1.6195459419369874e-11 3.412057478161012e-11 7.102617029544911e-11 1.4608406594884116e-10 2.9687473354582334e-10 5.961194294256571e-10 1.18273337133593e-9 2.318665088956619e-9 4.4914963569455044e-9 8.597068739910508e-9 1.62600076486986e-8 3.0388341742206486e-8 5.6119568732781606e-8 1.0241136005230889e-7 1.846775591063657e-7 3.290927357705922e-7 5.795180352213931e-7 1.008478762897588e-6 1.7343019435727283e-6 2.94746201408408e-6 4.950454671184264e-6 8.217194789257738e-6 0.000013480078784773877 0.000021855506493884407 0.00003502181964411385 0.00005546720768962562 0.00008682897511333872 0.0001343493326246018 0.00020547606692273047 0.00031063835859155246 0.0004642277500045594 0.0006858107334113189 0.001001591446930218 0.0014461293644568818 0.0020642966740556604 0.0029134327173127323 0.004065618564142193 0.005609954643997857 0.007654680660236215 0.010328933421317256 0.013783899675602063 0.018193093550404264 0.023751478377265343 0.03067316700794295 0.03918747859971879 0.04953320657518458 0.06195106220779028 0.07667439725354203 0.09391846902885928 0.11386867978596507 0.13666838303522044 0.16240698430853373 0.1911091542680334 0.22272600174772397 0.2571290116142668 0.29410743237185955 0.3333696046118394 0.3745484658989736 0.4172111708027598 0.4608724531293453 0.5050110610458144 0.5490883447171575 0.5925678965555163 0.6349350553828362 0.675715097324311 0.7144890468330611 0.7509062389725785 0.7846930279181382 0.8156573391601467 0.8436890737600724 0.868756662657434 0.890900312058565 0.910222658768935 0.9268776567593552 0.9410585418452152 0.9529856766794593 0.9628949762285601 0.9710274715217858 0.9776204053763109 0.9829000859674305 0.9870765679464188 0.9903400979067778 0.9928591585601416 0.9947798768477352 0.9962265244217072 0.9973028306105858 0.9980938423935717 0.9986680964702281 0.9990799086979507 0.9993716301744571 0.9995757624046979 0.9997168629745584 0.999813205929482 0.9998781867456541 0.9999214804117793 0.9999499733715496 0.9999684969446256 0.9999803925337467
2.587404206163958e-12 5.6585676519021414e-12 1.2223725573320006e-11 2.6083068641274577e-11 5.497624836112384e-11 1.144606727628599e-10 2.353996868440418e-10 4.782198937274974e-10 9.596779644372933e-10 1.9024080516031406e-9 3.725344460985879e-9 7.206399819930836e-9 1.3770959552830136e-8 2.5996147575010223e-8 4.847948418555524e-8 8.931342121407547e-8 1.625515142614725e-7 2.922718564925527e-7 5.191718235175121e-7 9.111086507524957e-7 1.5796880785616327e-6 2.7059651585895926e-6 4.579633795704587e-6 7.657825305805386e-6 0.000012651885766924234 0.00002065330950395487 0.000033313378206331946 0.00005309492172245945 0.0000836187929874868 0.0001301317958160183 0.00020012638565811123 0.0003041447214364666 0.00045679959191893566 0.0006780411802859933 0.0009946902465070313 0.0014422437893412128 0.0020669374996407012 0.002928019707782429 0.004100154208707042 0.0056758255490966135 0.007767572658293702 0.010509829169420911 0.014060106949123862 0.018599229969467192 0.02433031609360576 0.03147622179503917 0.04027521521263282 0.0509747297254983 0.06382317326182207 0.07905992314776016 0.09690381277181515 0.11754060017926882 0.14111008152385968 0.16769365350622634 0.19730321809798232 0.22987234246373497 0.2652505251884082 0.3032012728422937 0.34340446424564536 0.3854631890663747 0.42891491697682865 0.4732465143653969 0.5179123114272765 0.5623541661532088 0.6060223008636006 0.6483956202191078 0.6890002644546492 0.7274253029723735 0.7633347147621163 0.7964751073215872 0.8266789627319032 0.8538635343019596 0.8780258179692132 0.8992342635456524 0.9176180545108578 0.9333548637355448 0.9466579883200092 0.9577636900937103 0.9669194358588236 0.9743735632442201 0.9803667148222346 0.9851252039168608 0.9888563156758123 0.9917454171674418 0.9939546561544019 0.9956229707775807 0.996867108820086 0.9977833599785549 0.9984497306200191 0.9989283304303984 0.9992677872486142 0.999505554421784 0.9996700198402853 0.9997823645518776 0.999858150032521 0.9999086364691154 0.9999418502838446 0.9999634286285642 0.999977272986515 0.9999860446676123
1.7193421715275302e-12 3.8231397733954216e-12 8.394411316999064e-12 1.8200182739906567e-11 3.896548214155554e-11 8.23771349797774e-11 1.7197262372556328e-10 3.5452087099458954e-10 7.217024627777934e-10 1.450817149590935e-9 2.8801142453893747e-9 5.646169807822252e-9 1.093075637531229e-8 2.089794935142713e-8 3.9456602500968583e-8 7.357053503696703e-8 1.3547598216232182e-7 2.4637755233050895e-7 4.425139892695136e-7 7.849588308225378e-7 1.3752071245472055e-6 2.379569929435635e-6 4.066737714286333e-6 6.86467325222702e-6 0.000011445342300676205 0.000018848754162773565 0.00003066138668104441 0.000049268254322184985 0.00007820246491083221 0.00012262075193138813 0.00018993760041581976 0.0002906533873232036 0.00043941234705096015 0.000656322822315539 0.0009685636812091255 0.0014122854713480956 0.00203479155369604 0.0028969523356260807 0.0040757648904299814 0.0056669220166511965 0.007787201997198734 0.010576437526663027 0.014198775743209985 0.018842908675015223 0.024720943084718186 0.03206559883553099 0.0411254821971059 0.05215827876996926 0.06542184952525842 0.08116338715159103 0.09960698702207513 0.12094019068917695 0.14530024860052748 0.17276099916364726 0.2033213503834323 0.23689635884236337 0.2733118165419121 0.3123030764129822 0.35351858062018726 0.3965282218821682 0.44083629642113464 0.48589843406267624 0.5311415551190337 0.5759856412921722 0.6198659480464186 0.6622542467435842 0.7026777707528516 0.7407347410021933 0.7761056404432627 0.8085597613141295 0.8379569261306461 0.864244644706474 0.8874512810554476 0.9076760396544405 0.9250767246462703 0.9398562739544 0.9522490294903057 0.9625075898830378 0.9708909244708384 0.9776542302287995 0.9830408098500085 0.9872760591974092 0.9905634907657405 0.9930825958990641 0.9949882658987743 0.9964114495025331 0.9974607164545636 0.9982244166170612 0.9987731629044329 0.9991624160472976 0.9994350026323247 0.9996234493794813 0.9997520623072015 0.9998387170651482 0.99989635547743 0.9999342035186864 0.9999587385495228 0.9999744400662054 0.9999843599913611 0.9999905470890933
1.2385878155422144e-12 2.7935125866891907e-12 6.219564509127985e-12 1.3669672715513121e-11 2.9658452043145284e-11 6.352353396674454e-11 1.343137198118253e-10 2.803558234982561e-10 5.777053281931498e-10 1.175208858779082e-9 2.3601529371885296e-9 4.679359131664432e-9 9.159224920092672e-9 1.769955749097866e-8 3.3767812173501313e-8 6.360423681155053e-8 1.1828178176474517e-7 2.1717246832304358e-7 3.93689225940485e-7 7.046464560843772e-7 1.2452757196434133e-6 2.1729224492222902e-6 3.7438272522955897e-6 6.369262450274524e-6 0.000010699751345451755 0.00001774922593502845 0.00002907481416645829 0.00004703244288780005 0.00007513341955516811 0.00011853225240892312 0.00018468058457858633 0.00028418536910925147 0.0004319101139126115 0.0006483547143885093 0.0009613404104571484 0.0014080100694642485 0.002037128847343092 0.002911635420333526 0.004111349472001895 0.005735688402634284 0.007906188469094338 0.010768567876175096 0.014494018754205132 0.019279380058531713 0.025345833614714656 0.03293578989277587 0.04230769594873124 0.05372860928567435 0.0674645372405778 0.08376873493632934 0.10286837235345273 0.12495020305146534 0.1501460692267181 0.17851923368793118 0.21005261366077646 0.2446399836559574 0.2820811029448528 0.3220815067383619 0.36425739098088805 0.4081456433179788 0.4532186622734107 0.49890320458250664 0.5446021500947478 0.5897178137074238 0.6336752940711726 0.6759443454720344 0.7160583927305502 0.7536295637324653 0.7883589612347184 0.8200417961824705 0.8485674158737145 0.8739146401184509 0.8961431316431546 0.9153817482599271 0.9318149411097264 0.9456682757551578 0.9571940725634198 0.9666580098008069 0.9743273323115811 0.9804610870457555 0.98530258847977 0.9890741220273009 0.9919737356732186 0.9941738565506615 0.9958214012057415 0.9970390220936897 0.9979271412242701 0.9985664557884906 0.9990206506392592 0.9993391100202184 0.9995594788249627 0.99970997671524 0.9998114133729209 0.9998788884935603 0.9999231857292148 0.9999518865154301 0.9999702390128612 0.9999818209380704 0.9999890345129208 0.99999346860316
8.836507327206034e-13 2.0223874954973643e-12 4.567751894005982e-12 1.0181186303888473e-11 2.239522831515323e-11 4.861580522357751e-11 1.0415213295314127e-10 2.20207215491513e-10 4.594854887256856e-10 9.462226094834798e-10 1.9230948742030373e-9 3.857436615444805e-9 7.636470163484159e-9 1.492064592371719e-8 2.8773275341921546e-8 5.476506312967066e-8 1.0288136385771436e-7 1.9076346984597594e-7 3.491290635004326e-7 6.306906268323046e-7 1.1245895337404678e-6 1.9793706697736954e-6 3.4389374338465408e-6 5.897861843504229e-6 9.984992976921289e-6 0.000016687606082664387 0.000027532415405917503 0.00004484460037689163 0.00007211139235266677 0.00011448236250912514 0.00017944370285472727 0.0002777075483071132 0.0004243584534020114 0.000640295897344666 0.0009540023017609195 0.0014036486153071008 0.0020395223930368793 0.0029267254388575643 0.0041480395215432704 0.00580680099930363 0.008029561932405376 0.010968252167060483 0.014801501842382481 0.01973474645997311 0.025998727600732376 0.033846031686747 0.04354538488389628 0.05537354840925035 0.06960483357831264 0.08649847140487901 0.10628431154974163 0.12914756719816334 0.15521353834459412 0.18453340630769463 0.2170722693234909 0.2527005611812855 0.29118985066738046 0.3322137608482021 0.375354390309025 0.4201141936038781 0.4659328266297596 0.51220803193914 0.5583192768908558 0.6036526055423596 0.6476250528328059 0.6897070102093061 0.7294411205867847 0.7664565951470466 0.8004782484736241 0.8313299962938054 0.8589330032303333 0.8832990615382046 0.904520089883309 0.9227548406729186 0.938213986654864 0.9511447279232074 0.9618159363333046 0.9705046610163186 0.97748458548365 0.9830167827857512 0.9873428857001736 0.9906805932369258 0.9932212848632702 0.9951294144906371 0.9965433058249178 0.9975769627704646 0.9983225338533943 0.9988531175666869 0.9992256559299183 0.9994837275893228 0.9996601126700675 0.9997790547696506 0.9998581884870277 0.9999101330080509 0.9999437741037253 0.9999652698596424 0.9999788213640899 0.9999872503338895 0.9999924229908204 0.9999955548702949
6.240849209837114e-13 1.4500730009802676e-12 3.3239517946830026e-12 7.516949565221534e-12 1.6770815267646436e-11 3.691441979668842e-11 8.016247878313003e-11 1.7174476944048265e-10 3.6302577094490575e-10 7.570724145349152e-10 1.5577153858587414e-9 3.1622372220239303e-9 6.333760097821244e-9 1.2516849853362198e-8 2.440621720499905e-8 4.6955225127968925e-8 8.913571670677603e-8 1.669593216575852e-7 3.0857996651840847e-7 5.627692939452333e-7 1.0127600403130714e-6 1.7984756583441406e-6 3.1516156380280997e-6 5.450068534139978e-6 9.300807121040461e-6 0.00001566389641450133 0.000026034584087125903 0.00004270562254912658 0.00006913782288850355 0.00011047297602938509 0.00017422901957197292 0.00027122165148951754 0.0004167580795564382 0.0006321454652889198 0.000946546819342478 0.0013991985065559206 0.0020419742445021848 0.00294223933001663 0.004185885802009945 0.005880376085378497 0.00815755331409549 0.011175907452167929 0.01512192642291832 0.020210121589040064 0.026681308924776093 0.03479876234872045 0.044841942708384916 0.0570976489918403 0.07184863510041004 0.08935997561369856 0.10986372869169586 0.13354270731831414 0.1605143999431926 0.19081624498386338 0.22439353024329542 0.26109113549445134 0.3006501539363962 0.34271012099133114 0.38681716860537885 0.432437946723511 0.4789786593002075 0.525808104065698 0.5722832357539015 0.6177755352515217 0.6616963906961746 0.7035197902122842 0.7428008783633709 0.7791893091915023 0.8124367930526144 0.8423987293812814 0.8690302893067929 0.8923777132600428 0.9125658839012296 0.9297834039236161 0.9442664481609626 0.9562825817190126 0.966115564163843 0.9740519250168306 0.9803698311923215 0.9853305037271769 0.9891722047686342 0.9921066241876935 0.9943173578527333 0.9959600881718181 0.9971640472599987 0.998034354891191 0.9986548658506109 0.999091222622799 0.9993938788268197 0.999600927777383 0.9997406328178657 0.999833607928279 0.9998946370207143 0.9999341484461705 0.999959378841649 0.9999752694669553 0.9999851407471996 0.9999911888830366 0.9999948438642372 0.9999970223980741
4.3613981675718765e-13 1.0293095879377503e-12 2.39576600722727e-12 5.4995142683327864e-12 1.2450575763981584e-11 2.7799916160331207e-11 6.121959383830141e-11 1.3296411757860218e-10 2.84826155942953e-10 6.017709830558214e-10 1.2539879515559173e-9 2.5773373017075283e-9 5.22480652260249e-9 1.0447100721724789e-8 2.0604107881627713e-8 4.008210060868183e-8 7.691167184387225e-8 1.4557473207960938e-7 2.7179342645261133e-7 5.005629947481378e-7 9.093968657725063e-7 1.6297899555656138e-6 2.88139200657371e-6 5.025452616072446e-6 8.646897829411618e-6 0.000014678057904552178 0.000024581675690351944 0.000040616380585023815 0.00006621415228790277 0.00010650602428326699 0.00016903867354634152 0.0002647295019780901 0.00040910979135051886 0.0006239025386806568 0.0009389713638252093 0.0013946570359722858 0.0020444865565844056 0.0029581949756060785 0.00422494215698104 0.005956537464075033 0.008290409230676352 0.011391980178852058 0.015456044683016238 0.020706701212782248 0.027395386703129562 0.035796601549493184 0.046201013986824066 0.058905794972481176 0.07420225593836494 0.09236112936812511 0.11361612405545649 0.1381466727215526 0.16606103347404816 0.19738107119626982 0.23203009729164573 0.26982506292503966 0.31047417330810834 0.3535806279059626 0.39865272167671695 0.44512001023399433 0.4923547035245404 0.5396969691875042 0.58648245536274 0.6320701284887728 0.6758684910393611 0.7173584009930937 0.756111039680122 0.791800027764888 0.8242072163723362 0.8532222210876124 0.8788362620365886 0.9011312743973426 0.9202655267773524 0.9364571145897549 0.9499666850367123 0.9610806186578438 0.9700956701640129 0.9773057949216896 0.9829915938539588 0.9874125312444242 0.9908018419033037 0.9933638620102272 0.9952733979238095 0.9966766873906048 0.9976934997922031 0.9984199544870415 0.9989316956632628 0.9992871356757699 0.9995305557489553 0.9996949250008907 0.9998043606659328 0.9998762014879705 0.9999227020079471 0.9999523789005902 0.999971053579256 0.9999826403373714 0.9999897286820931 0.9999940043286835 0.9999965472495631 0.9999980384566738
3.0145730527592356e-13 7.230053201735036e-13 1.7095807668908137e-12 3.985416547538773e-12 9.160041901486368e-12 2.0757005240252817e-11 4.63745230006889e-11 1.0215178676932182e-10 2.2185471405651992e-10 4.750640710951873e-10 1.0030011336133212e-9 2.087956774894226e-9 4.2856610347135325e-9 8.673533155600529e-9 1.7308608394140243e-8 3.405825886742937e-8 6.608205684666741e-8 1.264306845282894e-7 2.385265100343292e-7 4.4375562224603295e-7 8.141087235815278e-7 1.4728585349274734e-6 2.6277801959382287e-6 4.623557412987248e-6 8.02293268661031e-6 0.00001373000905516312 0.000023174004848024087 0.00003857771787913199 0.00006334182032951542 0.00010258347472758002 0.00016387487929502101 0.000258233023886605 0.0004014144782314288 0.0006155662682358492 0.0009312732710482726 0.0013900213861266896 0.002047061591546423 0.002974611266309006 0.004265265743223628 0.0060354170633863625 0.00842839329117871 0.011616948700553567 0.015804664000722262 0.021225770363080643 0.028142906287060548 0.0368423662957584 0.047626515536454396 0.06080322870448197 0.07667246061335449 0.09551035402094105 0.11755161206643387 0.1429711727327859 0.17186648021799353 0.20424181146921955 0.2399961495586128 0.27891597528201156 0.3206740680584026 0.3648349814144959 0.41086732267859843 0.4581623746162699 0.506058013958559 0.5538663764623206 0.6009033519524762 0.6465178115256552 0.690118495720131 0.7311967235915011 0.7693434890507742 0.8042600419510484 0.8357616429900043 0.8637747650260856 0.8883285257557678 0.9095415283035335 0.9276055266863998 0.9427674132273317 0.9553109559214212 0.9655395229020232 0.9737607564061217 0.9802738419158319 0.9853596993342819 0.9892741352048889 0.9922437613822073 0.9944643186534299 0.9961009458616094 0.9972899001125515 0.9981412500464482 0.9987421174591229 0.9991601179327876 0.9994467352791586 0.9996404469280107 0.9997694905578429 0.9998542220715606 0.9999090599843358 0.9999440419669863 0.9999660375496584 0.9999796693766182 0.9999879965996243 0.9999930104787311 0.9999959860821399 0.9999977267012924 0.9999987302997461
2.059830244682302e-13 5.023125262866621e-13 1.2072523679244054e-12 2.859612465846701e-12 6.675827402660679e-12 1.5360160051371067e-11 3.483238501876755e-11 7.785236656804106e-11 1.7150077124705557e-10 3.723666079741865e-10 7.968760091213929e-10 1.6808593791171258e-9 3.4946052366096965e-9 7.161380869075812e-9 1.446549939486258e-8 2.880146226659278e-8 5.65258210798961e-8 1.0935474317783474e-7 2.085423908971856e-7 3.920351968892848e-7 7.265043803463241e-7 1.3272198299295117e-6 2.3902782300538584e-6 4.24389983390778e-6 7.4285423201583286e-6 0.000012819624305759816 0.00002181184265274641 0.00003659044666707933 0.000060522262305905885 0.00009870732933412101 0.00015873992811583844 0.000251734246259193 0.0003936731259734532 0.0006071358391804011 0.0009234498109364694 0.0013852886238079508 0.0020497017258400874 0.002991508173164082 0.004306917284282773 0.00611715559330924 0.008571787527930294 0.0118513260401401 0.016168651811731584 0.02176871127580558 0.028925961370029077 0.03793908828200818 0.049122659852970124 0.06279558073520397 0.07926649955690514 0.09881664989818463 0.12168096133356128 0.14802861251788677 0.17794446876514028 0.21141300556012138 0.2483063283212032 0.28837773376450426 0.3312619164823978 0.3764824269587811 0.4234663789553552 0.4715657490262024 0.5200839841367869 0.5683061110941904 0.6155301894639231 0.6610978131339045 0.70442146243637 0.7450068261646267 0.7824687099899383 0.8165397618362498 0.8470719005883951 0.8740309558747803 0.8974855469707053 0.9175915996184343 0.9345740954259363 0.9487076684076914 0.9602975276780292 0.9696619308631951 0.9771171049231117 0.9829651567219722 0.9874851768677345 0.99092744949888 0.9935104583106473 0.9954202334638209 0.9968115127308635 0.9978101829696819 0.9985165096612403 0.9990087359907711 0.9993467228153963 0.9995753934540312 0.9997278326808197 0.9998279614237906 0.9998927646279832 0.9999340893442504 0.9999600549799628 0.9999761304512075 0.9999859367276991 0.9999918308645873 0.9999953215600237 0.9999973585052414 0.9999985296818353 0.9999991931820347
1.3906497879915572e-13 3.4500831207720074e-13 8.432692608522825e-13 2.0306335137016e-12 4.817583053094959e-12 1.1260644419769372e-11 2.593210891134014e-11 5.883792851904174e-11 1.3153049704046728e-10 2.8970095872593266e-10 6.286846662061813e-10 1.344251746591384e-9 2.8320360535694358e-9 5.8788623598555535e-9 1.2024593127979395e-8 2.4234644311656347e-8 4.812813302000218e-8 9.418132997740007e-8 1.8161086035121201e-7 3.45094636074072e-7 6.461936496686414e-7 1.1924068270624394e-6 2.1683694561256485e-6 3.885970853777323e-6 6.863320025345551e-6 0.000011946732500872516 0.000020495413923586944 0.00003465534448671891 0.000057756905618492755 0.00009487962268336121 0.00015363618901079174 0.0002452353072957836 0.00038588682286795606 0.0005986104758852973 0.0009154981864403476 0.0013804556940955205 0.002052409457397516 0.0030089068251447425 0.004349961347320883 0.006201903266292932 0.00872089396961282 0.012095662933960858 0.016548940975944476 0.022337012145616536 0.029746807325915642 0.03909003296682812 0.05069398077632776 0.06488890226688272 0.08199214754234785 0.10228963848906784 0.12601563675606228 0.1533321296106137 0.18430943908868577 0.21890981046405414 0.25697571359826055 0.29822437215790315 0.34224962261959624 0.3885316267272183 0.43645427322376285 0.48532938314886215 0.5344261639804879 0.5830038254646474 0.6303449432027443 0.6757870781599511 0.7187503416033094 0.7587590114526725 0.7954559029041925 0.8286088968795167 0.8581097478658186 0.8839659445857917 0.9062869139474377 0.925266195395708 0.9411613510654134 0.9542733259124304 0.9649267626030382 0.9734524547890777 0.9801727424388731 0.9853902653906199 0.989380139218435 0.9923853313370481 0.9946148114445286 0.9962439320620595 0.997416454472263 0.9982476579159117 0.9988280370376567 0.9992271855261318 0.9994975660799204 0.999677965305471 0.9997965181914532 0.9998732557245272 0.9999221797036443 0.9999529020188561 0.9999719042384927 0.999983480623036 0.9999904270227158 0.9999945325108108 0.9999969224564653 0.9999982927999731 0.9999990667074695 0.9999994972012081
8.274480475219393e-14 2.097527696894662e-13 5.236117122465201e-13 1.2872099558740917e-12 3.116245770751132e-12 7.429513190753486e-12 1.7443740799799923e-11 4.0334249270665686e-11 9.184766419918023e-11 2.0598091111097914e-10 4.5494169588686504e-10 9.896004313801188e-10 2.1200452050689083e-9 4.473191913887962e-9 9.295729697442891e-9 1.9026097647724175e-8 3.835511993161485e-8 7.615735849216984e-8 1.4894408156083893e-7 2.869233513639119e-7 5.444383633653513e-7 1.0176095640510888e-6 1.8735846152657457e-6 3.3980970409966782e-6 6.071275155938018e-6 0.000010686064695545683 0.000018529439768808346 0.0000316538910891992 0.00005327542119460028 0.0000883440508253126 0.0001443427933589943 0.00023237971932984935 0.00036864291998344226 0.0005762869404000486 0.0008878079957716213 0.0013479400836142559 0.002017061266716283 0.0029750362911370783 0.004325337784788109 0.006199186252703969 0.008759335895251089 0.01220302075330945 0.016763480454866066 0.022709427253283197 0.03034181796549353 0.039987375856431986 0.051988482498214056 0.0666893318210537 0.08441859753062486 0.10546928411302008 0.1300768681930295 0.15839723593840283 0.1904862223560497 0.2262827014788155 0.26559711746777104 0.3081070631183755 0.35336101144123877 0.4007906276136559 0.4497313021635718 0.4994497428574533 0.5491767424867384 0.5981426965215427 0.6456131513464138 0.6909216605143914 0.7334975136020141 0.772886440640192 0.8087631124267038 0.8409350596674363 0.8693384217443197 0.8940266175162671 0.9151535358440246 0.9329531320596782 0.9477173803895291 0.9597743932284974 0.969468220877683 0.9771414479431411 0.983121266248699 0.9877092841686083 0.9911749716524103 0.9937523659404122 0.9956394858337476 0.9969998190009933 0.9979652433318797 0.9986397998552696 0.9991038293672632 0.9994180972516844 0.9996276442964109 0.9997652036770432 0.9998541086410666 0.9999106789995509 0.9999461177961868 0.9999679750759553 0.9999812471977465 0.9999891815540871 0.9999938514815296 0.9999965575304666 0.9999981013205038 0.9999989684179125 0.9999994479024448 0.9999997089432295
5.427424347460724e-14 1.4015330563991586e-13 3.5626894054123453e-13 8.915001198860295e-13 2.196026780218664e-12 5.325137008679433e-12 1.271174627325325e-11 2.9872081349639915e-11 6.91060992598459e-11 1.573848553197167e-10 3.5286652136221385e-10 7.788691490015717e-10 1.6925088317075844e-9 3.6208952843662814e-9 7.626514308435634e-9 1.5814963758307806e-8 3.2288626701745964e-8 6.490496190847811e-8 1.2845804732038188e-7 2.5032743227421373e-7 4.803175152348242e-7 9.074672298413475e-7 1.6882094407645929e-6 3.0926124053279985e-6 5.578791218303643e-6 9.910203654490626e-6 0.000017336688166226143 0.00002986791497286016 0.00005067735909951194 0.00008468558316261526 0.00013938264775508036 0.0002259592795223923 0.0003608226339917907 0.0005675718361434468 0.0008794969524214049 0.0013426382135180502 0.0020193959554944984 0.002992612823857306 0.004369957594155692 0.006288327476732641 0.008917860821248949 0.012465028130375078 0.01717416512536098 0.02332675039114198 0.03123773657575287 0.041248340612948825 0.05371490018838292 0.06899371367063026 0.08742218553159234 0.1092970667448882 0.1348510596781781 0.1642294858896671 0.19746902365128532 0.23448064564651935 0.27503877869392446 0.31877834673006944 0.3652007608660548 0.4136891383644186 0.4635321507317389 0.5139550265301387 0.5641554800620925 0.6133418044742223 0.6607701307086812 0.7057779453288291 0.7478113676949125 0.7864443535099223 0.821388826361113 0.8524956313489191 0.8797470435228167 0.9032422523282293 0.9231777138387126 0.9398244833094176 0.953504616318868 0.9645684937304969 0.9733745421211851 0.9802723557204981 0.9855897456791669 0.989623804576151 0.9926357189463136 0.9948488119471812 0.9964491560079909 0.9975880510676252 0.9983856980003769 0.9989354848257823 0.9993084210683072 0.9995573821604751 0.999720945131913 0.9998266987217067 0.9998939904765449 0.9999361295703609 0.9999620991623038 0.9999778499271549 0.9999872513752182 0.9999927739858969 0.9999959666311969 0.9999977830394762 0.9999988000672752 0.9999993604809403 0.9999996643882473 0.9999998265804948
3.5108326081384646e-14 9.24152570541362e-14 2.3936801794804414e-13 6.100723075913281e-13 1.5300064757703594e-12 3.775775968841862e-12 9.16905524768157e-12 2.1910537640053567e-11 5.152244190951332e-11 1.19222970178251e-10 2.7148693468246625e-10 6.083718589438655e-10 1.3416105935128986e-9 2.911570686781957e-9 6.218395823417772e-9 1.307033125234091e-8 2.7037060641201643e-8 5.504335261231536e-8 1.1028873104823255e-7 2.174939063708795e-7 4.221454467807525e-7 8.064661341429097e-7 1.5164557466086059e-6 2.8067528563931885e-6 5.113537017445165e-6 9.170524920727669e-6 0.00001618960163913003 0.000028135967165464823 0.00004813786247435664 0.0000810825998831117 0.0001344628381621056 0.00021954813743296694 0.00035296420191831864 0.0005587622730236585 0.0008710493842560923 0.001337221629891638 0.0020217924222255663 0.0030107323763245404 0.004416136073046039 0.006380906788928828 0.00908301217648443 0.012738727062355296 0.01760416551019551 0.02397433935453651 0.03217899252161101 0.04257457465438901 0.05553195029745532 0.0714197931949068 0.09058407194881572 0.11332455469668568 0.13986978767966318 0.17035246201648563 0.2047873961608591 0.24305445769325723 0.28488857808332835 0.3298785621836239 0.3774756859093869 0.42701217830189886 0.47772870077290297 0.5288089910449224 0.5794190589154159 0.628747814148668 0.6760458457040324 0.7206592793158069 0.7620561872766498 0.7998438324461588 0.8337759859074605 0.863750536716786 0.889798490342874 0.9120661307546658 0.9307925373845239 0.946284782415906 0.9588930065301133 0.9689872350866322 0.9769373241844319 0.9830968956999541 0.9877916043781522 0.9913116349055766 0.9939079885279325 0.9957919016979764 0.9971366392806937 0.9980809041210981 0.9987331775775026 0.9991764239568428 0.9994727298479043 0.9996675863792228 0.9997936440371266 0.9998738678092833 0.9999240924102686 0.9999550245152428 0.9999737650514113 0.9999849345607856 0.9999914834210277 0.9999952606810283 0.9999974039050114 0.9999986001985464 0.9999992570806902 0.9999996119076853 0.9999998004571644 0.9999998990200698
2.2382184877012886e-14 6.00973445316801e-14 1.5871353477452766e-13 4.1227066891416536e-13 1.053330857188526e-12 2.647069682372575e-12 6.5431767841992704e-12 1.5908872072943563e-11 3.804718786778483e-11 8.950419981307995e-11 2.0711304724423167e-10 4.714335688669636e-10 1.0555739682665183e-9 2.324975706462645e-9 5.03751745847263e-9 1.0737181857599523e-8 2.2513720471231734e-8 4.6440352495454324e-8 9.424179767298857e-8 1.881483812859247e-7 3.695522830851547e-7 7.141344416134779e-7 1.3577618665563743e-6 2.5399099875245175e-6 4.674944318737804e-6 8.46663979847116e-6 0.000015088159412731617 0.00002645860618095572 0.000045658244095202224 0.00007753720858487644 0.0001295860468579171 0.0002131489558924636 0.0003450692903698181 0.0005498578202079942 0.0008624623100465808 0.0013316866157031036 0.00202425315004069 0.003029420152706515 0.00446395357230712 0.006477116151503159 0.00925518347159924 0.013024845590650015 0.018054728018376816 0.024654197050232193 0.033168633629845526 0.043970494945355806 0.05744575160364362 0.07397569113338771 0.0939145940027421 0.11756436979100245 0.1451478193601224 0.17678267890712132 0.21245891493312793 0.2520217980928637 0.29516303844930936 0.34142170521883364 0.3901958190721123 0.44076448031404614 0.49231930542611274 0.5440029311932342 0.5949515508149523 0.6443379842914219 0.6914117236986369 0.7355327418279161 0.776196558915532 0.8130490245739478 0.8458903551865387 0.8746690255858072 0.899467016075638 0.9204785633077439 0.9379849032138561 0.9523275219578504 0.9638821860130914 0.9730355758668703 0.9801657865128806 0.9856273692874288 0.9897410486197097 0.9927878075961112 0.9950067269015792 0.9965957882252579 0.9977148022762669 0.9984896674639903 0.9990172768114716 0.9993705368625042 0.99960311681711 0.9997536893431576 0.9998495443681166 0.9999095483012794 0.9999464834821785 0.9999688396011313 0.9999821456236503 0.9999899330822117 0.9999944147420126 0.9999969509079081 0.9999983621842268 0.9999991344060389 0.9999995499028349 0.9999997697338108 0.9999998841021144 0.9999999426104904
1.4052891909851057e-14 3.851658624892596e-14 1.0378760897907962e-13 2.7495577637273314e-13 7.161499903440837e-13 1.833890152709962e-12 4.617165423175299e-12 1.1429182662565857e-11 2.781618834559513e-11 6.656226864383566e-11 1.5660740562522577e-10 3.62289784186783e-10 8.240731207910746e-10 1.843095664081302e-9 4.053306496823269e-9 8.765119054865476e-9 1.863806392199273e-8 3.897145603972862e-8 8.013164789109928e-8 1.6202513949956632e-7 3.221747332426899e-7 6.300017703488847e-7 1.211558602886417e-6 2.291454904299225e-6 4.2624087170182114e-6 7.79810827024574e-6 0.000014032280322198873 0.000024836334369903606 0.000043239784828082566 0.00007405153149901848 0.00012475503204198709 0.00020676452777917352 0.0003371397075682414 0.0005408581227035594 0.0008537326851370559 0.001326029294119803 0.002026780756859676 0.003048702922541645 0.004513495912877943 0.0065771614953341875 0.009434798294455208 0.013324169415915656 0.01852720017079747 0.025368491086167066 0.03420995923833574 0.04544088051050239 0.05946291564408029 0.07667016273930398 0.09742486079105823 0.12203001703770654 0.15070086393843526 0.18353757152868527 0.2205019477319615 0.2614008688566347 0.3058788450749469 0.35342144001534215 0.4033702844778688 0.45494925960980553 0.5073002222485384 0.5595255694840588 0.6107341457111797 0.6600866013061838 0.7068363769903805 0.7503630021060611 0.7901952811645232 0.826023070541759 0.8576975555656516 0.8852210647287517 0.9087283639100712 0.9284619652774985 0.9447442239376049 0.9579488962257194 0.9684744578976454 0.976720918793333 0.9830712239295101 0.9878776940337557 0.9914534062081235 0.994067995701988 0.9959470923390635 0.9972744848339101 0.9981961098037865 0.9988250563453233 0.9992469255776426 0.9995250547754932 0.9997052818019796 0.9998200701609781 0.9998919290278273 0.9999361438070096 0.9999628836668266 0.9999787784772524 0.9999880650642166 0.9999933979397653 0.9999964079730557 0.9999980778546181 0.9999989884061942 0.9999994764153054 0.9999997334879102 0.9999998665910015 0.9999999343278442 0.9999999682096236
8.683112908563207e-15 2.4311544454451634e-14 6.689096130627818e-14 1.8086068506444789e-13 4.805593252338274e-13 1.2548170691863321e-12 3.219949710991309e-12 8.120035971343148e-12 2.0123902074366563e-11 4.901367563560788e-11 1.1732185785034035e-10 2.7599628169969744e-10 6.381114853731991e-10 1.4499922124995551e-9 3.2383045117366457e-9 7.1082083086307596e-9 1.533560927225796e-8 3.2519870301926225e-8 6.778169455316698e-8 1.388677512664727e-7 2.7965710525335034e-7 5.536005844865645e-7 1.0772708197820725e-6 2.0607396426135975e-6 3.875290313664839e-6 7.1644382894204865e-6 0.000013021820243348564 0.00002326959353152521 0.0000408837283333097 0.00007062770117168645 0.00011997262691034283 0.00020039778020551353 0.00032917741183213805 0.000531762909370031 0.0008448574017544934 0.0013202456200053735 0.0020293780046567933 0.0030686091428927566 0.004564854848939024 0.006681263971838163 0.00962231311520381 0.013637547419597931 0.019023040426565527 0.026119569835033316 0.035306544533776026 0.046990906755357116 0.06159059178024989 0.07951265266143354 0.10112681463819644 0.1267359461586678 0.15654562506477385 0.19063552664608185 0.22893565251767953 0.2712103649424811 0.3170527422750597 0.3658909380674634 0.41700708424978905 0.4695679618563013 0.522665345978707 0.5753628028479464 0.626744944448149 0.6759648480746335 0.7222855709496676 0.7651123988579249 0.804013553988276 0.838728388058549 0.8691634153095426 0.8953777173085189 0.9175601361370347 0.936001179942032 0.951062675223229 0.9631479538825791 0.9726748456420199 0.9800530685540558 0.9856668860130186 0.9898632269893075 0.9929449188772934 0.9951682984776689 0.9967442540414511 0.9978416927177194 0.9985924896527438 0.9990971168440506 0.999430331983855 0.9996464966540164 0.9997842653686895 0.9998705279386915 0.9999235919484182 0.9999556608149509 0.9999747010814015 0.9999858073529568 0.9999921719278124 0.9999957551714853 0.999997737105123 0.9999988140852385 0.9999993890378615 0.9999996905898665 0.9999998459709531 0.9999999246284007 0.9999999637473599 0.9999999828608708
5.275779499130637e-15 1.5101539940724222e-14 4.245880383282026e-14 1.1725471840215728e-13 3.180631034338624e-13 8.474638864324506e-13 2.2179861795899607e-12 5.7020526947538455e-12 1.4399375682759504e-11 3.5719199218435294e-11 8.703847010528443e-11 2.0834278019768836e-10 4.899027353102504e-10 1.1316506414841186e-9 2.567989693541125e-9 5.7247995827573695e-9 1.2537806917891307e-8 2.6976512767630084e-8 5.702458961245755e-8 1.184296423884952e-7 2.4165229881732265e-7 4.844676109322037e-7 9.543191271860963e-7 1.8470987486349734e-6 3.5129146033532373e-6 6.565085269618482e-6 0.000012056569616700334 0.00002175876042544738 0.00003859127544072294 0.00006726785566698016 0.00011524173831576244 0.00019405177863345967 0.0003211845204794131 0.0005225720016135883 0.000835833289594005 0.0013143313708820891 0.0020320478094994687 0.0030891690920107724 0.004618128578034618 0.0067896613381918155 0.009818220399990151 0.013965897804525614 0.01954382911814479 0.026909980299378994 0.03646226756417645 0.048626183419529005 0.06383651674637456 0.08251335476281155 0.10503329707778769 0.1316976163142959 0.16269985356002567 0.19809591029054802 0.23777996543203397 0.28146941002065495 0.32870140856097674 0.37884269154594197 0.4311128581705822 0.48461998732599043 0.538405924434676 0.5914974436935834 0.6429587599758423 0.6919406964445872 0.7377222296413173 0.7797410673842109 0.8176112201206994 0.8511270049994961 0.8802543597615999 0.9051115483439545 0.9259421721617833 0.9430837915629089 0.9569354163628401 0.9679267118819355 0.9764910999854675 0.9830441438981582 0.9879678156840099 0.9916005562494457 0.9942325141446504 0.9961050181244947 0.9974131930254044 0.998310638595918 0.9989152128647769 0.9993151487985097 0.9995749435730603 0.9997406615430136 0.9998444640867021 0.9999083118335723 0.9999468758566381 0.9999697486001037 0.9999830701065784 0.9999906889239921 0.999994967713516 0.9999973273950946 0.999998605260132 0.9999992848011372 0.999999639651644 0.9999998216109445 0.9999999132334452 0.9999999585366641 0.9999999805332362 0.9999999910209291
3.1494292017151687e-15 9.224105838965855e-15 2.6522490424667605e-14 7.486970679072796e-14 2.074933534039824e-13 5.645639119669598e-13 1.5081265360201626e-12 3.955335451837885e-12 1.0184861615305876e-11 2.574891293021722e-11 6.391467917991283e-11 1.5577099661868894e-10 3.727550443391517e-10 8.75827261648674e-10 2.0205930203747142e-9 4.5773339045169305e-9 1.0181882100379618e-8 2.2239966642388317e-8 4.7702398653809704e-8 1.0047461070409968e-7 2.078227671665796e-7 4.221452706062139e-7 8.421216484983728e-7 1.6498510216309194e-6 3.174573582722539e-6 5.999451794229756e-6 0.000011136251092591853 0.0000203041422027196 0.00003636357819302622 0.00006397413325919897 0.00011056534496425243 0.000187729730882698 0.00031316331916150174 0.0005132853228182607 0.0008266571167227798 0.0013082821373227636 0.0020347932524393654 0.0031104150157876386 0.004673422303735185 0.006902609492396324 0.01002305207244585 0.014310214934033318 0.02009128063739186 0.027742488005261124 0.037681339251520424 0.05035279657751473 0.06620906914077625 0.08568327728776139 0.10915811968660097 0.13693156387554578 0.1691823998017949 0.20593908985936754 0.24705557713881998 0.2921974738553124 0.34084130741155516 0.39228829841681145 0.445692614802499 0.5001023907719159 0.5545102592835559 0.6079089592386926 0.659346932922485 0.7079788304954548 0.7531064862447261 0.7942071205526722 0.8309470624710719 0.8631809431597807 0.8909378397437749 0.9143970507519862 0.9338569269488652 0.949700419243358 0.9623607755593528 0.9722902234956091 0.9799336559841532 0.9857084422581277 0.989990648114146 0.9931072641684817 0.9953335616516861 0.9968944333595955 0.9979685101580504 0.9986939268863841 0.9991747926887572 0.9994876485562135 0.9996874270763388 0.9998126365944735 0.9998896577359673 0.9999361591972216 0.9999637146328303 0.9999797408853164 0.9999888891913964 0.9999940146577407 0.9999968331059949 0.9999983542513358 0.9999991600291571 0.9999995789614561 0.9999997927361548 0.9999998998024235 0.9999999524323695 0.999999977824378 0.9999999898482694 0.999999995436533
1.845523305474464e-15 5.535402015123738e-15 1.629120278769797e-14 4.704741537509637e-14 1.3332191117593198e-13 3.7072780751858807e-13 1.0115832719880628e-12 2.7086082149680184e-12 7.116956773067599e-12 1.8350666956162446e-11 4.6432801557340806e-11 1.1529750026744149e-10 2.809594782061545e-10 6.718982189824623e-10 1.5769100877528306e-9 3.6321359576255946e-9 8.210650301840731e-9 1.821639363260006e-8 3.966672047132284e-8 8.477728534862089e-8 1.7784143872516437e-7 3.661831135807517e-7 7.400958638966533e-7 1.4683014190193208e-6 2.859527092314199e-6 5.466887569994397e-6 0.000010260517327672987 0.0000189059717792087 0.00003420173355698113 0.00006074866658221271 0.00010594649509415348 0.00018143499098928465 0.0003051162716357974 0.0005039029085734017 0.000817325590847994 0.0013020933127293824 0.0020376175913381436 0.0031323812884324676 0.004730848857151335 0.007020384176973944 0.010237383367725542 0.014671576960525047 0.020667257034844667 0.028620099182950304 0.03896833677259776 0.05217735515139918 0.068717329364082 0.08903431380782309 0.11351613995735203 0.14245547297710592 0.17601326483597052 0.21418644913033533 0.25678389500839915 0.3034142681958282 0.3534885103790326 0.406238216508872 0.46074943245411093 0.516009557297387 0.570963394282388 0.6245732141090652 0.6758771684827745 0.7240406085846505 0.7683957860568444 0.8084668898002196 0.8439791609392875 0.8748526524243021 0.9011827942074705 0.9232110848017561 0.9412898406599979 0.9558449818113748 0.9673403910271896 0.9762465937738551 0.9830155364994773 0.9880622565537218 0.9917533725711889 0.9944016670499118 0.996265619991303 0.9975525759727643 0.9984242468028169 0.9990034105829794 0.9993809048201285 0.9996222726012036 0.9997736664738543 0.9998668195745808 0.9999230467590643 0.9999563399445711 0.9999756785139378 0.9999866977959878 0.999992857249858 0.9999962347163636 0.9999980514858025 0.9999990101543661 0.9999995064003975 0.9999997583916587 0.999999883917682 0.9999999452574175 0.9999999746616504 0.9999999884889572 0.999999994867554 0.9999999977540599
9.139051815922141e-16 2.8242617935739134e-15 8.55875313694499e-15 2.5434438828799217e-14 7.41215552704569e-14 2.1182753698108284e-13 5.936642749990932e-13 1.631643824545198e-12 4.397859826482864e-12 1.1625052180367714e-11 3.013645774198063e-11 7.661959802629344e-11 1.910490535634225e-10 4.672127160592255e-10 1.120616417284094e-9 2.636210929653791e-9 6.082652007605749e-9 1.3765904648327968e-8 3.0558035642040634e-8 6.653735786424793e-8 1.4211383212879326e-7 2.977486576399914e-7 6.119539268034916e-7 1.2338340686093556e-6 2.4404984050445664e-6 4.7358691734743864e-6 9.016480683955716e-6 0.000016842580800407604 0.00003086980105967521 0.0000555179598021705 0.00009797835309769102 0.00016968678444884814 0.00028841204351848064 0.0004811213717988266 0.0007877756802018897 0.00126616573039424 0.00199781333128641 0.003094818126789891 0.004707326094965088 0.0070310364511972385 0.01031387034632273 0.014860636568738114 0.021034302867556524 0.02925238535139385 0.039977073368488464 0.053698070481829854 0.07090777919843019 0.09206936521403017 0.1175793242786505 0.14772730077736657 0.18265688674265732 0.2223317624705839 0.26651164772641556 0.3147420035841867 0.36636024752358276 0.4205195252266667 0.47622904076605416 0.5324078824607381 0.5879475224698176 0.6417770069985381 0.6929244893808346 0.7405692533917637 0.7840796433173485 0.8230341442040494 0.8572249380008782 0.8866452714240225 0.9114636188324683 0.9319887048880579 0.9486298790680575 0.9618571360905919 0.9721643777594311 0.9800384964754612 0.9859357294210791 0.9902656649038807 0.9933824106550757 0.9955818304342653 0.9971034345212368 0.9981354399577695 0.9988216373646479 0.999268941503728 0.9995547949985437 0.9997338847888881 0.999843882809273 0.9999101175158113 0.9999492171825166 0.9999718452346926 0.9999846835473949 0.9999918244872299 0.9999957184287829 0.9999978000902182 0.9999988910716544 0.9999994516175844 0.9999997339700644 0.9999998734008103 0.9999999409020919 0.9999999729391025 0.9999999878456971 0.9999999946454221 0.9999999976862421 0.9999999990193843
5.120540975245689e-16 1.6239110996983824e-15 5.047380404597772e-15 1.53755854883925e-14 4.5905403151160856e-14 1.3432825979418137e-13 3.8525438230046536e-13 1.0829536108732958e-12 2.9837328155321136e-12 8.057566083548633e-12 2.1327899362202184e-11 5.533492233498916e-11 1.407228695216611e-10 3.5079368954228393e-10 8.571731884052179e-10 2.0531637437720657e-9 4.820874248326329e-9 1.1096468768324698e-8 2.5038640028339566e-8 5.538784365983616e-8 1.2011783626077392e-7 2.5538899455705547e-7 5.323676327633757e-7 1.0880527677665742e-6 2.1803799476603534e-6 4.28424644840423e-6 8.254562814268998e-6 0.00001559587284851881 0.00002889623759638272 0.00005250618878719392 0.00009357084552068439 0.00016355228808642393 0.0002804051051127321 0.0004715827469700787 0.0007780447577449235 0.0012593912819686744 0.002000156690947067 0.0031171362410034147 0.004767392680605598 0.007156300260338055 0.01054465576625598 0.015253564921897311 0.021665563011043547 0.030220330220134848 0.0414034958323119 0.055727454973690846 0.07370387284631558 0.09580859231910481 0.12244089010299963 0.15388027582588057 0.19024508009701663 0.2314577024751301 0.27722139320723804 0.3270127125759202 0.38009235999237684 0.43553504177452174 0.4922767276048518 0.5491753887382146 0.6050794895555764 0.6588974322651724 0.7096610216632631 0.7565768465453055 0.7990611195873961 0.8367556922299962 0.86952530055874 0.8974382331707552 0.9207342391150168 0.9397844263760223 0.9550480905704637 0.9670309405702169 0.9762482295102167 0.9831950812705397 0.9883250486481505 0.992036834466008 0.994668271216369 0.9964961385679889 0.9977401893746007 0.9985697979796697 0.9991118613440548 0.9994588925494311 0.9996765776234748 0.9998103697053614 0.9998909397850704 0.9999384797417263 0.9999659640847467 0.9999815328264321 0.9999901738108647 0.999994872908534 0.9999973767523893 0.9999986839508095 0.9999993526291706 0.9999996877755157 0.9999998523616132 0.9999999315557865 0.9999999688923817 0.9999999861395408 0.9999999939457787 0.9999999974076214 0.9999999989118511 0.9999999995522673
2.806910743161762e-16 9.144646275900388e-16 2.9181499770918583e-15 9.12126838158108e-15 2.7926374641237297e-14 8.375111590549394e-14 2.460303262203784e-13 7.079690018828484e-13 1.995598949552351e-12 5.51025757928785e-12 1.4904474789557814e-11 3.949248835410609e-11 1.0251151903563466e-10 2.606747220858136e-10 6.493837890412252e-10 1.5848528007927033e-9 3.789401430517272e-9 8.876797276552198e-9 2.03730678191445e-8 4.581230255869161e-8 1.0093579918007035e-7 2.179005894684243e-7 4.6093022296424473e-7 9.554105730917554e-7 1.9406109921050407e-6 3.862754918194218e-6 7.5350114076744985e-6 0.000014405156656517541 0.000026991067767304775 0.00004956926435925086 0.00008923172993684152 0.00015745869494289928 0.00027238469759481386 0.000461953327607411 0.0007681500795909666 0.0012524569626346338 0.0020025699278681487 0.0031402461626808082 0.004829895947534958 0.007287210309509754 0.0107867487090196 0.01566705233354083 0.02233157373087176 0.03124361414315837 0.04291362858262267 0.05787776691794335 0.0766673921665549 0.09977051105675828 0.12758744154638085 0.1603844250457226 0.19825001317941143 0.24105965816369287 0.28845380002220566 0.33983376733706805 0.39437803405894495 0.45107900789588007 0.5087979092586039 0.5663328569270034 0.6224934282216493 0.6761740378158484 0.726418648663355 0.7724705598498969 0.8138030861441143 0.8501294860852778 0.8813930786471871 0.907740705980693 0.9294842455918411 0.947055593239734 0.9609604329595733 0.9717353263928308 0.9799114237091908 0.985986688106965 0.9904071776501848 0.9935568225587543 0.9957543729965392 0.9972557927602886 0.9982602961610211 0.9989183882763153 0.9993405782765421 0.9996058037064968 0.9997689616905421 0.9998672467335536 0.9999252232944305 0.9999587123859588 0.9999776550110542 0.9999881471207797 0.99999383789462 0.9999968603900448 0.9999984323655703 0.9999992329583873 0.9999996322253331 0.9999998272101354 0.9999999204547765 0.9999999641196986 0.999999984142607 0.9999999931335921 0.9999999970870126 0.9999999987892665 0.9999999995069967 0.9999999998033322
1.5035665677598336e-16 5.037643659397329e-16 1.6522218436879915e-15 5.304568143603796e-15 1.6671601746694386e-14 5.129267626351353e-14 1.5448613820497889e-13 4.554969530932278e-13 1.3147682990253935e-12 3.715241756669672e-12 1.0277931453532083e-11 2.783634400429659e-11 7.380979216249327e-11 1.9161036203494183e-10 4.870074569412813e-10 1.211916630255925e-9 2.9528395749827493e-9 7.044448441230351e-9 1.6455265058961278e-8 3.763786075489262e-8 8.429839837713162e-8 1.848847421674388e-7 3.970855610586623e-7 8.351861775926991e-7 1.7203414779049387e-6 3.470526287044402e-6 6.857151955753472e-6 0.00001327027178549683 0.000025155031617298303 0.00004670915591023265 0.0000849642518168386 0.00015140999555680073 0.0002643542175539741 0.00045223392180133954 0.0007580883229623855 0.0012453571573585766 0.00200505621300976 0.003164190107354595 0.004894981418460962 0.00742413326285399 0.011040930919154802 0.016102587132212787 0.023034932840895098 0.03232645629230591 0.04451390498057596 0.06015826641110203 0.07981095888614494 0.10397143348138771 0.13303895860646253 0.16726288644271298 0.20669688824234184 0.25116319533973785 0.30023256613855964 0.3532244225554373 0.40922944819187945 0.46715418780748164 0.5257842567436465 0.5838601561888559 0.6401578635555626 0.6935656646572335 0.7431492478040869 0.7881987853339631 0.8282542691398603 0.8631082860570658 0.8927882179328187 0.917522092963535 0.9376937055310062 0.9537930525003455 0.966367678599187 0.9759793976804396 0.9831693534278707 0.9884328035769718 0.9922036074791685 0.9948473338721392 0.9966612540747357 0.9978792306825243 0.9986795785666281 0.9991942590779864 0.999518162621648 0.9997176487545041 0.9998378831549803 0.9999088023461266 0.9999497395133465 0.9999728649936881 0.9999856494622426 0.999992566075883 0.9999962281173109 0.9999981255739732 0.9999990877163218 0.9999995651638229 0.9999997970264342 0.9999999072195844 0.9999999584699808 0.9999999817969645 0.9999999921875169 0.9999999967168823 0.9999999986490942 0.9999999994557545 0.9999999997853226 0.9999999999170932
7.860399269650939e-17 2.711549450179548e-16 9.150575120722628e-16 3.020938654027971e-15 9.756701848011226e-15 3.0827406674180503e-14 9.529042775733157e-14 2.8816795359951193e-13 8.525744675729784e-13 2.4678323431857553e-12 6.988798067715208e-12 1.936422234167189e-11 5.249476520931568e-11 1.3923820028416386e-10 3.613564924187443e-10 9.176086578968968e-10 2.279990410846744e-9 5.5433555504242845e-9 1.31882642403728e-8 3.0703611355016204e-8 6.995048245617882e-8 1.5595696863359156e-7 3.4028750034360206e-7 7.266573965534965e-7 1.51870128902058e-6 3.10664538149197e-6 6.220233659700724e-6 0.000012190960495216814 0.00002338877552969313 0.00004392778378385924 0.0000807716982722907 0.0001454103368917335 0.0002563172958992022 0.0004424255247061401 0.0007478561329093344 0.001238085992020296 0.002007618912024603 0.0031890133042706175 0.004962806080711933 0.007567466737525547 0.011308053431903204 0.01656179396065254 0.023778480630218958 0.03347347198721722 0.04621135809266658 0.06257905845458732 0.08314830340327418 0.10842902247372009 0.1388169367093789 0.17454033498960186 0.2156122591792844 0.26179479226463187 0.31258159481218545 0.3672031947572778 0.4246569461127645 0.4837603908390828 0.543223501901465 0.6017325310962899 0.6580364452465526 0.7110265418447721 0.7598008661367608 0.803707307101938 0.8423623025989432 0.8756453767802933 0.9036727015938887 0.9267550643125075 0.9453467714269674 0.9599920845461534 0.9712749245259439 0.9797760917812632 0.9860404855098928 0.9905550917001169 0.9937370979446337 0.9959305214684107 0.9974092357444029 0.9983841946680343 0.9990128732127891 0.9994093440154729 0.9996538750656938 0.9998013767669045 0.9998883929919684 0.9999385976046601 0.9999669263378711 0.9999825596434384 0.9999909971589572 0.9999954508330595 0.9999977499567742 0.9999989107270519 0.9999994838795934 0.9999997606592355 0.9999998913780241 0.9999999517564528 0.9999999790314988 0.999999991081554 0.9999999962881324 0.999999998488299 0.999999999397581 0.9999999997651011 0.9999999999103804 0.9999999999665454
4.0049873660207873e-17 1.4242064940373247e-16 4.951215873378729e-16 1.6827618461464307e-15 5.5912691760829735e-15 1.8162700310428698e-14 5.768173489898754e-14 1.790976993443341e-13 5.436779733985457e-13 1.6136156717203945e-12 4.6824384223225665e-12 1.3285106278776312e-11 3.6854183649352354e-11 9.996446639541214e-11 2.651248286757219e-10 6.875596637127407e-10 1.7435546489557487e-9 4.323510413782928e-9 1.0483939639593163e-8 2.48606005683105e-8 5.765151043646754e-8 1.3074813435125322e-7 2.900018660079539e-7 6.29103901115861e-7 1.3348032005240236e-6 2.7701522254586772e-6 5.623429142913722e-6 0.000011166863747116609 0.000021692844296606005 0.000041227009402164706 0.00007665739081834667 0.00013946402340327338 0.00024827780982762334 0.00043252933539011284 0.0007374501282478292 0.0012306373188580256 0.0020102616004247847 0.003214764266963515 0.005033539509243911 0.007717642517356633 0.011589044048496231 0.017046448814133426 0.024565326822964143 0.03468971644132558 0.04801368540486728 0.06515118029250964 0.08669437161343424 0.11316240798005697 0.14494449410738236 0.18224305529384166 0.2250240389390711 0.27298175223294985 0.325524791145002 0.3817875379132667 0.44066860884789694 0.5008939818109727 0.5610989491460223 0.6199201899046081 0.676087686197892 0.7285062328466014 0.7763179023610153 0.8189397096639297 0.8560743162847363 0.8876952581715372 0.914011252091818 0.9354161788288511 0.9524321483099467 0.9656526709484171 0.9756916491989664 0.9831420451421173 0.9885460798743935 0.992377024141091 0.9950312779252444 0.99682860844863 0.9980181026544219 0.998787490941518 0.9992738731158384 0.9995743828534618 0.9997558459209923 0.9998629403117665 0.9999247126379827 0.9999595359376023 0.9999787223860009 0.9999890539945322 0.9999944913778445 0.9999972881725325 0.9999986941547323 0.9999993849472582 0.9999997166613936 0.9999998723399653 0.9999999437471938 0.9999999757585416 0.9999999897839063 0.9999999957897321 0.9999999983032366 0.9999999993313354 0.9999999997423321 0.9999999999029117 0.99999999996423 0.9999999999871143
1.9858917401759298e-17 7.289341242545239e-17 2.6138688722105317e-16 9.156869252204646e-16 3.13388521337613e-15 1.0478459594799349e-14 3.422912600400399e-14 1.0924063726992004e-13 3.4061915244394175e-13 1.0376647553363376e-12 3.0885551445194696e-12 8.98196779395872e-12 2.552192727508958e-11 7.085814304088221e-11 1.9222479491354077e-10 5.095443226177149e-10 1.3198289380459432e-9 3.3406217813850263e-9 8.262710598380421e-9 1.9971731630783016e-8 4.717588748817334e-8 1.0890549120775001e-7 2.457083985951929e-7 5.418100336317114e-7 1.167746075107738e-6 2.4600445210392466e-6 5.065834610530966e-6 0.000010197517473226027 0.000020067673020408304 0.00003860862467554766 0.00007262467710386347 0.0001335755173902816 0.0002402398951016961 0.00042254677502597004 0.0007268669085009871 0.0012230047009771108 0.0020129880801869073 0.0032414950932035656 0.005107365121446089 0.007875130162844853 0.011884915761226071 0.017558496014990245 0.025398880999390396 0.03598073401049893 0.04992932133683225 0.06788669851710032 0.09046544221747141 0.11819231205688223 0.1514464829509778 0.19039900879082 0.23496148869411332 0.28475208318974154 0.33908581201198484 0.39699346362412274 0.4572697712795516 0.5185473472055038 0.5793889660835869 0.6383879040630618 0.6942647487350656 0.7459496627089419 0.7926413923541147 0.83383789631693 0.8693376215820313 0.8992144053765885 0.9237720613376298 0.9434864894042092 0.9589435051099438 0.9707796779095861 0.979631672008547 0.9860973651717555 0.9907098314839786 0.9939234583463685 0.9961102217582691 0.9975635116023401 0.9985068049006716 0.9991047830428172 0.9994750098816061 0.999698879157311 0.9998310893907505 0.9999073463717676 0.9999503037804425 0.9999739379555261 0.9999866374577633 0.999993302099337 0.9999967180431257 0.9999984280128492 0.9999992640197879 0.9999996632055714 0.9999998493645293 0.9999999341529344 0.9999999718695409 0.9999999882555177 0.9999999952082517 0.9999999980895112 0.9999999992556564 0.9999999997166196 0.9999999998945801 0.9999999999616802 0.9999999999863899 0.9999999999952769
9.568057533701088e-18 3.630053619876341e-17 1.344455847747786e-16 4.86104100397415e-16 1.7157994220588953e-15 5.912399642581237e-15 1.9889639917106953e-14 6.532239490311599e-14 2.0944781293371066e-13 6.556544310088753e-13 2.003857802075496e-12 5.979422602780467e-12 1.742048471394845e-11 4.955398083292132e-11 1.376332686910002e-10 3.732541836859963e-10 9.884001179013151e-10 2.55575305005923e-9 6.453196409800104e-9 1.591158685780002e-8 3.8313191130775215e-8 9.009360347296155e-8 2.0690263681185785e-7 4.6406768227852165e-7 1.0166182987630416e-6 2.1752805502346914e-6 4.546470503202064e-6 9.282349177693675e-6 0.000018513578897082472 0.000036074340687049386 0.00006867692152210788 0.00012774943851190295 0.00023220795858886327 0.00041247950651753326 0.000716103061976501 0.001215181395859997 0.0020158023979598926 0.0032692617980721378 0.005184481581820425 0.008040441074158002 0.012196776267215213 0.018100067407822384 0.02628288697988667 0.037352613712646095 0.0519675185707467 0.07079881705372934 0.09447925539893666 0.12354118288985035 0.15834960289925562 0.19903789250989085 0.2454551837951785 0.29713433776123443 0.353287762115215 0.4128350997159507 0.4744624801202165 0.536708318974988 0.5980664607724456 0.657094632324305 0.7125152954814804 0.763297243623547 0.8087094125351224 0.8483427251660645 0.8821004940843417 0.9101620873129548 0.9329275315952859 0.9509521110631144 0.9648798091792334 0.9753829388775448 0.9831130062120184 0.9886653068604969 0.9925574410376587 0.9952201748072953 0.9969980152532277 0.9981564801826222 0.9988931927013703 0.999350426405103 0.9996273777153242 0.9997910946441027 0.999885546110169 0.9999387261598973 0.9999679484108956 0.9999836196542837 0.9999918216223512 0.999996011076959 0.9999980995153448 0.9999991155547979 0.9999995979735359 0.9999998215172272 0.9999999226112044 0.9999999672294739 0.9999999864482044 0.9999999945272706 0.9999999978418015 0.999999999168913 0.9999999996874946 0.9999999998852604 0.9999999999588658 0.9999999999856014 0.999999999995079 0.999999999998358
3.674543821689756e-18 1.4533268471179972e-17 5.606299035828542e-17 2.1093440088650113e-16 7.740733695771648e-16 2.770677987495002e-15 9.673088574914462e-15 3.294016415533664e-14 1.0941440382556823e-13 3.5450178629726795e-13 1.120379124747885e-12 3.4539985190783024e-12 1.038719377471595e-11 3.0472085486797465e-11 8.720541512722732e-11 2.434625373414427e-10 6.630999455276924e-10 1.7619576297429182e-9 4.567660229434123e-9 1.155279520398434e-8 2.8509482186980623e-8 6.864605497077372e-8 1.6128054133400865e-7 3.697480064395233e-7 8.271911202322152e-7 1.8059352442172408e-6 3.847835617856876e-6 8.001517939827754e-6 0.000016240345183210147 0.000032174570060777616 0.00006222356512248424 0.00011747740481988856 0.00021654429034801903 0.00038973640900972605 0.0006849669897300734 0.0011756806951522987 0.001970976506680525 0.0032277670112279373 0.0051643263146205895 0.008073920704239242 0.012336454775052219 0.018425329815722036 0.026906193156949545 0.03842418838095816 0.053676917800689374 0.07337174148846683 0.09816824821273774 0.12860952022532005 0.16504873321524396 0.20758007571894216 0.2559842831673395 0.3096987244116164 0.36781970650611606 0.42914064082210157 0.4922245391618707 0.5555039206120576 0.6173966834889338 0.6764237846869752 0.731314258528087 0.7810852667154308 0.825089030512858 0.8630237723372346 0.8949111167868963 0.9210467770319538 0.9419340859208494 0.9582107492456731 0.9705782553844584 0.9797411509331319 0.9863605286989664 0.9910232065271072 0.9942256940074717 0.9963704270430315 0.9977709582407799 0.9986627142701865 0.999216361353222 0.9995515224825914 0.9997493596625011 0.999863226114492 0.9999271285250271 0.9999620966412659 0.9999807544545516 0.9999904614029697 0.9999953856307922 0.9999978213484901 0.9999989961084195 0.9999995485732225 0.9999998019071641 0.9999999151772887 0.9999999645595032 0.9999999855517483 0.9999999942529715 0.999999997769667 0.9999999991555362 0.9999999996880644 0.9999999998875888 0.9999999999604812 0.9999999999864468 0.9999999999954658 0.9999999999985203 0.9999999999995289
1.6506435652233737e-18 6.770259334573756e-18 2.7061864051164546e-17 1.0541822705011912e-16 4.0020708960768974e-16 1.4807123205393905e-15 5.339241154347116e-15 1.8763668612570268e-14 6.426760968532003e-14 2.1454081142583224e-13 6.980374102068192e-13 2.213637879466345e-12 6.842300529831774e-12 2.061458179384716e-11 6.053874823723365e-11 1.7329626791303282e-10 4.835627881616352e-10 1.315334450176932e-9 3.487801451934644e-9 9.015981482177555e-9 2.2721363459139707e-8 5.582533822460952e-8 1.3372744912154367e-7 3.1233443718295117e-7 7.112930598680021e-7 1.5795284864157488e-6 3.420416771203109e-6 7.223166087986776e-6 0.000014876459019515524 0.000029882958428794878 0.000058550530708634774 0.00011190649077506402 0.00020865749964451134 0.00037958370213362974 0.0006737835198931725 0.0011671354174086247 0.0019731666810299292 0.003256169714374151 0.00524585423107066 0.008252079539413761 0.012677348058898771 0.01902391039129819 0.02789175989966456 0.03996375201657864 0.05597482569739071 0.07666398631345593 0.10271029629499187 0.13465732499708638 0.17283378768221289 0.21728072668115464 0.267696797554459 0.3234124360046586 0.38340068824717866 0.44632758188147686 0.5106388936622044 0.5746741915751205 0.6367943410153103 0.6955062955819545 0.7495694735585644 0.798071243123238 0.840464284024808 0.8765647261711887 0.906515733010637 0.930725537037661 0.9497912060954362 0.9644195021069939 0.9753544401327108 0.9833182299557438 0.9889689541588005 0.9928752872071096 0.995506253212713 0.9972326554585156 0.9983363515586368 0.9990237962385577 0.9994409601245584 0.9996875960423508 0.999829660873549 0.999909386407764 0.9999529766078314 0.999976196532947 0.9999882472601729 0.9999943404701612 0.999997342115939 0.9999987827480694 0.9999994563868322 0.9999997632758248 0.9999998994879521 0.9999999583900021 0.9999999832056242 0.9999999933915379 0.999999997464917 0.9999999990519634 0.9999999996543902 0.9999999998771818 0.9999999999574555 0.9999999999856346 0.999999999995272 0.9999999999984832 0.9999999999995257 0.9999999999998554
7.162270428337055e-19 3.051519818335177e-18 1.2659366734995743e-17 5.113795672881561e-17 2.0114810646368787e-16 7.704342902364224e-16 2.8734825067229403e-15 1.0436175728042672e-14 3.6909744201279626e-14 1.2712029070130293e-13 4.263543652174796e-13 1.392569328035973e-12 4.429574462105073e-12 1.3721942916080644e-11 4.1398783851662964e-11 1.2164339643749094e-10 3.481206509381534e-10 9.703388454391735e-10 2.634403879138326e-9 6.966593150899216e-9 1.7945374908283828e-8 4.5029233970079204e-8 1.1006865433317929e-7 2.6210679908829645e-7 6.08076686463867e-7 1.374438636108397e-6 3.0269312061048873e-6 6.495538219239285e-6 0.000013582836826867368 0.000027679504589567717 0.00005497320020658799 0.00010641526780042795 0.00020079630010133034 0.00036935893374825815 0.0006624133096838338 0.0011583719597866708 0.0019754303994742976 0.003285731780244575 0.005331232973763797 0.00843964633573528 0.01303785121322661 0.01965922974712746 0.028940749409862233 0.04160560841091587 0.05842817471213306 0.08017995348545183 0.1075583471782028 0.14110365834377026 0.181113457707258 0.2275662284365497 0.2800672294535783 0.3378281711361315 0.39968842140869304 0.4641795255029842 0.5296278731058127 0.5942837931445202 0.6564606323366704 0.71466555508854 0.7677053115338828 0.8147547068152772 0.855381943373303 0.8895319837656874 0.9174751651651007 0.93973239722056 0.9569898668112717 0.9700153463514816 0.9795855448727921 0.9864303134969659 0.9911957992291965 0.9944255285465015 0.9965562937762251 0.997924701670641 0.9987801740735144 0.999300777314474 0.9996091799826847 0.9997870241988404 0.9998868566388435 0.9999414090445643 0.999970426970554 0.9999854524737861 0.9999930260645573 0.9999967421419289 0.9999985170575688 0.9999993422983664 0.9999997158009561 0.9999998803579878 0.9999999509327002 0.9999999803966914 0.9999999923708158 0.9999999971078402 0.9999999989320596 0.9999999996159054 0.9999999998654502 0.999999999954094 0.999999999984746 0.9999999999950635 0.9999999999984441 0.9999999999995224 0.9999999999998572 0.9999999999999585
2.995430525506481e-19 1.3280237053982647e-18 5.727881875264372e-18 2.403418117509518e-17 9.811092197507354e-17 3.8964054696410303e-16 1.5054836534586911e-15 5.659261636017658e-15 2.0697716603108668e-14 7.364979881651979e-14 2.549852993044813e-13 8.589376613612653e-13 2.8152701760543436e-12 8.978422261298988e-12 2.7861961728785084e-11 8.413291846698443e-11 2.472147797535754e-10 7.068862579317429e-10 1.967000927640109e-9 5.326644945684916e-9 1.4038230668291152e-8 3.600782269203979e-8 8.989279493634381e-8 2.1843161073820382e-7 5.166414368181425e-7 1.189510700782325e-6 2.666102929728622e-6 5.817562004902266e-6 0.000012359162644330061 0.000025565357461165265 0.00005149477386113582 0.00010100890989530093 0.00019296640631320962 0.00035906524246153614 0.0006508533598476842 0.0011493821221547954 0.0019777714279848283 0.0033165243534106553 0.005420729624297099 0.008637333140980205 0.013419544321420016 0.020334378802758055 0.030058641363283962 0.04335869644519663 0.06105049975947554 0.08393875498102729 0.11273760955072526 0.14797954098856525 0.18992318560909566 0.23847378741901873 0.293130696863935 0.3529742725060251 0.41669959111953925 0.4826972482406672 0.549173580009963 0.6142955605465023 0.6763410446683135 0.7338340187557564 0.7856473346563033 0.8310613606704886 0.8697746985262109 0.9018708687178945 0.9277510777199892 0.9480467899308789 0.9635264972700996 0.975009173166734 0.9832932736201501 0.9891058606605377 0.9930724333521626 0.9957050230165068 0.9974043333583624 0.9984711357228306 0.9991224895110817 0.9995092762571445 0.9997326580905088 0.9998581297676103 0.9999266730811956 0.9999630902335521 0.9999819080105328 0.9999913649813308 0.9999959872706303 0.9999981845409537 0.9999992003944782 0.9999996571668958 0.9999998569182663 0.9999999418755702 0.9999999770180714 0.999999991155992 0.9999999966877005 0.9999999987927088 0.9999999995717654 0.9999999998521829 0.9999999999503489 0.9999999999837714 0.9999999999948386 0.9999999999984027 0.999999999999519 0.999999999999859 0.9999999999999598 0.9999999999999889
1.204665632057538e-19 5.568162675207288e-19 2.501442250727916e-18 1.092213975305398e-17 4.6352106101569794e-17 1.9119734038366082e-16 7.665691544127904e-16 2.987341090066249e-15 1.1315911167986868e-14 4.166517313276415e-14 1.4912277122019028e-13 5.188126192471985e-13 1.7546161070699761e-12 5.768574791055201e-12 1.8436574952675472e-11 5.728335201551252e-11 1.7303142910345846e-10 5.081392172177337e-10 1.450825714818919e-9 4.0275156631743005e-9 1.0870873217074414e-8 2.8530786652220866e-8 7.281207579716133e-8 1.806978947120516e-7 4.360979357561844e-7 1.0235739328051013e-6 2.3365956932250026e-6 5.188050013867255e-6 0.000011204962243572411 0.000023541513242292044 0.00004811839186304935 0.00009569271656627122 0.0001851738624559037 0.00034870614233450427 0.0006391007492437243 0.0011401573072126955 0.001980193794011477 0.003348624429227692 0.005514635674102047 0.008845921870140588 0.013824170005923392 0.021052775525069088 0.03125150172793156 0.04523290597325992 0.0638567416804854 0.08796139972268249 0.11827561593949773 0.15531853979309812 0.19930081959117985 0.25004237703755156 0.3069228815418119 0.3688779279350261 0.43444767991882066 0.5018762590071398 0.5692511522318219 0.6346644112090676 0.6963732104863323 0.7529374578169394 0.8033165722165856 0.84691518136583 0.8835765199770103 0.9135307088495566 0.9373111744951258 0.9556552854961776 0.969404772271041 0.9794183617599639 0.9865044495677777 0.9913767795862302 0.9946319988934071 0.9967451821597426 0.9980781123072038 0.9988950536909265 0.9993815590618775 0.9996630714911026 0.9998213495283355 0.9999078178113852 0.9999537171113566 0.9999773909281457 0.9999892552642438 0.9999950326515212 0.9999977662350026 0.9999990229765159 0.9999995843763445 0.9999998280514815 0.9999999308206216 0.9999999729346432 0.9999999897034872 0.9999999961912038 0.9999999986300978 0.9999999995209509 0.9999999998371287 0.9999999999461644 0.9999999999827002 0.9999999999945955 0.9999999999983586 0.9999999999995155 0.999999999999861 0.9999999999999611 0.9999999999999896 0.9999999999999972
4.647041225784143e-20 2.2438446439702533e-19 1.0519922704193001e-18 4.788962523634682e-18 2.1168270917784663e-17 9.085538111453171e-17 3.786551528584103e-16 1.532399657360642e-15 6.0220257235247044e-15 2.2980709190873954e-14 8.5161414881082e-14 3.0647130223836194e-13 1.0710597874933175e-12 3.6351692434027537e-12 1.1982110204546661e-11 3.83575796979112e-11 1.1925882963022886e-10 3.601342784049991e-10 1.0562993181959659e-9 3.0093537362369224e-9 8.32797457091421e-9 2.2387360665778302e-8 5.8463197327369657e-8 1.4831965169379174e-7 3.655722789895045e-7 8.754473392116445e-7 2.0370177815863566e-6 4.605700477824716e-6 0.000010119596414305385 0.00002160880034523126 0.000044847115953192183 0.00009047210288706903 0.00017742505328916162 0.0003382855532590072 0.0006271526555994847 0.0011306884979356805 0.001982701809568778 0.0033821154596811037 0.005613269797747791 0.00906627272475798 0.014253653721685916 0.02181820641605358 0.03252605692797478 0.0472391953499115 0.06686341276136994 0.09227099876853606 0.12420243983215973 0.1631569467361182 0.2092866861540168 0.26231262967332347 0.32147968225292706 0.3855645663437267 0.45294214752576023 0.5217058699672081 0.5898278861453925 0.6553367034020255 0.716486662502227 0.7718952046864924 0.8206302537888974 0.8622395347421898 0.8967239699479134 0.9244661195696156 0.9461302452704281 0.9625522535013749 0.9746358267484527 0.9832665755826346 0.9892504921738084 0.9932777228234457 0.9959086653269125 0.997577064831171 0.9986040698016637 0.9992177311805489 0.9995736645796451 0.9997740621011286 0.9998835836430386 0.9999416855379382 0.9999716057404047 0.9999865619720423 0.9999938190735311 0.9999972371950872 0.9999987999649707 0.9999994935276497 0.9999997923131212 0.9999999172573608 0.9999999679746373 0.9999999879584547 0.9999999956018044 0.9999999984395385 0.9999999994622244 0.9999999998199873 0.9999999999414746 0.9999999999815194 0.9999999999943325 0.999999999998312 0.9999999999995117 0.9999999999998628 0.9999999999999626 0.99999999999999 0.9999999999999974 0.9999999999999993
1.7147512124132433e-20 8.668007355701105e-20 4.249996614257058e-19 2.021225603405529e-18 9.324036080908072e-18 4.1721743130715664e-17 1.8109107894654608e-16 7.624562770948281e-16 3.1140365249154442e-15 1.2337619901777012e-14 4.741836256254926e-14 1.7679838732303542e-13 6.394937562613153e-13 2.2440415828105882e-12 7.639643355360823e-12 2.523333329283107e-11 8.086267425999889e-11 2.5142414886719365e-10 7.585177418008184e-10 2.2204443280610517e-9 6.307338270820147e-9 1.7386110518930324e-8 4.6508061234181646e-8 1.2073814445285253e-7 3.042103078540691e-7 7.439455329539376e-7 1.765927559354888e-6 4.0690990265607275e-6 9.102254888924078e-6 0.000019767863939880206 0.00004168390932996181 0.00008535258737995897 0.00016972671442735978 0.000327807833416378 0.0006150063790901537 0.0011209662336768924 0.0019853000968083827 0.0034170880351953392 0.005716981003903454 0.0092993338165326 0.014710127027234338 0.022634874116021258 0.03388977875130879 0.049389725241626194 0.07008878330901946 0.09689299270657215 0.13055092897054169 0.17153395783775438 0.21992363533788115 0.2753266668093216 0.33683677187610567 0.4030571352794086 0.4721874937739388 0.5421681839483657 0.6108623408824914 0.676249660779119 0.7366027400041725 0.7906206127353188 0.8375027776915901 0.8769584966683683 0.90915764377054 0.9346383145467914 0.9541911345412778 0.9687403634488805 0.979238266300529 0.9865833556920074 0.9915667304463059 0.9948452810783217 0.996936849535534 0.9982307297341062 0.9990068835437738 0.9994583580289451 0.9997130118892174 0.9998522951391924 0.9999261669989541 0.9999641588646495 0.9999831055651163 0.9999922679359563 0.9999965644217081 0.9999985180864714 0.9999993795121002 0.9999997478246596 0.9999999005271704 0.9999999619184448 0.9999999858514839 0.9999999948987984 0.9999999982152379 0.999999999394078 0.9999999998003979 0.9999999999362015 0.9999999999802149 0.999999999994047 0.9999999999982623 0.9999999999995078 0.9999999999998648 0.999999999999964 0.9999999999999907 0.9999999999999977 0.9999999999999994 0.9999999999999999
6.034626760001043e-21 3.200852179462777e-20 1.6449599882662834e-19 8.190783102646236e-19 3.951682630096999e-18 1.8472759162292224e-17 8.367225416275034e-17 3.6723028009480516e-16 1.5617466287408086e-15 6.435851150653874e-15 2.570002135874323e-14 9.944944732032196e-14 3.729259317429492e-13 1.3552040609245457e-12 4.7726545817632945e-12 1.6289231213288354e-11 5.38814622634387e-11 1.7273892614773164e-10 5.367449730689663e-10 1.6165482424941613e-9 4.719211879343706e-9 1.3354540821154648e-8 3.663423757843996e-8 9.742395211711132e-8 2.5118181939598974e-7 6.278848798528451e-7 1.5218397810278589e-6 3.576721489449099e-6 8.151951067236854e-6 0.000018019150231269754 0.0000386316148079687 0.00008033977746368992 0.00016208594162840268 0.0003172778138983493 0.000602659369098625 0.0011109805848685732 0.001987993616400589 0.0034536406536410133 0.005826152224092284 0.009546152194937573 0.015195954335357597 0.02350745214608043 0.035350981738707196 0.051698011163663515 0.07355309199496939 0.10185540317924177 0.13735695431627878 0.1804918472754684 0.2312570485621653 0.2891278519539713 0.3530290406530632 0.42137524501752055 0.4921821988061778 0.5632370069655913 0.6323034487710694 0.6973309013471437 0.7566346900819282 0.8090217672300433 0.8538469337493415 0.8909983737014102 0.9208237110929525 0.9440163959956711 0.9614855795877673 0.9742308799904307 0.98323794696077 0.9894035067804501 0.9934915681187677 0.9961171042978054 0.9977504355623348 0.9987346418896925 0.9993090936717286 0.9996338641148934 0.9998117145114191 0.999906052916915 0.9999545234176819 0.9999786458827986 0.999990274310407 0.9999957040042653 0.9999981597570828 0.9999992355999054 0.9999996921282834 0.9999998797751907 0.9999999544836233 0.9999999832942243 0.9999999940561352 0.9999999979499987 0.9999999993146642 0.9999999997779252 0.999999999930253 0.9999999999787692 0.9999999999937366 0.9999999999982092 0.9999999999995037 0.9999999999998668 0.9999999999999654 0.9999999999999913 0.9999999999999979 0.9999999999999996 0.9999999999999999 1.
2.018933446203774e-21 1.1264171311927723e-20 6.082026332953683e-20 3.178155332946147e-19 1.6072595859761099e-18 7.866611136116698e-18 3.726380139002558e-17 1.7084093191838255e-16 7.580711163803833e-16 3.2557394651810326e-15 1.3533807075263382e-14 5.445409016153379e-14 2.120759344932528e-13 7.994908234551407e-13 2.9174833172398403e-12 1.030596077149634e-11 3.524252999776056e-11 1.1666978805854095e-10 3.739192146064836e-10 1.1602235184976391e-9 3.4855217242831735e-9 1.0138537547838583e-8 2.8555180954822377e-8 7.787875609145598e-8 2.0568465036059678e-7 5.260898841229804e-7 1.303232662337182e-6 3.126937855993609e-6 7.267517717269568e-6 0.000016362890621439184 0.00003569293119361128 0.00007543935219461621 0.0001545101988071363 0.0003067008355571102 0.0005901092545551023 0.00110072112626252 0.001990787699087159 0.003491880589683537 0.005941204410340158 0.00980788651628186 0.015713763740921493 0.024441148004871172 0.036918935099125985 0.05417909756822 0.07727878298304379 0.10718911041460916 0.1446596734427556 0.19007613024237344 0.24333479625030524 0.30376044814041003 0.37008990580027973 0.4405341643329 0.5129175378700479 0.584876700948606 0.6540896655564044 0.7184981172983976 0.7764880116682322 0.8270024829896089 0.8695753918219324 0.9042894057415577 0.9316755133873191 0.9525785666211632 0.9680148607441081 0.9790437106575522 0.9866675059705476 0.9917662827585022 0.9950655271837996 0.9971309865039624 0.9983820299797507 0.9991151611702098 0.999530827129584 0.9997588406601088 0.9998798531224904 0.9999419904851028 0.9999728599206168 0.999987697314494 0.9999945971627071 0.9999977015387667 0.9999990528702394 0.9999996219879906 0.9999998538848883 0.9999999453046746 0.9999999801735392 0.9999999930408454 0.9999999976348303 0.9999999992217081 0.9999999997520417 0.9999999999235191 0.9999999999771625 0.9999999999933984 0.9999999999981526 0.9999999999994995 0.9999999999998688 0.9999999999999667 0.9999999999999918 0.999999999999998 0.9999999999999996 0.9999999999999999 1. 1.
4.820203505977528e-22 2.8669814130678946e-21 1.6479114435055387e-20 9.153737342725447e-20 4.91388572735618e-19 2.5492974243867794e-18 1.2781800460701288e-17 6.193658992919048e-17 2.900643852800233e-16 1.3129313734529883e-15 5.74380032816302e-15 2.4287125687929226e-14 9.926195454019832e-14 3.921304652338019e-13 1.4973775589677863e-12 5.527105851823423e-12 1.9721667883949847e-11 6.802735292384603e-11 2.2684716290465042e-10 7.313242390014453e-10 2.279458754983288e-9 6.869394388184742e-9 2.001665554134466e-8 5.639935515895408e-8 1.5367085866555022e-7 4.0492171435917455e-7 1.0319120045155546e-6 2.543542182918238e-6 6.064508646008059e-6 0.000013987878686863149 0.00003121409197940732 0.00006739684792457462 0.00014082211126799094 0.0002847753803178213 0.000557440632930817 0.0010564059970476776 0.0019385580094654074 0.0034453349575517753 0.005931827108634203 0.00989604829612803 0.016002112871853345 0.025088635238850875 0.03815235507753658 0.056297854290525286 0.08064813303393452 0.11221794173209981 0.15176124987067793 0.19961402366313816 0.25556070526287994 0.3187545338876656 0.3877162631251548 0.46042301946589753 0.5344814589668334 0.6073613150049325 0.6766518023161976 0.7402980607548194 0.7967794382817786 0.8452045693242592 0.8853161178352306 0.9174158288913221 0.94223377607778 0.9607718064235622 0.9741499014965881 0.9834772429471311 0.9897600587569118 0.9938487430413745 0.9964194084845137 0.9979809020798762 0.9988972648731027 0.9994168146969851 0.999701404534955 0.9998520111055166 0.999929012874573 0.9999670484194558 0.9999851998407154 0.9999935686482226 0.9999972964117922 0.9999989006352581 0.9999995676155085 0.9999998355277546 0.9999999394966692 0.9999999784770142 0.9999999925965016 0.9999999975375957 0.9999999992081405 0.9999999997538027 0.9999999999259974 0.9999999999784959 0.9999999999939593 0.9999999999983596 0.9999999999995695 0.9999999999998908 0.9999999999999731 0.9999999999999937 0.9999999999999986 0.9999999999999997 1. 1. 1. 1.
1.423324786525985e-22 8.958408129548557e-22 5.4417814239560606e-21 3.190369481070228e-20 1.805248900687334e-19 9.859079771849e-19 5.1969224763539955e-18 2.644079407869393e-17 1.2984626562081685e-16 6.154885675965333e-16 2.816148069854689e-15 1.2437869032764264e-14 5.302762465001836e-14 2.1824057693310667e-13 8.67078051333784e-13 3.3257021469228395e-12 1.2314733825302222e-11 4.4024894823289905e-11 1.519565724994282e-10 5.064143702760342e-10 1.6295842445526713e-9 5.063517386685516e-9 1.5193387367818797e-8 4.4025848719237385e-8 1.232076792819037e-7 3.330221725173233e-7 8.694505069571816e-7 2.1927384610202202e-6 5.342397733645631e-6 0.00001257574794900615 0.00002860385537435179 0.00006287210773560558 0.0001335638604876577 0.00027426990046352785 0.0005444939755796616 0.0010452229830750011 0.0019404825614864679 0.0034848932873819184 0.0060555515040385316 0.010184064423746053 0.016581572090591107 0.026146812979234026 0.039945857130978916 0.05915332667545121 0.08494974514408661 0.11837824085606874 0.16017498542334724 0.21059887241076178 0.26929351412377733 0.3352152884113935 0.4066530167789275 0.4813485640960944 0.5567066968097351 0.6300623995431139 0.6989602970606899 0.7613979227863839 0.8159932028345385 0.8620540690281515 0.8995494145462728 0.9289997903721423 0.9513186759023122 0.9676387566903283 0.9791531268793736 0.9869915029853343 0.9921399941474724 0.995402878932599 0.997398101392867 0.9985752970458042 0.9992454495220409 0.9996135498159426 0.9998086358433227 0.9999083951740108 0.9999576159142582 0.9999810479431648 0.9999918110752163 0.9999965812505199 0.9999986210936893 0.9999994627326889 0.9999997977917903 0.9999999264932102 0.9999999741924503 0.9999999912495675 0.9999999971348281 0.9999999990940853 0.9999999997234218 0.999999999918469 0.9999999999767948 0.9999999999936234 0.9999999999983084 0.9999999999995668 0.9999999999998929 0.9999999999999745 0.9999999999999941 0.9999999999999987 0.9999999999999998 1. 1. 1. 1. 1.
3.9461074323967234e-23 2.636306978785769e-22 1.6974913071673977e-21 1.0534404573967943e-20 6.301007572534402e-20 3.632575919051328e-19 2.018513380724641e-18 1.0811073228848963e-17 5.581291916125356e-17 2.7774002531889007e-16 1.3322620220451916e-15 6.160252995697516e-15 2.7458458172897646e-14 1.1798700485987608e-13 4.887482271279291e-13 1.9518330417833108e-12 7.514862541084259e-12 2.7895609777785077e-11 9.983983427831489e-11 3.4454270790635056e-10 1.1464971696908784e-9 3.678872359739219e-9 1.1383901569686939e-8 3.3972465169199994e-8 9.777988899544777e-8 2.714488693838546e-7 7.269001418589406e-7 1.877781019001056e-6 4.679907788548655e-6 0.000011253674555156933 0.000026113375245601534 0.000058478347173407384 0.00012640026638251523 0.0002637457355338782 0.0005313472248784385 0.0010337275657912347 0.0019424824994872135 0.0035263945762042644 0.006186418870226714 0.010490797587133992 0.017202084032210747 0.02728466190390064 0.04187979228908932 0.06223685086753015 0.08959538273989494 0.1250229490827441 0.16922685738799095 0.2223704460182379 0.2839323409494711 0.35264614653045934 0.4265465765447889 0.5031275502754499 0.5795930910604906 0.6531598470606477 0.7213573387203193 0.7822726035729126 0.8346995774995185 0.878176053611684 0.9129156474846203 0.9396620854603563 0.9595037422131953 0.9736864979326536 0.9834546848400434 0.9899371154686547 0.9940821895617313 0.996636049872421 0.9981521654556402 0.9990194023007356 0.9994973861965492 0.9997512254808938 0.9998811150620208 0.9999451562808083 0.9999755801555436 0.9999895065595626 0.9999956488853483 0.9999982592185684 0.9999993280965926 0.9999997498215316 0.9999999101457735 0.9999999688727598 0.9999999896001521 0.9999999966490281 0.9999999989587685 0.9999999996880149 0.9999999999098617 0.9999999999748895 0.9999999999932554 0.9999999999982534 0.9999999999995639 0.999999999999895 0.9999999999999756 0.9999999999999946 0.9999999999999989 0.9999999999999998 1. 1. 1. 1. 1. 1.
1.0224302037069968e-23 7.274369093795411e-23 4.980892404338913e-22 3.282280061783008e-21 2.081649551966598e-20 1.2706044716546233e-19 7.464343785989438e-19 4.220457876581201e-18 2.2967985012080088e-17 1.2030699497108983e-16 6.065594798477672e-16 2.9436148099186484e-15 1.3750702602534e-14 6.183255124037735e-14 2.676521325857275e-13 1.115319645809229e-12 4.474226475419499e-12 1.727995216520205e-11 6.425254086023574e-11 2.3002756438000157e-10 7.929236617162658e-10 2.631883064480396e-9 8.41219177292181e-9 2.5893145748032897e-8 7.675762948410442e-8 2.1915427966794243e-7 6.027031643376782e-7 1.5966832592715927e-6 4.075080111528923e-6 0.000010020744454769239 0.000023744294727561863 0.00005422108904715685 0.00011934027558525387 0.0002532110198333612 0.0005179997900401888 0.0010219072165467743 0.0019445623401771178 0.0035699823519748067 0.006325032374984095 0.01081797802449473 0.017867679586368528 0.028510292909388724 0.04396867022392756 0.06557184954177032 0.09461940930469777 0.13219795038550652 0.17897238091809284 0.23498881770561533 0.29953355928712083 0.37108933564095375 0.4474143678895588 0.525744304529559 0.6030883777383506 0.6765676400288461 0.743732328930418 0.8028007933768415 0.8527822353104011 0.8934734142464205 0.9253469404735425 0.9493683369077871 0.9667865912070299 0.978938630762227 0.987095656242911 0.9923637376504306 0.9956372279604606 0.9975943029524399 0.9987200520175952 0.9993430882864212 0.9996748471606427 0.9998448159283411 0.9999285983530047 0.9999683334065697 0.9999864648178888 0.999994425058403 0.9999977875203501 0.9999991540687068 0.999999688422493 0.9999998894561877 0.9999999622249023 0.9999999875677983 0.999999996059667 0.9999999987973652 0.9999999996465514 0.9999999998999798 0.999999999972748 0.999999999992851 0.9999999999981946 0.999999999999561 0.9999999999998972 0.9999999999999769 0.999999999999995 0.9999999999999989 0.9999999999999998 1. 1. 1. 1. 1. 1. 1.
2.4630670599114698e-24 1.8729157069895993e-23 1.3684778732078296e-22 9.608188111943022e-22 6.482408456275577e-21 4.20271456492784e-20 2.618363210862329e-19 1.5676342941716665e-18 9.019519510285302e-18 4.9871831764767536e-17 2.6501510419449976e-16 1.3534434817234245e-15 6.643169929831665e-15 3.133925715073193e-14 1.4209977288048364e-13 6.193036552142291e-13 2.594387058801034e-12 1.04472798861722e-11 4.044145631366538e-11 1.5049588628038038e-10 5.384154660211445e-10 1.851944631886982e-9 6.124639160425147e-9 1.9476085755262826e-8 5.9555318472017946e-8 1.7513335389592667e-7 4.953148873156772e-7 1.3473991354048802e-6 3.5257824031801347e-6 8.87575742100278e-6 0.00002149795926132067 0.000050105767345712825 0.00011239318505624717 0.0002426746172575041 0.0005044515314169725 0.0010097487925781697 0.0019467269683456363 0.0036158143687493507 0.006472062197671025 0.011167542522092021 0.018582891717702776 0.029832845541091783 0.04622883083814419 0.06918460989995318 0.10006013601998305 0.13995386025050208 0.18947181971745813 0.24851760377316387 0.3161544087670807 0.3905839502305382 0.46926600515653133 0.5491710406016788 0.6271254545987528 0.7001847326024782 0.7659623483919031 0.8228540523573518 0.8701242897261898 0.9078549676909491 0.9367863620951714 0.9580977626301934 0.9731784943527242 0.9834303044549098 0.9901252387297812 0.9943253385250617 0.9968566192935391 0.9983221277573049 0.9991372139146322 0.999572711493016 0.9997962410040269 0.9999064585498081 0.999958666084855 0.9999824225629175 0.9999928073395993 0.9999971682616113 0.9999989275026122 0.9999996092728127 0.9999998630871447 0.9999999538607328 0.9999999850473216 0.9999999953402989 0.9999999986037622 0.9999999995977491 0.9999999998885842 0.9999999999703322 0.9999999999924056 0.9999999999981313 0.9999999999995579 0.9999999999998995 0.999999999999978 0.9999999999999953 0.9999999999999991 0.9999999999999998 1. 1. 1. 1. 1. 1. 1. 1.
5.485995066806781e-25 4.47554641080831e-24 3.502678263507278e-23 2.629812078613009e-22 1.8942034754283073e-21 1.3089214365783214e-20 8.67748020676492e-20 5.519190109166178e-19 3.3679673069203933e-18 1.9718818560018767e-17 1.1077067282976303e-16 5.97049929762513e-16 3.0878081752941543e-15 1.5323446916275828e-14 7.296972875841991e-14 3.334446313173373e-13 1.4622283414095714e-12 6.153668474372076e-12 2.4854139455802433e-11 9.634493807735807e-11 3.5846442019533577e-10 1.280187168355597e-9 4.388705688063589e-9 1.4443172596036623e-8 4.56333149329659e-8 1.3842918641769682e-7 4.032140822689287e-7 1.1278356771958636e-6 3.0297156108643747e-6 7.81721705615243e-6 0.00001937538413037174 0.000046137686103591146 0.00010556862976897741 0.00023214616899990662 0.00049070282717611 0.000997238506484893 0.0019489816751257338 0.0036640643852945253 0.006628254782076405 0.011541664630633408 0.019352831019503358 0.03126264308160123 0.048678713052508725 0.07310467896555771 0.10596030564046557 0.14834648433429043 0.20079042808180095 0.26302375897531705 0.33385215716444283 0.41116444038446615 0.49210129201088953 0.5733657896153661 0.6516207984095457 0.7238944779958196 0.7879128901134044 0.8422987886317016 0.8866110948031454 0.9212384225977761 0.9471903799267474 0.9658446258298694 0.9787046453492945 0.9872074423670332 0.9925992965660112 0.9958785161089876 0.9977912684512737 0.9988613151864375 0.9994354347609014 0.9997308666731934 0.9998766700993289 0.9999456834549338 0.9999770129546786 0.999990653397727 0.9999963492403823 0.9999986303269235 0.99999950647918 0.9999998292328667 0.9999999432621511 0.9999999819001737 0.9999999944566109 0.9999999983701595 0.9999999995400024 0.9999999998753819 0.9999999999675961 0.9999999999919131 0.9999999999980631 0.9999999999995548 0.9999999999999019 0.9999999999999791 0.9999999999999958 0.9999999999999991 0.9999999999999998 1. 1. 1. 1. 1. 1. 1. 1. 1.
1.1227527097884674e-25 9.867948687920897e-25 8.305662629650309e-24 6.69473240429016e-23 5.167863143665591e-22 3.820457667360894e-21 2.7049212786625602e-20 1.8341611417490608e-19 1.1911687819974304e-18 7.409212131592571e-18 4.4141216087823286e-17 2.5188450727640693e-16 1.3767518688953074e-15 7.208086381560535e-15 3.615000571250112e-14 1.7367442882818149e-13 7.993163687318118e-13 3.524311791334162e-12 1.4887494141474766e-11 6.025331965109285e-11 2.3365474471592323e-10 8.682135284452595e-10 3.0914556098745366e-9 1.0549031448651666e-8 3.449900060569631e-8 1.0813817484519585e-7 3.249134964731098e-7 9.358668366680645e-7 2.5844232360999747e-6 6.843322954537626e-6 0.00001737722131561352 0.000042321973503744085 0.00009887656498595786 0.0002216361424679316 0.0004767546482345695 0.0009843618950590364 0.0019513322011329222 0.0037149242135649766 0.0067944436215792575 0.01194279012236708 0.020183274575928778 0.032811374562126516 0.05133916790143201 0.07736531719398186 0.11236763225453708 0.1574372988555819 0.21299863995257876 0.27857721199308216 0.35268299543776394 0.4328587762880368 0.5159079403642812 0.5982702117402086 0.6764730192224981 0.7475644636601789 0.8094391866643942 0.8609988521427794 0.9021334971058195 0.9335534975401778 0.956531131711044 0.9726192418835895 0.9834038717197078 0.9903254610219889 0.9945785713615076 0.9970806881061858 0.9984900042554159 0.9992499963223185 0.9996423785063465 0.999836337043375 0.9999281296522822 0.9999697212406038 0.9999877639622716 0.9999952576761479 0.9999982374988774 0.999999371939461 0.9999997854349869 0.9999999297319957 0.9999999779424258 0.9999999933637456 0.9999999980865355 0.9999999994712874 0.9999999998600113 0.9999999999644846 0.9999999999913669 0.9999999999979894 0.9999999999995515 0.9999999999999041 0.9999999999999803 0.9999999999999962 0.9999999999999993 0.9999999999999999 1. 1. 1. 1. 1. 1. 1. 1. 1. 1.
2.0970009793296772e-26 1.9945561630889363e-25 1.813388819883944e-24 1.5759399718173176e-23 1.3091817823375247e-22 1.0396321799471673e-21 7.892005596326475e-21 5.727062706435001e-20 3.9730399774944457e-19 2.6349390451954324e-18 1.670651040514358e-17 1.0126983538486987e-16 5.869027282034891e-16 3.2520499298910422e-15 1.7229303218494057e-14 8.727967676653734e-14 4.2277580468773077e-13 1.9582886285724628e-12 8.674257842975787e-12 3.67449863907044e-11 1.4886646794667702e-10 5.76837657818382e-10 2.137939374700104e-9 7.579697283780069e-9 2.5707240914589218e-8 8.341454610926265e-8 2.5897030415004954e-7 7.693485520601514e-7 2.1873032707786897e-6 5.951965497887202e-6 0.000015503726098030694 0.000038663531004746046 0.00009232724222194335 0.0002111558809548734 0.00046260864241617835 0.0009711037877265769 0.0019537847852156547 0.0037686060854365514 0.006971561873607893 0.012373678741974089 0.021080770815089567 0.03449230894499322 0.054233823846012004 0.08200401884939694 0.11933540056158859 0.16729394363743932 0.2261721762814175 0.29525029256666213 0.37270060934285093 0.45568624807279795 0.5406590105952497 0.6238073531122003 0.7015616699149164 0.7710468927864802 0.8303882388419199 0.8788187743706283 0.9165914735370678 0.9447450487877956 0.9647983452695044 0.9784484054699172 0.9873277273613299 0.9928475017940357 0.9961266345395574 0.9979882613671813 0.9989982629034106 0.9995219200220586 0.99978137818826 0.9999042303495298 0.9999598198969458 0.9999838578840403 0.9999937912722511 0.9999977140236622 0.999999194419779 0.999999728318093 0.9999999123242281 0.9999999729278899 0.9999999920025976 0.999999997739917 0.9999999993890356 0.999999999842023 0.9999999999609311 0.9999999999907594 0.9999999999979099 0.9999999999995479 0.9999999999999065 0.9999999999999816 0.9999999999999964 0.9999999999999993 0.9999999999999999 1. 1. 1. 1. 1. 1. 1. 1. 1. 1. 1.
2.3304150645131303e-27 2.4512117572423657e-26 2.4587569823915466e-25 2.3520405540125657e-24 2.145734924349015e-23 1.8668847824959205e-22 1.5490940098223283e-21 1.225931028667663e-20 9.253203250131956e-20 6.661414015186395e-19 4.5740424440952e-18 2.9957485528603324e-17 1.8715212179604797e-16 1.1152754652709501e-15 6.339898995566771e-15 3.438042696353485e-14 1.778632080405927e-13 8.7786044720481e-13 4.133799959856992e-12 1.8572905699755536e-11 7.962333617133664e-11 3.2572928752726636e-10 1.2716199287933427e-9 4.737756191485048e-9 1.68475480278774e-8 5.71855613694085e-8 1.8529453167703866e-7 5.732056221487207e-7 1.6930891892808153e-6 4.775581148267284e-6 0.000012865046292660079 0.00003310580533385662 0.00008139203025082631 0.00019121912809442983 0.0004293884760776609 0.0009218276864070051 0.0018925836326159602 0.0037171447982102244 0.00698676999459646 0.012573129978675069 0.021673341241978995 0.0358073654586502 0.05673750671395316 0.08628839998454642 0.12606808396411465 0.17712380599005131 0.2396007808662741 0.31249416618953907 0.3935807241373191 0.4795814804522951 0.5665472529615901 0.6503941770965702 0.7274700736350165 0.795022767837303 0.8514721706599716 0.8964468986859906 0.9306110130030834 0.9553546824620147 0.9724410693540606 0.9836904448300017 0.9907519693583307 0.9949782684874937 0.9973899141276111 0.998701987254708 0.9993825899069251 0.9997191944955114 0.9998779164331448 0.9999492746724665 0.9999798619791884 0.9999923624962138 0.9999972333378084 0.9999990428811092 0.999999683828721 0.9999999002820598 0.9999999699758131 0.9999999913707407 0.9999999976327654 0.9999999993802173 0.9999999998451413 0.9999999999630766 0.9999999999915994 0.9999999999981763 0.9999999999996223 0.9999999999999254 0.999999999999986 0.9999999999999974 0.9999999999999996 1. 1. 1. 1. 1. 1. 1. 1. 1. 1. 1. 1. 1.
3.460123575929679e-28 3.983003379726848e-27 4.36303391195617e-26 4.548128285419184e-25 4.511810343653031e-24 4.259427946678691e-23 3.8268624945573416e-22 3.2721634356717212e-21 2.6627947975883464e-20 2.0623468722633197e-19 1.5202621671114178e-18 1.0666459859963221e-17 7.123285108140449e-17 4.528065554051711e-16 2.7398870446274543e-15 1.578180198651372e-14 8.653707410069207e-14 4.5174011838525835e-13 2.245105232638755e-12 1.062353015033141e-11 4.7864069631520654e-11 2.0534574627909718e-10 8.389311092876498e-10 3.264099073169408e-9 1.209572403625314e-8 4.269435783475185e-8 1.435561252031302e-7 4.598674306720732e-7 1.4036390749676168e-6 4.082706567735454e-6 0.000011318153086918932 0.00002990956570329741 0.00007535865741960948 0.0001810657611409041 0.00041497622302112436 0.0009074260266697734 0.001893799677634281 0.003773499196958033 0.00718152720090685 0.013060289458051598 0.022708280661865594 0.03777283815822079 0.06015203710421404 0.09178220877419094 0.1343153609735813 0.1887308746946551 0.25496581514532934 0.3316703266862682 0.4161834350642881 0.5047758813339944 0.5931324386204193 0.676972261026719 0.7526610160962297 0.8176712571590135 0.8707965729099691 0.9121004209793839 0.9426530533151738 0.9641548993065414 0.9785518890785542 0.9877233031717156 0.9932819536272228 0.9964872682303167 0.9982457584218294 0.9991636195243372 0.9996194269788143 0.9998347810169339 0.9999315845993222 0.9999729842149522 0.9999898290706641 0.9999963499176092 0.9999987515472963 0.9999995930838546 0.9999998736300633 0.9999999626115874 0.9999999894624864 0.9999999971711817 0.9999999992767316 0.9999999998238889 0.9999999999591647 0.9999999999909839 0.9999999999981046 0.9999999999996206 0.9999999999999277 0.9999999999999869 0.9999999999999978 0.9999999999999996 1. 1. 1. 1. 1. 1. 1. 1. 1. 1. 1. 1. 1. 1.
4.563167783870473e-29 5.7823114057253125e-28 6.956697169470215e-27 7.946553596821985e-26 8.61859776583508e-25 8.875339430677191e-24 8.678265404229264e-23 8.057310722792133e-22 7.103408690479323e-21 5.946671972953274e-20 4.72741152568838e-19 3.568844966040118e-18 2.5585877960656136e-17 1.74203097797338e-16 1.1264449842490789e-15 6.9179838627060135e-15 4.0353647365871927e-14 2.2358336256483272e-13 1.176714291807784e-12 5.883025112057671e-12 2.7941765780673682e-11 1.2608346069064e-10 5.405598278499851e-10 2.2021350436160447e-9 8.525014042269081e-9 3.1364428724462025e-8 1.0967689239970168e-7 3.6456712176934253e-7 1.1520704917003835e-6 3.461629769825309e-6 9.89122708766444e-6 0.000026882146914652723 0.00006950366651603923 0.0001709929850867559 0.00040039199231914807 0.0008925934807573215 0.0018950715478267821 0.0038332232117211954 0.007390207023107643 0.013586865705023838 0.023834298979607316 0.03992054530828976 0.06389102096289824 0.09779737672557177 0.14332429776439018 0.20135239102912064 0.2715611505953741 0.3521968537810729 0.44010853882013107 0.5310891867365441 0.6204680152349725 0.7038176101128136 0.7776004717282661 0.8396003162228051 0.8890551468761984 0.9265015178133893 0.9534164633340045 0.9717801494035403 0.9836736200126882 0.990985676121467 0.9952529679839758 0.9976169644784243 0.9988601119755813 0.9994806658921014 0.9997747131035397 0.9999069750539924 0.9999634469931633 0.9999863351058952 0.9999951408555224 0.9999983567462891 0.9999994715909795 0.9999998384549604 0.9999999530518633 0.9999999870313838 0.9999999965953408 0.9999999991505908 0.999999999798634 0.9999999999546427 0.9999999999902933 0.9999999999980266 0.9999999999996189 0.9999999999999301 0.9999999999999878 0.999999999999998 0.9999999999999997 1. 1. 1. 1. 1. 1. 1. 1. 1. 1. 1. 1. 1. 1. 1.
5.2891065363025236e-30 7.425223352352997e-29 9.872818727424142e-28 1.2433257133368408e-26 1.483026585288039e-25 1.6754902496434677e-24 1.7929701740436606e-23 1.8174073366159108e-22 1.7449784560837866e-21 1.587075921375362e-20 1.3673737400835494e-19 1.1160190278443292e-18 8.62908379070732e-18 6.320936687474113e-17 4.3867003215512054e-16 2.8843745127255653e-15 1.7969719132168307e-14 1.0607847191702298e-13 5.933782988991224e-13 3.145419356204562e-12 1.580134891058991e-11 7.523278327619498e-11 3.39507070088711e-10 1.4522911055285891e-9 5.889244525828949e-9 2.2641665036954407e-8 8.253654004327238e-8 2.853150029033126e-7 9.354068226848469e-7 2.9089603438808845e-6 8.58238180200211e-6 0.000024026520401475957 0.00006383773140004133 0.0001610163373035693 0.00038564233353463026 0.0008773125646780177 0.0018964031773524017 0.0038966200760104878 0.007614258713037525 0.014157356351780859 0.025062367231887806 0.04227295001221535 0.06799420101257525 0.10439541531841591 0.15317826123465633 0.2150861571842715 0.28948269853076564 0.37414446920039757 0.46537704254312684 0.5584750793620858 0.6484370900649817 0.7307571724483279 0.8020885150933132 0.8606191015405029 0.9060983322570748 0.9395618006930491 0.9628779175665962 0.9782618976767992 0.9878737738632286 0.9935606572609998 0.9967468120615683 0.9984371964726979 0.9992864351770678 0.9996904519348511 0.9998724613511855 0.9999501062203544 0.9999814719661375 0.9999934703270051 0.9999978165413109 0.9999993073527411 0.9999997915876224 0.9999999405273658 0.9999999839069795 0.9999999958710967 0.9999999989956998 0.9999999997684295 0.9999999999493876 0.9999999999895154 0.9999999999979416 0.999999999999617 0.9999999999999325 0.9999999999999887 0.9999999999999982 0.9999999999999998 1. 1. 1. 1. 1. 1. 1. 1. 1. 1. 1. 1. 1. 1. 1. 1.
5.325160703837658e-31 8.340408791003715e-30 1.2339786593867356e-28 1.7246520834900285e-27 2.2770744063747638e-26 2.8401658396869596e-25 3.3466507373627344e-24 3.725524226708194e-23 3.918189989791215e-22 3.8932853140873696e-21 3.655038746210629e-20 3.24209717880159e-19 2.7172689869944796e-18 2.1519251527987916e-17 1.610371918588307e-16 1.138800414204561e-15 7.61045852244684e-15 4.806587194543476e-14 2.8691183173732473e-13 1.6187157404075077e-12 8.632376186569384e-12 4.351684952070634e-11 2.0738837097519365e-10 9.344304718620699e-10 3.980930949723134e-9 1.6037656943686035e-8 6.110321907820356e-8 2.2019518257092405e-7 7.506403528502928e-7 2.4210473475105043e-6 7.389193344877041e-6 0.000021345076593297886 0.000058371510132662614 0.00015115242088686198 0.0003707351421057028 0.0008615650655142546 0.0018977988788994224 0.003964029700293181 0.007855329692379736 0.014776918756766073 0.026405119325000406 0.044855917889481324 0.07250712416619311 0.11164610661766404 0.16397020434165632 0.23003816961026363 0.30882928350941596 0.39757773694925463 0.49199288381100975 0.5868609222160881 0.6768926407428567 0.7575917043142522 0.8259102655266995 0.8805371051347655 0.9217915203015052 0.9512175452556544 0.9710414562453094 0.9836551821212225 0.99123560517382 0.9955382863194091 0.9978449281878623 0.9990128561399164 0.99957138595412 0.999823658861434 0.99993127769755 0.9999746386533752 0.9999911393279286 0.9999970698951486 0.999999083071432 0.9999997285142066 0.9999999239586576 0.9999999798542906 0.9999999949523313 0.9999999988040156 0.9999999997320571 0.9999999999432454 0.9999999999886351 0.9999999999978487 0.9999999999996151 0.9999999999999349 0.9999999999999896 0.9999999999999984 0.9999999999999998 1. 1. 1. 1. 1. 1. 1. 1. 1. 1. 1. 1. 1. 1. 1. 1. 1.
4.5962481192780475e-32 8.093028841622859e-31 1.3423369148066498e-29 2.0973109163232384e-28 3.086906430764924e-27 4.280086624290986e-26 5.590617508131081e-25 6.879477734564159e-24 7.975367079116562e-23 8.710784169491435e-22 8.963711672278507e-21 8.690728642386223e-20 7.939201991827376e-19 6.833853504422798e-18 5.5429337050783235e-17 4.2365989342612086e-16 3.0515370640410785e-15 2.0714061558525807e-14 1.3251980371619156e-13 7.990812318017731e-13 4.5417560049401516e-12 2.4333812633207998e-11 1.2290903025051694e-10 5.85304517136989e-10 2.6281215223890308e-9 1.1128071414376545e-8 4.443811876365268e-8 1.673820368906983e-7 5.947605325571677e-7 1.994002974689671e-6 6.308685033109109e-6 0.000018839547324800486 0.000053115553666761244 0.00014141892878115968 0.00035567982625297237 0.0008453320381176493 0.0018992633903307315 0.004035834281362629 0.008115299230969852 0.015451488279173243 0.027877154469757456 0.04769932084258853 0.07748209720093459 0.11962866265385586 0.1758035765979645 0.2463225667398385 0.3297009316393556 0.422551467973342 0.5199380888805833 0.6161431794586804 0.7056550585732531 0.7840967779932295 0.8488404369861869 0.8991709003879974 0.9360217898081995 0.9614343331087908 0.9779399253145771 0.9880370234438517 0.9938546273542401 0.9970116187828755 0.9986251741405657 0.9994019130107874 0.9997540781457623 0.9999044606220906 0.9999649427451902 0.9999878532718102 0.9999960270086962 0.9999987735303331 0.9999996427337037 0.9999999018143468 0.9999999745459011 0.9999999937761197 0.999999998564825 0.9999999996879385 0.999999999936023 0.9999999999876343 0.9999999999977469 0.999999999999613 0.9999999999999374 0.9999999999999905 0.9999999999999987 0.9999999999999998 1. 1. 1. 1. 1. 1. 1. 1. 1. 1. 1. 1. 1. 1. 1. 1. 1. 1.
3.351064855138932e-33 6.689526467583629e-32 1.2541089234256034e-30 2.2080589807159842e-29 3.6511555064548777e-28 5.670267265172562e-27 8.270660230681595e-26 1.1330546856830071e-24 1.4579644475567898e-23 1.762140397792095e-22 2.000527930994697e-21 2.1334048056938872e-20 2.137182101824709e-19 2.0112481141279586e-18 1.7781286937745043e-17 1.476907007250748e-16 1.1525403451769022e-15 8.450736043737192e-15 5.822275199297081e-14 3.769444196368606e-13 2.2933873065099403e-12 1.3113689469990388e-11 7.047821016201321e-11 3.560458896807197e-10 1.6909117971833053e-9 7.550003671668456e-9 3.1698394376719244e-8 1.2515551709174114e-7 4.647839315561343e-7 1.6237322348000684e-6 5.337318719435312e-6 0.000016510926188982293 0.000048080199376056253 0.00013183465755410004 0.0003404874918238614 0.0008285938103580595 0.0019008019283973734 0.004112464955941985 0.008396318996214505 0.016187921646722624 0.029495403548380834 0.05083776182472204 0.08297930964159513 0.12843302583189314 0.18879320872297453 0.26406122981472463 0.3521964410522084 0.4491062073964136 0.5491672156800077 0.6461827911373473 0.7345105652023276 0.8100253962024934 0.8706496250698597 0.9163520247424469 0.9487047096085438 0.9702107216765505 0.9836348875101036 0.991503391585921 0.9958342501855699 0.9980726222075404 0.9991589637414466 0.9996540441222184 0.9998659092995746 0.9999510460843849 0.9999831714388208 0.9999945542833133 0.9999983415422411 0.9999995247734033 0.9999998718966099 0.9999999675204437 0.9999999922556805 0.9999999982637139 0.9999999996340081 0.9999999999274752 0.999999999986491 0.999999999997635 0.9999999999996109 0.9999999999999398 0.9999999999999912 0.9999999999999988 0.9999999999999998 1. 1. 1. 1. 1. 1. 1. 1. 1. 1. 1. 1. 1. 1. 1. 1. 1. 1. 1.
2.0298113593793516e-34 4.636527881184467e-33 9.913790351903438e-32 1.9842875903845708e-30 3.717889250181251e-29 6.521158158989037e-28 1.0707784404052259e-26 1.6460080393335592e-25 2.3688270221198414e-24 3.191657347141543e-23 4.0261880599321684e-22 4.7553350265573146e-21 5.258876134556906e-20 5.445606338079109e-19 5.28030612145564e-18 4.7945858393092574e-17 4.0770260808532436e-16 3.246828826572799e-15 2.4217204459232683e-14 1.6918617289705886e-13 1.1071644112837561e-12 6.787328382619169e-12 3.898176818476374e-11 2.0976853835464158e-10 1.05774219977974e-9 4.998381483290479e-9 2.213829176318081e-8 9.191480602086055e-8 3.577852988288161e-7 1.3059687969029375e-6 4.4709943316763845e-6 0.000014359388296210726 0.00004327544814499662 0.00012241950769015887 0.00032517114643113005 0.0008113299994987389 0.0019024202508084627 0.004194409729097456 0.00870086211704509 0.016994171575399893 0.031279574742796516 0.054311447040852216 0.08906815194206118 0.13816131241061674 0.20306610893259702 0.28338289013548945 0.37641004204029227 0.4772626742842767 0.5796011442344495 0.6768008132463166 0.7632109678766303 0.8351126057307394 0.8911124209705541 0.9319357060875292 0.9597906647233035 0.9775804167866751 0.9882147340581557 0.9941647911869587 0.997280837193376 0.9988082524502793 0.9995090300267397 0.9998099647410936 0.999930922171012 0.999976427271123 0.9999924506423905 0.9999977316038238 0.9999993606609107 0.9999998310125873 0.9999999581200365 0.9999999902699648 0.9999999978810825 0.9999999995675386 0.9999999999172892 0.9999999999851779 0.9999999999975113 0.9999999999996085 0.9999999999999423 0.999999999999992 0.9999999999999989 0.9999999999999999 1. 1. 1. 1. 1. 1. 1. 1. 1. 1. 1. 1. 1. 1. 1. 1. 1. 1. 1. 1.
1.0024857082530514e-35 2.6471321227992995e-34 6.520065724792176e-33 1.4980138035741908e-31 3.210526520354145e-30 6.418640329240422e-29 1.1970892816988827e-27 2.0827535425611513e-26 3.3805624694231318e-25 5.119087676342651e-24 7.232066569105356e-23 9.53264195198198e-22 1.172360277917445e-20 1.3453121425556062e-19 1.4405150485946032e-18 1.4393469561173136e-17 1.342109886699403e-16 1.16791012480156e-15 9.485398763557144e-15 7.190433672573095e-14 5.087906784129831e-13 3.360795824080363e-12 2.0725351150706185e-11 1.1933293076189224e-10 6.41599121584426e-10 3.221542518083363e-9 1.5108390891439474e-8 6.618983083113822e-8 2.709290001923515e-7 1.0363169564791822e-6 3.7050591507368993e-6 0.000012384211338188235 0.000038710823899640346 0.00011319446664382605 0.00030974592412984095 0.0007935195429178483 0.0019041247282078001 0.004282222967277141 0.009031782858659899 0.017879500518385667 0.03325269783530617 0.058167238023449135 0.0958287602019359 0.14892939166324892 0.2187620780103685 0.3044215508150434 0.4024269232205353 0.5070150474835237 0.6111203740278673 0.7077747691081643 0.7914753074158694 0.8590824692114973 0.9100172806044349 0.945809934075249 0.9692700336276943 0.9836124408673731 0.991790869972279 0.9961407041472599 0.998298596187552 0.9992970778470895 0.9997280040718783 0.9999014712142131 0.9999666013421984 0.9999894097998918 0.9999968598293888 0.9999991295212014 0.9999997744641435 0.9999999453947453 0.9999999876480845 0.9999999973899796 0.9999999994848903 0.9999999999050609 0.9999999999836608 0.9999999999973745 0.9999999999996061 0.9999999999999448 0.9999999999999928 0.9999999999999991 0.9999999999999999 1. 1. 1. 1. 1. 1. 1. 1. 1. 1. 1. 1. 1. 1. 1. 1. 1. 1. 1. 1. 1.
1.904551096429766e-37 6.063512949378035e-36 1.7926240838926994e-34 4.9214846749233736e-33 1.2547418219304575e-31 2.9708033125081775e-30 6.532288585462331e-29 1.3339518752903293e-27 2.529941708435208e-26 4.4564551450360235e-25 7.29107125879462e-24 1.1079779552941282e-22 1.5639586513800492e-21 2.0506498481718297e-20 2.49775046876341e-19 2.826303008788607e-18 2.971140488463938e-17 2.9019314622055933e-16 2.633525922937179e-15 2.2207725546718646e-14 1.7402796877022872e-13 1.2674132042040921e-12 8.579086446342292e-12 5.3979786390234535e-11 3.157454279610452e-10 1.7171680539830454e-9 8.683978864225911e-9 4.084347860999893e-8 1.786903251881041e-7 7.27344283179699e-7 2.7551022121873197e-6 9.714174081882056e-6 0.00003189132716624793 0.00009751810574083555 0.000277852546694491 0.0007380031158138453 0.0018283037160259062 0.004227240245889471 0.009128622864304492 0.018427849314857914 0.03481126072086504 0.06161478940781303 0.10233504104656849 0.15978112061866387 0.23503732487004286 0.32658695577454794 0.4300067220154148 0.538495134500033 0.6441759306726484 0.7397723618528668 0.8200731879454614 0.8827101689338821 0.9280806852757578 0.9585981357442698 0.9776594925472624 0.9887152809295706 0.9946699162860281 0.997648084856446 0.9990312404336497 0.9996277526538788 0.9998666399334772 0.9999554763005392 0.9999861531863905 0.9999959899675765 0.9999989189345477 0.9999997287648915 0.9999999366819078 0.9999999862498261 0.9999999972227951 0.9999999994783768 0.9999999999089054 0.9999999999852103 0.999999999997768 0.9999999999996869 0.9999999999999591 0.9999999999999951 0.9999999999999994 1. 1. 1. 1. 1. 1. 1. 1. 1. 1. 1. 1. 1. 1. 1. 1. 1. 1. 1. 1. 1. 1. 1.
5.551548353103641e-39 2.0975345250529127e-37 7.328532712765794e-36 2.3678098214510586e-34 7.07469997274225e-33 1.9548383739670426e-31 4.995353311591006e-30 1.180553768176961e-28 2.5803705069407704e-27 5.216372116746892e-26 9.753483297426648e-25 1.6868296462980415e-23 2.698484149776756e-22 3.9932263725178525e-21 5.466422366786452e-20 6.92275757339585e-19 8.111013838314515e-18 8.79258892997821e-17 8.819255526592557e-16 8.185613329828169e-15 7.03085795874248e-14 5.58907994278788e-13 4.112332612482954e-12 2.8008996192264176e-11 1.7661144840130278e-10 1.0311186365286828e-9 5.574811208978727e-9 2.7916088936133605e-8 1.2949773172691467e-7 5.566009535545166e-7 2.2171932166718243e-6 8.187653216175194e-6 0.00002803804948210093 0.00008906884979871344 0.00026258872990715383 0.0007188056550343899 0.0018280241714312712 0.004321974868783391 0.009507407643205165 0.019477743352174736 0.03720588846474043 0.0663564245502907 0.11068261269644193 0.1730138209483847 0.25406934566020434 0.3515440831610175 0.4599453177078395 0.5714284777843984 0.6774556675917816 0.7707076515658706 0.8465534509778707 0.903601033598344 0.9432813128535806 0.9688049946289937 0.9839874594663551 0.9923390791914181 0.9965875005046994 0.9985860354074041 0.9994554399702171 0.9998051891648999 0.999935300357495 0.9999800607724822 0.9999943002266894 0.999998489228546 0.9999996288059115 0.9999999154817679 0.9999999821701786 0.9999999965158005 0.999999999369419 0.9999999998943202 0.9999999999836018 0.9999999999976444 0.9999999999996868 0.9999999999999615 0.9999999999999956 0.9999999999999996 1. 1. 1. 1. 1. 1. 1. 1. 1. 1. 1. 1. 1. 1. 1. 1. 1. 1. 1. 1. 1. 1. 1. 1.
1.2198136968763052e-40 5.5478761710623627e-39 2.3227056696378757e-37 8.951687708326262e-36 3.1759141650069467e-34 1.0372802751307354e-32 3.118876538491962e-31 8.633500542382248e-30 2.2002659704049984e-28 5.162698745148046e-27 1.1153382728329472e-25 2.218608634188415e-24 4.0636511104266725e-23 6.853817545327663e-22 1.0645093010428702e-20 1.5226123451762227e-19 2.0057479491205028e-18 2.4335309859023646e-17 2.7195673233796213e-16 2.799605781059611e-15 2.654990689898234e-14 2.3197261874402093e-13 1.8675005173713027e-12 1.3854230989134791e-11 9.472282305075287e-11 5.969479051208026e-10 3.4681201071040486e-9 1.8578148779577854e-8 9.177954136572792e-8 4.1823513953481836e-7 1.7584741143450464e-6 6.823669881375919e-6 0.00002444621022872932 0.00008088807870174697 0.00024730482486445864 0.0006990125355924911 0.0018277286951212844 0.0044241820897714425 0.009922711050495005 0.020642449685922635 0.03988199997970312 0.071671219474311 0.12002607272852979 0.18773974918708008 0.2750347825274597 0.3786396168492114 0.49184008087829817 0.605706137266797 0.7111492578703316 0.8010410334915843 0.8715913673114795 0.9225661154603313 0.9564729567356316 0.9772361892058168 0.9889413392112774 0.9950161424961094 0.997918556422745 0.999195162469968 0.9997120823534347 0.9999047712106877 0.9999708945959642 0.9999917835470598 0.999997858446511 0.9999994848195832 0.9999998856470503 0.9999999765856963 0.9999999955785661 0.9999999992301485 0.9999999998764233 0.9999999999817154 0.9999999999975067 0.9999999999996867 0.9999999999999637 0.9999999999999961 0.9999999999999996 1. 1. 1. 1. 1. 1. 1. 1. 1. 1. 1. 1. 1. 1. 1. 1. 1. 1. 1. 1. 1. 1. 1. 1. 1.
1.95619247123565e-42 1.0881230389010941e-40 5.5439906104755165e-39 2.587345260320764e-37 1.1060727688123383e-35 4.331328444056117e-34 1.5537390519477638e-32 5.105836048439652e-31 1.5370947917332832e-29 4.239294830890712e-28 1.071176563660231e-26 2.479816104227707e-25 5.260011760347046e-24 1.0223088688947381e-22 1.820651112948192e-21 2.9712787466835477e-20 4.443826342857797e-19 6.091090710292939e-18 7.6522169943695e-17 8.811839773194742e-16 9.301848416315044e-15 9.00192406310527e-14 7.987470853182933e-13 6.498909881172349e-12 4.849357637487976e-11 3.318961490679072e-10 2.0838384660895406e-9 1.2004615442819367e-8 6.346640155958461e-8 3.080011746181637e-7 1.372428955389723e-6 5.6168129681080905e-6 0.000021120642739841908 0.00007299968931388941 0.00023202868995781013 0.0006786038301167041 0.0018274158851884195 0.004534749901365372 0.01037962344739891 0.021939432151013624 0.04288393497448103 0.07764833834138017 0.1305106383176406 0.20414913364656892 0.29812409371662774 0.4079913780168988 0.5256636159355865 0.6411229877242486 0.7449078166999589 0.8303727188768022 0.8948475905935478 0.9394071859855182 0.9676195285096096 0.9839832883697981 0.9926783320073961 0.9969108969584871 0.9987983535717443 0.9995694166342215 0.9998579794112401 0.999956908941058 0.999987979164608 0.9999969182486217 0.9999992742152161 0.9999998430286223 0.9999999688319385 0.9999999943197642 0.999999999050064 0.9999999998542497 0.9999999999794866 0.9999999999973521 0.9999999999996865 0.999999999999966 0.9999999999999967 0.9999999999999997 1. 1. 1. 1. 1. 1. 1. 1. 1. 1. 1. 1. 1. 1. 1. 1. 1. 1. 1. 1. 1. 1. 1. 1. 1. 1.
2.2062316629026351e-44 1.527828855707724e-42 9.638757836837239e-41 5.539872517785835e-39 2.900821745017497e-37 1.383871695651088e-35 6.015003021488181e-34 2.3820654721000557e-32 8.595336505745943e-31 2.8260378903991245e-29 8.46671007657611e-28 2.3114791400130926e-26 5.750719999668319e-25 1.3038611685932528e-23 2.694257080016566e-22 5.074215111820954e-21 8.710571668251816e-20 1.3630149228738965e-18 1.944293000829419e-17 2.528506433713995e-16 2.998094365899284e-15 3.241507917994292e-14 3.1960657673581593e-13 2.8741056842165483e-12 2.3575767697606237e-11 1.7642892457797405e-10 1.2047239415529114e-9 7.507610014910786e-9 4.270770000806954e-8 2.218238507985531e-7 1.0522792555989953e-6 4.560543309690905e-6 0.000018064662466186588 0.00006542794052384469 0.00021679174748242695 0.0006575599267743624 0.0018270841702756112 0.004654708546132524 0.010884165132739907 0.023389542516953996 0.046264675383275985 0.08439340850505558 0.14230487195010302 0.22245446896422283 0.32353412206692567 0.43969300460736 0.5613305936743513 0.6773979290374639 0.778318318520021 0.8582785605414065 0.9160076717849321 0.9539863873232439 0.9767535586810523 0.9891901050530022 0.9953803905495964 0.9981880196748107 0.9993483582685523 0.9997853198019067 0.9999352580582991 0.9999821382719349 0.9999954941202809 0.9999989611283373 0.9999997811705756 0.9999999579012571 0.9999999926051538 0.9999999988142896 0.9999999998264903 0.9999999999768323 0.9999999999971778 0.9999999999996865 0.9999999999999682 0.9999999999999971 0.9999999999999998 1. 1. 1. 1. 1. 1. 1. 1. 1. 1. 1. 1. 1. 1. 1. 1. 1. 1. 1. 1. 1. 1. 1. 1. 1. 1. 1.
1.6765042884404323e-46 1.4745797142873532e-44 1.1745590213419838e-42 8.472941965934861e-41 5.5355003764767843e-39 3.2753220601266073e-37 1.7552445121891652e-35 8.519627905650541e-34 3.7455612047695695e-32 1.4915622663305163e-30 5.380346382749204e-29 1.758089157856227e-27 5.204179627684015e-26 1.395612718686052e-24 3.390792096469699e-23 7.464236310049873e-22 1.488826937393854e-20 2.690957752484444e-19 4.407633344657133e-18 6.542976038384452e-17 8.803504391420954e-16 1.0737163716549487e-14 1.1872044705480036e-13 1.1901926497929602e-12 1.0819946577878049e-11 8.921069702491473e-11 6.672204564543729e-10 4.527613298680582e-9 2.788148872613847e-8 1.5585572764921317e-7 7.910800950472168e-7 3.647206546203038e-6 0.000015279836287941946 0.00005819718363323748 0.00020162930115194522 0.0006358618426685045 0.0018267317831749666 0.004785259455456957 0.011443497523267494 0.025017819150539997 0.050087830305473605 0.09203190550472248 0.15560424941257 0.2428910942384982 0.35146199988830945 0.4738004563710768 0.5986818769084543 0.7141648707733725 0.8109087125584319 0.884328493596567 0.9348046550074727 0.966241699667622 0.9839785947730114 0.9930440994183783 0.997241520695062 0.9990020639405508 0.9996709951737124 0.999901236712497 0.999973024377761 0.9999933000929666 0.9999984876006742 0.9999996898466602 0.9999999422386128 0.9999999902341263 0.9999999985014314 0.9999999997913447 0.9999999999736442 0.9999999999969804 0.9999999999996863 0.9999999999999705 0.9999999999999976 0.9999999999999998 1. 1. 1. 1. 1. 1. 1. 1. 1. 1. 1. 1. 1. 1. 1. 1. 1. 1. 1. 1. 1. 1. 1. 1. 1. 1. 1. 1.
8.167587259362323e-49 9.332413637614328e-47 9.594083932099009e-45 8.874265202285944e-43 7.38569492059386e-41 5.530849931126108e-39 3.726887199645712e-37 2.2597880929288923e-35 1.2330211307152025e-33 6.054384717687055e-32 2.6753634423025844e-30 1.0639636611780493e-28 3.808215406007098e-27 1.2268404333863114e-25 3.5575381859779306e-24 9.286052628224143e-23 2.1820280833490477e-21 4.616016807983097e-20 8.791956631840758e-19 1.5078269660755542e-17 2.328659101313719e-16 3.2388727320410585e-15 4.057566841020883e-14 4.579072690433083e-13 4.655781248170433e-12 4.265617580820312e-11 3.5222983222956773e-10 2.621904231211794e-9 1.7597811826860916e-8 1.0653000034589929e-7 5.818291876325731e-7 2.868076744855054e-6 0.000012765750430154048 0.00005133152502892348 0.0001865808545452309 0.0006134916230547258 0.0018263567293352817 0.004927811392867998 0.012066191998268957 0.0268545072478887 0.05443013801411784 0.10071325262233678 0.170634997289544 0.26571654715461634 0.3820958855682223 0.5103147783453615 0.6374673316487994 0.7509671163393534 0.8421600922304529 0.9081113670632512 0.9510431641823234 0.9761983297521826 0.9894651019415559 0.9957629280673883 0.9984538449435485 0.9994887265070529 0.9998469531862935 0.9999585618527109 0.999989859096823 0.9999977581970194 0.9999995525478728 0.9999999193990603 0.9999999869015317 0.9999999980802172 0.9999999997463018 0.9999999999697786 0.9999999999967555 0.9999999999996861 0.9999999999999727 0.9999999999999978 0.9999999999999998 1. 1. 1. 1. 1. 1. 1. 1. 1. 1. 1. 1. 1. 1. 1. 1. 1. 1. 1. 1. 1. 1. 1. 1. 1. 1. 1. 1. 1.
2.4075512559232903e-51 3.6661393466831425e-49 4.986889469083369e-47 6.059658017328274e-45 6.5777150397710105e-43 6.378555216821197e-41 5.5258937372828545e-39 4.276901568848153e-37 2.9574479844061716e-35 1.827182307691763e-33 1.0086502638886578e-31 4.9752139511336415e-30 2.192882678445577e-28 8.637206928821911e-27 3.040250201220684e-25 9.564216410278554e-24 2.6891932448324386e-22 6.758626860376999e-21 1.5184246539868543e-19 3.0497514138391713e-18 5.47664121148087e-17 8.794067012953691e-16 1.262825432901829e-14 1.621935904233607e-13 1.8634895457269274e-12 1.9155689652112774e-11 1.7621013908038023e-10 1.450851125284978e-9 1.069508763882792e-8 7.06062123630889e-8 4.175863932666056e-7 2.213435810579466e-6 0.000010519785905289974 0.00004485441187829059 0.00017169041911175976 0.0005904328474802734 0.0018259567490870729 0.005084025942618543 0.012762574911617355 0.02893637125699466 0.05938463196846173 0.11061576253531068 0.18765802013783095 0.29120794543394346 0.415601492808547 0.54916079830117 0.6773286371251974 0.7872576590104815 0.8715277093481012 0.9292655236307968 0.9646222180135021 0.9839732739381921 0.9934390515946292 0.9975773607852246 0.9991943251732851 0.9997589815647867 0.9999352072648628 0.9999843602545988 0.9999966126336142 0.9999993420790279 0.9999998854610745 0.9999999821342767 0.9999999975041276 0.9999999996878051 0.9999999999650444 0.9999999999964974 0.999999999999686 0.9999999999999748 0.9999999999999982 0.9999999999999999 1. 1. 1. 1. 1. 1. 1. 1. 1. 1. 1. 1. 1. 1. 1. 1. 1. 1. 1. 1. 1. 1. 1. 1. 1. 1. 1. 1. 1. 1.
1.0006175863064717e-54 2.2235232611546964e-52 4.372612489400172e-50 7.609858240648473e-48 1.1720864399089001e-45 1.5977258708932067e-43 1.927602100792323e-41 2.0583486682417747e-39 1.945458358757971e-37 1.6275809487009422e-35 1.2053091791221264e-33 7.901482133557353e-32 4.585572486574961e-30 2.3560037315255155e-28 1.0717176019963281e-26 4.316518584511613e-25 1.5394486996043033e-23 4.861917970756386e-22 1.359867615317542e-20 3.3687738092125345e-19 7.392260782131857e-18 1.4370170715682567e-16 2.4750308032475638e-15 3.777416366283751e-14 5.109448744458468e-13 6.126278379336355e-12 6.51256790151375e-11 6.139639016936586e-10 5.134355119818468e-9 3.809932267966723e-8 2.5095441331270093e-7 1.4679239600713918e-6 7.628890594005824e-6 0.000035247404092690255 0.00014488069152393516 0.0005302553852361842 0.0017298374763944477 0.005036498091004111 0.01310826061848326 0.030557312136959492 0.06396180437125636 0.1205950844668213 0.20562579225213648 0.31868860512467795 0.4518276940991171 0.5906739801131977 0.7189088470335957 0.8237955961077545 0.8997715967146797 0.9485100117721723 0.9761987158139585 0.9901292070568342 0.9963358733282959 0.9987847865494444 0.9996404552429101 0.9999052130079207 0.9999777560168052 0.9999953570696594 0.9999991386199192 0.9999998580369616 0.9999999792256931 0.9999999973018096 0.9999999996890698 0.999999999968219 0.9999999999971194 0.9999999999997685 0.9999999999999836 0.9999999999999989 1. 1. 1. 1. 1. 1. 1. 1. 1. 1. 1. 1. 1. 1. 1. 1. 1. 1. 1. 1. 1. 1. 1. 1. 1. 1. 1. 1. 1. 1. 1. 1.