5.667930165869057e-203 4.760754342581895e-195 2.770673844729474e-187 1.1172769718149162e-179 3.121835639600354e-172 6.044236035989637e-165 8.10893847333065e-158 7.538543216146909e-151 4.8564842322849563e-144 2.168096945185542e-137 6.707634760086985e-131 1.4381587543118974e-124 2.1370006720140163e-118 2.2007852411626703e-112 1.5708756560460495e-106 7.77167045792198e-101 2.6651037766061507e-95 6.3352164010211625e-90 1.0439473791177313e-84 1.192586524377922e-79 9.445435029381542e-75 5.1868547993058e-70 1.975006593759333e-65 5.2149606368681185e-61 9.549731213159026e-57 1.2129223366861646e-52 1.0686263510599714e-48 6.53168389344689e-45 2.7700860188812397e-41 8.152689557641458e-38 1.6654388185502484e-34 2.361940162089095e-31 2.3260975147333787e-28 1.591216267355623e-25 7.563399890557954e-23 2.498972595169692e-20 5.742018706157693e-18 9.180555921800023e-16 1.0220425291847811e-13 7.929138494300006e-12 4.2913098431488237e-10 1.622290791867784e-8 4.2911346850220085e-7 7.959300260724675e-6 0.00010382744590019011 0.000956371614717752 0.006255458959313756 0.029289797564201733 0.09934814948185793 0.2485011010818016 0.4708419790229199 0.7029510523419696 0.872641686469217 0.9595100289371588 0.9906407197445852 0.9984475124214433 0.9998168263985048 0.9999847212081534 0.999999102941955 0.9999999630439664 0.9999999989342345 0.9999999999785231 0.999999999999698 0.9999999999999971 1. 1. 1. 1. 1. 1. 1. 1. 1. 1. 1. 1. 1. 1. 1. 1. 1. 1. 1. 1. 1. 1. 1. 1. 1. 1. 1. 1. 1. 1. 1. 1. 1. 1. 1. 1.
3.0343758259864613e-202 2.4649117016303423e-194 1.3873702434132859e-186 5.410655673208788e-179 1.4621162718566571e-171 2.737769720561423e-164 3.552253741112777e-157 3.1938372990123353e-150 1.9899112201253273e-143 8.591674541771476e-137 2.5707334553973255e-130 5.330699496217233e-124 7.660781208606416e-118 7.630245247635269e-112 5.267403541474839e-106 2.520372628182734e-100 8.359145523275438e-95 1.9218015813866313e-89 3.0628600783415176e-84 3.384092537724847e-79 2.59227239432776e-74 1.3768033336137453e-69 5.070474704841139e-65 1.2949315015023243e-60 2.293540549241174e-56 2.817552698276792e-52 2.4010073603575003e-48 1.4194715989598956e-44 5.822839527360404e-41 1.6576368682747672e-37 3.2754576934541677e-34 4.493410461390871e-31 4.280647831110562e-28 2.8326792033253363e-25 1.3025253708432185e-22 4.163403883743465e-20 9.255286251215644e-18 1.431716121564639e-15 1.5422311474304968e-13 1.1578065970893141e-11 6.064230929720658e-10 2.218959708785991e-8 5.682039149292325e-7 0.000010205152113908564 0.0001289454345345712 0.0011509562726196908 0.007299583580354444 0.03317055148701343 0.10933894146070638 0.266316837653674 0.49284730012948547 0.721777643975924 0.8837983865190165 0.9640895479648108 0.991942758836541 0.9987039302444605 0.9998518041915108 0.9999880260949102 0.9999993192340854 0.9999999728489026 0.9999999992421054 0.999999999985219 0.9999999999997988 0.9999999999999981 1. 1. 1. 1. 1. 1. 1. 1. 1. 1. 1. 1. 1. 1. 1. 1. 1. 1. 1. 1. 1. 1. 1. 1. 1. 1. 1. 1. 1. 1. 1. 1. 1. 1. 1. 1.
1.710081740602219e-201 1.342015616136983e-193 7.297228867518255e-186 2.749322003418488e-178 7.177422586261829e-171 1.2983603560623592e-163 1.6274772202970719e-156 1.4136349678702026e-149 8.50888700109645e-143 3.549216747203048e-136 1.0259556059580473e-129 2.0552932158618946e-123 2.853527526885768e-117 2.7457967284321825e-111 1.8312554723295087e-105 8.465278852437157e-100 2.7124667981257644e-94 6.02475164695186e-89 9.276582914547672e-84 9.902293567279151e-79 7.328406578575409e-74 3.760443884986089e-69 1.338003782952307e-64 3.301418791221405e-60 5.649491171711689e-56 6.705458795027586e-52 5.520882051193948e-48 3.153594340342692e-44 1.2499263838910068e-40 3.4380859190716048e-37 6.56425267725078e-34 8.701314084294926e-31 8.009855735578814e-28 5.121908679162632e-25 2.275909074913535e-22 7.030227048465105e-20 1.5103724499948054e-17 2.2581367622067313e-15 2.3511122957258667e-13 1.7061980119345082e-11 8.639478665532538e-10 3.056623740551625e-8 7.569349218949338e-7 0.000013150517816250732 0.00016078431664821188 0.0013893523182065797 0.008535994871341917 0.03761225514175679 0.12039140056476845 0.2853666624772673 0.5155901977592954 0.7405848096146257 0.8945710636227557 0.9683636675410074 0.9931173653723864 0.9989275246119677 0.9998812858549018 0.9999907186571872 0.9999994895683998 0.999999980312722 0.9999999994686443 0.9999999999899816 0.9999999999998682 0.9999999999999988 1. 1. 1. 1. 1. 1. 1. 1. 1. 1. 1. 1. 1. 1. 1. 1. 1. 1. 1. 1. 1. 1. 1. 1. 1. 1. 1. 1. 1. 1. 1. 1. 1. 1. 1. 1.
1.0142236989937897e-200 7.680883019140873e-193 4.0304074944454776e-185 1.4653951979509703e-177 3.691787078029073e-170 6.444707427272167e-163 7.795852753968947e-156 6.534731062848924e-149 3.795823205290804e-142 1.5279517836101136e-135 4.262366739119585e-129 8.240289203808634e-123 1.1040749484878764e-116 1.0252604705494252e-110 6.59881187597262e-105 2.9438172264743736e-99 9.103087166033147e-94 1.9512828351022623e-88 2.8995340487277126e-83 2.9870164080748754e-78 2.1334170616931454e-73 1.0565079445001084e-68 3.6279543346877134e-64 8.639321582084583e-60 1.4268130108252302e-55 1.6344422118535113e-51 1.2987874665003002e-47 7.160277522870845e-44 2.739110177744122e-40 7.2719414241604526e-37 1.3400967117084237e-33 1.7146000259824976e-30 1.5234959237702827e-27 9.403736685841819e-25 4.033585994982881e-22 1.2027967071222534e-19 2.4946852631259047e-17 3.600956033611439e-15 3.620011187986598e-13 2.536739952645344e-11 1.240496678171543e-9 4.2391375391271785e-8 1.0141618493774296e-6 0.000017026234023958387 0.00020123379049009614 0.00168176701083526 0.010000230402248733 0.04269090363085373 0.13259283389151372 0.3056714778040822 0.5389954184959954 0.7592723414569681 0.9049062105086161 0.9723228621991968 0.9941679294217343 0.9991206163415899 0.9999058685922608 0.9999928864721404 0.9999996219841158 0.999999985915226 0.9999999996328355 0.9999999999933147 0.9999999999999151 0.9999999999999992 1. 1. 1. 1. 1. 1. 1. 1. 1. 1. 1. 1. 1. 1. 1. 1. 1. 1. 1. 1. 1. 1. 1. 1. 1. 1. 1. 1. 1. 1. 1. 1. 1. 1. 1. 1.
1.1735487730447431e-196 6.351725131492803e-189 2.396528499433499e-181 6.303496035342032e-174 1.1558366961360119e-166 1.477529768184505e-159 1.3167702488910037e-152 8.181400431587946e-146 3.544049154046891e-139 1.0703790310012288e-132 2.2539972176383236e-126 3.309483053665983e-120 3.388223402389535e-114 2.4188236681808003e-108 1.2041292920906881e-102 4.1801955128140824e-97 1.0120313958950773e-91 1.7087808371559803e-86 2.0123185301116753e-81 1.6529138763399334e-76 9.470533832005744e-72 3.7852955252027713e-67 1.0555036205869452e-62 2.053484206032594e-58 2.7876351315479435e-54 2.6408235345765263e-50 1.7460359954803475e-46 8.058147932304208e-43 2.5962761798747688e-39 5.840827398056587e-36 9.176781741440193e-33 1.0071548225954335e-29 7.723323752890628e-27 4.1394737594605105e-24 1.5512155226442645e-21 4.065990525313846e-19 7.458367814583287e-17 9.579981911333721e-15 8.622756111235059e-13 5.443511608863889e-11 2.412976110920409e-9 7.521233319872226e-8 1.6515443158597625e-6 0.000025610279380705108 0.0002813745189282289 0.0022002000742116935 0.012322947192049523 0.04989402163523527 0.14804478348679861 0.32858283052757753 0.5624549555710683 0.7758411071875719 0.9129660961745181 0.9750181600973964 0.9947859509485324 0.9992174317210403 0.9999161749315035 0.9999936257914168 0.9999996572116774 0.9999999869995657 0.9999999996530169 0.999999999993493 0.9999999999999143 0.9999999999999992 1. 1. 1. 1. 1. 1. 1. 1. 1. 1. 1. 1. 1. 1. 1. 1. 1. 1. 1. 1. 1. 1. 1. 1. 1. 1. 1. 1. 1. 1. 1. 1. 1. 1. 1. 1.
1.375129661655008e-172 8.485935061361035e-166 3.8125960207121937e-159 1.2471381846963154e-152 2.9702241439890944e-146 5.150547889948806e-140 6.503040736575713e-134 5.978445537377096e-128 4.002021827781268e-122 1.9507489445362142e-116 6.924146959866758e-111 1.7897290233771285e-105 3.3688257574692994e-100 4.618015235813476e-95 4.610353696506791e-90 3.3522246120221695e-85 1.7752986062882783e-80 6.848103708206987e-76 1.924212235392815e-71 3.9386249500936054e-67 5.873176286429879e-63 6.380705773662839e-59 5.050860299630893e-55 2.9134008448694416e-51 1.2246579534299449e-47 3.751934580624737e-44 8.37863596805131e-41 1.3640401819895676e-37 1.6191328378782222e-34 1.4015669408340458e-31 8.849247794770374e-29 4.0762206826625666e-26 1.370189549984731e-23 3.362067488139301e-21 6.024051870381354e-19 7.885132616640398e-17 7.543686892624527e-15 5.278044190225377e-13 2.702675405313046e-11 1.0137628205025633e-9 2.788606765872548e-8 5.633305198604383e-7 8.372561125805841e-6 0.00009177266411682485 0.0007442525004030069 0.004485187758399949 0.02020921773045776 0.06867756576733515 0.17826989750614317 0.3600802531589483 0.5814053114695736 0.779119862184126 0.9087272589500677 0.9710657344405655 0.9930614046991985 0.9987533811195011 0.9998333208450019 0.9999834941689679 0.9999987936021972 0.9999999350892268 0.9999999974339607 0.9999999999255833 0.9999999999984186 0.9999999999999754 0.9999999999999998 1. 1. 1. 1. 1. 1. 1. 1. 1. 1. 1. 1. 1. 1. 1. 1. 1. 1. 1. 1. 1. 1. 1. 1. 1. 1. 1. 1. 1. 1. 1. 1. 1. 1. 1.
1.0883761860812434e-152 1.114800171500716e-146 8.617678781556912e-141 5.02766761939325e-135 2.213777630986547e-129 7.3570100233258645e-124 1.8453465687765102e-118 3.493604526658599e-113 4.992285493874058e-108 5.384760480920121e-103 4.384165582065304e-98 2.694475822214501e-93 1.2500939240928593e-88 4.378318641087175e-84 1.1576707559427596e-79 2.310966974395555e-75 3.482995775647126e-71 3.963546665452391e-67 3.40572874063717e-63 2.2098184768482065e-59 1.082808107043522e-55 4.007056148373403e-52 1.119985100402881e-48 2.3645550811974e-45 3.771191998603215e-42 4.544083570375052e-39 4.13718005651671e-36 2.8465015844189453e-33 1.4802441103813348e-30 5.818955989746411e-28 1.729545899310146e-25 3.887697545863159e-23 6.610578005705926e-21 8.505592850767487e-19 8.284037021512371e-17 6.109893377135591e-15 3.414254900558264e-13 1.4464029265908021e-11 4.6486834585231236e-10 1.1345059542679339e-8 2.1047658608730884e-7 2.9725717399845625e-6 0.000032016701235283687 0.0002636085759574919 0.0016643343055027812 0.008092099040337567 0.030476516724705652 0.08964618435007585 0.20838490221425193 0.38930187094150237 0.5986134901035347 0.7824984283865659 0.9051653223711251 0.9672958236362564 0.991186363407316 0.9981593578788286 0.9997038911731939 0.9999634636531651 0.9999965532686371 0.9999997519961179 0.9999999864142983 0.9999999994342064 0.9999999999821065 0.9999999999995707 0.9999999999999922 0.9999999999999999 1. 1. 1. 1. 1. 1. 1. 1. 1. 1. 1. 1. 1. 1. 1. 1. 1. 1. 1. 1. 1. 1. 1. 1. 1. 1. 1. 1. 1. 1. 1. 1. 1. 1.
4.751127550572735e-136 1.0832947780807039e-130 1.9210454675804246e-125 2.6495822772668483e-120 2.842327941223816e-115 2.3715743494094847e-110 1.539127006295842e-105 7.769576360963995e-101 3.050816621019493e-96 9.318419132613694e-92 2.2140533745147825e-87 4.0922947768629665e-83 5.884275619853224e-79 6.582362758048361e-75 5.728620079434688e-71 3.878963783993839e-67 2.0436126311716983e-63 8.377606903810849e-60 2.672411158708641e-56 6.6339779183304285e-53 1.2816228536275608e-49 1.927049094598941e-46 2.2553069683056477e-43 2.0546439264116483e-40 1.4572274974028775e-37 8.046827674365205e-35 3.4600377994669017e-32 1.1586559975637515e-29 3.0221222540045654e-27 6.140852052498016e-25 9.7227732353207e-23 1.1997618378643201e-20 1.1541357954755158e-18 8.657804007335549e-17 5.0664295753376394e-15 2.313778816411604e-13 8.250569161385173e-12 2.29852044749943e-10 5.006460867720128e-9 8.533328533598361e-8 1.1394420128498732e-6 0.000011935967085571168 0.0000982625996546334 0.0006372185718172328 0.0032650066208697974 0.013272619379732823 0.04304683268889613 0.11225806760814887 0.23797248564643986 0.4164152873117511 0.6143574563936895 0.7859541474139832 0.902206728592173 0.9637523763061813 0.9892123427624581 0.9974411425283367 0.9995188043243516 0.999928541140975 0.9999916443178466 0.9999992323968807 0.9999999446933725 0.9999999968788112 0.9999999998621836 0.9999999999952429 0.9999999999998717 0.9999999999999973 1. 1. 1. 1. 1. 1. 1. 1. 1. 1. 1. 1. 1. 1. 1. 1. 1. 1. 1. 1. 1. 1. 1. 1. 1. 1. 1. 1. 1. 1. 1. 1. 1. 1.
5.419555980601183e-122 3.4715093233103555e-117 1.7740319752281652e-112 7.232705836944065e-108 2.352581551737036e-103 6.1052284242159276e-99 1.2641013829103635e-94 2.0883087814726167e-90 2.7526507432625663e-86 2.8950938195496966e-82 2.429638742659636e-78 1.6270527469848157e-74 8.694743931368446e-71 3.7078547030503475e-67 1.26187444527141e-63 3.427325061682172e-60 7.42950563683989e-57 1.2854391206999123e-53 1.7752256267455595e-50 1.9570041003125709e-47 1.722242169548308e-44 1.2100184895360093e-41 6.787647905469019e-39 3.0402828380283304e-36 1.0874720938297884e-33 3.1065518706376105e-31 7.088395668332243e-29 1.292067351053678e-26 1.8817279177565034e-24 2.1899719273028143e-22 2.0371193811282212e-20 1.514919070129333e-18 9.008892031369274e-17 4.285432607755721e-15 1.6312256716948964e-13 4.970634955334405e-12 1.213122959116784e-10 2.3727541847102655e-9 3.72194851526558e-8 4.686439335216358e-7 4.741853070318182e-6 0.000038608669294889185 0.0002534053290690817 0.0013437723351072438 0.005774397263322979 0.020187398742563947 0.05772660376898997 0.13601438922565515 0.2667550266308142 0.44160106027107526 0.6288595921093323 0.789468987066904 0.8997847030538288 0.9604618911796186 0.9871864714596215 0.9966110366422017 0.9992719876517666 0.9998734259959453 0.9999822367774789 0.9999979919293076 0.9999998174330971 0.999999986667781 0.9999999992187664 0.999999999963297 0.9999999999986184 0.9999999999999584 0.999999999999999 1. 1. 1. 1. 1. 1. 1. 1. 1. 1. 1. 1. 1. 1. 1. 1. 1. 1. 1. 1. 1. 1. 1. 1. 1. 1. 1. 1. 1. 1. 1. 1. 1.
5.2161083051378255e-110 1.1315721044520888e-105 2.0013921070623978e-101 2.8860527224992644e-97 3.393179074133596e-93 3.252734402029099e-89 2.5423725331741898e-85 1.6202746786770064e-81 8.419916728451063e-78 3.567863617296308e-74 1.2328278885515911e-70 3.473792032270704e-67 7.98227674223428e-64 1.4958461891527246e-60 2.2861312314724237e-57 2.8496250079426796e-54 2.897119888054027e-51 2.4024758945773656e-48 1.625133424844428e-45 8.967724034232552e-43 4.037076673600699e-40 1.4827723171593122e-37 4.4436416944189217e-35 1.0866726884947233e-32 2.1686821551002858e-30 3.5324630592864932e-28 4.6967416317024024e-26 5.09814645695214e-24 4.518470485824609e-22 3.270468570908105e-20 1.933545504703584e-18 9.339504753437267e-17 3.686656253999103e-15 1.1896342122039998e-13 3.139216380482276e-12 6.777016687219488e-11 1.1975177644531415e-9 1.7330491532228052e-8 2.0556016323574415e-7 2.0000894707402617e-6 0.00001598143937107237 0.00010501004032273204 0.000568388312358341 0.002539941893906218 0.009397763260322578 0.028900807732723993 0.07425180745817797 0.16048294620993983 0.2945596606905134 0.4650375210234191 0.6422994125588433 0.7930283866879784 0.8978394398780953 0.9574379374587154 0.9851497189522984 0.9956856264119774 0.9989607683814589 0.999793119674347 0.9999660475869971 0.999995414988316 0.9999994912784844 0.9999999536794392 0.9999999965421504 0.999999999788535 0.9999999999894125 0.9999999999995662 0.9999999999999855 0.9999999999999996 1. 1. 1. 1. 1. 1. 1. 1. 1. 1. 1. 1. 1. 1. 1. 1. 1. 1. 1. 1. 1. 1. 1. 1. 1. 1. 1. 1. 1. 1. 1. 1.
1.0385857038352274e-99 8.881952332538792e-96 6.309526645628476e-92 3.7231900871089504e-88 1.8250387279048775e-84 7.431497037239754e-81 2.513838581821091e-77 7.064240562732309e-74 1.6491929267179524e-70 3.198652040025813e-67 5.1542396614890807e-64 6.90045556851099e-61 7.675752826268087e-58 7.094306257645244e-55 5.448307009049164e-52 3.476916608311776e-49 1.8438602532259545e-46 8.126143542760699e-44 2.9763736711362977e-41 9.060722871193086e-39 2.292657279639157e-36 4.822226971735782e-34 8.431851217471996e-32 1.2257538182379303e-29 1.4816004389522263e-27 1.4892027427891146e-25 1.244871259924987e-23 8.65570573121085e-22 5.0067413024074255e-20 2.4096758997892595e-18 9.651609591627827e-17 3.2179401000867407e-15 8.933217114221572e-14 2.065487059933267e-12 3.979027436195222e-11 6.38930785954038e-10 8.555976116719586e-9 9.560553019267999e-8 8.920857217889027e-7 6.956987180156032e-6 0.00004539377930847866 0.0002481517748149418 0.0011384742934516937 0.004392972980426489 0.014297061440449335 0.03939060270978724 0.09232604373864016 0.1853050276224159 0.32128954341307925 0.4868929378555619 0.6548230871656057 0.7966204329162746 0.8963177808144758 0.9546847448281192 0.9831363302783428 0.9946837708531575 0.9985857533410235 0.9996834499486991 0.9999405196447313 0.9999906340418083 0.9999987658375469 0.9999998640595409 0.9999999874948629 0.9999999990400034 0.9999999999385352 0.9999999999967195 0.9999999999998541 0.9999999999999947 0.9999999999999998 1. 1. 1. 1. 1. 1. 1. 1. 1. 1. 1. 1. 1. 1. 1. 1. 1. 1. 1. 1. 1. 1. 1. 1. 1. 1. 1. 1. 1. 1. 1.
8.577675103542362e-91 3.275682442933557e-87 1.056043801166069e-83 2.8742060152555304e-80 6.6041674258422726e-77 1.2811247545667385e-73 2.098202938293464e-70 2.901325731105238e-67 3.3872663732559224e-64 3.339010575994177e-61 2.7791654910175618e-58 1.9532270616950136e-55 1.159170604474674e-52 5.809169415604986e-50 2.458497797084723e-47 8.786849258678433e-45 2.652309291506325e-42 6.761836159201676e-40 1.4560572465436904e-37 2.648449362165403e-35 4.069423907893417e-33 5.282429478516541e-31 5.793336263153269e-29 5.368543396683508e-27 4.20396992742224e-25 2.782183210135561e-23 1.5562812524608543e-21 7.359130289339261e-20 2.942174464639763e-18 9.946959706922164e-17 2.844326346317414e-15 6.880743825181559e-14 1.4085529189475622e-12 2.4407648279628848e-11 3.581368945382389e-10 4.451692061184813e-9 4.689972333740732e-8 4.1902767878613854e-7 3.1772650335876454e-6 0.000020463544930039037 0.00011207018663560053 0.0005225876041202108 0.002078329687661554 0.007064480735753573 0.020580024855312264 0.05156550041416057 0.11164871784214364 0.21019264390792103 0.34690153709965116 0.5073219490475368 0.6665506154997154 0.8002352606312775 0.8951726659108272 0.9521999600472142 0.9811739924502227 0.9936249963354824 0.9981503754672194 0.999541430417466 0.9999030514470082 0.9999825506084087 0.9999973297281701 0.999999652935294 0.9999999617198588 0.9999999964195393 0.9999999997161737 0.9999999999809409 0.9999999999989163 0.9999999999999478 0.9999999999999979 1. 1. 1. 1. 1. 1. 1. 1. 1. 1. 1. 1. 1. 1. 1. 1. 1. 1. 1. 1. 1. 1. 1. 1. 1. 1. 1. 1. 1. 1. 1.
5.074383538363665e-83 9.594835477771881e-80 1.553346559749662e-76 2.1531966557650248e-73 2.5555947012116446e-70 2.5971809020328295e-67 2.2600807816946603e-64 1.6840986470945606e-61 1.0745926901724466e-58 5.871712846739818e-56 2.7475332625066965e-53 1.101011725891029e-50 3.7785609610979895e-48 1.1106117475253452e-45 2.7958673687999047e-43 6.028481206911549e-41 1.1134134784875778e-38 1.7615063702741883e-36 2.3873446043815563e-34 2.771886106996404e-32 2.7573620485197888e-30 2.350184695137059e-28 1.7164647754842346e-26 1.0743137647444333e-24 5.762801187130045e-23 2.64966032414844e-21 1.0443698476640508e-19 3.5292796628240364e-18 1.0227116500386327e-16 2.541747961992829e-15 5.418902418211634e-14 9.912650648922413e-13 1.5562632871883556e-11 2.0976089769928234e-10 2.4281173133151988e-9 2.4149101787455752e-8 2.0645924603140367e-7 1.5181933652889038e-6 9.609233516794156e-6 0.0000523956212104648 0.0002463804971311954 0.0010004446592025659 0.0035137363049000917 0.010696411658850815 0.02829798298815286 0.06528505346189126 0.13193370868505175 0.23492099210837425 0.37138948717152487 0.5264644182518012 0.6775812791014536 0.8038646104919069 0.8943625060398803 0.9499767168755855 0.9792843958273001 0.9925283291060316 0.9976602762854038 0.9993654357388109 0.9998512293812187 0.9999698957309393 0.9999947485616518 0.9999992110704976 0.9999998980103102 0.9999999886618576 0.9999999989166899 0.9999999999110829 0.9999999999937329 0.9999999999996207 0.9999999999999802 0.9999999999999991 1. 1. 1. 1. 1. 1. 1. 1. 1. 1. 1. 1. 1. 1. 1. 1. 1. 1. 1. 1. 1. 1. 1. 1. 1. 1. 1. 1. 1. 1.
3.3181787781691854e-76 3.386575346790439e-73 2.996242948660446e-70 2.2980347553963347e-67 1.5279457141588343e-64 8.807244644792982e-62 4.401114315208482e-59 1.9067159844270823e-56 7.16178335371148e-54 2.3322763455563565e-51 6.5852946415662736e-49 1.6122057764136684e-46 3.4223982029582334e-44 6.299721224820048e-42 1.0055648252824593e-39 1.3919237163196674e-37 1.6709278463973362e-35 1.7396382192858913e-33 1.5708809135486788e-31 1.2303736672172865e-29 8.359285394370524e-28 4.9268739043074735e-26 2.519294876643359e-24 1.1177139094329347e-22 4.302981923133418e-21 1.4376184703683285e-19 4.168758639693751e-18 1.0493471117894091e-16 2.2932369381616144e-15 4.3518415276456527e-14 7.17264435810072e-13 1.0269940652548122e-11 1.2777750370417788e-10 1.3818861413080648e-9 1.2995023666364543e-8 1.0630439965949132e-7 7.568506662745652e-7 4.692566272283406e-6 0.000025354773722619568 0.00011948983876761933 0.0004916769108379205 0.001768759151092027 0.00557184193435856 0.015401141350941627 0.03745012647779463 0.08037826335053433 0.1529202921884451 0.25931916467766825 0.3947719822788056 0.5444456158037949 0.687997818353261 0.8075014973536013 0.8938505557170668 0.9480051654808431 0.9774839710099394 0.9914115199096802 0.997122652591637 0.9991552139885594 0.999783024937829 0.9999513181915134 0.9999904693795498 0.9999983734444571 0.9999997581883375 0.9999999687053511 0.9999999964761596 0.9999999996549194 0.9999999999706224 0.9999999999978264 0.9999999999998603 0.9999999999999922 0.9999999999999996 1. 1. 1. 1. 1. 1. 1. 1. 1. 1. 1. 1. 1. 1. 1. 1. 1. 1. 1. 1. 1. 1. 1. 1. 1. 1. 1. 1. 1.
3.3969221340430016e-70 2.012438248724705e-67 1.044868875284778e-64 4.754570426773889e-62 1.8961800020275657e-59 6.627896381814252e-57 2.0305300877748607e-54 5.4524424279527424e-52 1.283310628280461e-49 2.6475455566609834e-47 4.787831164571475e-45 7.589823973048458e-43 1.0547193074514651e-40 1.284903203570064e-38 1.3723015919361719e-36 1.2849704263160782e-34 1.0549247904455782e-32 7.593759943717009e-31 4.7931768777475336e-29 2.6530643036436762e-27 1.287831063162081e-25 5.482628125058104e-24 2.047258708338798e-22 6.7057867250201735e-21 1.9269176078918464e-19 4.858041487638393e-18 1.0747264254566598e-16 2.0865742850400015e-15 3.555799613670865e-14 5.319680279619072e-13 6.988220094742007e-12 8.062709115506204e-11 8.172302234906889e-10 7.27931605184955e-9 5.7000024950014e-8 3.925365148373109e-7 2.3785954490022255e-6 0.000012689721361866023 0.00005964590544399967 0.00024721567835372287 0.0009044590717268053 0.0029246489811155024 0.008371798082451157 0.021256224931379488 0.04799161431443207 0.0966591490306106 0.17437837692841968 0.2832607942433587 0.4170835516564157 0.5613770817705455 0.6978696599538466 0.8111399584854078 0.8936043247052028 0.9462735878762388 0.9757846678932938 0.9902905848855953 0.996545649287981 0.9989117773253362 0.9996969352316899 0.9999254844290986 0.9999838419936015 0.9999969127136644 0.9999994806027019 0.9999999231057789 0.9999999899875944 0.9999999988538351 0.9999999998846917 0.9999999999898084 0.9999999999992089 0.999999999999946 0.9999999999999968 0.9999999999999998 1. 1. 1. 1. 1. 1. 1. 1. 1. 1. 1. 1. 1. 1. 1. 1. 1. 1. 1. 1. 1. 1. 1. 1. 1. 1. 1. 1.
7.217054006887903e-65 2.6396760493521623e-62 8.543865515155081e-60 2.447255515760791e-57 6.203459273982549e-55 1.3916415765933054e-52 2.7629272276847956e-50 4.854790720903938e-48 7.549909705388048e-46 1.039190453660397e-43 1.266028671344093e-41 1.3652141025818242e-39 1.3031119528099573e-37 1.1010385440177717e-35 8.235321510031971e-34 5.452990107731051e-32 3.19657925352425e-30 1.6590335863058294e-28 7.62374165813463e-27 3.102066471861202e-25 1.1177204252790493e-23 3.566535686948062e-22 1.0079215019446295e-20 2.522974247177873e-19 5.594334518498441e-18 1.0989603995488244e-16 1.9127924881752606e-15 2.9503035829470363e-14 4.0331756759122235e-13 4.8874996608961026e-12 5.251383476831636e-11 5.003903677349446e-10 4.2296866873123215e-9 3.1725271191790995e-8 2.1123017205773181e-7 1.2489413410731076e-6 6.561120506479719e-6 0.00003064208205817508 0.00012731130947763334 0.00047096732016926695 0.0015528704087588133 0.004569266606828939 0.012017106006815418 0.028303305902291388 0.059843308435677006 0.11393872205637696 0.1961098861747373 0.3066554840863752 0.43836842564248496 0.5773577975854627 0.7072554318797943 0.8147748600782868 0.8935950448984079 0.9447692018201872 0.9741947019399624 0.9891795836547914 0.995937841518093 0.9986372159212566 0.9995920605292691 0.9998911747938729 0.9999741540325001 0.9999945395694434 0.9999989745042215 0.9999998288943384 0.9999999746482442 0.9999999966658422 0.9999999996109138 0.9999999999597231 0.9999999999963025 0.9999999999996991 0.9999999999999782 0.9999999999999987 1. 1. 1. 1. 1. 1. 1. 1. 1. 1. 1. 1. 1. 1. 1. 1. 1. 1. 1. 1. 1. 1. 1. 1. 1. 1. 1. 1.
4.0060466194070844e-60 9.535057906541668e-58 2.0258006691857033e-55 3.8418836883262577e-53 6.503908960941477e-51 9.82871211713767e-49 1.3259297012072694e-46 1.5968222924332549e-44 1.7167857518502443e-42 1.6478249445174787e-40 1.4120641589537636e-38 1.080339057341083e-36 7.379772987423624e-35 4.5011075224897804e-33 2.4513579851362046e-31 1.1921311356090147e-29 5.17716347162697e-28 2.0078567334969406e-26 6.95458225313809e-25 2.1514618276365886e-23 5.944973051680034e-22 1.4674120838304674e-20 3.23575684226734e-19 6.374713455389219e-18 1.1221481670501613e-16 1.7651970806918907e-15 2.4816703870770462e-14 3.118630894668615e-13 3.5036574555144765e-12 3.519613119600372e-11 3.16207607101614e-10 2.5412936077505565e-9 1.827504818636348e-8 1.1762978556694143e-7 6.779328823930616e-7 3.4998421675770366e-6 0.000016192592031325043 0.00006718057002436388 0.000250110872031591 0.0008362697165105498 0.002513769237091443 0.006801544914041745 0.01659033381235853 0.036550185530514694 0.07290155389180465 0.13203353653773384 0.21794772632993514 0.3294413718809963 0.45867617339841305 0.5924754547301355 0.7162049392500198 0.8184017469136515 0.8937971971155045 0.9434787330286214 0.9727192301443015 0.9880905647953292 0.9953078216248424 0.9983344746129795 0.999468123611339 0.9998473645580064 0.9999606742707596 0.9999909105671086 0.9999981165531909 0.9999996503049677 0.999999941850707 0.9999999913434017 0.9999999988466763 0.9999999998625231 0.9999999999853421 0.9999999999986025 0.9999999999998809 0.9999999999999909 0.9999999999999993 1. 1. 1. 1. 1. 1. 1. 1. 1. 1. 1. 1. 1. 1. 1. 1. 1. 1. 1. 1. 1. 1. 1. 1. 1. 1. 1.
7.022270208283875e-56 1.1379960227227426e-53 1.6589353630767342e-51 2.1754636407670538e-49 2.5663535987970234e-47 2.723533311846671e-45 2.600221089827312e-43 2.233365415227338e-41 1.7258081082514915e-39 1.1998322518518608e-37 7.50510656152615e-36 4.223918029546081e-34 2.1390033155295445e-32 9.746777752173204e-31 3.996519176314517e-29 1.4746639117269368e-27 4.8968324347223374e-26 1.4634269128299279e-24 3.936271597411662e-23 9.529809758562995e-22 2.0768163521799677e-20 4.074357404469004e-19 7.196198393045405e-18 1.1443785825308264e-16 1.6387128358093214e-15 2.1132528615779114e-14 2.4545406473743283e-13 2.5681504753429552e-12 2.420868694721482e-11 2.0563669836889065e-10 1.5743356883361345e-9 1.086582349901473e-8 6.762584561173289e-8 3.7964835842440127e-7 1.923200441804385e-6 8.79474419901259e-6 0.000036323745577329426 0.00013557474507639813 0.0004576019030055795 0.0013979049975974256 0.003868862252742043 0.009712570067909577 0.022150301285101023 0.04597494346287254 0.08704704050710269 0.1507713219489266 0.23975338523598413 0.3515788951960672 0.47805869833586045 0.6068077047575278 0.7247607289511806 0.8220167243877069 0.8941880962925866 0.942388816553589 0.9713609419257758 0.9870336224741338 0.9946638891850812 0.998007122384835 0.9993254421006749 0.9997932829922473 0.9999426982117612 0.9999856425836913 0.9999967503733593 0.999999335929256 0.9999998775306211 0.9999999796244515 0.9999999969428346 0.9999999995864438 0.9999999999495746 0.9999999999944592 0.9999999999994514 0.9999999999999512 0.999999999999996 0.9999999999999998 1. 1. 1. 1. 1. 1. 1. 1. 1. 1. 1. 1. 1. 1. 1. 1. 1. 1. 1. 1. 1. 1. 1. 1. 1. 1.
4.549030340728082e-52 5.219187907698842e-50 5.424153898961996e-48 5.106392783807852e-46 4.3547003969637673e-44 3.364135456195666e-42 2.3543428515360603e-40 1.4926485922240957e-38 8.573307973437608e-37 4.461228027075602e-35 2.1032390458997745e-33 8.983904508232237e-32 3.4769548451181944e-30 1.2192893182902704e-28 3.874413631643525e-27 1.1156189501750865e-25 2.9111012230029885e-24 6.884191527165951e-23 1.4754603779756296e-21 2.866211302549046e-20 5.046898769027602e-19 8.055812785360141e-18 1.165731446879631e-16 1.5294378818463095e-15 1.8195061100944882e-14 1.9629656291490874e-13 1.9207209930114827e-12 1.7047859065460198e-11 1.3727728609458912e-10 1.0030651269603509e-9 6.651967606709252e-9 4.00463667559444e-8 2.1891948816586618e-7 1.0870463864623164e-6 4.9046657401052325e-6 0.00002011636529953105 0.0000750379140503948 0.00025471459965986247 0.0007873479481713143 0.0022180729338223217 0.005700470806636009 0.013381121163304331 0.028731448705652626 0.056531122770934424 0.10215227108765747 0.16999431018963582 0.26141387152174833 0.37304568557627527 0.49656820631546134 0.6204233313168636 0.7329593380163594 0.8256163650700928 0.8947475306296497 0.9414862730471619 0.9701205632833563 0.9860170216160558 0.9940138330446344 0.997659135062867 0.9991648671639213 0.9997284483563584 0.9999195905818804 0.9999783320311679 0.9999946895264525 0.9999988168555083 0.999999760475919 0.9999999559535591 0.9999999926449166 0.9999999988850322 0.9999999998465974 0.9999999999808482 0.9999999999978307 0.9999999999997771 0.9999999999999792 0.9999999999999982 0.9999999999999999 1. 1. 1. 1. 1. 1. 1. 1. 1. 1. 1. 1. 1. 1. 1. 1. 1. 1. 1. 1. 1. 1. 1. 1. 1.
1.2417887127139275e-48 1.0434804119167552e-46 7.992634650659102e-45 5.580497374921001e-43 3.551745943939956e-41 2.0606595635088565e-39 1.0898731169739662e-37 5.2548657089126945e-36 2.3098017320379987e-34 9.256086791609032e-33 3.381683130771131e-31 1.1264328871715472e-29 3.4210536896409187e-28 9.473556984715934e-27 2.3921183811161246e-25 5.507924449807337e-24 1.1565114830234197e-22 2.2145801693294335e-21 3.867561591190756e-20 6.160481656139415e-19 8.950628801411058e-18 1.1862785776839048e-16 1.4343339257240278e-15 1.582283497272571e-14 1.5926969269496512e-13 1.463006241947948e-12 1.2265310593695871e-11 9.386248748360041e-11 6.557771011300112e-10 4.183595475162472e-9 2.437594872775561e-8 1.2974583177583003e-7 6.310470981815554e-7 2.805437925725782e-6 0.000011404211805717489 0.000042406876255021695 0.00014431958966129127 0.00044976082283592754 0.0012844020378466152 0.003363847596445737 0.008087450035704005 0.017870616492109023 0.036344912693673355 0.0681532164607285 0.11808749878014922 0.18956084275800406 0.2828384532584626 0.39383245649144016 0.5142558653494957 0.6333833175581197 0.740832296887659 0.8291976340627516 0.8954574490812449 0.9407582939430266 0.9689972795164135 0.9850473607939085 0.9933647903328036 0.9972947032272161 0.9989877015556639 0.9996526800893879 0.9998908208158075 0.9999685764595362 0.9999917237101337 0.999998006217492 0.9999995608558322 0.9999999115956117 0.9999999837389625 0.9999999972677673 0.9999999995807398 0.9999999999412565 0.999999999992486 0.9999999999991227 0.9999999999999065 0.9999999999999909 0.9999999999999991 1. 1. 1. 1. 1. 1. 1. 1. 1. 1. 1. 1. 1. 1. 1. 1. 1. 1. 1. 1. 1. 1. 1. 1. 1.
1.5950192186498866e-45 1.0111358547058917e-43 5.876090121635129e-42 3.1304804516613662e-40 1.5289242050945586e-38 6.845776446516422e-37 2.810161547209528e-35 1.057602315668415e-33 3.649282675284582e-32 1.1545132693349298e-30 3.348959388793285e-29 8.907474409710158e-28 2.172442862952448e-26 4.858562227473826e-25 9.964389732390485e-24 1.874116464967561e-22 3.232707851097337e-21 5.1142657719255987e-20 7.421165405265656e-19 9.877801284341167e-18 1.2060847432725072e-16 1.351007361758111e-15 1.3884694328220968e-14 1.309344255382223e-13 1.1330651124700169e-12 8.998890830410961e-12 6.560116697195075e-11 4.390203516838082e-10 2.6976029423548543e-9 1.5221956794941312e-8 7.889534790216317e-8 3.7568388588434295e-7 1.6439951537164884e-6 6.613317067301157e-6 0.00002446436898454997 0.00008325777350825168 0.00026079690529019674 0.0007523412244166722 0.002000117262502082 0.004904260749118793 0.011101651690660155 0.023227464439186902 0.04498078327984395 0.08076193117492406 0.13472520203021518 0.20934576011751377 0.30395547339489404 0.4139397331400661 0.5311709531938672 0.6457418008737396 0.7484069412455044 0.832757828905892 0.8963016913666926 0.9401925607327084 0.9679890850615076 0.9841297514725713 0.9927231667973564 0.9969180709527173 0.9987956080327556 0.9995660916348656 0.9998559892597467 0.9999559961924467 0.9999876275187747 0.9999968003634909 0.9999992392263308 0.9999998337438027 0.999999966615617 0.9999999938419448 0.9999999989567616 0.9999999998377145 0.999999999976823 0.9999999999969615 0.9999999999996344 0.9999999999999596 0.9999999999999959 0.9999999999999996 1. 1. 1. 1. 1. 1. 1. 1. 1. 1. 1. 1. 1. 1. 1. 1. 1. 1. 1. 1. 1. 1. 1. 1.
1.0581839211517926e-42 5.193729451557897e-41 2.3489460579029635e-39 9.78927729629123e-38 3.759420756402998e-36 1.3304341810139022e-34 4.338884467238045e-33 1.3040246096406223e-31 3.6118361279858616e-30 9.219708986937298e-29 2.169035236965882e-27 4.7031683441842996e-26 9.399491926235736e-25 1.7315092571321798e-23 2.9401524228384665e-22 4.602131022748393e-21 6.640693168574396e-20 8.833976168524578e-19 1.0834592341523848e-17 1.2252084773748247e-16 1.2775521815585547e-15 1.2284336416516541e-14 1.0893456470738028e-13 8.909658313265713e-13 6.721752724576311e-12 4.678212766748493e-11 3.0040624947949897e-10 1.78004830022543e-9 9.734607659539562e-9 4.9141452037087994e-8 2.2903927107383916e-7 9.858397475867584e-7 3.919708037731772e-6 0.000014400784924432367 0.000048905586308476806 0.00015358556619819404 0.00044624344977552117 0.0012002432386873012 0.0029904302141255034 0.006907338225521359 0.014805166039350302 0.02948065619845015 0.054611058645125665 0.09426891195962642 0.15194327317758094 0.22923997462995427 0.3247093962193096 0.4333752774608739 0.5473603463826336 0.6575469170994839 0.7557070732340003 0.8362945308420109 0.8972657549458798 0.9397773168819648 0.9670930700592657 0.9832679994201399 0.9920946039717085 0.9965334065388235 0.9985905166453661 0.9994690683437071 0.999814843326039 0.9999402540062633 0.9999821708245409 0.9999950816176815 0.9999987462148328 0.999999704745528 0.9999999357869968 0.9999999871056833 0.9999999976098178 0.9999999995910782 0.9999999999354413 0.999999999990596 0.9999999999987363 0.9999999999998433 0.999999999999982 0.9999999999999981 0.9999999999999998 1. 1. 1. 1. 1. 1. 1. 1. 1. 1. 1. 1. 1. 1. 1. 1. 1. 1. 1. 1. 1. 1. 1.
3.925032015588062e-40 1.525999927246728e-38 5.492657419475242e-37 1.8303559714174451e-35 5.647062020183645e-34 1.613069189978641e-32 4.2661587536841454e-31 1.044685207972278e-29 2.3686991370649274e-28 4.9730500489501664e-27 9.668021368444363e-26 1.740478263208473e-24 2.9015585769981995e-23 4.47963428876545e-22 6.405018186976101e-21 8.481729009164653e-20 1.040293667471563e-18 1.1818388347178689e-17 1.2437027898363944e-16 1.2124356156411083e-15 1.0950017721283035e-14 9.162592143464822e-14 7.104050181462265e-13 5.104091082221848e-12 3.398603820999498e-11 2.0975022575592737e-10 1.1999963670738601e-9 6.364957834644606e-9 3.130541594914676e-8 1.4280092377581063e-7 6.042545211111323e-7 2.3724019330793603e-6 8.644757029150813e-6 0.000029244719057426035 0.00009188123768295945 0.0002682070575509357 0.0007277572202603046 0.001836625984001241 0.004313814081860724 0.009437360980193954 0.01924843422182508 0.036642353462553796 0.06519290160010502 0.10858077264546959 0.16962713851062935 0.24914953220309058 0.34505815858343397 0.4521520773255786 0.5628682458864734 0.6688415414916522 0.7627535033709771 0.8398055650226303 0.8983365939001148 0.9395014060036888 0.9663056531253427 0.9824647793471619 0.991483980684305 0.9961447035769802 0.9983745368930724 0.9993622350532272 0.9997672840068877 0.9999210714225535 0.9999751297471855 0.9999927223965752 0.9999980229971882 0.9999995015685188 0.9999998834081039 0.9999999747014471 0.9999999949090459 0.9999999990500495 0.9999999998356643 0.999999999973647 0.9999999999960831 0.9999999999994604 0.9999999999999312 0.9999999999999918 0.9999999999999991 0.9999999999999999 1. 1. 1. 1. 1. 1. 1. 1. 1. 1. 1. 1. 1. 1. 1. 1. 1. 1. 1. 1. 1. 1.
8.709782437685792e-38 2.7370180216203232e-36 7.99705034071829e-35 2.1725622621073878e-33 5.487996360405809e-32 1.289033271421079e-30 2.8153562946741565e-29 5.717845666946216e-28 1.0798737795304276e-26 1.8965643725103422e-25 3.0976308083486286e-24 4.7051521276489303e-23 6.646840074556208e-22 8.73315515107376e-21 1.067234178209821e-19 1.2131112245106454e-18 1.2826710883944548e-17 1.2616157871041627e-16 1.1544137794879365e-15 9.82757339414526e-15 7.784164342729073e-14 5.737095997536926e-13 3.934808326456569e-12 2.5115809972394057e-11 1.4921351078887772e-10 8.251952565352012e-10 4.248630541737057e-9 2.0367963945444172e-8 9.093334026873865e-8 3.78142075576242e-7 1.464984884426286e-6 5.288832553019839e-6 0.00001779720382473398 0.00005583968074044838 0.00016341337506079877 0.0004462359115619505 0.0011375793569158939 0.002708834766024063 0.006029108785256395 0.01255254305076192 0.024469209989570407 0.044709199885530494 0.07667190268699522 0.12360238911043789 0.18767102947358735 0.26899438533366404 0.3649708492769842 0.4702867879259589 0.577736064675987 0.6796639360989831 0.769564497295746 0.8432889678110573 0.8995024452293829 0.9393542862568109 0.9656227690488235 0.9817217975490954 0.9908954386526411 0.9957557091327713 0.9981498785330283 0.9992464175496427 0.9997133639394293 0.999898240787922 0.9999662972519889 0.9999895902969724 0.9999970025765295 0.9999991956061076 0.9999997988637345 0.9999999531492576 0.9999999898360618 0.9999999979467031 0.9999999996137942 0.9999999999323756 0.9999999999889781 0.999999999998328 0.999999999999764 0.9999999999999689 0.9999999999999962 0.9999999999999996 1. 1. 1. 1. 1. 1. 1. 1. 1. 1. 1. 1. 1. 1. 1. 1. 1. 1. 1. 1. 1. 1.
1.2254246767462975e-35 3.1687809735898575e-34 7.648716976747059e-33 1.7233924457677801e-31 3.624833048254177e-30 7.117208136695501e-29 1.3045460512786899e-27 2.2322776967474215e-26 3.566053286079932e-25 5.318520481676388e-24 7.405779453407602e-23 9.628135696319145e-22 1.1687478126939434e-20 1.3247183176910682e-19 1.4020668430224507e-18 1.3857222908899149e-17 1.2789912145844013e-16 1.1024686892607048e-15 8.87560385530526e-15 6.67406579444741e-14 4.687860197049056e-13 3.075984235430267e-12 1.8856277434575177e-11 1.0800185441620044e-10 5.780365336583837e-10 2.8912035383421143e-9 1.3516294057266808e-8 5.90683919854651e-8 2.4134700254239644e-7 9.221415263382062e-7 3.295431482771241e-6 0.000011017635708264385 0.00003447011559815596 0.00010095064708238934 0.0002768481063516284 0.000711243398858258 0.0017125616558219812 0.00386693809766189 0.008193414715680256 0.01630323539045009 0.03049227480857069 0.053664100355253624 0.08898514953757641 0.13923948465869493 0.20597860510923008 0.2887070340279221 0.38442571011199833 0.4877985322978572 0.5920024241358659 0.690048313802263 0.7761561461313509 0.8467429597568981 0.9007526786506876 0.9393260282503577 0.9650400191317081 0.9810399398770848 0.9903324240436526 0.9953698751225726 0.9979187830676164 0.9991226014412831 0.9996532786393422 0.9998716328621409 0.9999554925934278 0.9999855537004078 0.999995611777648 0.9999987528812345 0.9999996684808173 0.9999999175864978 0.9999999808444342 0.9999999958377722 0.99999999915467 0.9999999998395503 0.9999999999715417 0.9999999999952838 0.9999999999992698 0.9999999999998943 0.9999999999999858 0.9999999999999982 0.9999999999999998 1. 1. 1. 1. 1. 1. 1. 1. 1. 1. 1. 1. 1. 1. 1. 1. 1. 1. 1. 1. 1.
1.1493179889287572e-33 2.484869858624638e-32 5.033009127815014e-31 9.550385877046253e-30 1.6978226041277357e-28 2.8278186579950315e-27 4.412746407484804e-26 6.451721145578291e-25 8.838187812442695e-24 1.13444790378724e-22 1.3644360767985961e-21 1.5377430900891688e-20 1.6240227675543496e-19 1.607293635527009e-18 1.490773121005988e-17 1.2958689313482393e-16 1.0557606991784308e-15 8.062104104121262e-15 5.770793775559547e-14 3.8721760264178467e-13 2.435778812659161e-12 1.436539911521207e-11 7.943866582563381e-11 4.119284473015676e-10 2.0032394414060633e-9 9.137257743450842e-9 3.909555061072083e-8 1.5693883699028855e-7 5.911477987552571e-7 2.0897972007057397e-6 6.934975438305772e-6 0.000021608316166045866 0.00006323375354097103 0.00017384522299699793 0.0004491755103605055 0.0010911550160531828 0.002493330954405742 0.005362121163793573 0.01086019677884545 0.020730691268439173 0.03732976981663562 0.06347824924988768 0.10206398148768925 0.15540057754025263 0.22446309677378853 0.3082311402979193 0.403408435949381 0.5047079850968675 0.605703221821801 0.7000253290482714 0.7825426751575443 0.8501659231346426 0.9020776665184448 0.9394073017507193 0.9645527908137441 0.9804194040573164 0.9897977387715268 0.9949903288379196 0.9976834666309681 0.9989918911887743 0.9995873526583159 0.9998412000702674 0.9999425690526237 0.9999804874369395 0.9999937737970004 0.999998134662393 0.999999475415398 0.9999998615451144 0.9999999657108516 0.9999999920330769 0.999999998263609 0.9999999996450465 0.9999999999319524 0.9999999999877672 0.9999999999979381 0.9999999999996741 0.9999999999999517 0.9999999999999933 0.9999999999999991 0.9999999999999999 1. 1. 1. 1. 1. 1. 1. 1. 1. 1. 1. 1. 1. 1. 1. 1. 1. 1. 1. 1.
7.504328952953692e-32 1.3759933423050008e-30 2.3715211831039738e-29 3.841956529923252e-28 5.85061825685316e-27 8.37499727879687e-26 1.1269679493332123e-24 1.425586369606303e-23 1.6952840305645806e-22 1.8952701641203583e-21 1.9920177120523172e-20 1.9684455996594428e-19 1.8288482557255076e-18 1.5976186028100116e-17 1.3122853263219808e-16 1.0135922052923571e-15 7.362069287032393e-15 5.028771862421324e-14 3.230540991559961e-13 1.9519476633403014e-12 1.1093578941765886e-11 5.930889562876541e-11 2.982978649010692e-10 1.4115751557915678e-9 6.285318213456725e-9 2.6337276295063915e-8 1.0387032973552873e-7 3.856138638683872e-7 1.3477997729942069e-6 4.435982212969671e-6 0.000013751065614929459 0.000040157591527525715 0.00011050973775577692 0.0002866610133592686 0.0007011732413559203 0.0016178848314427224 0.0035232252566029048 0.007245063902181083 0.014077698045418066 0.025866372559941862 0.04498199478052877 0.07411323465950528 0.11583636961865966 0.17199837940933518 0.24304711494103223 0.327520184313268 0.4219107431757844 0.5210366785478131 0.6188717441838674 0.7096225046007677 0.7887367023722371 0.8535563831783122 0.9034686709705279 0.9395893550330024 0.964156352204101 0.9798598164628642 0.9892935968881464 0.99461985878795 0.9974460740873075 0.9988554712784177 0.9995160223562629 0.9998069758786745 0.9999274196541594 0.9999742781023128 0.9999914111044903 0.9999972984598522 0.9999991997455732 0.9999997767962843 0.9999999413922158 0.9999999855148834 0.9999999966306896 0.9999999992625065 0.9999999998481115 0.9999999999705695 0.9999999999946354 0.9999999999990802 0.9999999999998517 0.9999999999999776 0.9999999999999968 0.9999999999999996 1. 1. 1. 1. 1. 1. 1. 1. 1. 1. 1. 1. 1. 1. 1. 1. 1. 1. 1. 1.
3.542312258724629e-30 5.579206529926891e-29 8.285112906570451e-28 1.160041241753877e-26 1.531463333319725e-25 1.906372359857374e-24 2.2376247770938024e-23 2.476602814335636e-22 2.5848002930403266e-21 2.543970017981929e-20 2.3611584215954193e-19 2.066718073424155e-18 1.7060678552411206e-17 1.3282736837770845e-16 9.75379674367331e-16 6.755770987449994e-15 4.413805344889001e-14 2.720272175150638e-13 1.5816067626063992e-12 8.67561160357864e-12 4.4900202598869466e-11 2.192690573227222e-10 1.010473528599798e-9 4.394734920400713e-9 1.8040420025750734e-8 6.990656547483391e-8 2.5574291313848503e-7 8.834199725685635e-7 2.8819081126610403e-6 8.880197371691002e-6 0.000025851473504388585 0.00007111658344839176 0.00018492524886045157 0.0004546683854240798 0.0010573520371944891 0.0023267357759481017 0.004847089513748766 0.009564412536376188 0.0178877161839779 0.031731738322655474 0.05343852964895889 0.08552309136093161 0.13022890626064773 0.18895073784690497 0.2616622284911807 0.3465362032389515 0.43992917369049717 0.536806481862117 0.6315388058361034 0.7188646027272176 0.7947494561191447 0.8569129923268661 0.9049177458276499 0.9398639896464804 0.9638459262161665 0.9793603340983463 0.9888216827018916 0.9942609124307438 0.9972086435752058 0.9987145708538854 0.9994398167896406 0.9997690709353931 0.999909980761241 0.9999668287072033 0.9999884484791175 0.9999961993337615 0.9999988187801758 0.9999996532874764 0.9999999039045643 0.9999999748542253 0.9999999937884809 0.9999999985517328 0.9999999996813086 0.9999999999338209 0.9999999999870324 0.9999999999976026 0.9999999999995819 0.9999999999999312 0.9999999999999893 0.9999999999999984 0.9999999999999998 1. 1. 1. 1. 1. 1. 1. 1. 1. 1. 1. 1. 1. 1. 1. 1. 1. 1. 1.
1.2493011618384602e-28 1.7096709318794498e-27 2.2122406232414441e-26 2.7066700134113456e-25 3.131342701220214e-24 3.4255323303549074e-23 3.543547288275022e-22 3.4663493178325005e-21 3.20658228070762e-20 2.8051838496007975e-19 2.3208283392818125e-18 1.815943686232518e-17 1.3438645049151048e-16 9.406318903488695e-16 6.227500883854319e-15 3.8999417904785424e-14 2.310333987320562e-13 1.2947554672374528e-12 6.864727183582499e-12 3.4435784356283184e-11 1.6344784463184234e-10 7.341171337442637e-10 3.1203718843500073e-9 1.2552898062006808e-8 4.779963467949647e-8 1.7230562234259088e-7 5.880656360485766e-7 1.9004983737028025e-6 5.816960428209151e-6 0.00001686522258142081 0.00004632828039597668 0.00012060386132195198 0.00029761445193860685 0.000696398642355614 0.0015457015356199488 0.003255613434753245 0.00651001967405469 0.012365426802347654 0.02232475642419367 0.03833843583844936 0.06267955102358533 0.09765621623299962 0.1451684171921621 0.2061812116825439 0.28024840112596827 0.3652486348830478 0.45746410209434857 0.5520392155447272 0.643732902629301 0.7277739482843006 0.800590959100648 0.8602345169357266 0.9064176511409616 0.9402235325778523 0.9636167481928576 0.9789197329221602 0.9883832082666202 0.9939156028413381 0.996973080403409 0.998570432568768 0.9993593379649024 0.9997276666922633 0.9998902336200689 0.9999580624366043 0.9999848159719527 0.9999947914209816 0.9999983075715666 0.9999994791883753 0.9999998482392045 0.9999999581318337 0.9999999890655449 0.9999999972969854 0.9999999993676 0.9999999998599812 0.9999999999706645 0.9999999999941847 0.9999999999989093 0.9999999999998064 0.9999999999999676 0.9999999999999949 0.9999999999999992 0.9999999999999999 1. 1. 1. 1. 1. 1. 1. 1. 1. 1. 1. 1. 1. 1. 1. 1. 1. 1.
3.388298388216874e-27 4.07074165401301e-26 4.636429567642128e-25 5.006344629947536e-24 5.1250021696029285e-23 4.97408844519398e-22 4.5770922788328315e-21 3.99331767111561e-20 3.303377391533781e-19 2.591049186507076e-18 1.9270820767501976e-17 1.3590857913227128e-16 9.089328908621274e-16 5.7646443991804734e-15 3.467271691758842e-14 1.9778727337216692e-13 1.070104409180933e-12 5.4915567742348214e-12 2.6732074915329224e-11 1.2344301493380128e-10 5.407898841644309e-10 2.2477778982228496e-9 8.865007758818507e-9 3.317781294816673e-8 1.1784354410074281e-7 3.972874372062417e-7 1.2714587544471427e-6 3.863333635812877e-6 0.000011146959388867378 0.000030546786456933345 0.00007952074991411786 0.00019669988657139014 0.00046243775402755063 0.0010336205864510605 0.002197252991306006 0.004444111968553809 0.008556134907635786 0.015688856608485225 0.027415544607884798 0.0456888064379846 0.07267723797366223 0.11045709359456954 0.16058322746692158 0.22361935878718944 0.29875334806610654 0.38363327544920034 0.4745189160681623 0.5667563701851569 0.6554803698258523 0.7363707102373882 0.8062701846457838 0.8635198260186316 0.9079617785974687 0.9406608072192928 0.963464110218464 0.9785364838011 0.9879789686547844 0.993585721850798 0.9967411390566957 0.9984242859931979 0.9992752414360484 0.9996830072255479 0.9998682040485437 0.9999479253963892 0.9999804516196393 0.9999930295757484 0.9999976396024672 0.9999992410518557 0.9999997683288888 0.9999999328720303 0.9999999815391244 0.9999999951819754 0.9999999988068109 0.9999999997196292 0.9999999999374967 0.9999999999867814 0.9999999999973481 0.9999999999994953 0.999999999999909 0.9999999999999845 0.9999999999999974 0.9999999999999996 1. 1. 1. 1. 1. 1. 1. 1. 1. 1. 1. 1. 1. 1. 1. 1. 1. 1.
7.248425270314443e-26 7.716782524569296e-25 7.807451140062722e-24 7.507087529938241e-23 6.860128001588909e-22 5.958013193553529e-21 4.918014993860653e-20 3.8584134853916366e-19 2.8772023576081887e-18 2.0393315906757783e-17 1.3739632953293382e-16 8.799284747092936e-16 5.3569902354917564e-15 3.10036738631051e-14 1.7058596563289838e-13 8.923430957379804e-13 4.438142349360941e-12 2.0988224401568492e-11 9.43803951673473e-11 4.0359749739618004e-10 1.6413735339441869e-9 6.348826755501585e-9 2.3358497396477537e-8 8.175304509580097e-8 2.7221828766605315e-7 8.624556951761747e-7 2.6002796914507706e-6 7.461590584328236e-6 0.000020381813724397895 0.00005300723206410699 0.0001312802440146755 0.00030969808872478453 0.0006960963837257571 0.0014911623174301881 0.0030454895684575807 0.005932533989464377 0.011027443265676574 0.01957007529799389 0.033178863309736 0.053776620163075065 0.08339718495646946 0.12386780419619685 0.17640412101740816 0.24120080496473173 0.31713185887898554 0.40167135228639106 0.49109934300163627 0.5809789058593997 0.6668055395461515 0.7446731472907641 0.8117951899671274 0.8667678816690964 0.9095440862610296 0.9411691041259094 0.9633833947311622 0.9782088174364019 0.9876093940087283 0.9932727576482212 0.9965144120469683 0.9982773255921581 0.9991882179670171 0.9996353899178768 0.9998439605427683 0.99993638831233 0.9999753037721966 0.9999908710194727 0.999996787603314 0.9999989240857317 0.9999996570727161 0.9999998959975887 0.9999999699911829 0.9999999917629676 0.9999999978493683 0.9999999994659332 0.9999999998738683 0.9999999999716718 0.9999999999939501 0.9999999999987714 0.9999999999997629 0.9999999999999565 0.9999999999999925 0.9999999999999987 0.9999999999999998 1. 1. 1. 1. 1. 1. 1. 1. 1. 1. 1. 1. 1. 1. 1. 1. 1.
1.2507365822130475e-24 1.1899585136188222e-23 1.078366651556174e-22 9.308475627412965e-22 7.653808232920305e-21 5.994783629343524e-20 4.472775368990786e-19 3.1790675778409187e-18 2.1525527385468853e-17 1.3885207415274194e-16 8.533154522402917e-16 4.99621048338577e-15 2.78716134852856e-14 1.4814652066424343e-13 7.50322371121044e-13 3.6211970298414888e-12 1.665431349403431e-11 7.29955028768207e-11 3.049207175706315e-10 1.2140270116544073e-9 4.60736101479404e-9 1.666838812843389e-8 5.7489816628348576e-8 1.8905433730414812e-7 5.92826629173349e-7 1.7728260911298502e-6 5.056613979775632e-6 0.00001375856790397077 0.0000357172992293173 0.00008848241122013432 0.00020921819088574067 0.00047229039366486106 0.0010181288039724028 0.0020965879239794455 0.004125643883338983 0.007760902960492511 0.01396284866042671 0.024038474336392317 0.039625662084077466 0.06258796120062342 0.09479976156699596 0.137829310854707 0.19256503749742693 0.25886715122632276 0.33534511871404604 0.41934870727647966 0.507212899245623 0.5947271134527097 0.677730893686321 0.7526978225328051 0.8171732302438773 0.8699777308774659 0.911159041354144 0.9417421522385813 0.9633700995660238 0.9779347795665501 0.9872745977911274 0.9929779152462371 0.9962943244010491 0.9981306930747524 0.9990989767503169 0.9995851555791938 0.9998176111135104 0.9999234472185643 0.9999693329434616 0.9999882769046933 0.9999957244489025 0.9999985125216688 0.9999995064234046 0.9999998438122482 0.9999999528722465 0.9999999864419358 0.9999999962814976 0.9999999990278127 0.9999999997577248 0.9999999999424543 0.9999999999869733 0.9999999999971898 0.9999999999994222 0.9999999999998868 0.9999999999999789 0.9999999999999962 0.9999999999999993 0.9999999999999999 1. 1. 1. 1. 1. 1. 1. 1. 1. 1. 1. 1. 1. 1. 1. 1.
1.7755806187848847e-23 1.5212998491869103e-22 1.2441678693842008e-21 9.712739924836151e-21 7.237900757877013e-20 5.148748414817211e-19 3.49638852434018e-18 2.266617316919098e-17 1.402780023186408e-16 8.288330200039642e-16 4.675465422925149e-15 2.5181308692058506e-14 1.294922820673376e-13 6.358276648183562e-13 2.9811522694787134e-12 1.3347470247227505e-11 5.706981526562936e-11 2.330404424838222e-10 9.088668866328425e-10 3.3856551622232973e-9 1.2047326803298626e-8 4.0952401440951754e-8 1.3299872035075081e-7 4.127029907873141e-7 1.2237620700142622e-6 3.4679900380911502e-6 9.393734095416663e-6 0.000024324448447053993 0.000060223286036338105 0.000142588266200444 0.0003229180732020257 0.0006996699511709194 0.0014507852139545158 0.0028797490934831175 0.005473926376074419 0.009968018875864274 0.017397329522795973 0.029117107121125366 0.046759387991253364 0.07210219722618164 0.10684137801320509 0.1522825270237723 0.2090035492736182 0.2765657660562554 0.3533600498259938 0.43665508344441994 0.5228684416034293 0.6080205233068362 0.6882772099363897 0.7604597913185801 0.8224108566576077 0.8731484985124105 0.9128015699783312 0.9423740910233596 0.9634198561584014 0.9777122776729175 0.9869744209628482 0.9927021385627497 0.9960821326794249 0.997985463774048 0.999008230480656 0.9995326784846567 0.9997892991722029 0.9999091232255324 0.9999625131357561 0.9999852137144206 0.9999944240809965 0.9999979900604428 0.9999993075353615 0.9999997720154818 0.999999928277274 0.9999999784420635 0.9999999938096378 0.9999999983019651 0.999999999555097 0.9999999998886624 0.9999999999733898 0.9999999999939262 0.9999999999986762 0.9999999999997244 0.9999999999999452 0.9999999999999896 0.9999999999999981 0.9999999999999997 1. 1. 1. 1. 1. 1. 1. 1. 1. 1. 1. 1. 1. 1. 1. 1.
2.1105260415114467e-22 1.6398687923254906e-21 1.2186447927280747e-20 8.661712576167584e-20 5.888416544311974e-19 3.8288783613721036e-18 2.3814077398954968e-17 1.4167613767104567e-16 8.06255793402728e-16 4.389100408549286e-15 2.285698998286079e-14 1.1387249201601494e-13 5.427395670432928e-13 2.474884519857906e-12 1.0797633241872687e-11 4.5074755084879857e-11 1.8004958885808282e-10 6.882236960358381e-10 2.5175194422731235e-9 8.813557555286036e-9 2.9532289258562692e-8 9.472090079465897e-8 2.908280304649872e-7 8.548921223816885e-7 2.4061259324101903e-6 6.4849983016411415e-6 0.00001673956497173507 0.00004138912302147167 0.00009804120317007254 0.00022253214271696864 0.00048409437536272096 0.0010095402286268236 0.002018785599196133 0.003872238844117196 0.007126727567503924 0.012590597537689362 0.021361303579686828 0.034822557759879816 0.05457648286489879 0.08229297823170464 0.11947563102485438 0.16716918311915854 0.22566115858295793 0.29424949976097414 0.37114868746178264 0.4535835058144196 0.538075803682637 0.6208778498155535 0.698463699526202 0.7679727660172719 0.827514000940013 0.8762793812776262 0.9144670128336285 0.9430594438155773 0.963528442309252 0.9775391203113155 0.9867084720322084 0.9924461331671635 0.9958789275461253 0.9978426366382247 0.9989166824280853 0.9994783567054011 0.9997591987707811 0.9998934614922649 0.9999548326286478 0.9999816544378597 0.999992862406291 0.9999973403680851 0.9999990509671883 0.9999996757515808 0.9999998939370747 0.999999966787992 0.999999990045185 0.999999997144106 0.9999999992158679 0.9999999997939631 0.9999999999481938 0.9999999999875355 0.9999999999971305 0.999999999999368 0.9999999999998668 0.9999999999999731 0.9999999999999949 0.9999999999999991 0.9999999999999998 1. 1. 1. 1. 1. 1. 1. 1. 1. 1. 1. 1. 1. 1. 1.
2.133534774372825e-21 1.5129722485210698e-20 1.0280540862331788e-19 6.693661333581255e-19 4.176224829097775e-18 2.4968163753725204e-17 1.430483536918312e-16 7.853881429837131e-16 4.1324114134074415e-15 2.0837898900146765e-14 1.0070473366562332e-13 4.664519823353266e-13 2.0708174585948795e-12 8.811960721855352e-12 3.594335862471697e-11 1.4054042353842024e-10 5.26796993742053e-10 1.8930830906527197e-9 6.522402324881059e-9 2.1546992692288645e-8 6.825576858733347e-8 2.0734866983766395e-7 6.041036344298476e-7 1.688157787118139e-6 4.52536502521859e-6 0.000011638202334991966 0.000028718942112259745 0.00006800900303946316 0.00015457975358924153 0.00033729396875007995 0.0007066850218711965 0.0014220266298702676 0.002748974511403639 0.005106778420365703 0.009119833342508403 0.015662522344064185 0.025880179919253773 0.04116500355470461 0.06306699760452796 0.09312922266035296 0.13265431732656513 0.1824325102951731 0.24248345073101435 0.31187634982083745 0.3886875984480264 0.47012974696509835 0.5528455024237481 0.6333169631201732 0.7083081360171322 0.775249260737505 0.8324880485375741 0.8793696424881732 0.9161510861353425 0.943793092539362 0.9636917906455694 0.9774130500799162 0.9864761630662104 0.9922103889819305 0.9956856390431464 0.9977031273798195 0.9988250155371297 0.9994226030117901 0.9997275094695488 0.9998765295466958 0.9999462942529387 0.9999775794841864 0.9999910181254428 0.999996547595503 0.9999987269284133 0.9999995496924617 0.9999998472277186 0.9999999502930706 0.9999999844908409 0.9999999953599374 0.9999999986689571 0.9999999996339302 0.999999999903481 0.9999999999756042 0.9999999999940892 0.9999999999986273 0.9999999999996945 0.9999999999999348 0.9999999999999867 0.9999999999999973 0.9999999999999996 0.9999999999999999 1. 1. 1. 1. 1. 1. 1. 1. 1. 1. 1. 1. 1. 1.
1.8600246965876925e-20 1.2108595914622617e-19 7.566163432396459e-19 4.538094885880164e-18 2.6127448951781553e-17 1.443963875483488e-16 7.660595628423408e-16 3.901462232657925e-15 1.907495577294974e-14 8.953327166591086e-14 4.03463890459184e-13 1.7455802212494182e-12 7.251146944604594e-12 2.8921680076611784e-11 1.1076687027090841e-10 4.073681549925001e-10 1.4387262552719785e-9 4.8798700012284025e-9 1.5896615002557563e-8 4.973901863338069e-8 1.494922074468145e-7 4.316228847882193e-7 1.1972759373516616e-6 3.1910325731228057e-6 8.172656324963643e-6 0.000020116072661665827 0.000047591553573084784 0.00010824022891948331 0.00023669694536911014 0.0004977639451860929 0.0010068684973410607 0.001959493528103252 0.003669891448388591 0.006616569175241587 0.011487686245082203 0.019214226425180732 0.030974089294244434 0.048148436725226895 0.0722152796874047 0.10457605986128093 0.14632831112354489 0.198017763583947 0.2594201345547209 0.32940909933908646 0.4059573466826173 0.48629186779930267 0.5671885024817135 0.6453548810362253 0.7178269749281467 0.7823007187008904 0.8373379021317884 0.8824186075378254 0.9178498470424183 0.9445702538893066 0.963905993690424 0.9773317711207805 0.9862767418496383 0.9919952024258559 0.9955030438531761 0.9975677643276938 0.998733883492348 0.9993658365429887 0.999694451068802 0.9998584151033785 0.9999369151944961 0.9999729773157127 0.9999888734575522 0.9999955968945871 0.9999983255575629 0.9999993881511237 0.9999997851990758 0.9999999275554787 0.9999999765298727 0.9999999926964807 0.9999999978171443 0.9999999993734354 0.9999999998272855 0.9999999999542817 0.9999999999883794 0.9999999999971638 0.9999999999993354 0.9999999999998505 0.9999999999999677 0.9999999999999933 0.9999999999999987 0.9999999999999998 1. 1. 1. 1. 1. 1. 1. 1. 1. 1. 1. 1. 1. 1.
1.4159896589989876e-19 8.50740593766903e-19 4.914138913849492e-18 2.7291036458047162e-17 1.4572185246182166e-16 7.481208615809535e-16 3.6929408885629576e-15 1.75282398327011e-14 7.999858581037031e-14 3.510896096256049e-13 1.4816987987360264e-12 6.013452614233353e-12 2.3470741762549048e-11 8.81022464539311e-11 3.1807106578120313e-10 1.104484867561023e-9 3.6890711232240274e-9 1.1852806327937221e-8 3.663529984925805e-8 1.0893883563331854e-7 3.116757051724852e-7 8.580179965626579e-7 2.2730165498139486e-6 5.795155351602437e-6 0.00001422105782176592 0.00003359357553314602 0.00007640065147643221 0.0001673092766279274 0.0003528566501130157 0.0007168260591508874 0.0014030019512942444 0.002646275425066889 0.004811279169553464 0.008434639552943766 0.014262718448100448 0.02327221306978327 0.03665777642759137 0.05577101068163895 0.08200069698171143 0.11659570755858678 0.16044830869933127 0.2138726066725899 0.2764249966950858 0.3468149451083436 0.4229420068315251 0.5020698244932317 0.5811160281710626 0.6570077758915093 0.7270354642993055 0.78913762455502 0.8420680369573382 0.8854256599507291 0.919559663010195 0.9453864570018362 0.9641673062793441 0.9772929719437389 0.9861093204357232 0.9918006976407476 0.9953317739557496 0.9974372865454469 0.9986439036316235 0.9993084753636907 0.9996602583981844 0.9998392235237277 0.999926726388408 0.9999678447990403 0.9999864147342623 0.9999944749062121 0.9999978372173017 0.9999991852206138 0.9999997046222462 0.9999998969645186 0.9999999654194985 0.9999999888344901 0.9999999965318431 0.9999999989637502 0.9999999997021822 0.9999999999176745 0.9999999999781126 0.9999999999944036 0.9999999999986239 0.9999999999996746 0.9999999999999261 0.9999999999999838 0.9999999999999967 0.9999999999999993 0.9999999999999999 1. 1. 1. 1. 1. 1. 1. 1. 1. 1. 1. 1. 1.
9.518679387202722e-19 5.303994504087098e-18 2.845811044291334e-17 1.4702624877454341e-16 7.314410128773286e-16 3.5040460255690177e-15 1.6165067298267917e-14 7.181487146040875e-14 3.0725092182564367e-13 1.265982334820353e-12 5.023801409964532e-12 1.9200983956525537e-11 7.068345535140362e-11 2.5063039422029546e-10 8.560345324534407e-10 2.8165143371459164e-9 8.927280151994718e-9 2.726078072754342e-8 8.020418271090645e-8 2.273660131491832e-7 6.210933761201029e-7 1.6350357678331402e-6 4.14835936140787e-6 0.00001014490513493543 0.00002391610185486161 0.00005435718878136206 0.00011912611926854755 0.00025177131968131205 0.0005132490693544157 0.0010093801720600138 0.0019154815946329435 0.003508335454535903 0.006203553624933133 0.010593213768897701 0.017474774465280393 0.027858714158998724 0.042940633627432265 0.06402547803569203 0.09239836800969242 0.12914827104134843 0.1749654476914034 0.2299473797375 0.29345579180747466 0.36406512734465396 0.4396287255529036 0.5174651332536825 0.5946394144179344 0.6682909921655416 0.7359477464989228 0.79576960359272 0.8466825491194505 0.8883902379283461 0.9212771845635686 0.9462375226026899 0.9644721459155418 0.9772943442606904 0.9859729003629989 0.9916268465641664 0.9951723261911677 0.9973123438123259 0.9985556515511036 0.9992509299691325 0.9996251763163235 0.999819075052717 0.9999157715729936 0.9999621872869406 0.9999836328475371 0.9999931701993108 0.999997252792179 0.9999989349318537 0.999999602054336 0.9999998567176959 0.9999999502893994 0.9999999833826634 0.9999999946481892 0.9999999983394943 0.9999999995036868 0.9999999998571025 0.9999999999603699 0.9999999999894138 0.9999999999972764 0.9999999999993251 0.999999999999839 0.9999999999999629 0.9999999999999918 0.9999999999999982 0.9999999999999997 1. 1. 1. 1. 1. 1. 1. 1. 1. 1. 1. 1. 1.
5.707289842691951e-18 2.962793002342999e-17 1.4831097387322869e-16 7.159045381588716e-16 3.3323964247365407e-15 1.4958513629278086e-14 6.475326902462244e-14 2.703263929967691e-13 1.0883825422279407e-12 4.226246803270918e-12 1.5827894280190512e-11 5.7174499524907084e-11 1.992093550215712e-10 6.695203066582397e-10 2.1706234204143104e-9 6.788809469705017e-9 2.048399669709988e-8 5.963116490836507e-8 1.6749323072499693e-7 4.539593658773815e-7 1.1873142373801369e-6 2.9969516651257308e-6 7.301282145450004e-6 0.000017169902562033322 0.00003897932784121847 0.00008543824408045554 0.0001808344573993958 0.0003696468651959674 0.0007298664964921336 0.001392299237974412 0.0025665311393230548 0.004572867455101264 0.007877258694801784 0.01312312414775606 0.021150634470753705 0.032991479950985 0.04982685284263437 0.07289969075417166 0.1033798755242484 0.14219245715839737 0.18983181136044788 0.24619527015895457 0.31047408683852384 0.38113456961370984 0.45600732827787305 0.5324805852799311 0.6077699896261898 0.6792190717654984 0.7445769517060657 0.8022055095677101 0.8511851979149895 0.891311831317229 0.9229993210572583 0.9471195435891244 0.9648170915396085 0.9773335984269083 0.9858663948249364 0.9914734877042113 0.9950250723422476 0.9971934981022506 0.9984696572252691 0.999193597752548 0.9995894550346123 0.9997981019504154 0.9999041060765363 0.999956018454403 0.9999805235443981 0.9999916736448078 0.9999965639753678 0.9999986314227891 0.9999994739179274 0.9999998048484714 0.999999930146046 0.9999999758743059 0.9999999919608484 0.9999999974156206 0.9999999991985172 0.999999999760226 0.9999999999308075 0.9999999999807404 0.9999999999948292 0.9999999999986611 0.9999999999996656 0.9999999999999194 0.9999999999999813 0.9999999999999958 0.9999999999999991 0.9999999999999998 1. 1. 1. 1. 1. 1. 1. 1. 1. 1. 1. 1.
3.0799823804250085e-17 1.4957733109942388e-16 7.014093209149778e-16 3.175958470749611e-15 1.3886268556147695e-14 5.862925366364975e-14 2.3904108462341195e-13 9.411789828018525e-13 3.5787086210334446e-12 1.3141617160696737e-11 4.660736690765193e-11 1.5964659910705032e-10 5.281793571647496e-10 1.687868058744825e-9 5.210160026834131e-9 1.5536063004664205e-8 4.475400671927606e-8 1.2455169889272755e-7 3.3490543989532637e-7 8.70121972620138e-7 2.1845242808621317e-6 5.300160581964082e-6 0.00001242844432604543 0.00002816983546138586 0.00006172205634314203 0.00013074914899602682 0.0002678178039521794 0.0005305280960547637 0.001016528345688553 0.0018843219857358033 0.0033799276129385714 0.005867859356427139 0.00986252703865066 0.01605328393530495 0.025313642722661546 0.03868368900207554 0.05731567289754361 0.08237713679983519 0.11491394630715916 0.15568620108387426 0.2050008296173198 0.26257240394708886 0.32744507398573686 0.3980015347345221 0.4720699687834066 0.5471200051226746 0.6205189845923326 0.6898057845104428 0.7529352835703893 0.8084535025604521 0.8555794430002746 0.8941899789349951 0.9247232190498154 0.9480288669872874 0.9651988810947094 0.9774084760041519 0.9857886480779332 0.9913403435427435 0.9948902694262372 0.9970812262391369 0.9983864024579112 0.9991368584137422 0.9995533458445128 0.9997764456189677 0.9998917954084667 0.9999493599196714 0.9999770875699512 0.9999899787131374 0.9999957635324221 0.9999982691110532 0.9999993165917404 0.9999997392638846 0.9999999038831681 0.9999999657669889 0.9999999882209375 0.9999999960846451 0.9999999987428037 0.9999999996100712 0.9999999998831852 0.9999999999661995 0.9999999999905541 0.9999999999974506 0.9999999999993354 0.9999999999998328 0.9999999999999594 0.9999999999999905 0.9999999999999978 0.9999999999999996 0.9999999999999999 1. 1. 1. 1. 1. 1. 1. 1. 1. 1. 1.
1.5082653776677482e-16 6.878647730504733e-16 3.0329876560238815e-15 1.2929742475081647e-14 5.3293074056703645e-14 2.1238508179581042e-13 8.183912636728107e-13 3.049256058267559e-12 1.0985903979187318e-11 3.827372211490203e-11 1.2894474190213182e-10 4.201078426264743e-10 1.323700036756604e-9 4.033748475718192e-9 1.188882155146524e-8 3.3892340442061154e-8 9.345895579024495e-8 2.493003097950533e-7 6.433324413489514e-7 1.6061629101170224e-6 3.8798850769040065e-6 9.069014085413741e-6 0.00002051415528909814 0.00004491009585465814 0.00009516562008039346 0.0001952162848571777 0.0003877142646581537 0.0007456478839833162 0.0013888522940234936 0.0025058848311051503 0.004380676436952311 0.007421635807131818 0.012188565474871418 0.019410232240545777 0.029983440293091787 0.04494396409295967 0.06540169955674116 0.09243749180662471 0.12696708531544348 0.16958720740690697 0.22042758907158308 0.2790378735657004 0.34433736394131154 0.41464730035058556 0.4878108183578058 0.5613880464120095 0.6328974626294537 0.7000641619703091 0.7610340975843128 0.8145211181465988 0.8598684771157907 0.8970242662017343 0.9264462429690896 0.9489620772141047 0.965614408191793 0.9775167598880807 0.9857384523636273 0.991227036545747 0.9947680699587134 0.9969759234493065 0.9983063194813202 0.9990810702618907 0.9995170972981484 0.9997542538072375 0.9998789137223092 0.9999422406854273 0.999973330666604 0.999988081688908 0.9999948455322418 0.9999978428625933 0.9999991265084478 0.9999996577906369 0.9999998702982988 0.9999999524455638 0.999999983134418 0.9999999942143514 0.9999999980803564 0.9999999993839923 0.9999999998088258 0.9999999999426237 0.9999999999833475 0.9999999999953264 0.9999999999987317 0.9999999999996672 0.9999999999999156 0.9999999999999793 0.9999999999999951 0.9999999999999989 0.9999999999999998 1. 1. 1. 1. 1. 1. 1. 1. 1. 1. 1.
6.751902898022042e-16 2.9019811325093934e-15 1.2073364190761836e-14 4.8622445550190294e-14 1.895527793645121e-13 7.153509012405276e-13 2.6134560419635564e-12 9.243376722971314e-12 3.16503593075142e-11 1.0492362347402702e-10 3.3676714131811163e-10 1.0465602347117543e-9 3.149157547427863e-9 9.175698257876599e-9 2.5889215895095648e-8 7.073850212505936e-8 1.8718628632010788e-7 4.797328896122547e-7 1.1908598447854269e-6 2.8634424682773447e-6 6.6698605219840224e-6 0.00001505159607294627 0.00003290989500326168 0.00006972575760992088 0.00014316339927223132 0.0002849030631409532 0.0005496025466473027 0.0010279064079042326 0.0018641712765574963 0.0032788996444158658 0.005594649162822326 0.009262397060283579 0.014883179869779491 0.023217757950241454 0.03517579717122489 0.05177647850027307 0.07407527786111825 0.1030571684701063 0.13950415664865679 0.18385340960528349 0.236069064201059 0.2955537157026819 0.3611227684810027 0.4310558562800491 0.5032257911750249 0.575290019660748 0.6449162669127024 0.7100065332531056 0.7688839727094104 0.8204153289482895 0.8640552549679488 0.8998143230321256 0.9281659577903207 0.9499159805669348 0.9660607181175038 0.977656282379118 0.9857145626065034 0.9911331037974433 0.9946585320091448 0.9968779075725331 0.9982297905288557 0.9990265673484082 0.9994809518673888 0.9997316779574991 0.9998655422110865 0.9999346964370478 0.999969263442382 0.999985981800723 0.9999938055378996 0.9999973481494253 0.999998900255386 0.9999995582277568 0.9999998281149627 0.9999999352287011 0.9999999763622504 0.9999999916461861 0.9999999971411155 0.9999999990526265 0.9999999996960236 0.9999999999055645 0.9999999999715953 0.9999999999917284 0.9999999999976681 0.9999999999993635 0.9999999999998319 0.9999999999999569 0.9999999999999893 0.9999999999999974 0.9999999999999993 0.9999999999999999 1. 1. 1. 1. 1. 1. 1. 1. 1. 1.
2.7816390129385437e-15 1.1304025397825045e-14 4.451692409450342e-14 1.6989725926532193e-13 6.283866525569934e-13 2.252463272960699e-12 7.825106270774204e-12 2.6347347803542183e-11 8.598267484289061e-11 2.719735043309826e-10 8.33871447126228e-10 2.478248681601603e-9 7.139727198672817e-9 1.994014806128142e-8 5.398906098647141e-8 1.4172162040652224e-7 3.6069786216089186e-7 8.901320073727424e-7 2.1300864954350137e-6 4.943143192093865e-6 0.0000111251611165263 0.00002428532072970176 0.00005142290970520921 0.00010563056874897191 0.00021051944000903368 0.00040711676886553196 0.0007640650764255347 0.0013918525168161492 0.0024613987556015428 0.00422648615273093 0.007048197784084651 0.011417769402158608 0.017972350862898633 0.027496605225013956 0.04090253579997453 0.05918113653666147 0.08332289849293673 0.11420985018644304 0.1524889073142822 0.198443353599551 0.25188428113846983 0.3120848505084378 0.37777607935173313 0.44721362458936115 0.5183123024828686 0.5888317475253091 0.6565859817661654 0.7196445616818553 0.7764947767890864 0.8261425995017591 0.8681425187769516 0.902559821950338 0.9298801134851966 0.9508875908617854 0.9665350033775659 0.977824931520787 0.9857157091296559 0.9910580103014814 0.9945616289153466 0.9967874237310033 0.9981571482180547 0.9989736573551515 0.9994451430869347 0.9997088707420648 0.9998517674879888 0.9999267687345593 0.9999649011247289 0.9999836812680143 0.9999926407525022 0.999996781190696 0.9999986346739543 0.9999994384036537 0.9999997760097343 0.9999999133789134 0.9999999675225029 0.9999999881945449 0.9999999958399098 0.9999999985789061 0.9999999995294296 0.9999999998489604 0.9999999999530099 0.9999999999858304 0.9999999999958589 0.9999999999988269 0.999999999999678 0.9999999999999143 0.9999999999999779 0.9999999999999944 0.9999999999999987 0.9999999999999997 1. 1. 1. 1. 1. 1. 1. 1. 1. 1.
1.061063848429521e-14 4.0893543306083505e-14 1.5289573544153365e-13 5.545912457033279e-13 1.9516318060003335e-12 6.663170394856346e-12 2.207159736658054e-11 7.093635887096034e-11 2.2120740158139912e-10 6.69330119888908e-10 1.9651984443979827e-9 5.599049653416385e-9 1.5480390080860828e-8 4.153635344939321e-8 1.0816194165687742e-7 2.7336486126823555e-7 6.705904444780409e-7 1.5967794535004364e-6 3.6909162019365303e-6 8.282405098623694e-6 0.000018044548964574613 0.000038171598247639915 0.00007841163152517377 0.00015642695937548092 0.0003030982109542171 0.0005704933919508985 0.001043215304853435 0.0018536192220086135 0.0032008469835798727 0.005372669158298541 0.008767759224345846 0.013914380140009739 0.021479868175865672 0.03226425965978672 0.047171536123932246 0.06715381270261955 0.09312762249179082 0.12586699891750797 0.16588443250303095 0.21331651203983287 0.26783442469825497 0.3285989919635568 0.394274848686652 0.46310920248914517 0.5330690563122088 0.6020194435165108 0.6679169051959514 0.7289892815727449 0.7838757262585596 0.831708935249023 0.8721328209238113 0.9052604763953676 0.9315866310319656 0.9518741161409212 0.9670345989281045 0.9780206559818252 0.9857406086119924 0.9910011610105364 0.9944772585626516 0.996704649289585 0.9980886765957888 0.99892262015791 0.9994098931716394 0.9996859838230308 0.9998376799966524 0.9999185041330404 0.9999602632182547 0.9999811852698672 0.9999913501176767 0.9999961390724711 0.9999983269538064 0.9999992962352067 0.9999997126431474 0.999999886115812 0.9999999561944952 0.9999999836471002 0.9999999940756481 0.9999999979171998 0.9999999992894459 0.9999999997647807 0.9999999999244457 0.9999999999764526 0.9999999999928795 0.999999999997911 0.9999999999994054 0.9999999999998358 0.999999999999956 0.9999999999999886 0.9999999999999971 0.9999999999999993 0.9999999999999998 1. 1. 1. 1. 1. 1. 1. 1. 1.
3.76834079841532e-14 1.3812318338936163e-13 4.916470308482194e-13 1.6994968852515381e-12 5.705290281332309e-12 1.8601010512102606e-11 5.88990781314934e-11 1.8113658984428254e-10 5.410570519123061e-10 1.5697610473746726e-9 4.423776103345537e-9 1.210984242364433e-8 3.220234892678091e-8 8.318780584250239e-8 2.08773683561076e-7 5.090476406653874e-7 1.2059580968586473e-6 2.7760273954923774e-6 6.209576507727024e-6 0.000013498281607484536 0.00002851725460100269 0.00005855815200839992 0.00011688499097478837 0.00022681263305716892 0.0004279201841188841 0.0007850555767339837 0.0014006866159247309 0.002430814821352228 0.004104004785076586 0.006742051433643972 0.010779462615711253 0.0167774676086332 0.02542702794818504 0.037534811412508425 0.05398681112221762 0.07568663480445532 0.10346951124957875 0.1379983302374916 0.17965358314683424 0.22843353641826936 0.28388289825041013 0.34506653737345105 0.41059917478206687 0.47873312755496594 0.5474958595883196 0.61485961069662 0.6789190304576165 0.7380511345352773 0.7910354406356289 0.8371199263538993 0.8760285440660931 0.9079160391891771 0.93328358980393 0.9528729463724543 0.9675569772149035 0.9782414687172553 0.9857879734902165 0.9909619116570632 0.9944052521645677 0.9966296989710346 0.9980246127124628 0.9988737069838205 0.9993754110869761 0.9996631658556393 0.9998233724869527 0.9999099532632524 0.9999553730857824 0.9999785018432039 0.9999899343644656 0.9999954198429712 0.9999979747184229 0.9999991297865369 0.9999996366932357 0.9999998526321753 0.9999999419249502 0.999999977766272 0.999999991731048 0.9999999970126552 0.9999999989516665 0.9999999996426641 0.9999999998816953 0.9999999999619582 0.9999999999881193 0.9999999999963964 0.9999999999989385 0.9999999999996964 0.9999999999999156 0.9999999999999772 0.999999999999994 0.9999999999999984 0.9999999999999996 0.9999999999999999 1. 1. 1. 1. 1. 1. 1. 1.
1.2523207055918475e-13 4.376946479501498e-13 1.4870220395043515e-12 4.910930856283787e-12 1.576597626308084e-11 4.920391228674302e-11 1.4928355194934592e-10 4.403221184476741e-10 1.2626669669179324e-9 3.520314376629522e-9 9.5425403095389e-9 2.5150884725874057e-8 6.445658866326556e-8 1.606296269335515e-7 3.892685606245199e-7 9.174050794170143e-7 2.1027409918506654e-6 4.687594795414548e-6 0.000010164432733577473 0.000021439605902747774 0.000043993214365017935 0.00008782694112506852 0.00017060216322882038 0.00032247914785382106 0.0005932383846493236 0.0010622400116151514 0.0018515820206803828 0.00314237301835569 0.0051932826496357285 0.008359473185858932 0.01310875051649 0.020030534026422138 0.02983239464523511 0.04331888955153881 0.061348641411621524 0.08476829778410606 0.11432605121657609 0.15057225101599409 0.19375931802273735 0.2437564541632282 0.29999534497876457 0.36146044252879656 0.4267314959570587 0.4940776643707801 0.5615934597409618 0.6273589573793815 0.6896020348449703 0.7468400048771744 0.7979819922446444 0.8423807869505491 0.8798319190387965 0.910526301143993 0.9349692161770602 0.953881642067443 0.9680997431144297 0.9784854496082653 0.9858565199893762 0.990939578464364 0.9943453825062007 0.9965626300161652 0.9979651486079011 0.9988271400829669 0.9993418910435474 0.9996405607451335 0.9998089385841623 0.9999011699006086 0.9999502574719377 0.9999756417193418 0.9999883960182787 0.9999946225812911 0.9999975760992716 0.9999989373252369 0.9999995468904015 0.9999998121122506 0.9999999242360054 0.9999999702918838 0.9999999886729857 0.9999999958008097 0.9999999984864094 0.9999999994695697 0.9999999998192783 0.9999999999401394 0.9999999999807244 0.9999999999939662 0.9999999999981639 0.9999999999994569 0.9999999999998439 0.9999999999999564 0.9999999999999881 0.9999999999999969 0.9999999999999992 0.9999999999999998 1. 1. 1. 1. 1. 1. 1. 1.
3.91233357729932e-13 1.307037874997349e-12 4.248441460665348e-12 1.343600329053269e-11 4.134471788271358e-11 1.2379143659380183e-10 3.606564827200439e-10 1.0224503137453076e-9 2.8206530846530496e-9 7.572351778221007e-9 1.9783415017762978e-8 5.030116359953803e-8 1.244741888925244e-7 2.997952347105907e-7 7.028060804072386e-7 1.603742407934831e-6 3.5624346712145285e-6 7.703700599771958e-6 0.000016218901321289085 0.0000332464281607173 0.00006635978608430285 0.00012898509629858719 0.0002441689546913771 0.00045019800779266627 0.0008085917908978614 0.0014148919300677046 0.00241238550789187 0.0040083669128746025 0.006491733655110135 0.010249668478302467 0.015780023449658658 0.023695046495003796 0.03471162666133495 0.049623660479819545 0.06925375767174823 0.09438439660699695 0.12567256505859492 0.16355625723309458 0.20816500368599417 0.2592488176681924 0.3161396379994108 0.3777560878105446 0.4426563943367413 0.5091366114318896 0.5753634031449107 0.6395243272699911 0.6999752742156753 0.7553652538212607 0.8047229515932812 0.8474963903535042 0.883545040811919 0.9130910897884001 0.9366418732175651 0.9548979237436386 0.9686606288494015 0.9787507472504776 0.9859449749470878 0.9909334468198607 0.9942973716308636 0.9965034473017362 0.9979104336067883 0.9987831128381123 0.9993095113813235 0.9996183061583435 0.9997944714719376 0.9998922100465638 0.9999449459876661 0.9999726181089444 0.9999867393610725 0.9999937474388632 0.9999971297964463 0.9999987173740675 0.9999994420522794 0.9999997637516176 0.9999999026348441 0.9999999609449771 0.9999999847535195 0.9999999942075293 0.9999999978583769 0.9999999992294661 0.9999999997302288 0.9999999999080946 0.9999999999695339 0.9999999999901733 0.999999999996916 0.9999999999990583 0.9999999999997202 0.9999999999999192 0.9999999999999772 0.9999999999999938 0.9999999999999983 0.9999999999999996 0.9999999999999999 1. 1. 1. 1. 1. 1. 1.
1.1538205600476526e-12 3.692942401538491e-12 1.150998370348043e-11 3.4934513713528294e-11 1.0325784777686896e-10 2.9722892247541353e-10 8.332411755301974e-10 2.274965929126798e-9 6.049470452691596e-9 1.566797527502133e-8 3.952549372563663e-8 9.712425123954777e-8 2.3247827379039088e-7 5.420772255914794e-7 1.2313610951765782e-6 2.7250739647317212e-6 5.875770365614032e-6 0.000012344462299692342 0.000025271437272575238 0.00005041622203694052 0.00009802308428907318 0.00018575585793645887 0.0003431269176549636 0.0006178901570615114 0.0010848324103094626 0.0018572257969584635 0.0031008374394937968 0.005049792862616803 0.00802275897332065 0.012436928081544316 0.018816315232927434 0.02779018911137281 0.04007736281394754 0.05645288247576245 0.07769556021677446 0.10451776823226454 0.13748260306449453 0.17691729104294818 0.22283466615967998 0.2748758118280573 0.33228584580290227 0.39393113944560276 0.4583604107146034 0.5239051269918675 0.5888079119638518 0.6513626418484273 0.7100477820399738 0.763635752337477 0.8112654287891351 0.8524713006903095 0.8871698827385728 0.9156102681947593 0.9383000513276586 0.9559196621691002 0.9692374889347946 0.9790355800343231 0.9860520815790292 0.9909427789925023 0.9942608979650196 0.9964521083481679 0.997860576835885 0.9987417902415591 0.9992784338063192 0.9995965322844433 0.9997800627030284 0.9998831310423796 0.9999394705726494 0.9999694464457907 0.9999849703550682 0.9999927956540169 0.9999966351243843 0.9999984687564448 0.9999993211173233 0.9999997067778685 0.999999876624621 0.9999999494326983 0.999999979811602 0.9999999921493188 0.9999999970264855 0.9999999989030799 0.9999999996058986 0.9999999998621025 0.9999999999530098 0.9999999999844063 0.9999999999949607 0.9999999999984142 0.9999999999995139 0.999999999999855 0.9999999999999578 0.999999999999988 0.9999999999999967 0.9999999999999991 0.9999999999999998 1. 1. 1. 1. 1. 1. 1.
3.2247507451058256e-12 9.909044062873732e-12 2.967532085214355e-11 8.661580119670619e-11 2.464038613518961e-10 6.832158287705783e-10 1.8464624478134765e-9 4.864163370612459e-9 1.2490356099209817e-8 3.126477908145353e-8 7.628967481957592e-8 1.8147767133942167e-7 4.2086824921992145e-7 9.516003742600242e-7 2.097828872336636e-6 4.509369474905685e-6 9.451856664178327e-6 0.00001931974368560674 0.00003851219602068515 0.00007487559748447474 0.00014199163360370634 0.00026266624381704966 0.00047403138052077616 0.0008346753589479525 0.0014341239312510184 0.0024047526166622226 0.0039357776503088394 0.006288330935187064 0.009809806513170012 0.014944777022126888 0.02223900464788811 0.03233266712318213 0.04593916547827323 0.06380700804824993 0.0866643658877299 0.1151488343473832 0.14972831038952802 0.19062205745156466 0.23773319865708553 0.29060432616497633 0.3484061785443403 0.40996540921526936 0.4738318711211026 0.5383795724640614 0.6019297772067472 0.6628808531164773 0.7198282719813334 0.7716599124659953 0.8176161113510575 0.857309801359232 0.8907083092954479 0.918083733892821 0.9399423597427197 0.9569448693231242 0.9698282951965946 0.9793382366391483 0.9861766043171052 0.9909668209743826 0.994235602887825 0.9964085281654694 0.9978156498884856 0.9987033096740074 0.9992488029412219 0.9995753608341591 0.9997658011459231 0.9998739907312015 0.9999338649508015 0.9999661440997369 0.9999830965331151 0.9999917695409151 0.9999960920419446 0.9999981906344027 0.9999991831759582 0.9999996404713568 0.9999998457162962 0.9999999354541189 0.999999973675466 0.9999999895340275 0.9999999959438926 0.9999999984677288 0.9999999994357853 0.999999999797501 0.9999999999291631 0.9999999999758487 0.9999999999919746 0.999999999997401 0.9999999999991798 0.9999999999997478 0.9999999999999244 0.9999999999999779 0.9999999999999938 0.9999999999999982 0.9999999999999996 0.9999999999999999 1. 1. 1. 1. 1. 1.
8.571255495636353e-12 2.533612905684291e-11 7.304775957014807e-11 2.054255315104574e-10 5.63499512268295e-10 1.5077721497158735e-9 3.935438748968104e-9 1.0020258685451583e-8 2.4888976522603864e-8 6.031043669626505e-8 1.42577614733501e-7 3.2885236417315453e-7 7.400481635289095e-7 1.6249817728404033e-6 3.4816747402648866e-6 7.279516976297322e-6 0.00001485309690881357 0.000029577341131624242 0.000057485575078624325 0.0001090558300099396 0.00020195970272245546 0.0003651280851613262 0.0006445148840139 0.0011108986980874576 0.0018699109781850512 0.0030741755448499344 0.004936960896703583 0.007746089009024345 0.01187607071370394 0.017795673724006946 0.026067567160676007 0.03733656234633956 0.052303515105200246 0.07168332583850698 0.09614767345757112 0.12625593811991337 0.162380767232125 0.2046373019050835 0.25282652973891756 0.306402997077487 0.3644749198533006 0.4258407151659339 0.48906072532609723 0.5525573719723619 0.6147322660321095 0.6740859051029541 0.7293251432012959 0.7794457170630025 0.823781298739835 0.8620159206641593 0.8941620874903691 0.9205114178565125 0.9415675187860776 0.9579716900162503 0.9704311318947982 0.9796570760438821 0.986317332836875 0.9910048085234775 0.9942210967597391 0.9963725838993488 0.9977756895735891 0.9986677819265459 0.9992207461516358 0.9995549042629617 0.9997517720708544 0.9998648466806057 0.9999281640920377 0.9999627300688085 0.9999811268612733 0.9999906724548857 0.9999955011667568 0.9999978825380953 0.9999990274982986 0.9999995641852772 0.9999998094409599 0.9999999187067999 0.9999999661656273 0.99999998626196 0.9999999945582474 0.9999999978972587 0.9999999992074027 0.9999999997085752 0.9999999998954809 0.9999999999634364 0.999999999987524 0.9999999999958479 0.9999999999986522 0.9999999999995732 0.9999999999998683 0.9999999999999603 0.9999999999999883 0.9999999999999967 0.9999999999999991 0.9999999999999998 1. 1. 1. 1. 1. 1.
2.1736676113302245e-11 6.192306370166014e-11 1.7219044688019037e-10 4.673832404988005e-10 1.2383844636980762e-9 3.2030791241819682e-9 8.087642986788532e-9 1.99357043653828e-8 4.797451710205705e-8 1.1271304365487279e-7 2.585464131076133e-7 5.790566910889054e-7 1.2663118419304823e-6 2.7040674751704717e-6 5.6386290230938475e-6 0.000011482390418181233 0.000022835971647838344 0.00004435707072291793 0.00008415745221845524 0.00015597015432020284 0.00028238747403934043 0.0004995091561412118 0.000863332990966906 0.001458132309825169 0.0024068591064074375 0.0038832565569609824 0.006124849982084063 0.009445337578927819 0.014244200698153655 0.021010736194142583 0.030319368731338628 0.04281323768963041 0.05917385024518582 0.08007613412215238 0.1061304398416607 0.13781566965858408 0.17541030029088606 0.21893005074739977 0.26808175626725633 0.3222422251762166 0.38046834807410795 0.44154074524973697 0.5040383972048018 0.5664368866694879 0.6272190415469415 0.6849847027569889 0.7385464877312042 0.7870007479421308 0.8297669339039353 0.8665934549350851 0.8975328970885035 0.922893283552571 0.9431743527988752 0.9589983941153108 0.9710441909734879 0.9799905271410726 0.9864730853773978 0.9910559724804039 0.9942169644305365 0.996344119250667 0.9977407006979808 0.9986352924132724 0.999194373610776 0.9995352652012448 0.9997380563746776 0.9998557554743356 0.9999224036914285 0.9999592246596383 0.999979071579373 0.9999895087367239 0.9999948637743059 0.9999975443862883 0.9999988535576274 0.999999477364405 0.9999997673622132 0.9999998988938816 0.9999999570984252 0.9999999822273756 0.9999999928121761 0.9999999971621014 0.9999999989062028 0.9999999995884667 0.9999999998488562 0.9999999999458147 0.9999999999810387 0.9999999999935234 0.9999999999978408 0.9999999999992975 0.9999999999997768 0.9999999999999308 0.9999999999999791 0.9999999999999938 0.9999999999999982 0.9999999999999996 0.9999999999999999 1. 1. 1. 1. 1.
5.2752045695358683e-11 1.4508222053369545e-10 3.897603639202139e-10 1.0228217916885334e-9 2.6219958337235065e-9 6.56606802864202e-9 1.6063217388606804e-8 3.8390764247658564e-8 8.964008578788994e-8 2.044910485602207e-7 4.5578417353356455e-7 9.926009235497486e-7 2.1122219103010045e-6 4.392120649880658e-6 8.92484883586668e-6 0.00001772324306897539 0.00003439751247097812 0.00006524997946808476 0.00012098558127202912 0.00021929049758586134 0.0003885751371580846 0.0006731913709049641 0.0011403900497396358 0.0018891513557241237 0.0030607667030156994 0.004850657786724358 0.007520392275372715 0.011408242032181966 0.016936023024605718 0.024609499273287 0.03500950227954413 0.04877128758342953 0.066550646905795 0.08897693848909795 0.11659536052317797 0.1498031761610124 0.18878676485714527 0.23346781694998522 0.28346724536159984 0.33809417210494136 0.396364650177368 0.4570509253152177 0.5187576466812589 0.5800173024927152 0.6393940935428283 0.6955840870619455 0.7475000993775481 0.7943322124156273 0.835578632109458 0.8710459894049881 0.9008223397891468 0.925229326041264 0.9447617836723061 0.9600233693236006 0.971665767453957 0.9803370880275022 0.9866427114445442 0.991119543427587 0.9942227702510661 0.9963229486505454 0.9977106588388804 0.998605902528267 0.9991697785673169 0.999516536072951 0.9997247299410033 0.9998467720788987 0.9999166196747893 0.9999556491645714 0.9999769420252604 0.9999882836389191 0.9999941817826756 0.9999971764976447 0.9999986610490368 0.9999993795619027 0.9999997190881836 0.9999998757314543 0.9999999462899885 0.9999999773203463 0.9999999906440019 0.9999999962294672 0.9999999985155641 0.9999999994291074 0.9999999997855281 0.9999999999212956 0.9999999999717882 0.9999999999901223 0.999999999996622 0.9999999999988716 0.9999999999996319 0.9999999999998828 0.9999999999999635 0.9999999999999889 0.9999999999999967 0.9999999999999991 0.9999999999999998 1. 1. 1. 1. 1.
1.2285074661446646e-10 3.2671813935856483e-10 8.493257321180441e-10 2.158197688710786e-9 5.3608673893257e-9 1.3017198705314113e-8 3.089947920703537e-8 7.17049826956587e-8 1.6267709278120285e-7 3.608259262643748e-7 7.824918737522904e-7 1.6591683063007744e-6 3.4399224228523194e-6 6.973888994599742e-6 0.00001382584873395984 0.00002680544196609613 0.00005082700734255037 0.00009426157449568213 0.00017099130758726436 0.0003034211612490457 0.0005267280688092806 0.0008946134119078193 0.0014867431951909402 0.002417884174810179 0.0038484508666814564 0.005995761780309934 0.009144785455269859 0.013656598645022732 0.019972284196343903 0.028609705618581862 0.04015066613356892 0.05521653036287008 0.07443153103898548 0.09837466693642327 0.12752314868717024 0.16219245384515973 0.20247979769127153 0.24821877378427534 0.298952709325861 0.35393274070347447 0.4121438310002761 0.47235829245603966 0.5332124428109256 0.593298530095636 0.6512616787896963 0.7058908153756307 0.7561934837291376 0.8014469682617547 0.8412217072985488 0.8753769170811077 0.904031947468055 0.927519571120669 0.9463288249180022 0.9610451144701216 0.9722942549814098 0.9806953250330178 0.9868250939779751 0.9911947557544616 0.9942380626156593 0.9963088611808235 0.997685513073073 0.9985796511065812 0.9991470377834519 0.9994987988833677 0.9997118631295758 0.9998379492880621 0.9999108477377892 0.99995202554272 0.9999747504481981 0.999987003236974 0.999993457724242 0.9999967795929373 0.9999984499028474 0.999999270453709 0.9999996642827832 0.9999998489559649 0.9999999335605002 0.9999999714289196 0.9999999879886933 0.9999999950636742 0.999999998016853 0.9999999992211894 0.9999999997010327 0.9999999998878187 0.9999999999588555 0.99999999998525 0.9999999999948317 0.9999999999982301 0.9999999999994076 0.9999999999998062 0.999999999999938 0.9999999999999807 0.999999999999994 0.9999999999999982 0.9999999999999996 0.9999999999999998 1. 1. 1. 1.
2.7523949755548227e-10 7.089053395078536e-10 1.7858909130437604e-9 4.400694311308389e-9 1.0607136517029965e-8 2.5009074778947218e-8 5.768092744965625e-8 1.301414063156745e-7 2.8725121151658155e-7 6.202786861602607e-7 1.310409711713958e-6 2.7085726413567054e-6 5.477801101873334e-6 0.000010839897153026744 0.000020990345338871303 0.000039775323765858874 0.00007376218516396256 0.00013387766559478645 0.0002378305416806028 0.00041356690902883195 0.000704010467998626 0.0011732956541084495 0.0019145836213823521 0.003059337398982979 0.004787610088730677 0.007338475315124619 0.011019238193352732 0.016211579867850417 0.02337241699116109 0.033027131851083726 0.04575308278396129 0.06215203817619722 0.0828114181276358 0.10825589634310667 0.13889280857590144 0.1749566197176963 0.2164590414370994 0.2631518992374325 0.31450925723017137 0.36973354186177343 0.42778761997148235 0.4874513743961661 0.547397847462335 0.6062811157744658 0.6628262696694964 0.7159115461511526 0.764633868918072 0.8083515471612865 0.8467011961979767 0.8795894558203687 0.9071631895859096 0.9297640745071722 0.9478745762198377 0.9620622332655722 0.9729281415314956 0.9810638715394199 0.9870191510523137 0.9912808511875013 0.9942623780635087 0.9963016242354643 0.9976651886355721 0.9985565559544651 0.9991262121128643 0.999482125156724 0.999699520387115 0.9998293372460552 0.9999051229238348 0.9999483761111821 0.9999725098165048 0.9999856743290556 0.9999926947058726 0.9999963547885982 0.9999982202926238 0.9999991498501324 0.9999996026758576 0.9999998183314108 0.9999999187386202 0.9999999644415258 0.9999999847790164 0.9999999936266172 0.9999999973895654 0.9999999989541731 0.9999999995901734 0.9999999998429189 0.9999999999411127 0.9999999999784084 0.9999999999922571 0.9999999999972844 0.9999999999990685 0.9999999999996876 0.9999999999998974 0.9999999999999671 0.9999999999999897 0.9999999999999969 0.9999999999999991 0.9999999999999998 1. 1. 1. 1.
5.946427319420106e-10 1.485377917711845e-9 3.6314328306629047e-9 8.68939954865032e-9 2.035088970719865e-8 4.665206219522771e-8 1.046802723639093e-7 2.299212003369358e-7 4.943425042840569e-7 1.0404645395739102e-6 2.1438470010344178e-6 4.324595578597833e-6 8.540864369840346e-6 0.0000165151938717234 0.00003126897318827342 0.00005797170116435336 0.00010524884642794502 0.00018713116732559462 0.0003258617946814262 0.0005557929828053124 0.0009285851363782653 0.0015198458276961938 0.002437194914429326 0.003829497590703086 0.005896667134564099 0.008899021619385158 0.013164731174494931 0.019093493679015482 0.02715433358719681 0.03787545021698677 0.05182445548518358 0.06957819973706912 0.09168267416531785 0.11860508505907606 0.15068189950963556 0.18806816203116944 0.23069434177495024 0.278237093996567 0.3301094265189992 0.3854738509477168 0.44327937704724885 0.5023200753273649 0.5613099089939171 0.6189661622919161 0.6740925100768129 0.7256528273193179 0.7728282168547725 0.8150521766569823 0.8520218803786709 0.8836866637939254 0.9102174798509687 0.9319629210457564 0.9493982184168808 0.9630734284861826 0.9735660052795871 0.9814414266329154 0.9872238371744289 0.9913770818391101 0.9942952449678957 0.9963009869231453 0.9976495894869777 0.9985366154191624 0.9991073471910853 0.9994665760046046 0.9996877599706171 0.9998209830484641 0.9998994792443369 0.9999447232515464 0.9999702336240441 0.9999843043271763 0.999991896359367 0.9999959035822501 0.9999979726377958 0.9999990177043994 0.9999995340719375 0.9999997836560932 0.9999999016659221 0.9999999562495518 0.9999999809468632 0.9999999918783679 0.9999999966115496 0.9999999986163419 0.9999999994470118 0.9999999997837019 0.9999999999172001 0.9999999999689803 0.9999999999886271 0.9999999999959195 0.9999999999985673 0.9999999999995077 0.9999999999998345 0.9999999999999456 0.9999999999999825 0.9999999999999944 0.9999999999999982 0.9999999999999996 0.9999999999999998 1. 1. 1.
1.2415243050733313e-9 3.0117823723862615e-9 7.155027926429014e-9 1.66467344011317e-8 3.7930452084084386e-8 8.464479784119796e-8 1.8500295315433612e-7 3.9603806211709574e-7 8.304046639643546e-7 1.7055049618140763e-6 3.431179758022465e-6 6.762066165331373e-6 0.000013055105590488841 0.000024692637078780176 0.00004575761911730468 0.00008307929572354809 0.0001478026543576319 0.00025766802196852917 0.00044020903925831204 0.0007370747402078974 0.0012096375070723992 0.0019459444826771435 0.0030688889548651952 0.004745211614769996 0.007194595922825015 0.01069772582170811 0.0156017833880393 0.022321560943160863 0.03133424744412175 0.04316612519093774 0.05836995968184671 0.07749281117599044 0.1010352927532087 0.12940480710054245 0.16286678785043782 0.20149916893647205 0.24515591882728308 0.2934452757731671 0.34572719769597327 0.40113255626887057 0.458603999223198 0.5169555684096787 0.5749455652883365 0.6313552585883645 0.6850651776433714 0.7351210877220009 0.780783234713775 0.8215548006975066 0.8571883064482388 0.8876714535044179 0.9131961822133188 0.9341162239445491 0.9508990088729589 0.964077496549755 0.974206510633137 0.9818267536266025 0.9874381442311306 0.9914827128248048 0.9943361868420482 0.9963066832148765 0.9976386007738756 0.9985198099732508 0.9990904742135294 0.9994522023069509 0.9996766337733474 0.9998129304183351 0.9998939493435078 0.9999410891357635 0.9999679356996171 0.999982901142958 0.9999910667839695 0.9999954278310401 0.9999977076010642 0.9999988741180175 0.9999994583573597 0.9999997447687247 0.999999882201202 0.9999999467499997 0.9999999764247155 0.9999999897778918 0.9999999956593115 0.9999999981949032 0.9999999992648839 0.9999999997068328 0.9999999998855095 0.9999999999562166 0.9999999999836043 0.9999999999939879 0.9999999999978414 0.999999999999241 0.9999999999997388 0.999999999999912 0.9999999999999709 0.9999999999999907 0.999999999999997 0.9999999999999991 0.9999999999999998 1. 1. 1.
2.5100343565962567e-9 5.920866733571988e-9 1.3685426402477552e-8 3.09962737018082e-8 6.879393099276232e-8 1.4962094387703154e-7 3.1889612500800145e-7 6.660924991694199e-7 1.3635250826956149e-6 2.7355893882828414e-6 5.379166001202027e-6 0.000010367488910207769 0.000019586035604837575 0.000036270628858678825 0.0000658449012981792 0.00011718513191670293 0.0002044715916116508 0.00034981029385515184 0.0005868172149351198 0.0009653348746828838 0.0015573825043544791 0.002464309948572245 0.00382492055605386 0.0058240484772384546 0.008700736425453466 0.012754798287398492 0.018350228050894545 0.0259137138547165 0.03592652497130812 0.04890834369654364 0.06539226585802009 0.0858911903317783 0.11085708353342107 0.1406359841726783 0.17542288491652888 0.21522153536086805 0.2598145145347418 0.30874845262922695 0.3613379948166366 0.41669010165014564 0.4737478286807837 0.531350194985923 0.5883025554943153 0.6434504174549591 0.6957491514585104 0.7443226310780497 0.7885053864928129 0.8278650988316071 0.8622048045411852 0.8915466045007041 0.9161006162587926 0.936224124028791 0.9523762771932719 0.9650733224512353 0.9748484044254577 0.9822186784834757 0.9876611021348345 0.9915970244937349 0.9943847252898228 0.9963184348432181 0.9976320911709966 0.9985061037926681 0.9990756107792522 0.9994390449884275 0.9996661872433608 0.9998052194538721 0.9998885642085886 0.9999374954744744 0.9999656300227417 0.9999814730708189 0.9999902104828038 0.9999949297237244 0.999997426080909 0.9999987193429268 0.9999993755055988 0.999999701553716 0.9999998602245226 0.9999999358481482 0.9999999711472026 0.9999999872838659 0.9999999945083935 0.9999999976761386 0.9999999990364425 0.9999999996085358 0.9999999998441722 0.9999999999392246 0.9999999999767762 0.9999999999913054 0.9999999999968108 0.9999999999988539 0.9999999999995965 0.9999999999998608 0.9999999999999529 0.9999999999999845 0.9999999999999949 0.9999999999999984 0.9999999999999996 0.9999999999999998 1. 1.
4.923085266694216e-9 1.130571622530136e-8 2.5454453606760094e-8 5.6188214002198635e-8 1.2160569298073133e-7 2.580489301799787e-7 5.369115841639846e-7 1.0953931582581287e-6 2.1913854845696036e-6 4.298976648507006e-6 8.27039314530008e-6 0.000015603444579645246 0.000028871408268981683 0.00005239502432932093 0.00009326309847581797 0.000162836712138377 0.00027889743312621465 0.00046861445411717644 0.000772498341379376 0.00124946652282481 0.001983053334475871 0.0030886430919211385 0.004721382575810089 0.007084145746433068 0.010434601678519357 0.015090120191668182 0.02142900188469485 0.02988641771588804 0.04094356719761114 0.05510897702843901 0.07289159019367422 0.09476631002422238 0.12113386770784533 0.1522781124229243 0.18832486948328375 0.2292071485516117 0.2746415178370374 0.3241197778187489 0.3769186742133274 0.4321284248749518 0.4886985633739583 0.5454973704404364 0.6013793398305076 0.65525402032589 0.7061493845602542 0.7532636320422976 0.796000904505618 0.8339885041208115 0.8670755052561134 0.8953147749185371 0.9189320620626802 0.9382867890100812 0.9538294212529141 0.9660598750279428 0.9754905122677946 0.982616088165393 0.9878917792088133 0.9917193143134571 0.9944403826284807 0.9963359539616934 0.9976299150974907 0.9984954463112694 0.9990627617811219 0.999427135374116 0.9996564593843059 0.9997978864432764 0.9998833529253384 0.9999339632899842 0.9999633305487196 0.999980028671161 0.999989332295043 0.999994411747537 0.999997129199637 0.9999985537805145 0.9999992855807118 0.9999996539455036 0.9999998356408752 0.9999999234601313 0.9999999650527018 0.9999999843555707 0.9999999931338226 0.9999999970456013 0.9999999987537297 0.9999999994846109 0.9999999997910562 0.9999999999169601 0.9999999999676481 0.9999999999876446 0.9999999999953745 0.9999999999983025 0.9999999999993894 0.9999999999997846 0.9999999999999256 0.9999999999999748 0.9999999999999916 0.9999999999999973 0.9999999999999991 0.9999999999999998 0.9999999999999999 1.
9.38378550501109e-9 2.1003038513881527e-8 4.6112515690930167e-8 9.931137725497018e-8 2.0981391060005221e-7 4.348475156803002e-7 8.841385861189043e-7 1.7635933013929785e-6 3.4513291676554454e-6 6.6267464115273215e-6 0.000012484113685310326 0.00002307688189279604 0.00004185801770356835 0.00007450474296145176 0.00013014162683753176 0.00022310061513065388 0.0003753744938486309 0.0006199229225981161 0.001004966426939358 0.001599340964355013 0.00249887183821334 0.003833552738284515 0.005775083707342231 0.008544043914789351 0.012415680920537683 0.017723035271839535 0.024855950798698942 0.034254517518067976 0.0463957209595358 0.061772572120701294 0.08086576933463878 0.10410894613172182 0.13184967692980668 0.16430948145153562 0.20154689403759934 0.24342805303531523 0.2896090695398974 0.33953358848556725 0.3924475035856445 0.4474308934434049 0.5034451706509532 0.5593914965415465 0.6141750268216576 0.6667687684249102 0.7162708805617829 0.7619501339851453 0.8032758006994787 0.8399302198394265 0.8718043551749894 0.8989785119612521 0.9216917645563243 0.9403044127672693 0.9552579035060025 0.9670362025271113 0.9761317350554497 0.9830179289291656 0.988129282348415 0.9918488984460312 0.9945026842096518 0.9963589455744304 0.99763191480269 0.9984877737380251 0.9990519203255923 0.9994164956097735 0.9996474828284208 0.9997909637416873 0.9998783424777543 0.9999305127152586 0.9999610510453125 0.9999785766558276 0.9999884373255421 0.9999938766509106 0.9999968182874883 0.9999983779776491 0.9999991887388677 0.9999996019318173 0.9999998083833543 0.999999909515356 0.9999999580849339 0.9999999809538344 0.9999999915106135 0.9999999962883566 0.9999999984082756 0.9999999993304667 0.9999999997237701 0.9999999998882222 0.9999999999556372 0.9999999999827316 0.9999999999934075 0.9999999999975316 0.9999999999990936 0.9999999999996736 0.9999999999998848 0.99999999999996 0.9999999999999865 0.9999999999999956 0.9999999999999984 0.9999999999999996 0.9999999999999998 1.
1.74099844303733e-8 3.801950763357087e-8 8.14827245240285e-8 1.7139040833141458e-7 3.5381895159975934e-7 7.169052218406448e-7 1.4257447643673058e-6 2.7831425505174927e-6 5.332832916446467e-6 0.000010030571781757645 0.000018520645059816586 0.00003357129166450898 0.00005974227529319144 0.00010438041783985026 0.00017906197744751428 0.0003016200300425134 0.0004989038848889919 0.0008104070561052816 0.0012928596484791076 0.0020257990558476585 0.003118000554396527 0.004714463124697731 0.007003411515183542 0.01022251217374143 0.014663242684448435 0.020672151221912134 0.028647654358396415 0.03903111008544752 0.05229121854843826 0.06890136950368199 0.08931035561643384 0.11390783663636621 0.1429869523842279 0.17670738366554894 0.21506277439329297 0.2578565959699626 0.3046901487435603 0.35496543037327677 0.4079041333205797 0.4625822388459415 0.5179778043339536 0.5730278800420108 0.6266893073617941 0.6779976395748231 0.7261186738581094 0.7703880481776018 0.810335877713936 0.8456952350302096 0.8763951310869575 0.9025402614220586 0.9243809374537191 0.9422772146359235 0.9566612475475604 0.968001428450783 0.9767710456229434 0.9834232045873329 0.9883727569900346 0.9919851130489401 0.9945711604632583 0.9963871097470443 0.9976379223191948 0.998483010525815 0.9990430686675797 0.9994071391332303 0.999639283971958 0.9997844797048163 0.9998735575902913 0.9999271628196149 0.9999588049428214 0.9999771257777904 0.9999875308735315 0.9999933274031162 0.9999964948633864 0.999998192619971 0.9999990852279879 0.9999995455558249 0.9999997784157606 0.9999998939586887 0.999999950194506 0.9999999770419954 0.9999999896143132 0.9999999953892604 0.9999999979912266 0.9999999991411694 0.9999999996396771 0.9999999998516538 0.9999999999400687 0.9999999999762417 0.9999999999907582 0.9999999999964724 0.9999999999986788 0.9999999999995145 0.9999999999998249 0.999999999999938 0.9999999999999785 0.9999999999999927 0.9999999999999976 0.9999999999999992 0.9999999999999998 1.
3.1488076689244965e-8 6.715732786083709e-8 1.4063749674321065e-7 2.89188064812103e-7 5.839059701010662e-7 1.157714204598807e-6 2.254079036458909e-6 4.309834705366075e-6 8.09265745400753e-6 0.000014923725275056954 0.000027029409068866354 0.000048082612711142285 0.00008401410106474731 0.0001441952376013986 0.00024311287582663872 0.00040266966143726567 0.0006552415529458272 0.0010475999610897505 0.001645748616229212 0.0025406259890623033 0.0038544771302625363 0.005747505169456115 0.008424183530464787 0.012138369069604926 0.017196141385362088 0.023955153671888402 0.03281927077066273 0.04422744191153124 0.0586361442992252 0.0764953451079199 0.09821872920320139 0.12414984817026738 0.15452674137566597 0.18944831255507535 0.22884616263363317 0.27246555402235345 0.31985864266186426 0.37039207051228806 0.4232695616586758 0.47756849032946286 0.5322877255386367 0.5864026572656227 0.6389223950285351 0.6889438500464881 0.7356978129276898 0.7785831541151471 0.8171867396172958 0.8512883389824959 0.8808514530275899 0.9060023763384093 0.9270007667798893 0.9442054387036898 0.9580390349032855 0.9689547476552212 0.9774074855426556 0.9838309747481233 0.9886213869155778 0.9921273153310497 0.9946453486877458 0.9964201436103592 0.9976477612831187 0.9984810707832457 0.9990361791480784 0.9993990711848235 0.9996318831637556 0.9997784586736803 0.9998690206103105 0.9999239314611625 0.9999566051988465 0.9999756847267005 0.99998661836182 0.9999927671518651 0.9999961606129453 0.999997998522723 0.9999989753855789 0.9999994849171311 0.9999997457345728 0.9999998767523497 0.9999999413403521 0.9999999725868604 0.9999999874215728 0.9999999943332707 0.999999997493498 0.9999999989115098 0.999999999535919 0.9999999998057468 0.9999999999201747 0.9999999999677964 0.9999999999872459 0.9999999999950412 0.9999999999981073 0.9999999999992908 0.9999999999997391 0.9999999999999059 0.9999999999999667 0.9999999999999885 0.999999999999996 0.9999999999999987 0.9999999999999996 0.9999999999999998
5.5593559286703014e-8 1.1591034649086682e-7 2.3740045026157406e-7 4.776542604402803e-7 9.441270956762977e-7 1.8333469268572675e-6 3.497597223725213e-6 6.5557197504602765e-6 0.000012072908847403759 0.00002184545248234101 0.0000388405687997279 0.00006785856707788797 0.00011650349428874609 0.0001965669764121544 0.0003259443145477412 0.0005312064200874178 0.0008509384821739991 0.0013399177531784317 0.002074129906821602 0.003156509409127479 0.004723132152603402 0.0069493936807861105 0.010055489361699718 0.014310301402297599 0.020032630592462564 0.02758863515602814 0.03738440350836795 0.049852832279848325 0.06543442625586586 0.08455227299249064 0.10758222378968868 0.13482014698341327 0.16644888921394943 0.2025081488986354 0.24287070363330518 0.2872282430026367 0.335089401586319 0.385791499660337 0.43852609509863416 0.4923769089439378 0.5463672274025875 0.5995127243785088 0.6508749721058599 0.699610820886987 0.7450133463055887 0.7865411007554641 0.8238338022744509 0.8567141346976376 0.8851767962342172 0.9093671248593274 0.9295524140382984 0.9460893531092949 0.9593909020250329 0.9698954226840225 0.978040162061055 0.98424035304655 0.9888743939166253 0.992274884390826 0.9947247946085135 0.9964577431688728 0.99766124862292 0.998481859623042 0.9990312151240826 0.9993922893460823 0.9996252949382304 0.9997729210047928 0.9998647514280927 0.9999208351655451 0.9999544641785663 0.9999742620316199 0.9999857052677878 0.9999921991798498 0.9999958173643648 0.9999977966194538 0.999998859634885 0.999999420171638 0.9999997103702489 0.9999998578774637 0.9999999314910335 0.9999999675596233 0.9999999849107266 0.9999999931057779 0.9999999969059464 0.9999999986360841 0.9999999994094501 0.9999999997488533 0.9999999998950957 0.9999999999569625 0.9999999999826588 0.9999999999931373 0.9999999999973327 0.9999999999989818 0.9999999999996183 0.9999999999998594 0.9999999999999492 0.999999999999982 0.9999999999999938 0.9999999999999978 0.9999999999999993 0.9999999999999998
9.593907585721863e-8 1.9571890264854967e-7 3.9239629787137864e-7 7.731846017452046e-7 1.4973374051716005e-6 2.8500150382179246e-6 5.3318671011840905e-6 9.804620703195496e-6 0.000017722184493939678 0.00003148875277878641 0.000055000091157854846 0.00009444096768728405 0.00015942899019817642 0.0002646100771748171 0.00043181904469718753 0.0006929143503182482 0.0010933715983942529 0.0016966681728398658 0.0025894044319253245 0.003886981349853195 0.005739491851252757 0.008337292871392761 0.011915526820174856 0.016756684538277312 0.023190185772461232 0.03158794093940819 0.04235499014337588 0.0559146208105459 0.07268785080250759 0.09306780607782758 0.11739026274715657 0.14590237163975314 0.17873222461735122 0.21586233426910734 0.2571101756341603 0.30211861153941133 0.3503582806543989 0.401142926089326 0.4536573052311013 0.506995922495562 0.5602095638009422 0.6123556730258106 0.6625481408072799 0.710002148223985 0.7540703108587763 0.7942674084802479 0.8302823033128912 0.8619770514040344 0.8893745021085786 0.9126366973979692 0.9320370190504703 0.9479292493432718 0.9607165374721935 0.9708227803159108 0.9786682451664472 0.9846505053764124 0.9891310373393952 0.9924272218612755 0.9948090537249674 0.9964996049259232 0.9976781961195076 0.9984852744423791 0.9990281318821237 0.9993867840971217 0.9996195282846965 0.9997678831402577 0.9998607674314711 0.9999178890301084 0.9999523935509578 0.9999728659719506 0.999984797057266 0.9999916268611349 0.9999954670628342 0.9999975879489506 0.9999987384795171 0.9999993515303112 0.9999996723878372 0.9999998373352325 0.9999999206258611 0.9999999619367225 0.9999999820623662 0.9999999916929523 0.9999999962195618 0.9999999983093908 0.9999999992570796 0.9999999996792018 0.9999999998638853 0.9999999999432514 0.9999999999767525 0.9999999999906424 0.9999999999962991 0.9999999999985618 0.9999999999994509 0.9999999999997939 0.9999999999999241 0.9999999999999725 0.9999999999999902 0.9999999999999966 0.9999999999999989 0.9999999999999996
1.620256101528261e-7 3.2368961076042094e-7 6.357912634195128e-7 1.2278701366463624e-6 2.33160261663134e-6 4.353452255113071e-6 7.992893157011535e-6 0.000014430453080805981 0.0000256199021741061 0.0000447314975642574 0.00007680792616203321 0.00012971039142853436 0.00021544707114798728 0.00035198655828326894 0.0005656600952188078 0.0008942423341220168 0.0013907641238543854 0.002128045782072811 0.0032038405930679905 0.00474634482921942 0.006919667435768506 0.009928672703469487 0.014022435014067365 0.01949540705241554 0.026685338864127044 0.03596703305764901 0.047741213465314035 0.06241813821264229 0.08039609799173802 0.10203557203333052 0.12763050285731073 0.15737880512408395 0.191354737240614 0.22948603151854907 0.27153861551646735 0.31711132009395515 0.36564216997357213 0.4164267621370257 0.4686479830128752 0.5214150618956355 0.5738088820562743 0.6249297310064295 0.6739433792266887 0.7201215770958245 0.7628737220415718 0.8017674716213747 0.8365373116646941 0.8670813561812848 0.8934477882696298 0.9158132131341988 0.9344557024974991 0.9497254415487886 0.9620156792612489 0.971736208309856 0.9792909647820982 0.9850606481311647 0.9893906135288875 0.9925837523835928 0.9948976924651781 0.9965454273374073 0.997698411841274 0.9984912061320519 0.9990268775282909 0.9993825393844016 0.9996145869455773 0.9997633577123758 0.9998570834919749 0.9999151066522952 0.9999504042010392 0.9999715044972981 0.9999838991222234 0.999991053618213 0.9999951117440438 0.9999973736407695 0.9999986124967504 0.9999992792569189 0.9999996318869031 0.9999998151477036 0.9999999087358102 0.9999999557006096 0.9999999788598863 0.9999999900820918 0.9999999954256695 0.9999999979259384 0.9999999990755257 0.9999999995949208 0.9999999998255182 0.9999999999261213 0.9999999999692504 0.9999999999874192 0.9999999999949404 0.9999999999979998 0.9999999999992228 0.9999999999997031 0.9999999999998885 0.9999999999999589 0.9999999999999851 0.9999999999999947 0.9999999999999981 0.9999999999999993
2.6808871341766036e-7 5.249046917207913e-7 1.0108851579172054e-6 1.9149353708348842e-6 3.5682034101698846e-6 6.540355135256575e-6 0.000011792971477166671 0.000020918486702047356 0.000036503821145221026 0.00006267069775536445 0.00010585885601958469 0.000175932471897837 0.0002877014877839206 0.0004629544587805523 0.0007330929204998497 0.001142433250008866 0.0017521943762731143 0.0026451132975822294 0.003930522541221171 0.005749586286980999 0.008280233063450567 0.0117411586633761 0.016394127245401006 0.022543702308357894 0.03053352660642392 0.04073837344324872 0.0535514345387179 0.06936669874256532 0.0885567952213722 0.11144728159273926 0.138288983058436 0.16923054439965912 0.20429374627878039 0.2433542721737671 0.28613042952839723 0.3321818065987827 0.380919014537964 0.43162460477887554 0.4834840913341924 0.5356248992792073 0.5871601595944524 0.6372337076579953 0.685062501579368 0.7299729784046718 0.7714285658508935 0.8090465614173801 0.8426037366711321 0.8720311647501442 0.8973997577718275 0.9188987259253403 0.9368095681900646 0.9514782658212773 0.9632881123676718 0.9726351523317014 0.9799076080786431 0.9854700464600856 0.9896524551882278 0.9927439239292306 0.9949902891657274 0.9965949121056368 0.9977217014584455 0.998499540212676 0.9990273938489751 0.9993795331916102 0.9996104697367476 0.999759353677615 0.9998537119792847 0.9999125000808049 0.9999485061579125 0.999970185156744 0.999983016722999 0.9999904828804481 0.9999947535073637 0.9999971548997353 0.9999984823296959 0.9999992036648353 0.9999995890007923 0.9999997913581251 0.9999998958242076 0.9999999488404092 0.9999999752899928 0.9999999882619643 0.9999999945161394 0.9999999974803631 0.9999999988614747 0.9999999994940665 0.9999999997789025 0.9999999999049817 0.9999999999598432 0.999999999983311 0.9999999999931795 0.999999999997259 0.9999999999989168 0.999999999999579 0.9999999999998391 0.9999999999999396 0.9999999999999777 0.9999999999999919 0.9999999999999971 0.999999999999999
4.350485893721362e-7 8.354633363275851e-7 1.5787323369271845e-6 2.935571725338919e-6 5.371459864281398e-6 9.67209624561819e-6 0.000017139241564718156 0.000029889617390595778 0.000051300663256052605 0.00008665960829390904 0.0001440854336790645 0.0002358049447510984 0.0003798713638643447 0.0006024125227695308 0.0009404808537812535 0.0014455434434561944 0.002187592277446746 0.0032597689483574587 0.004783284200669871 0.006912275331001124 0.009838094601749335 0.013792377564219414 0.019048126362495088 0.02591798924961144 0.034748954111329174 0.045912826572530985 0.059792146993924294 0.07676161266600226 0.09716558689543187 0.12129284673122373 0.1493502759134233 0.18143766578924442 0.2175260593976971 0.2574420908798175 0.30086049031802564 0.3473063399701467 0.39616782525665284 0.4467192113233082 0.4981527165918995 0.5496169881707388 0.6002591444555471 0.6492669436287822 0.6959076223294922 0.7395603286329117 0.7797397922371139 0.8161098292877775 0.8484863367434106 0.8768304514818757 0.9012334075572789 0.9218952296773332 0.9390997050908023 0.9531880795057541 0.9645336663659813 0.9735191130478515 0.9805175168997782 0.9858780125448995 0.9899159306671415 0.9929072079880779 0.9950864348929839 0.9966477653245689 0.9977478694416642 0.9985101578971854 0.9990296171377975 0.9993777381074651 0.9996071708839186 0.9997558764750871 0.9998506628008033 0.999910079787872 0.9999467085381348 0.9999689150377762 0.9999821549356487 0.9999899180445173 0.9999943944892085 0.9999969329897757 0.9999983486785646 0.9999991251130165 0.9999995438952696 0.9999997660308857 0.9999998819071729 0.9999999413524534 0.9999999713431544 0.9999999862231315 0.9999999934835944 0.9999999969675513 0.9999999986116487 0.9999999993746561 0.9999999997228942 0.9999999998791982 0.9999999999481921 0.9999999999781422 0.9999999999909279 0.9999999999962959 0.9999999999985123 0.9999999999994122 0.9999999999997715 0.9999999999999126 0.9999999999999671 0.9999999999999878 0.9999999999999956 0.9999999999999984
6.930897565178426e-7 1.3064138100806289e-6 2.423980925490056e-6 4.427377003372417e-6 7.960588391804882e-6 0.000014090892652529111 0.000024555044979618464 0.00004212763184836015 0.00007115963321019722 0.00011834723337577988 0.00019380230788723616 0.0003125044802983532 0.0004962169106799596 0.000775939851392268 0.0011949526628419595 0.0018124515774675877 0.002707723123005416 0.003984700068128097 0.0057766300212781195 0.008250453485273467 0.0116103514433797 0.016099801907371203 0.022001404991609425 0.029633724319162138 0.03934447475864855 0.051499581675946406 0.06646795155629541 0.08460221688452117 0.1062162177425639 0.1315605063263057 0.16079763979252384 0.1939793848580823 0.23102812150111227 0.27172464719226286 0.31570422116223984 0.3624620626933526 0.41136868229602086 0.4616944711954624 0.5126420198598156 0.5633838058942335 0.6131022995376577 0.6610292647225431 0.7064811238335477 0.7488876920021428 0.7878123097583277 0.8229623103314498 0.8541897275787845 0.8814830586777316 0.9049516362041092 0.9248046632234037 0.9413271891105588 0.9548552604910041 0.9657522131952745 0.9743876433728726 0.9811200852954096 0.9862839039009381 0.9901804431916854 0.993073099638579 0.9951857341207752 0.9967036984872142 0.997776720150084 0.9985229370797803 0.9990334789852383 0.9993771218851608 0.9996046803696268 0.9997529282050011 0.9998479434631854 0.9999078546608968 0.9999450195037491 0.999967700714925 0.9999813186048161 0.999989362437369 0.999994036837045 0.9999967092174298 0.9999982122912459 0.9999990440012705 0.9999994967665826 0.999999739251054 0.999999867013813 0.9999999332406765 0.9999999670139873 0.9999999839582479 0.9999999923216144 0.9999999963827655 0.999999998322877 0.9999999992347066 0.9999999996563159 0.9999999998481015 0.9999999999339301 0.9999999999717183 0.9999999999880862 0.999999999995061 0.9999999999979851 0.9999999999991911 0.9999999999996805 0.9999999999998758 0.9999999999999525 0.9999999999999821 0.9999999999999933 0.9999999999999976
1.0850119435053011e-6 2.0087483776183493e-6 3.6621265605517906e-6 6.574606785067171e-6 0.000011623781857108738 0.0000202385688399785 0.00003470413160936982 0.000058609355187907204 0.00009748852453441143 0.00015971967710076506 0.0002577511250414542 0.0004097322667179391 0.000641621565236205 0.000989829317781367 0.0015044211591249525 0.0022528561670083417 0.003324158455107208 0.004833323435688142 0.006925643684683037 0.009780513799203023 0.013614153662855871 0.01868059521067863 0.025270232808101957 0.033705266066455845 0.044331487102857926 0.057506094214033056 0.07358154959003098 0.09288592181168136 0.11570062754435066 0.14223695712916612 0.17261317003693158 0.20683420975302455 0.24477615306386252 0.2861773351450725 0.3306376683102224 0.37762702361714695 0.4265027318242628 0.4765353746474072 0.5269411881413546 0.5769186983587776 0.6256867504284226 0.6725209395137429 0.7167856271599266 0.7579592047888489 0.7956509812933863 0.8296089269708827 0.8597183899355421 0.885992705166231 0.9085572510277349 0.927628914752658 0.943493084697884 0.9564802064999495 0.9669436650388545 0.9752403458589959 0.9817147571566146 0.986687121706034 0.9904454300457799 0.9932411175139781 0.995287805278219 0.9967624293655508 0.9978080588145015 0.9985377532522005 0.9990389070284035 0.9993776479890523 0.999602984286021 0.9997505078229066 0.9998455591527773 0.9999058320115811 0.9999434462341439 0.9999665482079716 0.9999805123023887 0.9999888192821034 0.99999368268445 0.9999964849153589 0.9999980739534181 0.9999989607649504 0.99999944783902 0.9999997111235385 0.9999998511861641 0.9999999245168625 0.9999999623015634 0.9999999814623244 0.9999999910249271 0.9999999957217701 0.999999997992171 0.9999999990722751 0.9999999995779778 0.9999999998109967 0.9999999999166673 0.9999999999638284 0.999999999984543 0.9999999999934976 0.999999999997307 0.9999999999989022 0.9999999999995595 0.9999999999998259 0.9999999999999323 0.999999999999974 0.9999999999999902 0.9999999999999964
1.6705078139202666e-6 3.039642394429604e-6 5.4483771826552865e-6 9.620429937639829e-6 0.000016734670824669826 0.00002867799764985757 0.000048417675014060876 0.00008053747060861225 0.00013199198593553154 0.00021314267525029298 0.0003391451118213779 0.0005317572659300684 0.0008216293905482699 0.0012511136436593711 0.0018775919951839603 0.002777261350655881 0.004049234164069837 0.005819713150396016 0.008245886203996284 0.011519073285772405 0.015866556775408405 0.021551460542638595 0.028870032722086256 0.03814575364810792 0.04971984912807604 0.06393804603299152 0.08113375426273893 0.10160827255743196 0.125609055137706 0.15330748808621222 0.18477794762896574 0.21998008719861667 0.2587462779451688 0.3007758811160708 0.3456375623624026 0.3927802020243867 0.44155217713742323 0.4912279791193505 0.5410403860984233 0.590215827296686 0.6380102366637201 0.6837426404448278 0.7268239657745978 0.7667790615425152 0.8032606206535544 0.8360544926775719 0.8650766769739298 0.890362994263174 0.912052974586839 0.9303698258270057 0.9455984462393281 0.9580633343757531 0.968107972307795 0.9760768702166029 0.98230102394702 0.9870871091596016 0.9907103617137061 0.9934108036773792 0.9953922811803481 0.9968236827727615 0.9978416924211517 0.9985544803487836 0.9990458256591583 0.999379276124932 0.9996020651892319 0.9997486113459016 0.999843512832045 0.9999040176006999 0.9999419949107926 0.9999654629494591 0.9999797402920708 0.9999882916670896 0.99999333412756 0.9999962614261457 0.9999979344784069 0.9999988758692023 0.999999397362026 0.9999996817718974 0.999999834478891 0.9999999152007422 0.9999999572096329 0.9999999787329508 0.999999989589583 0.9999999949809504 0.9999999976167997 0.9999999988855033 0.9999999994867013 0.9999999997671754 0.9999999998959961 0.9999999999542463 0.9999999999801776 0.9999999999915428 0.9999999999964466 0.9999999999985297 0.9999999999994009 0.9999999999997596 0.999999999999905 0.999999999999963 0.9999999999999858 0.9999999999999947
2.5315339600998383e-6 4.530122878751093e-6 7.9883180201431e-6 0.000013881356947863804 0.000023771280231003004 0.00004011723682537872 0.00006672397108761725 0.00010937569812473309 0.00017671141600049517 0.0002814045493953569 0.00044171238019768776 0.0006834560541690771 0.0010424766350510739 0.0015675831709810086 0.0023239619904980107 0.00339695070762104 0.004895996214452398 0.006958517070027686 0.009753285021206204 0.013482840208675219 0.01838437628085704 0.024728494298509176 0.03281524755701084 0.04296700009104738 0.05551780987052189 0.07079932337602306 0.08912351781880706 0.11076302249533028 0.13593014969022765 0.16475611626525014 0.19727218413631536 0.23339454056741216 0.27291464074755256 0.3154964305791152 0.36068136959192354 0.4079015239722501 0.4565002650427808 0.5057593738736682 0.5549307085716682 0.6032701199872164 0.650071066242871 0.6946954081319581 0.7365991618099302 0.775351502979895 0.8106459899536383 0.8423037157251272 0.870268821172601 0.8945974211364627 0.9154414506412345 0.9330291950210956 0.9476443192863985 0.9596050793633254 0.969245121719307 0.9768969109557242 0.9828784225254317 0.987483349873747 0.9909747409915266 0.9935817234169757 0.9954988093531087 0.9968871912170835 0.9978774305018459 0.9985729915222288 0.9990541566895381 0.9993819627509506 0.9996019024516716 0.999747232067334 0.9998418053492347 0.9999024156766441 0.9999406707138421 0.9999644497611075 0.999979006499884 0.999987782518538 0.9999929932031945 0.9999960400866459 0.999997794696984 0.9999987898029031 0.9999993456069594 0.9999996513368378 0.9999998169587586 0.9999999053199382 0.9999999517467583 0.9999999757704702 0.9999999880131083 0.9999999941574256 0.9999999971943638 0.999999998672662 0.9999999993813445 0.9999999997159286 0.9999999998714972 0.9999999999427338 0.9999999999748592 0.9999999999891269 0.9999999999953675 0.9999999999980558 0.9999999999991962 0.9999999999996726 0.9999999999998687 0.999999999999948 0.9999999999999798 0.9999999999999922
3.778948245034712e-6 6.654349452968696e-6 0.000011550550036507348 0.00001976397631804541 0.00003333754183933621 0.000055436303993064475 0.00009088060216594592 0.0001468859179605805 0.0002340658568495979 0.0003677587483221617 0.0005697369603366965 0.0008703481807011288 0.001311116438443964 0.0019477945225379073 0.002853806544612173 0.0041239491800077535 0.00587813463876677 0.008264863039446896 0.011464015821795745 0.015688478240061282 0.0211840440544171 0.02822704702651329 0.03711921850155505 0.04817940087094356 0.06173195815095288 0.07809201173747192 0.09754797337799952 0.12034221733733429 0.14665108739833557 0.1765657228519501 0.21007536192061976 0.24705479963068613 0.2872575139101708 0.3303156243775435 0.37574733409014804 0.42297187182037915 0.47133126827933325 0.5201176434328303 0.5686041341403532 0.6160772214639672 0.6618680732246971 0.7053806186217362 0.7461144046595508 0.7836808053545872 0.8178117976221521 0.8483612029264078 0.8752989408323093 0.89869937961528 0.9187252496048204 0.9356087812167846 0.9496317416236373 0.9611058943860955 0.9703551344617698 0.977700205139489 0.9834465330548181 0.9878753662977421 0.991238102074349 0.9937534649716051 0.995607052263339 0.996952695456037 0.9979150858360828 0.998593159852343 0.9990638199739201 0.9993856615668437 0.999602472609123 0.9997463607768828 0.9998404355586872 0.999901029025908 0.9999394778294626 0.9999635128386439 0.9999783144905097 0.9999872945766657 0.9999926618688779 0.9999958222131133 0.9999976554472951 0.9999987030724136 0.9999992928635648 0.9999996199744445 0.9999997987038889 0.9999998949097639 0.9999999459263564 0.999999972578102 0.9999999862946309 0.9999999932491503 0.9999999967228668 0.9999999984321968 0.999999999260829 0.9999999996565618 0.9999999998427476 0.9999999999290445 0.9999999999684492 0.9999999999861751 0.9999999999940303 0.9999999999974599 0.999999999998935 0.9999999999995599 0.9999999999998208 0.9999999999999281 0.9999999999999716 0.9999999999999889
5.560587963125819e-6 9.640680841493602e-6 0.000016481450282269333 0.00002778409104867122 0.00004618735981374634 0.00007571645169525301 0.00012240875492642824 0.00019516672806659836 0.00030689317321508125 0.0004759650867945172 0.0007280965583634586 0.0010986260297364896 0.0016352357893686781 0.0024010695255225157 0.003478155921595754 0.00497097340128887 0.007009906662135035 0.00975425629883689 0.013394378853742558 0.018152469466707725 0.024281468491823353 0.032061592868949974 0.04179407632335651 0.05379185806907855 0.06836718792274735 0.0858164064024091 0.10640248964362697 0.13033628791752208 0.15775769191792216 0.18871818788539546 0.22316636880234467 0.2609379217573726 0.30175139482246466 0.3452106651792492 0.39081451158221975 0.4379730877899136 0.48603046466541583 0.5342918302711519 0.5820534799127133 0.6286334491758716 0.673400578226824 0.7157999533572532 0.7553730316655183 0.791771271123431 0.8247626969460717 0.8542314633190642 0.8801710461799188 0.9026721684805786 0.9219068735330742 0.9381103065807024 0.9515617441909362 0.9625662493179996 0.971438064439099 0.9784865302412612 0.9840049769930128 0.9882627181767845 0.9915000096254274 0.9939256391957088 0.99571668746342 0.9970199449592623 0.9979544750706781 0.9986148589903161 0.9990747339879261 0.999390323979674 0.9996037496999624 0.9997459859832456 0.9998394004494189 0.9998998590337616 0.9999384194668491 0.9999626557444818 0.9999776674492986 0.999986830375513 0.9999923419849266 0.999995609087291 0.9999975175650788 0.9999986161952723 0.9999992394362471 0.9999995878541853 0.9999997798028295 0.999999884012883 0.9999999397666491 0.9999999691620112 0.9999999844349786 0.9999999922550017 0.9999999962007796 0.9999999981627716 0.9999999991241664 0.9999999995884105 0.9999999998093283 0.9999999999129272 0.9999999999608035 0.9999999999826068 0.9999999999923921 0.9999999999967197 0.9999999999986058 0.9999999999994159 0.9999999999997589 0.9999999999999019 0.9999999999999606 0.9999999999999845
8.070958520713844e-6 0.000013784682502566663 0.000023222168722836337 0.00003858829496861059 0.00006325115630347566 0.00010227171901646246 0.00016312928834159827 0.00025669283783610674 0.00039849073572777546 0.0006103287599810472 0.0009222960550033511 0.0013751782500838116 0.0020232639814897605 0.0029374839652291113 0.0042087604138690594 0.005951370956213168 0.008306050009848581 0.011442469578947212 0.015560671561266785 0.020890978139697848 0.027691900135991418 0.03624560893269421 0.04685064605410292 0.05981172011089242 0.07542667954435278 0.0939710374111903 0.11568073690672359 0.14073414998340358 0.1692345570017589 0.20119452259451226 0.23652362655541948 0.27502090446675953 0.3163730933195947 0.36015937478497384 0.405862795717415 0.4528879723233218 0.5005841135817546 0.5482718971394218 0.5952723576897188 0.6409357500503221 0.684668351652081 0.72595537162808 0.7643785106861514 0.7996272207515887 0.8315032850600368 0.8599189117709565 0.8848890450869975 0.9065189972715619 0.9249887606812888 0.9405354592509623 0.9534353518721055 0.9639866302508 0.9724939965879376 0.9792557020979575 0.984553415160767 0.9886450010456299 0.9917600578323138 0.9940978791718195 0.995827407659464 0.9970886982876856 0.9979954192623226 0.9986379637412737 0.9990868163644311 0.9993958995447692 0.9996057055942889 0.9997460941369853 0.9998386952797819 0.9998989057534202 0.9999374978837552 0.999961881407635 0.9999770681697039 0.9999863922264044 0.9999920352987135 0.999995401943619 0.999997381874322 0.9999985296939444 0.9999991856402195 0.9999995551567402 0.9999997603534574 0.9999998726788407 0.9999999332905256 0.9999999655313208 0.9999999824367447 0.9999999911748507 0.9999999956271001 0.99999999786331 0.9999999989704856 0.9999999995108559 0.9999999997708342 0.9999999998941316 0.9999999999517739 0.9999999999783383 0.9999999999904061 0.9999999999958104 0.9999999999981959 0.9999999999992341 0.9999999999996794 0.9999999999998677 0.9999999999999462 0.9999999999999785
0.000011562690684550882 0.000019464205139478225 0.000032327933530394416 0.00005297796852729856 0.0000856647481275493 0.00013668245030617278 0.00021520006092372939 0.0003343546248004816 0.0005126547784777844 0.0007757362045101686 0.0011584958068084157 0.001707605921252788 0.0024843719735829573 0.003567845935911098 0.0050580446100588015 0.007079049299576224 0.009781687604323302 0.013345427468619536 0.017979059326390136 0.023919716947492467 0.031429804314197604 0.04079146565304656 0.052298365593970525 0.06624473686047617 0.08291189612550147 0.10255270762161948 0.12537476276225604 0.15152330940485323 0.18106516998172903 0.21397499837691156 0.25012521276548505 0.28928078935504076 0.33109980997683763 0.375140242959551 0.4208729375926536 0.4677002779437841 0.5149794303229551 0.5620486893385793 0.608255131604303 0.6529816598900724 0.6956715794688829 0.7358490852942725 0.7731344243526601 0.8072529855159682 0.8380381023020027 0.8654278724826625 0.8894567484178522 0.9102429916405269 0.9279732896666729 0.942885895756709 0.9552535841606504 0.9653675387569227 0.9735230452618104 0.9800075729527031 0.9850915458830458 0.9890218447574046 0.9920178694545725 0.9942698397778351 0.9959389207111276 0.997158723396232 0.9980377443483108 0.9986623505879797 0.9990999843873865 0.9994023363809564 0.9996083103111348 0.9997466698514058 0.9998383137162133 0.9998981679821285 0.9999367144194571 0.9999611921302094 0.9999765190458356 0.9999859822049877 0.9999917434311769 0.9999952019576794 0.999997249178475 0.9999984440897259 0.9999991317976056 0.9999995220717042 0.999999740461746 0.9999998609634813 0.999999926525321 0.9999999616980705 0.9999999803043207 0.9999999900096155 0.9999999950014015 0.999999997533033 0.9999999987990583 0.9999999994233414 0.9999999997268829 0.9999999998724126 0.9999999999412117 0.9999999999732827 0.999999999988024 0.9999999999947053 0.9999999999976912 0.999999999999007 0.9999999999995788 0.9999999999998238 0.9999999999999273 0.9999999999999705
0.000016359905435588752 0.000027156629815028796 0.000044489686269676334 0.00007193560719782511 0.00011480032686824892 0.00018083038746442222 0.0002811539476976905 0.0004314971206378965 0.0006537175729166982 0.0009776868941858438 0.001443533882094684 0.0021042307496393444 0.0030284622307148942 0.00430366375625523 0.006039051195189101 0.008368395237739194 0.011452224977355492 0.01547908667887172 0.02066544605852496 0.027253817451482608 0.03550874210579314 0.045710328970495 0.05814521844327616 0.07309502964835721 0.09082259397308991 0.11155654250679581 0.13547507600588135 0.1626899713321058 0.193232034894753 0.22703927162802404 0.2639489757269039 0.3036947575108174 0.3459092056601917 0.3901324684449766 0.4358265592193614 0.48239469924587475 0.52920455878282 0.5756138972043433 0.6209968773045894 0.6647692650235837 0.7064108313777182 0.7454835355899587 0.7816444558413429 0.8146529011828891 0.8443716318682818 0.8707625823694158 0.8938778750224262 0.9138471982864365 0.9308627832648094 0.9451632431921833 0.9570174557128395 0.9667094911481332 0.9745253526770391 0.980742029580622 0.985619103199726 0.9893929120476934 0.9922730948669782 0.9944411972155756 0.9960509495704359 0.9972297978668181 0.9980812815505014 0.9986878981586573 0.9991141554444406 0.9994095815595542 0.9996115323222852 0.9997476961196072 0.9998382479742831 0.9998976433426728 0.9999360695340775 0.9999605895998043 0.9999760220697909 0.9999856021417328 0.9999914678655925 0.9999950102359634 0.9999971202523312 0.9999983598968991 0.9999990782335644 0.999999488795211 0.9999997202404245 0.9999998489282642 0.9999999195025173 0.9999999576771212 0.9999999780438956 0.9999999887612951 0.9999999943238722 0.9999999971714927 0.9999999986093229 0.9999999993253881 0.9999999996771242 0.9999999998475364 0.9999999999289699 0.9999999999673519 0.999999999985195 0.9999999999933764 0.9999999999970764 0.999999999998727 0.9999999999994531 0.9999999999997682 0.9999999999999031 0.99999999999996
0.000022873598907508164 0.00003745833357605933 0.00006055801099841215 0.00009665332475258131 0.0001522992354806899 0.00023693486315931774 0.0003639369096101394 0.0005519576494203793 0.0008265815538034011 0.0012223201991015786 0.0017849414561729017 0.0025740947297286207 0.003666148802034487 0.00515710361235532 0.007165374897550979 0.009834186024807737 0.013333241807863576 0.01785931383080714 0.02363534628893831 0.03090770616290813 0.039941260746776786 0.05101207490612577 0.06439768055245028 0.08036507564404025 0.09915684607135332 0.1209760503192373 0.14597073724935994 0.17421915196055474 0.20571679420537764 0.24036650377952437 0.27797264217567874 0.3182402166109012 0.3607794628160272 0.40511599279508137 0.4507061615938469 0.49695685958542496 0.5432485428772261 0.5889600190168603 0.6334933427212859 0.6762971661194219 0.716887031201731 0.7548613718264476 0.7899123760046858 0.8218313024499933 0.8505082997101431 0.8759271943088811 0.8981560563895934 0.9173345894955389 0.9336595118684173 0.9473691011650887 0.9587279767972965 0.9680130177304285 0.9755010874157437 0.9814589914921101 0.9861358551420965 0.9897578971338172 0.9925254111015844 0.9946116485064246 0.9961632321663503 0.9973017090779004 0.9981258677173528 0.9987144876419205 0.9991292474395557 0.9994175814668871 0.9996153388415538 0.9997491545261539 0.9998384889604411 0.9998973283689498 0.9999355628532349 0.9999600749071433 0.9999755788333811 0.999985253615737 0.999991209938593 0.9999948278070159 0.9999969958346487 0.9999982776172174 0.9999990252725018 0.9999994555275226 0.9999996998075584 0.9999998366394993 0.9999999122573758 0.9999999534860095 0.9999999756634219 0.9999999874329831 0.9999999935953439 0.9999999967785989 0.9999999984009065 0.99999999921661 0.9999999996212502 0.9999999998192857 0.999999999914907 0.9999999999604585 0.9999999999818672 0.9999999999917941 0.9999999999963354 0.999999999998385 0.9999999999992977 0.9999999999996986 0.9999999999998723 0.9999999999999467
0.00003161912590667305 0.00005110638063369735 0.00008156925850902296 0.0001285633005094498 0.0002001061575392589 0.00030758955095566535 0.000466945423838045 0.0007001013161599 0.0010367495482868734 0.0015164364996595547 0.0021909507016830915 0.0031269508583336813 0.004408727570890286 0.0061409372766152315 0.00845108736151801 0.011491493243664944 0.015440379045726482 0.020501762365327175 0.026903760318593 0.03489498756669804 0.04473879436489055 0.056705216902301625 0.07106068108985804 0.08805570584931637 0.10791107746938253 0.13080319126786788 0.15684945487588842 0.18609479168880672 0.21850034822461165 0.2539354760429643 0.29217391776069723 0.3328948799488052 0.3756893389974483 0.4200715276475769 0.46549512798204695 0.5113732949774852 0.5571012970536222 0.6020803245086661 0.6457409104366867 0.6875644440697636 0.7271014293466406 0.763985431828988 0.7979420317202707 0.8287925180553484 0.8564524746224967 0.8809257802448792 0.9022948409765458 0.92070806731562 0.9363656966342233 0.949505043537443 0.9603861536496632 0.9692786620556353 0.9764504429817994 0.9821584092084732 0.9866416020718168 0.9901165243490899 0.992774520891611 0.9947809109592577 0.9962755212412208 0.9973742543164159 0.9981713456086772 0.9987420031518297 0.9991451791669936 0.9994262821403616 0.9996196960986512 0.9997510254520282 0.9998390264130503 0.999897218594333 0.9999351932170395 0.9999596485682614 0.9999751905338592 0.9999849379516388 0.9999909708333812 0.9999946556139849 0.9999968766215779 0.999998197734785 0.9999989732344299 0.9999994224706308 0.9999996792850816 0.9999998241675158 0.9999999048285099 0.9999999491447555 0.9999999731725496 0.9999999860288612 0.999999992817308 0.9999999963546412 0.9999999981736427 0.9999999990967277 0.9999999995590042 0.999999999787466 0.9999999998988894 0.9999999999525173 0.999999999977989 0.9999999999899283 0.9999999999954509 0.9999999999979718 0.9999999999991074 0.9999999999996123 0.9999999999998337 0.9999999999999296
0.000043235819543346735 0.00006900238932056885 0.00010877370050001366 0.00016936986649857187 0.0002605042630536857 0.0003957991671292769 0.0005940625445844691 0.0008808535382023964 0.0012903502957160612 0.001867511829573307 0.0026704946361232602 0.003773244650060532 0.005268136790041535 0.007268480422488962 0.00991065386675618 0.013355580730113911 0.01778922310076024 0.023421750114923194 0.030485053839631123 0.039228335216544036 0.04991157573148718 0.06279684609312049 0.07813757676052123 0.0961661158809793 0.11708011141303602 0.14102845438899642 0.16809768504855715 0.19829986858371684 0.2315629714612509 0.2677246984762394 0.3065305802443412 0.34763683769474263 0.39061821312969836 0.4349805760204559 0.4801777229803124 0.5256314356559183 0.570753576186704 0.6149688191084949 0.6577365616536452 0.6985706278442801 0.7370555771824947 0.7728587239542445 0.8057373353301412 0.8355408664678465 0.86220846848219 0.8857623341400254 0.9062976982297741 0.9239704673886744 0.9389835123416531 0.9515726199755463 0.9619929887401891 0.9705069801702486 0.9773736364060368 0.9828402626052701 0.9871361750792124 0.9904685468117245 0.9930201517196902 0.9949487216152988 0.9963875841447233 0.9974472408375344 0.9982175641275202 0.9987703320460469 0.9991618706481755 0.9994356295783586 0.999624569597026 0.9997532882717792 0.9998398490414719 0.9998973086416942 0.999934958732517 0.9999593105505908 0.9999748579832307 0.9999846562194313 0.9999907515750557 0.9999944945085752 0.9999967632609352 0.9999981207113896 0.9999989224315204 0.9999993898259093 0.9999996587973072 0.9999998115857842 0.9999998972574072 0.9999999446756302 0.9999999705825295 0.9999999845541725 0.9999999919919192 0.9999999959003028 0.9999999979275878 0.9999999989655806 0.9999999994901894 0.9999999997519107 0.999999999880796 0.9999999999434475 0.9999999999735096 0.9999999999877482 0.9999999999944054 0.9999999999974776 0.9999999999988771 0.9999999999995065 0.9999999999997858 0.9999999999999083
0.00005850873730409804 0.00009223846562905179 0.0001436654803280966 0.00022108285971046611 0.0003361507898300651 0.0005050154700286492 0.0007496918417691286 0.0010997288259950555 0.001594158502063913 0.0022837054215527853 0.0032331985260842327 0.004524086364964388 0.006256908184357899 0.00855352220912887 0.011558842930215779 0.015441797856890104 0.02039518856511596 0.026634138996195576 0.03439284330797951 0.0439193918415498 0.05546855951833426 0.06929258448638924 0.08563013916773052 0.1046938886307957 0.126657225045261 0.15164094084258364 0.17970073458349708 0.21081651119081354 0.24488442526900128 0.2817125130987618 0.3210205654982743 0.36244462072108785 0.40554612501470255 0.44982544818892956 0.49473908786696497 0.5397195856978144 0.5841969451164536 0.6276202090284243 0.6694778417481019 0.7093156642143944 0.7467513032078755 0.7814844105482273 0.813302255056203 0.8420806520832895 0.8677805365998355 0.8904407747728952 0.9101680223130557 0.9271245624652769 0.9415150899852893 0.9535733573244258 0.9635494809615595 0.9716985398621358 0.9782709068974222 0.983504559319158 0.9876194344380183 0.9908137451279972 0.9932620548726827 0.9951148366740692 0.9964992025903809 0.9975204858772557 0.9982643785033636 0.99879936520003 0.9991792434330182 0.9994455700243889 0.9996299243552871 0.9997559215419805 0.999840944662131 0.9998975923140503 0.9999348568285988 0.9999590603023127 0.9999745816207328 0.999984409236932 0.9999905530279463 0.9999943452463875 0.9999966563473487 0.9999980469823238 0.999998873164899 0.9999993577918519 0.9999996384694445 0.9999997989700089 0.9999998895879149 0.9999999401028865 0.9999999679060898 0.9999999830151755 0.9999999911219883 0.9999999954166676 0.9999999976630305 0.9999999988231367 0.9999999994146767 0.9999999997124867 0.999999999860521 0.9999999999331742 0.9999999999683802 0.9999999999852242 0.999999999993181 0.9999999999968922 0.9999999999986011 0.9999999999993783 0.9999999999997271 0.9999999999998817
0.0000783924714967109 0.00012212503172514253 0.00018801405921469014 0.00028605179844319335 0.0004301124837988253 0.0006391718678735586 0.0009387884602518555 0.0013628550526860372 0.001955608747040362 0.0027738596428712498 0.003889362592227618 0.005391214020451249 0.007388109061817034 0.010010246944299217 0.013410629917191256 0.017765469524416364 0.023273400900370424 0.030153218180319734 0.03863988819168903 0.048978679221979154 0.06141735736123551 0.07619655087595162 0.09353855459244045 0.1136350278332796 0.13663421350464966 0.16262845242656004 0.19164286560023425 0.22362610984778164 0.25844406626852096 0.2958771908754182 0.33562204642123583 0.37729725735139574 0.4204538085657771 0.46458927266588557 0.5091652327136662 0.5536269010691227 0.597423748045677 0.6400298672756086 0.6809628273764827 0.719799889247581 0.7561906908649133 0.7898657927158181 0.8206408062885732 0.8484161618593746 0.8731728781543948 0.8949649483773255 0.9139091355574844 0.9301730656223772 0.943962519121315 0.9555087608208449 0.9650566257437094 0.9728539199057641 0.9791425145372958 0.9841513332144058 0.9880912681138869 0.9911519261292073 0.9935000045049677 0.9952790309041497 0.9966101723793194 0.9975938166225132 0.9983116504306165 0.9988289972401334 0.9991972208674145 0.9994560502261135 0.9996357251320065 0.9997589031802998 0.9998423003306516 0.9998980626849163 0.9999348843128877 0.9999588967843647 0.9999743615280692 0.9999841975746635 0.9999903758948328 0.9999942084836001 0.9999965564182793 0.999997976952731 0.9999988257217136 0.9999993265619309 0.9999996184261472 0.9999997863972085 0.9999998818656946 0.9999999354524614 0.999999965157288 0.9999999814190809 0.9999999902109613 0.9999999949052203 0.9999999973804999 0.9999999986695014 0.9999999993324111 0.999999999669099 0.9999999998379767 0.9999999999216311 0.9999999999625552 0.9999999999823266 0.99999999999176 0.999999999996205 0.9999999999982736 0.9999999999992242 0.9999999999996556 0.999999999999849
0.00010403690568247146 0.0001602203141985715 0.00024389679145689585 0.00036700038241873186 0.0005459002774334386 0.0008027159260169433 0.0011668865550143108 0.001676992502818091 0.0023828026517128 0.003347491932046123 0.004649935906780858 0.006386947415089093 0.0086752760178147 0.011653148746737214 0.015481095851803114 0.020341784208955233 0.02643858046091895 0.03399259198197087 0.04323799106129769 0.054415518413880225 0.06776418486045428 0.08351133916113997 0.10186143547158026 0.12298400153621727 0.14700146127441685 0.17397758417261902 0.20390740096402485 0.2367094257723973 0.2722209501291971 0.310197022471707 0.350313504955742 0.3921743234072205 0.43532271925045307 0.4792560027755782 0.5234430256829751 0.5673433664059065 0.6104270779803516 0.6521938006481747 0.6921900951002585 0.7300240014728341 0.7653760578817139 0.7980062962841423 0.8277570436544676 0.8545516623309632 0.8783896366846347 0.8993386311233336 0.9175242916483402 0.9331186332049441 0.9463278499867143 0.9573803151579356 0.9665154151019397 0.9739737093066898 0.9799887390141087 0.9847806429056347 0.988551590324185 0.9914829216419437 0.9937337967118622 0.9954410970420959 0.996720303095495 0.9976670701431061 0.9983592481661472 0.9988591267384088 0.9992157283285745 0.9994670176699556 0.9996419366338647 0.9997622106346555 0.9998439024692946 0.9998987121875587 0.9999350374294769 0.9999588185045345 0.9999741974469909 0.9999840215628885 0.9999902207179096 0.9999940847749378 0.9999964639509142 0.9999979109944892 0.9999987803725057 0.9999992963226011 0.9999995987901138 0.9999997739448011 0.9999998741376628 0.9999999307516549 0.9999999623513407 0.9999999797739709 0.9999999892628879 0.9999999943678386 0.9999999970807675 0.9999999985049224 0.9999999992434182 0.999999999621696 0.9999999998130975 0.9999999999087622 0.9999999999559936 0.9999999999790282 0.9999999999901252 0.9999999999954059 0.9999999999978884 0.999999999999041 0.9999999999995697 0.9999999999998093
0.00013681473995017808 0.00020836119380924335 0.00031373220135957316 0.00046706076570561777 0.0006875025537929699 0.001000639060584794 0.0014401223876370937 0.002049547057427849 0.0028845088170370075 0.00401477847893516 0.005526481522503471 0.007524133538703212 0.010132340945339218 0.013496940219485228 0.017785322656131104 0.023185681398462533 0.02990492914629867 0.038165073579035126 0.04819790632823573 0.060237960732182 0.07451382049139245 0.09123800862816034 0.11059584278373673 0.1327337944516536 0.1577480196690923 0.18567381996313495 0.21647682963552192 0.2500466973024428 0.2861939303899239 0.3246504027524792 0.36507379741968404 0.407055985935116 0.4501350562019602 0.4938104192761643 0.5375601798976181 0.580859770806893 0.6232007463657679 0.6641086177560008 0.7031586914825803 0.7399890366202803 0.7743099370264632 0.8059094588519358 0.8346550537845195 0.8604913969539741 0.8834349006155755 0.9035655314404967 0.9210166785631171 0.9359638675105226 0.9486130954085588 0.9591894854134758 0.96792683762418 0.9750585065460602 0.9808098783963792 0.9853925703336464 0.9890003401467871 0.9918065872911348 0.9939632486145961 0.9956008451824904 0.9968294177762533 0.9977400932894551 0.9984070465893898 0.9988896563718088 0.9992346934299627 0.9994784207921386 0.9996485237072541 0.9997658210420832 0.999845736989064 0.9998995327024367 0.9999353119171657 0.9999588235531036 0.9999740887988335 0.9999838813005391 0.9999900878813461 0.9999939745728552 0.9999963793599098 0.9999978494436446 0.9999987373689019 0.9999992672514724 0.9999995796807629 0.9999997616897077 0.9999998664514225 0.999999926028794 0.9999999595044385 0.9999999780887051 0.9999999882823798 0.9999999938067778 0.999999996764845 0.999999998329793 0.999999999147807 0.9999999995702715 0.9999999997858418 0.9999999998945233 0.9999999999486601 0.999999999975304 0.9999999999882598 0.9999999999944845 0.9999999999974393 0.9999999999988252 0.9999999999994673 0.9999999999997613
0.00017835054829399327 0.00026869505800285225 0.00040031348017219434 0.0005898070112034274 0.000859416325876356 0.001238502717200631 0.0017652524155323229 0.0024885769541694034 0.0034701551562424477 0.004786529525262194 0.006531133015331317 0.008816083878179604 0.011773550172809809 0.015556456213452714 0.02033828606238222 0.02631173970482559 0.03368602088056529 0.04268258553984751 0.05352925827873791 0.06645272974192988 0.08166957625917863 0.09937608564636242 0.11973731849795918 0.1428759681644228 0.1688616893922721 0.19770163018931855 0.2293329111415822 0.26361774276426825 0.3003417520829265 0.3392159090567347 0.3798822133995799 0.42192304099897193 0.46487377944055425 0.5082381294537205 0.5515052382294462 0.594167682878609 0.635739253045481 0.6757714980918283 0.7138681046069593 0.7496963438410005 0.7829950581653915 0.813578917826655 0.8413389487021943 0.8662395837327201 0.8883127038017908 0.9076492921859527 0.9243894212746981 0.9387113192346588 0.9508202325195163 0.9609377178529868 0.9692918784028978 0.9761089188259493 0.9816062479418841 0.9859872193915253 0.9894374801757587 0.9921228013353532 0.9941881974580804 0.9957581021618137 0.9969373525617371 0.9978127425598827 0.9984549272283572 0.9989204930483966 0.99925404619757 0.9994902091670557 0.9996554515135693 0.9997697113770724 0.9998477894059723 0.9999005156422273 0.9999357030674845 0.9999589096395445 0.9999740347056323 0.9999837766657833 0.9999899776152854 0.9999938782278546 0.999996302995954 0.9999977925983884 0.9999986969416439 0.9999992395156689 0.9999995612129974 0.9999997497074911 0.9999998588547003 0.9999999213128847 0.999999956633546 0.9999999763728137 0.999999987274558 0.99999999322465 0.9999999964339781 0.9999999981446521 0.9999999990457733 0.9999999995148694 0.9999999997561948 0.9999999998788842 0.9999999999405258 0.9999999999711315 0.9999999999861491 0.999999999993431 0.9999999999969205 0.999999999998573 0.9999999999993464 0.9999999999997041
0.00023055107261679507 0.00034371224131762195 0.0005068416749874584 0.0007392871068045197 0.0010666756574593001 0.0015224603608482979 0.0021496657663486866 0.0030027926543095373 0.004149813363478779 0.00567415629762691 0.007676542759149228 0.010276504249464944 0.013613377641195355 0.017846553805860234 0.023154747435548198 0.02973406688099327 0.037794697010079516 0.04755606799489701 0.059240468896391354 0.07306517435897802 0.0892332798076664 0.10792357614914944 0.12927992720618048 0.15340072818818348 0.18032910715257697 0.21004457055263473 0.24245677847525615 0.2774020595375051 0.31464313999916327 0.35387237333079824 0.3947185284746827 0.4367569459201589 0.47952262262416395 0.5225255630777336 0.5652675563206665 0.6072594252430059 0.6480377566470128 0.6871801621650552 0.7243182369641482 0.7591475633163534 0.7914343315241064 0.8210183993596525 0.8478128597696368 0.871800413091046 0.8930270260724757 0.9115934926601124 0.9276455842331688 0.9413634896939884 0.9529512042945301 0.9626264406179913 0.9706115189167748 0.9771255613163641 0.9823781789413344 0.9865647145984655 0.9898629952219865 0.9924314635338414 0.9944084997225369 0.9959127109385351 0.9970439563263506 0.9978848839408341 0.9985027782546854 0.9989515480030673 0.9992737192192521 0.9995023336739495 0.9996626856885232 0.9997738585892502 0.9998500449510659 0.9999016520339123 0.9999362057820078 0.9999590741298177 0.9999740340124599 0.9999837073279781 0.99998989000112 0.9999937959898464 0.9999962351451058 0.9999977407175737 0.9999986592989576 0.9999992132703892 0.9999995434960733 0.9999997380715382 0.9999998513947954 0.9999999166332649 0.9999999537561926 0.9999999746363807 0.9999999862449935 0.9999999926243958 0.9999999960896361 0.9999999979501824 0.9999999989376008 0.9999999994555842 0.9999999997241706 0.9999999998618301 0.9999999999315701 0.999999999966493 0.999999999983779 0.9999999999922362 0.9999999999963263 0.9999999999982814 0.9999999999992051 0.9999999999996365
0.0002956364016865672 0.00043627858869532877 0.0006369580047924597 0.0009200529072741593 0.0013148766625464582 0.0018592746450523507 0.002601390564036602 0.003601549451078918 0.00493417538452223 0.006689629717386832 0.008975822377798346 0.011919417891666572 0.01566643310198759 0.02038200964219976 0.026249145717161686 0.033466192895821055 0.04224296759545308 0.05279539514913447 0.06533869581880113 0.08007923302608025 0.09720526758703643 0.11687698820386966 0.13921630604034307 0.16429699688340876 0.19213583538484297 0.22268538119375345 0.25582903882271024 0.2913789189664949 0.3290768814992664 0.3685989482435813 0.4095630510570941 0.45153984634151223 0.49406610172517984 0.536659965576798 0.5788372841174311 0.6201280486895298 0.6600920454783957 0.6983328426999144 0.734509379651055 0.768344605169881 0.7996308320589895 0.8282317080977911 0.8540809321303424 0.8771780459526379 0.8975817937659557 0.9154016504740068 0.9307881736393194 0.9439228328427651 0.9550079209225821 0.9642570643090389 0.9718867368669558 0.9781090564047856 0.983126017595005 0.9871251998190211 0.9902768910569665 0.9927324940447213 0.9946240302499083 0.9960645299715747 0.9971490902951989 0.9979563927231991 0.9985504944506463 0.9989827368651752 0.9992936477688455 0.999514746642912 0.9996701924859113 0.9997782397303953 0.999852488673914 0.9999029325974993 0.9999368146284963 0.999959314083853 0.999974085310656 0.9999836727607625 0.9999898249778847 0.9999937280104576 0.9999961760288669 0.9999976940197481 0.9999986246252655 0.9999991886576729 0.9999995266325855 0.9999997268523011 0.9999998441180502 0.9999999120192562 0.9999999508902597 0.9999999728899203 0.9999999851996397 0.9999999920092504 0.9999999957334964 0.9999999977472039 0.9999999988236601 0.9999999993925632 0.9999999996898133 0.9999999998433626 0.9999999999217806 0.9999999999613742 0.9999999999811383 0.999999999990892 0.9999999999956509 0.9999999999979465 0.9999999999990412 0.9999999999995572
0.00037617163136838543 0.0005496676341713829 0.0007947747128152443 0.001137187362920443 0.0016101984457423633 0.002256329184296006 0.0031290936582461302 0.004294832563285715 0.005834521879762284 0.00784543115869045 0.010442475934368046 0.01375908264778536 0.017947366367782977 0.02317741579423169 0.02963549065634061 0.03752096713123926 0.04704191945205283 0.05840930069190436 0.07182978063476748 0.08749740880869132 0.10558438859437344 0.126231363926097 0.14953772196985354 0.17555249128581957 0.20426645418768305 0.23560608541460937 0.26942987159942555 0.30552745684438953 0.3436219038309848 0.38337516744147404 0.4243966636434662 0.4662545984818172 0.5084895200071522 0.5506293887635811 0.5922053461661466 0.6327673061288107 0.671898509002636 0.7092282568912041 0.7444421878243976 0.7772896295990399 0.8075877848523101 0.8352227176774005 0.8601473195954871 0.8823766120004055 0.901980880243751 0.9190772232729018 0.9338201395224699 0.946391757097691 0.9569922610265235 0.9658309824724638 0.9731185059724021 0.9790600329491483 0.9838501239210076 0.9876688370257205 0.9906791931981174 0.9930258323538755 0.994834681385852 0.9962134325990746 0.9972526276481664 0.9980271532976515 0.9985979771508784 0.9990139797003577 0.9993137699067332 0.9995274019812572 0.9996779389063181 0.9997828320708515 0.9998551055393549 0.9999043478210187 0.9999375238954723 0.9999596262928461 0.9999741869616345 0.9999836722560587 0.9999897823496022 0.9999936743461879 0.9999961258049261 0.9999976526826837 0.9999985930802371 0.9999991658053825 0.9999995107175761 0.9999997161166014 0.9999998370693496 0.9999999074998267 0.999999948053766 0.9999999711442472 0.9999999841447589 0.9999999913827062 0.9999999953674271 0.9999999975366687 0.9999999987044066 0.9999999993260058 0.9999999996531981 0.9999999998235014 0.9999999999111551 0.9999999999557665 0.9999999999782181 0.9999999999893913 0.9999999999948896 0.9999999999975653 0.9999999999988527 0.9999999999994653
0.0004750985561683016 0.0006875918537482961 0.0009849038498048633 0.0013963284064040877 0.001959419384552485 0.0027216344214474153 0.0037420734028114928 0.0050932345716308385 0.006862682792375867 0.009154495644947202 0.012090326519330185 0.015809903127746525 0.020470768678056528 0.026247075271822132 0.033327258434612726 0.04191046066828746 0.05220163166894632 0.06440531252611037 0.07871820759892371 0.09532075514690244 0.114368018127197 0.13598031995936466 0.16023413558109834 0.18715380493487319 0.2167046546547247 0.24878808733784252 0.28323912335646345 0.3198267592631437 0.3582573459626447 0.39818100012688307 0.43920085877897314 0.48088478693515735 0.522778969651437 0.5644226794094999 0.605363420895193 0.6451716264826598 0.6834541099421427 0.7198655797034799 0.7541176573511876 0.7859850281479908 0.815308551451042 0.8419953618931335 0.8660161799263613 0.8874002080886616 0.906228106376276 0.9226236103212571 0.9367443776347142 0.948772626984957 0.958906072743031 0.9673495719991896 0.9743077957285846 0.9799791255351591 0.9845508706940456 0.9881958051031794 0.9910699457341083 0.9933114362339811 0.995040362137997 0.9963593064192076 0.9973544531140582 0.9980970589316958 0.9986451341614124 0.9990452010287334 0.9993340265585009 0.9995402552813282 0.9996858928113198 0.9997876132054933 0.9998578805173736 0.9999058880315228 0.9999383276448893 0.9999600073160364 0.9999743371209884 0.9999837049387614 0.9999897617934294 0.9999936349623115 0.9999960845685236 0.9999976168433726 0.9999985647981656 0.9999991448263987 0.9999994958377741 0.9999997059270078 0.9999998302916568 0.9999999031032685 0.9999999452646545 0.9999999694103463 0.9999999830868462 0.9999999907484697 0.9999999949934646 0.9999999973196487 0.999999998580377 0.9999999992561635 0.9999999996144313 0.9999999998022837 0.9999999998997011 0.9999999999496663 0.999999999975012 0.9999999999877283 0.9999999999940381 0.9999999999971347 0.9999999999986378 0.9999999999993594
0.0005957669029353001 0.0008542324274995085 0.0012124833804226832 0.0017036888923587874 0.0023699282058850303 0.003263827160205898 0.004450245229775554 0.006007925170264752 0.00803099025311087 0.010630147983202587 0.013933436986041091 0.018086338802977806 0.02325107225524506 0.02960489829513887 0.03733729071874826 0.04664587452362597 0.0577310992113029 0.0707896971087653 0.08600707272241938 0.10354887190632618 0.12355208093069374 0.1461160957208455 0.1712942704574081 0.1990864928392538 0.22943333284461348 0.26221226792416286 0.2972363991907401 0.33425594368319705 0.37296262498408894 0.4129969001655641 0.4539577700360044 0.4954147383560878 0.5369213303609858 0.5780294659432411 0.6183039190801036 0.6573360886256892 0.6947563570528119 0.7302444181943447 0.7635371025987089 0.7944334060471818 0.8227966170757327 0.8485536264807488 0.8716916704706944 0.8922528967854784 0.9103272409941664 0.9260441539546177 0.9395637311733115 0.9510677646226494 0.960751174674001 0.9688141934433832 0.9754555711335391 0.9808669737388918 0.9852286424136837 0.988706298692047 0.9914492101888297 0.9935892807332138 0.9952409973510616 0.9965020526745858 0.9974544625570183 0.9981660115309103 0.9986918796583966 0.9990763298215494 0.999354361573274 0.9995532639108131 0.9996940230237783 0.9997925611494578 0.9998607986660593 0.9999075434618676 0.99993921976261 0.9999604535166757 0.9999745337626323 0.9999837697819062 0.9999897628684468 0.9999936097374234 0.9999960523543671 0.9999975865984576 0.99999853988766 0.9999991258180281 0.9999994820709686 0.9999996963412905 0.999999823825589 0.9999998988568914 0.9999999425405877 0.9999999676992402 0.9999999820325496 0.9999999901104163 0.9999999946137899 0.9999999970973253 0.9999999984521836 0.9999999991833368 0.9999999995736508 0.9999999997797664 0.9999999998874374 0.9999999999430762 0.9999999999715172 0.999999999985899 0.9999999999930929 0.9999999999966525 0.9999999999983948 0.9999999999992384
0.0007419645866395485 0.0010542669328506356 0.0014832000146477247 0.0020660720202779876 0.0028497293715184315 0.003892163419253558 0.005264119870339674 0.007050613320286002 0.009352224165165488 0.01228603243353705 0.0159860256536883 0.020602809017913157 0.026302449121525982 0.033264300387633235 0.04167769809316667 0.05173745458849521 0.06363816508778554 0.07756741357256831 0.0936980630909994 0.11217991129048524 0.13313108307355753 0.15662960860431485 0.182705687302435 0.21133515876728423 0.24243468370200982 0.27585907884022676 0.3114011503597746 0.3487942351295932 0.3877174971611976 0.42780384994307713 0.46865019830776256 0.5098295313561976 0.5509042652453976 0.5914401435219561 0.6310199616672516 0.6692563954761676 0.7058032785963941 0.7403647868378869 0.7727021353073003 0.8026375655495328 0.8300555786313868 0.8549015414584401 0.877177944115187 0.896938705025579 0.9142820013006749 0.9293421409042533 0.9422809923424105 0.9532794510508347 0.9625293567198987 0.9702261912682089 0.9765627923850457 0.9817242213955797 0.9858838343012791 0.9892005270712823 0.9918170644227394 0.9938593571931418 0.9954365268993364 0.9966415856416616 0.9975525625572345 0.9982339213866738 0.998738134068772 0.9991072994782396 0.9993747217632747 0.9995663870866389 0.9997022994148597 0.9997976544239147 0.9998638452076523 0.9999093043131289 0.9999401940064603 0.999960961096936 0.9999747747027488 0.9999838656221254 0.9999897850249524 0.9999935984685286 0.9999960291390415 0.9999975620050583 0.9999985184316316 0.9999991088616154 0.9999994694855139 0.9999996874119578 0.9999998177090386 0.9999998947867416 0.9999999398987499 0.9999999660218599 0.9999999809885896 0.9999999894725426 0.9999999942307014 0.9999999968709747 0.9999999983205079 0.9999999991078741 0.9999999995310245 0.999999999756024 0.9999999998743931 0.999999999936005 0.9999999999677341 0.9999999999839009 0.9999999999920509 0.999999999996116 0.999999999998122 0.9999999999991014
0.0009179464464265822 0.0012928943890066014 0.0018033081878505504 0.0024908817185271192 0.003407442359531699 0.004616504357902247 0.006194774181029585 0.008233502002899573 0.010839550916457311 0.014136036595614434 0.018262377853690854 0.023373595923244273 0.029638710226346954 0.037238103291682714 0.04635976873310911 0.0571944139104096 0.06992946144467259 0.08474207768425514 0.10179144616664103 0.12121059311055862 0.14309815185456254 0.16751051533338807 0.19445486198184234 0.22388354410453004 0.25569029430853407 0.2897086337382401 0.32571275786264625 0.3634210374684207 0.4025021137595117 0.44258339920207235 0.48326163371273273 0.5241150029221185 0.5647162142696887 0.6046458577010584 0.6435053571108804 0.6809288483187188 0.7165933965309447 0.7502270838213176 0.7816146444908374 0.8106004901974866 0.8370891334579785 0.8610431739767823 0.8824791455209356 0.9014616228570244 0.9180960532420259 0.9325208035006858 0.9448989037649307 0.9554099274209905 0.9642423808049543 0.9715868940255039 0.9776304145525206 0.9825515158755607 0.9865168513248748 0.9896787130774213 0.992173601570437 0.9941216722953583 0.9956269048969686 0.9967778320263797 0.9976486699877689 0.9983007069124872 0.9987838239349972 0.9991380477857569 0.9993950569260861 0.9995795859335062 0.9997106929784363 0.9998028721321954 0.9998670055977471 0.9999111608125499 0.9999412440516702 0.9999615261315367 0.9999750576233317 0.9999839911752169 0.9999898276141179 0.9999936008765785 0.9999960148438445 0.9999975430819588 0.9999985004875591 0.9999990940223555 0.99999945813997 0.999999679185875 0.9999998119768431 0.9999998909173438 0.9999999373556627 0.9999999643889201 0.999999979961678 0.9999999888389179 0.9999999938465873 0.9999999966419528 0.9999999981860933 0.9999999990301669 0.9999999994867491 0.9999999997311502 0.9999999998606091 0.999999999928468 0.9999999999636666 0.999999999981734 0.9999999999909109 0.9999999999955236 0.999999999997818 0.9999999999989473
0.0011284609083143727 0.0015758570817776833 0.0021796446464729335 0.0029861275252099743 0.004052294508936188 0.005447295120434093 0.00725381463997699 0.009569235875720472 0.012506455760475925 0.016194210265914825 0.02077675423574512 0.02641274633920624 0.03327320590022299 0.04153843963956262 0.05139388308357638 0.06302486284575937 0.07661035983336567 0.09231593559043093 0.11028606874515771 0.13063622885378587 0.15344508302025778 0.17874727866812878 0.2065272666950453 0.23671461757630957 0.26918123590697296 0.303740796572152 0.34015061180370887 0.3781159997578538 0.41729707177588754 0.4573176990988925 0.49777627339889713 0.5382577516483446 0.5783463855277269 0.6176384869066645 0.6557545783594706 0.6923503214277276 0.7271257014312046 0.7598320682852356 0.7902767773112602 0.8183253299591593 0.8439010687631368 0.8669826216320539 0.8875994076120979 0.9058256022672762 0.9217730118336791 0.9355833207623305 0.9474201597549105 0.9574613960557139 0.9658919815034176 0.9728976144757264 0.9786593872269795 0.9833495073683001 0.9871281072514484 0.9901410920596279 0.9925189290134012 0.9943762471364179 0.9958120989264223 0.9969107303671998 0.9977427115891828 0.9983662943708387 0.9988288817657742 0.9991685168619335 0.9994153198510501 0.9995928235281112 0.9997191758935449 0.999808194026635 0.9998702655877653 0.9999131032669749 0.9999423635335614 0.9999621445999121 0.9999753800951456 0.9999841450516629 0.9999898898978831 0.9999936166123574 0.9999960093379847 0.9999975298111125 0.9999984860880059 0.999999081349292 0.9999994480828706 0.9999996717039676 0.9999998066605055 0.999999887271474 0.999999934927015 0.9999999628107996 0.9999999789584406 0.999999988213634 0.9999999934638958 0.9999999964116784 0.9999999980497354 0.9999999989506457 0.9999999994410489 0.9999999997052555 0.9999999998461369 0.9999999999204872 0.9999999999593228 0.9999999999793996 0.9999999999896723 0.9999999999948745 0.9999999999974819 0.9999999999987754
0.0013787740193856202 0.0019094586184837782 0.002619638140333815 0.003560423568642201 0.0047941071812279655 0.006395536546024656 0.008453333682529839 0.011070842234537305 0.014366669489796485 0.018474680076664814 0.023543296774673685 0.02973397354600914 0.037218728603562005 0.04617666223493857 0.056789435209473646 0.069235747501176 0.0836849307893214 0.10028984720655111 0.11917936517036833 0.1404507539494268 0.16416239456315698 0.19032723868628296 0.21890745353028368 0.24981066518951722 0.2828881542046902 0.31793526663511473 0.35469418640555617 0.3928590777036086 0.43208345973652706 0.47198953172220615 0.5121790355285455 0.5522451380620789 0.5917847445814477 0.6304106238951659 0.6677627396111016 0.703518237048883 0.7373996281446491 0.7691808384765875 0.7986909208756803 0.8258153871760862 0.8504952516845172 0.8727240062022872 0.8925428482917142 0.9100345560765224 0.9253164414415584 0.9385328193756612 0.9498474074602831 0.9594360213890728 0.9674798665755555 0.9741596496541727 0.9796506541522809 0.9841188481754435 0.9877180237260315 0.990587910869454 0.9928531673869324 0.9946231163306621 0.9959920892854273 0.9970402304465036 0.9978346235434781 0.9984306175924018 0.9988732458746015 0.9991986530845314 0.9994354663111715 0.9996060649300801 0.999727721575588 0.999813600566518 0.9998736112808537 0.9999151221117581 0.9999435460873742 0.9999628124167679 0.99997573959994 0.999984325771957 0.999989971058967 0.9999936452626322 0.9999960124420804 0.9999975221394268 0.9999984752413691 0.9999990708754902 0.9999994393526149 0.9999996650010068 0.9999998017879672 0.9999998838699615 0.999999932627508 0.9999999612974309 0.9999999779853406 0.9999999876007571 0.999999993085105 0.999999996181616 0.9999999979122728 0.9999999988697756 0.9999999993941722 0.9999999996784679 0.9999999998310387 0.9999999999120908 0.999999999954714 0.999999999976902 0.9999999999883357 0.999999999994168 0.999999999997113 0.999999999998585
0.0016746903072706472 0.002300577693757096 0.003131313776451707 0.004222981324828395 0.005643275083391129 0.007472749791050635 0.00980585914546553 0.01275166577315059 0.01643409009719011 0.020991560770726777 0.026575933429414056 0.03335055997378513 0.04148741888180144 0.051163258715955395 0.06255476138095059 0.07583279677401775 0.09115591275866596 0.10866327901929262 0.1284673743444559 0.15064676759919546 0.17523938636738712 0.20223668788431426 0.23157913970028918 0.2631533798040725 0.29679135752134944 0.3322716600574477 0.36932311058165335 0.4076305902783389 0.4468428987342624 0.48658233531709444 0.5264555697144879 0.566065282300516 0.6050220020874777 0.6429555563657797 0.6795255729422047 0.7144305407857507 0.7474150321833689 0.7782748107821436 0.8068596849065155 0.8330741032687763 0.8568756199336469 0.8782714677692907 0.897313567361546 0.9140923568879468 0.9287298560180535 0.9413723745732935 0.9521832478855506 0.961335930797325 0.969007717421492 0.9753742808890458 0.9806051528406602 0.9848601920138175 0.9882870293772807 0.9910194268843412 0.9931764496204077 0.9948623271405366 0.9961668682526835 0.9971662927112857 0.9979243510487386 0.9984936176892131 0.998916860207844 0.9992284070075399 0.999455455041834 0.9996192772006166 0.999736304716965 0.9998190729675365 0.9998770291813992 0.9999172079551821 0.9999447853851668 0.9999635254609074 0.9999761335517849 0.999984531781609 0.99999007021089 0.9999936863564793 0.9999960239318968 0.9999975199807851 0.9999984679328316 0.999999062618371 0.9999994319774792 0.9999996591054765 0.9999997973834326 0.9999998807315225 0.9999999304707196 0.9999999598581968 0.9999999770486074 0.9999999870042804 0.9999999927126934 0.9999999959532571 0.9999999977745767 0.9999999987880497 0.9999999993463894 0.9999999996509301 0.9999999998153872 0.9999999999033138 0.9999999999498561 0.9999999999742475 0.9999999999869031 0.9999999999934044 0.9999999999967109 0.9999999999983757
0.0020225699380291102 0.002756677088287295 0.0037232916517773284 0.00498359591003163 0.006610738690214716 0.008690934008900274 0.011324297183320052 0.014625297714587551 0.01872270017768135 0.023758863996071453 0.02988828240196561 0.03727526172781404 0.04609067537205551 0.05650777228251632 0.0686970763567297 0.08282047819946123 0.099024690315125 0.11743430599753292 0.1381447650243104 0.1612155795175205 0.18666420497478728 0.21446094937302 0.24452529380242535 0.27672394979999876 0.3108709024027852 0.3467295875550943 0.3840172340187197 0.4224112715903407 0.46155757888964016 0.5010802254571953 0.5405922641682745 0.5797070593851563 0.6180495999151155 0.6552672468754954 0.6910394049010757 0.7250856774296973 0.7571721668478996 0.7871156996101052 0.8147858852376002 0.8401050461502654 0.8630461729773612 0.8836291591937435 0.9019156436257042 0.9180028360864495 0.9320167192934339 0.9441050109164681 0.9544302368034966 0.9631632153292381 0.9704771894605362 0.9765427737766623 0.9815238141754314 0.9855741933293082 0.9888355589491833 0.991435907064005 0.9934889200100442 0.9950939386340267 0.9963364393725461 0.9972888877039385 0.9980118478957314 0.9985552427633488 0.9989596741638971 0.9992577332661912 0.9994752477075786 0.9996324294098353 0.9997449013178232 0.999824593243192 0.9998805062383762 0.999919351618451 0.9999460751697526 0.9999642796022356 0.9999765593174147 0.9999847614657176 0.9999901864079064 0.9999937393717109 0.9999960435422648 0.9999975232182665 0.9999984641254961 0.9999990565801926 0.9999994259757364 0.9999996540395174 0.9999997934672449 0.9999998778726265 0.9999999284689876 0.9999999585018402 0.9999999761541704 0.9999999864280777 0.9999999923491099 0.9999999957281029 0.9999999976375402 0.9999999987059838 0.9999999992979894 0.9999999996227986 0.9999999997992639 0.999999999894197 0.9999999999447684 0.9999999999714443 0.9999999999853779 0.9999999999925846 0.9999999999962754 0.9999999999981473
0.002429341674850075 0.003285807472960935 0.004404779451995234 0.005852625751544492 0.007707949797756462 0.010062517327304838 0.013021869107232981 0.01670549995702206 0.021246480870440586 0.02679040551914478 0.03349355692768618 0.04152021583752994 0.05103906963317423 0.06221872907880241 0.0752224177282507 0.09020196271388234 0.10729128152422215 0.1265996222416529 0.14820486885348777 0.17214726291390636 0.1984239127567724 0.22698445747558574 0.2577282224943319 0.29050314635974683 0.3251066763755296 0.3612887282641356 0.39875668875318543 0.4371823181078395 0.47621029142809435 0.5154680124040306 0.554576249809431 0.5931600923216122 0.6308596959423439 0.6673403121901851 0.7023011331452971 0.7354825672635318 0.7666716610753519 0.7957054980871692 0.8224725280913576 0.84691189830126 0.8690109637166292 0.8888012409136925 0.9063531321602016 0.9217697828787131 0.9351804449238432 0.94673370298832 0.9565908855646191 0.9649199303446696 0.97188991244314 0.9776663781187255 0.9824075620035579 0.9862615066225148 0.9893640524586218 0.9918376270389239 0.9937907333234204 0.9953180208688459 0.9965008167588687 0.9974079955038504 0.9980970760476094 0.9986154476124884 0.9990016424049055 0.9992865904720715 0.9994948088581339 0.9996454926337206 0.9997534887076062 0.9998301442385817 0.9998840298827754 0.9999215441713502 0.9999474092856668 0.9999650707268763 0.9999770142354866 0.999985013163012 0.9999903186547598 0.9999938037413272 0.9999960709711251 0.9999975317065244 0.9999984637616699 0.9999990527486604 0.9999994213558776 0.9999996498189448 0.9999997900558137 0.9999998753073953 0.9999999266333117 0.9999999572363829 0.9999999753075974 0.9999999858758625 0.9999999919967455 0.9999999955076456 0.9999999975020669 0.9999999986241095 0.9999999992492762 0.9999999995942421 0.9999999997827593 0.9999999998847873 0.999999999939474 0.9999999999685034 0.9999999999837645 0.9999999999917104 0.9999999999958074 0.9999999999978996
0.002902511178750962 0.0038966056494213197 0.00518555877917929 0.006840965567489164 0.00894683033273681 0.011600301453228677 0.014912042675184206 0.019006124936613165 0.024019323172245637 0.030099711759315344 0.03740447150044574 0.04609685106176649 0.05634226649267942 0.06830357272952821 0.08213559859053626 0.09797909835289971 0.11595433423493927 0.13615455994544343 0.15863972054915007 0.18343071304513714 0.2105045607959296 0.2397908400727125 0.2711696570243163 0.3044714089377997 0.3394784775664078 0.375928899538936 0.4135219462567009 0.4519254313630642 0.490784456571287 0.5297312148884021 0.5683954015734846 0.6064147432384773 0.6434451477010862 0.6791700021920117 0.7133082031919511 0.7456205828629209 0.7759144980016812 0.8040464595389338 0.8299227950947277 0.8534984454640936 0.8747740906263034 0.893791876039991 0.9106300617329295 0.9253969433689371 0.9382243965976546 0.9492613760043384 0.9586676618126508 0.9666080960696402 0.9732474907022354 0.97874632782633 0.9832573127206718 0.9869227857870733 0.9898729543786075 0.9922248702302449 0.9940820539350776 0.9955346541030374 0.9966600244181574 0.9975236051804621 0.998180005223753 0.9986741934336447 0.9990427246623912 0.9993149410996187 0.9995141058748218 0.9996584399416192 0.9997620455580724 0.9998357096570195 0.9998875880593711 0.9999237769636945 0.9999487817071822 0.9999658947603598 0.9999774956346803 0.9999852851792805 0.9999904659161862 0.9999938788599295 0.9999961058836466 0.9999975452742855 0.9999984667642796 0.9999990510976519 0.999999418116926 0.9999996464533355 0.99999978716159 0.9999998730475341 0.9999999249732774 0.9999999560690576 0.9999999745140423 0.9999999853511465 0.9999999916579063 0.9999999952933503 0.9999999973690603 0.9999999985429683 0.9999999992005648 0.999999999565439 0.9999999997659713 0.9999999998751365 0.9999999999339996 0.9999999999654378 0.9999999999820692 0.9999999999907843 0.9999999999953075 0.999999999997633
0.00345016423986761 0.004598286923584109 0.006075965051017591 0.007960012675169405 0.010339724632884517 0.013317400319031863 0.017008458431508354 0.021541031956689972 0.027054937474448044 0.03369992653722665 0.04163315039778258 0.05101580301906299 0.06200895052164443 0.07476860643579734 0.08944016871230784 0.1061523928175884 0.1250111310105393 0.14609311619831908 0.1694401046413073 0.19505371066711577 0.2228912648042316 0.25286300207788204 0.28483083910311996 0.31860892853915324 0.3539660909572898 0.3906301226286707 0.4282938700715905 0.4666228562741654 0.5052641474434155 0.5438560705425488 0.582038337144412 0.619462102763852 0.6557994950278818 0.6907521784502859 0.7240585853398328 0.7554995264137239 0.7849019942255211 0.8121410797218973 0.8371400289937458 0.8598685659157834 0.8803396903224722 0.8986052257248955 0.9147504323604445 0.9288880196656298 0.9411518881023175 0.9516909063462689 0.960662990114102 0.9682296980756246 0.9745515033502572 0.9797838407950596 0.9840739748509661 0.9875586834615098 0.9903627128470129 0.992597927000478 0.9943630549925653 0.9957439280316522 0.9968140955921456 0.9976357142583487 0.9982606124886888 0.9987314475262319 0.9990828855380454 0.9993427513652162 0.9995331089084112 0.9996712463751383 0.9997705518884423 0.9998412740799433 0.9998911692531083 0.9999260416527028 0.9999501865634153 0.9999667476888576 0.999978000850585 0.9999855758001177 0.9999906271260908 0.9999939640900355 0.9999961479163708 0.9999975637269346 0.9999984730383877 0.999999051588039 0.9999994162488319 0.9999996439461771 0.9999997847930859 0.9999998711022935 0.999999923496998 0.9999999550062514 0.9999999737781968 0.9999999848572055 0.9999999913347883 0.9999999950866386 0.9999999972394127 0.999999998463104 0.9999999991521777 0.9999999995365747 0.9999999997490042 0.9999999998653015 0.9999999999283748 0.9999999999622625 0.9999999999802993 0.9999999999898096 0.9999999999947773 0.9999999999973479
0.004080964583085749 0.005400631379832208 0.007086860897082135 0.009221626735647212 0.01189934549940942 0.015227173259921857 0.019324851752581244 0.024324000768310056 0.030366762183601965 0.03760371890949612 0.04619103932400365 0.05628683434250112 0.06804675916413719 0.08161894294547616 0.09713838428951671 0.11472100476503531 0.13445760235073734 0.15640798711820628 0.18059560814805944 0.20700298972490205 0.23556828343216363 0.2661832094663681 0.29869260565099753 0.33289572847605237 0.36854936108793745 0.4053726841809765 0.44305376406013725 0.48125741523467747 0.519634110194765 0.5578295432053585 0.5954944133256901 0.6322939778244898 0.6679169418628499 0.7020832925517497 0.7345507518148803 0.7651196075588582 0.793635779759624 0.8199920797763447 0.8441277200292532 0.8660262202837326 0.8857119305273021 0.903245444782699 0.9187182129898678 0.9322466690159681 0.9439661833542767 0.9540251220256835 0.9625792525094654 0.9697866876904025 0.9758035044278217 0.9807801187553014 0.9848584486242713 0.9881698503954734 0.9908337789006989 0.992957093834423 0.9946339176123506 0.9959459410491895 0.9969630721198802 0.9977443281948339 0.9983388818469363 0.9987871829955408 0.9991220943008461 0.9993699911000131 0.9995517908094261 0.9996838889192847 0.9997789890633132 0.9998468229805639 0.9998947625103968 0.9999283302264569 0.999951618160586 0.9999676255784655 0.9999785272413324 0.9999858833029347 0.9999908011963468 0.9999940587682399 0.9999961966813395 0.9999975868491502 0.9999984824727886 0.9999990541685929 0.99999941573294 0.9999996422950754 0.9999997829549396 0.999999869478462 0.9999999222110785 0.9999999540534628 0.9999999731042517 0.9999999843970477 0.9999999910294539 0.9999999948888726 0.9999999971139943 0.9999999983850565 0.9999999991044408 0.999999999507841 0.9999999997319671 0.9999999998553429 0.9999999999226327 0.9999999999589947 0.999999999978463 0.9999999999887905 0.9999999999942184 0.9999999999970449
0.004804145953557769 0.006313963899066713 0.008229603061626567 0.010638083128246482 0.013638714403453095 0.017343153280584535 0.021874971303980136 0.027368643211110863 0.03396787228254862 0.041823192931581814 0.05108882093413679 0.06191876048451995 0.07446222296223282 0.08885846262428229 0.10523118628317393 0.12368274360914343 0.14428834780588193 0.16709060877596116 0.19209467856358226 0.2192643086330899 0.24851909835300584 0.27973317332238196 0.3127354719995731 0.34731174231685713 0.38320826105857175 0.4201371935510628 0.45778341635051056 0.4958125381285383 0.5338797805438841 0.5716393273151028 0.6087537202521 0.6449028780389432 0.6797923373268855 0.7131603642755908 0.7447836541824524 0.774481421783989 0.802117778654525 0.8276023898701963 0.8508894929383597 0.8719754418703409 0.8908950034039205 0.9077166775434731 0.9225373392956959 0.9354765029650247 0.9466704963947514 0.9562668030832429 0.964418788993322 0.9712809823473594 0.9770050230096332 0.9817363471016306 0.9856116255524833 0.9887569348311562 0.9912866057349463 0.993302672549816 0.9948948301050498 0.9961407995374876 0.9971070038193696 0.9978494598705776 0.9984148038445455 0.9988413784576027 0.999160324681571 0.9993966336175228 0.9995701270518624 0.9996963464666436 0.9997873397839665 0.9998523427317041 0.9998983574556082 0.9999306350236162 0.9999530710015058 0.9999685245925471 0.9999790722019549 0.99998620596819 0.9999909870251638 0.9999941622111792 0.9999962517701642 0.9999976144075612 0.9999984949416588 0.9999990587769518 0.9999994165425181 0.9999996414920131 0.9999997816480173 0.9999998681803859 0.9999999211205977 0.9999999532152704 0.9999999724958653 0.9999999839733862 0.9999999907438115 0.9999999947013397 0.999999996993644 0.9999999983093555 0.9999999990576789 0.9999999994794317 0.9999999997149731 0.9999999998453246 0.9999999999168081 0.999999999955653 0.9999999999765703 0.9999999999877316 0.9999999999936331 0.9999999999967253
0.005629498254948696 0.00734912784216845 0.009516002906254145 0.012222020231310231 0.015571096302567911 0.019678971027762563 0.024672494652183293 0.03068831373607227 0.03787088867482667 0.046369800151216466 0.05633633494048216 0.0679193817202608 0.08126071323253412 0.09648977976878327 0.11371818726534934 0.1330340775552486 0.1544966645408345 0.1781312043508189 0.20392468653556903 0.23182252451732321 0.26172649553945226 0.29349413341045105 0.32693971317266635 0.3618368887833753 0.39792295771981484 0.4349046359215179 0.47246513907880594 0.5102722884354687 0.5479872969382116 0.5852738495965629 0.6218070736333268 0.6572820008639021 0.6914211561957458 0.7239809596894446 0.7547567010639595 0.7835859293481808 0.8103501902784802 0.8349751335052313 0.857429094548765 0.8777203274556842 0.8958931192366265 0.9120230539232097 0.9262117115828654 0.9385810865380474 0.9492679913544843 0.9584186819296168 0.9661838979303013 0.9727144658797864 0.9781575632728984 0.9826536947049167 0.9863343880074115 0.9893205819006936 0.9917216479881417 0.993634969537238 0.9951459872294739 0.996328617178766 0.997245947888834 0.9979511290935257 0.9984883751780171 0.9988940177463348 0.9991975546656947 0.9994226555769841 0.9995880956512087 0.9997085997753583 0.9997955880736689 0.9998578206082713 0.9999019443030784 0.9999329487495716 0.9999545398023899 0.9999694410071686 0.9999796331774562 0.9999865420898078 0.9999911835049852 0.999994273721256 0.9999963127580027 0.9999976461533945 0.9999985103062431 0.9999990653406414 0.9999994186433357 0.9999996415236516 0.9999997808695511 0.9999998672100165 0.999999920229109 0.9999999524953149 0.999999971956139 0.9999999835886175 0.9999999904795975 0.9999999945252394 0.9999999968791587 0.9999999982365136 0.9999999990122121 0.9999999994515416 0.999999999698137 0.999999999835313 0.9999999999109385 0.9999999999522581 0.999999999974632 0.9999999999866387 0.9999999999930245 0.9999999999963902