5.882994519344851e-198 3.920634031074469e-190 1.810410953849378e-182 5.792536617933578e-175 1.284219966642499e-167 1.972867227095273e-160 2.1001654186122077e-153 1.549231767305613e-146 7.919491213188107e-140 2.8054833411250678e-133 6.887474671325531e-127 1.1718379678503713e-120 1.3817984622614439e-114 1.1292937939491394e-108 6.396921982644563e-103 2.5116275460867816e-97 6.835641292695657e-92 1.2896286515580668e-86 1.6866888807962389e-81 1.5293818745362376e-76 9.614701626911524e-72 4.191077805839949e-67 1.2668349948186455e-62 2.6555647279005217e-58 3.8608115984112584e-54 3.893431156795579e-50 2.7237771746729934e-46 1.322073251915267e-42 4.452991151133849e-39 1.0409677105259643e-35 1.6892717590622212e-32 1.9034413426415823e-29 1.489614674356012e-26 8.099140734630875e-24 3.0605140247918093e-21 8.041362192658015e-19 1.4698438243985076e-16 1.8702203120003187e-14 1.6577876562139508e-12 1.0246930548810779e-10 4.4218871648063496e-9 1.3342412652934964e-7 2.820566895030388e-6 0.000041884831914082646 0.0004384741766121031 0.0032519735677389284 0.01720775182705734 0.06563547884533935 0.18325013439676807 0.383237957709741 0.6213669734951855 0.8199392334904934 0.9358944370557782 0.9833005386468197 0.9968649865651455 0.9995801657932655 0.9999601726405418 0.999997336724268 0.9999998749041683 0.9999999958835271 0.9999999999052879 0.9999999999984787 0.9999999999999829 0.9999999999999999 1. 1. 1. 1. 1. 1. 1. 1. 1. 1. 1. 1. 1. 1. 1. 1. 1. 1. 1. 1. 1. 1. 1. 1. 1. 1. 1. 1. 1. 1. 1. 1. 1. 1. 1. 1.
5.538028217519861e-198 3.695235298067671e-190 1.708409619982888e-182 5.472838695085552e-175 1.2148209429139306e-167 1.8685282702322024e-160 1.9915180523605098e-153 1.4708759042862948e-146 7.528106934516366e-140 2.670084534048225e-133 6.563055969326218e-127 1.1180015060687685e-120 1.3199218226760646e-114 1.0800380919475782e-108 6.125361926814684e-103 2.407933254620307e-97 6.561405971561356e-92 1.2393976872383888e-86 1.622965439126012e-81 1.4733923841169847e-76 9.273984951916073e-72 4.047476018339613e-67 1.2249164801213966e-62 2.5708163276911343e-58 3.7421427535985e-54 3.778345419695257e-50 2.646476038807906e-46 1.2861124117001634e-42 4.337125857076751e-39 1.0151119992792946e-35 1.6493104972731508e-32 1.860665213769042e-29 1.457901234638345e-26 7.936299344214905e-24 3.0026023882966234e-21 7.898720509028133e-19 1.445510207974266e-16 1.8414697431120913e-14 1.634260696431515e-12 1.0113589225561434e-10 4.3695460107336566e-9 1.3200113796253151e-7 2.793772798960476e-6 0.00004153540496793755 0.0004353180584231827 0.003232229814861967 0.017122208578677557 0.06537878151482834 0.18271663178524203 0.38247001056502816 0.6206013668517649 0.819410593955135 0.9356416276843422 0.9832168037901848 0.996845777820806 0.9995771138865526 0.9999598368077377 0.9999973111293019 0.9999998735531364 0.9999999958341351 0.9999999999040372 0.9999999999984568 0.9999999999999827 0.9999999999999999 1. 1. 1. 1. 1. 1. 1. 1. 1. 1. 1. 1. 1. 1. 1. 1. 1. 1. 1. 1. 1. 1. 1. 1. 1. 1. 1. 1. 1. 1. 1. 1. 1. 1. 1. 1.
5.247738998740059e-198 3.505343137181775e-190 1.622377081296135e-182 5.202879569871923e-175 1.1561513793234265e-167 1.7802188008584925e-160 1.8994558702539134e-153 1.4044045042985546e-146 7.195701619885514e-140 2.554956612616865e-133 6.286888232707781e-127 1.0721192473652895e-120 1.2671264074487819e-114 1.0379627937772426e-108 5.893121529056358e-103 2.319150645700758e-97 6.326335753122486e-92 1.1962907774309335e-86 1.5682164956639103e-81 1.4252326404921095e-76 8.980576809482088e-72 3.923670577956124e-67 1.1887349550540715e-62 2.4975821887267707e-58 3.6394783560815546e-54 3.6786659502405473e-50 2.5794457416683557e-46 1.2548936161715446e-42 4.236423250062121e-39 9.92613950386286e-36 1.6144985296798357e-32 1.8233580823724957e-29 1.4302104848873382e-26 7.793949451313355e-24 2.9519197578836288e-21 7.773740451501274e-19 1.424164927497938e-16 1.816220836080438e-14 1.61357534648356e-12 9.996217704248354e-11 4.323420396043884e-9 1.3074568290158304e-7 2.7701059876342754e-6 0.00004122640538214901 0.0004325238704576598 0.003214730021914214 0.017046300189662293 0.06515073354475555 0.1822421252274256 0.38178619686293913 0.6199188506729113 0.8189387833762412 0.9354157351021193 0.9831418979227919 0.9968285746192855 0.9995743774695012 0.9999595353441446 0.9999972881272263 0.9999998723375698 0.9999999957896444 0.9999999999029094 0.9999999999984369 0.9999999999999825 0.9999999999999999 1. 1. 1. 1. 1. 1. 1. 1. 1. 1. 1. 1. 1. 1. 1. 1. 1. 1. 1. 1. 1. 1. 1. 1. 1. 1. 1. 1. 1. 1. 1. 1. 1. 1. 1. 1.
5.005530865318358e-198 3.346741245736168e-190 1.5504474947688073e-182 4.9769431059332216e-175 1.1069989878308166e-167 1.70615899984333e-160 1.8221700197376435e-153 1.3485450096441453e-146 6.916078178529983e-140 2.458010653357842e-133 6.054097648491878e-127 1.033404121967939e-120 1.2225325036769535e-114 1.0023873868440496e-108 5.696557600828048e-103 2.2439299525703125e-97 6.126970071785106e-92 1.1596939840876054e-86 1.5216884053263941e-81 1.3842625442138726e-76 8.730715907706641e-72 3.818132499262686e-67 1.157860476866449e-62 2.4350260936602254e-58 3.551693581610744e-54 3.5933464453594496e-50 2.5220133347503615e-46 1.2281176426244072e-42 4.149963677276129e-39 9.732782253173354e-36 1.5845491796679618e-32 1.7912293269517022e-29 1.4063389707984635e-26 7.671107815533134e-24 2.908138243630793e-21 7.665667869466976e-19 1.4056884218533889e-16 1.7943430328227524e-14 1.5956334995191513e-12 9.894309266105174e-11 4.283330705375833e-9 1.2965340077561944e-7 2.7494941595887703e-6 0.000040957017685772186 0.00043008539401500283 0.0031994424351707157 0.016979919942328458 0.06495110696760938 0.1818263319949639 0.3811863836414677 0.6193195645590325 0.8185240853608409 0.9352169841301047 0.9830759249388328 0.9968134075190787 0.9995719624616523 0.999959269017818 0.9999972677854342 0.9999998712614915 0.9999999957502188 0.9999999999019089 0.9999999999984194 0.9999999999999822 0.9999999999999998 1. 1. 1. 1. 1. 1. 1. 1. 1. 1. 1. 1. 1. 1. 1. 1. 1. 1. 1. 1. 1. 1. 1. 1. 1. 1. 1. 1. 1. 1. 1. 1. 1. 1. 1. 1.
4.806061945030387e-198 3.2160096497875652e-190 1.4911050488529075e-182 4.790378233365905e-175 1.0663758129439387e-167 1.6448961207846966e-160 1.758181730916357e-153 1.3022554399500153e-146 6.684154364556052e-140 2.3775308144135862e-133 5.8606745186926095e-127 1.0012075771572581e-120 1.1854140665069753e-114 9.727493351789416e-109 5.532653744189274e-103 2.1811518409435103e-97 5.9604345520395485e-92 1.129096546389128e-86 1.4827531707969108e-81 1.3499478538475382e-76 8.521257919767622e-72 3.729581529073222e-67 1.1319324615989886e-62 2.3824455857151244e-58 3.4778419942911463e-54 3.521505101983145e-50 2.4736107439090104e-46 1.2055314864786768e-42 4.0769682597075575e-39 9.569391143672515e-36 1.5592188524580352e-32 1.7640315923538878e-29 1.3861132402760688e-26 7.566934795389092e-24 2.870977375824707e-21 7.573856599862425e-19 1.389978077940955e-16 1.7757240931448132e-14 1.5803506706142967e-12 9.807426805757244e-11 4.2491217333375695e-9 1.28720517105761e-7 2.7318746218142094e-6 0.00004072653352526426 0.00042799721747561467 0.003186339370244183 0.016922974610588188 0.06477970219307481 0.1814690038238662 0.3806704532022711 0.6188036300232128 0.8181667486778372 0.9350455725504675 0.983018976441891 0.9968003035177464 0.9995698741027182 0.9999590385098649 0.9999972501637977 0.9999998703284818 0.9999999957160046 0.99999999990104 0.999999999998404 0.999999999999982 0.9999999999999998 1. 1. 1. 1. 1. 1. 1. 1. 1. 1. 1. 1. 1. 1. 1. 1. 1. 1. 1. 1. 1. 1. 1. 1. 1. 1. 1. 1. 1. 1. 1. 1. 1. 1. 1. 1.
4.645048734062499e-198 3.110402164651095e-190 1.4431308824865231e-182 4.639439841286388e-175 1.0334852317447703e-167 1.595257132346486e-160 1.7062952945420783e-153 1.2646920904393112e-146 6.495809265077469e-140 2.3121238664048287e-133 5.703358484059153e-127 9.750015224509863e-121 1.1551790756262119e-114 9.485892986339604e-109 5.398943439623348e-103 2.1298997349684606e-97 5.824372160823406e-92 1.1040790394394768e-86 1.4508943640663197e-81 1.3218486168205147e-76 8.349609781844918e-72 3.656960364110665e-67 1.1106526943905987e-62 2.3392588797182088e-58 3.4171386198339556e-54 3.462409503692086e-50 2.4337654550032494e-46 1.1869244001482699e-42 4.016787271980199e-39 9.434581861437377e-36 1.5383037581274964e-32 1.741557642618835e-29 1.369387762638383e-26 7.480724883936904e-24 2.8402011460801166e-21 7.497762115606232e-19 1.3769472957182211e-16 1.7602691524901663e-14 1.567655347958627e-12 9.735199786771188e-11 4.220661714414975e-9 1.2794382261506306e-7 2.7171939878324605e-6 0.000040534348766218164 0.000426254718135018 0.003175397140033506 0.016875384291257442 0.06463634782304722 0.1811699269720644 0.38023830350749704 0.6183711508809682 0.817866987304584 0.9349016709187177 0.9829711315790672 0.9967892859823315 0.999568116935296 0.9999588444117236 0.9999972353143891 0.9999998695416599 0.9999999956871295 0.9999999999003061 0.9999999999983912 0.9999999999999819 0.9999999999999998 1. 1. 1. 1. 1. 1. 1. 1. 1. 1. 1. 1. 1. 1. 1. 1. 1. 1. 1. 1. 1. 1. 1. 1. 1. 1. 1. 1. 1. 1. 1. 1. 1. 1. 1. 1.
4.519112988246724e-198 3.027750377404854e-190 1.4055614166751419e-182 4.521163649945826e-175 1.007695953810385e-167 1.5563113372698392e-160 1.665560877410473e-153 1.2351839406973061e-146 6.3477614537967e-140 2.2606790591923676e-133 5.579547083273025e-127 9.543639186538919e-121 1.131353826843064e-114 9.295392908186805e-109 5.293448309438243e-103 2.0894375615693278e-97 5.7168877347864695e-92 1.0843038152047876e-86 1.4256957397302788e-81 1.2996097943636161e-76 8.213676349341154e-72 3.5994136779513334e-67 1.0937796326301038e-62 2.304994173475836e-58 3.368946096104832e-54 3.4154642308865495e-50 2.4020928631218148e-46 1.172124632998804e-42 3.9688905600337883e-39 9.327223454373333e-36 1.5216371986056003e-32 1.723637750260676e-29 1.356043199039895e-26 7.411898826068317e-24 2.8156155379531964e-21 7.436936213996125e-19 1.3665247047236183e-16 1.7478999307231812e-14 1.557488446905692e-12 9.677321674480031e-11 4.197841503214418e-9 1.2732065553740905e-7 2.7054079214406907e-6 0.000040379961027785306 0.00042485404671243693 0.003166595993114632 0.016837082259335764 0.06452090049198238 0.18092892226719617 0.37988984852016006 0.6180222135867806 0.8176249804687024 0.934785422402511 0.9829324568977904 0.99678037458909 0.9995666947898524 0.9999586872227927 0.999997223281236 0.999999868903666 0.9999999956637017 0.9999999998997102 0.9999999999983806 0.9999999999999818 0.9999999999999998 1. 1. 1. 1. 1. 1. 1. 1. 1. 1. 1. 1. 1. 1. 1. 1. 1. 1. 1. 1. 1. 1. 1. 1. 1. 1. 1. 1. 1. 1. 1. 1. 1. 1. 1. 1.
4.425663609509104e-198 2.9663894567753875e-190 1.3776561067071203e-182 4.4332692166068736e-175 9.885218344861817e-168 1.52734130249629e-160 1.6352455583911196e-153 1.2132126887235629e-146 6.237473773491836e-140 2.2223367084789454e-133 5.487224062929803e-127 9.389674611296976e-121 1.1135705762663104e-114 9.153133491572708e-109 5.21462939767664e-103 2.0591921581987408e-97 5.636504058764621e-92 1.0695074214273731e-86 1.40683218945085e-81 1.2829538016247759e-76 8.111817879611293e-72 3.556271376678869e-67 1.0811238501197111e-62 2.2792810856008546e-58 3.332763560280094e-54 3.380200902368883e-50 2.37829011280592e-46 1.1609968021744573e-42 3.932859799974714e-39 9.246422615771064e-36 1.509087368446938e-32 1.7101375763179987e-29 1.3459849955993172e-26 7.359997195448898e-24 2.7970665113095144e-21 7.391022673535517e-19 1.3586535223172973e-16 1.7385540828809248e-14 1.5498028611827427e-12 9.633547821862795e-11 4.180573898141849e-9 1.2684888699475598e-7 2.6964809244971446e-6 0.00004026296763683163 0.00042379211446987524 0.003159920062396088 0.016808014847058607 0.06443324473279528 0.18074584514540118 0.3796250184885591 0.6177568875168942 0.8174408726843597 0.9346969426468948 0.9829030062255155 0.9967735852727114 0.9995656107720445 0.999958567348427 0.9999972141001139 0.9999998684166485 0.9999999956458091 0.999999999899255 0.9999999999983726 0.9999999999999817 0.9999999999999998 1. 1. 1. 1. 1. 1. 1. 1. 1. 1. 1. 1. 1. 1. 1. 1. 1. 1. 1. 1. 1. 1. 1. 1. 1. 1. 1. 1. 1. 1. 1. 1. 1. 1. 1. 1.
4.362807746604345e-198 2.9251022372727455e-190 1.3588731044080835e-182 4.374086633137926e-175 9.75606598110435e-168 1.5078208297578356e-160 1.614811349197684e-153 1.198397579031013e-146 6.163080881884147e-140 2.1964642594280232e-133 5.424904675879473e-127 9.285709328787297e-121 1.1015580863782357e-114 9.057003862991827e-109 5.161349789086527e-103 2.0387397562519713e-97 5.582128072784785e-92 1.0594947606498354e-86 1.3940627629468397e-81 1.2716747440124274e-76 8.042817136279549e-72 3.527035625579145e-67 1.072544502312792e-62 2.2618440029813825e-58 3.308218002346856e-54 3.3562704161094486e-50 2.362131291781471e-46 1.1534398382292197e-42 3.908382440734424e-39 9.191511368873481e-36 1.500555629048e-32 1.7009565043950452e-29 1.3391422762207218e-26 7.324675332406065e-24 2.784438411469688e-21 7.359753821056233e-19 1.3532910456879244e-16 1.7321846844947162e-14 1.5445631065933012e-12 9.603693788618231e-11 4.168793102848302e-9 1.2652690933509912e-7 2.690386167408194e-6 0.00004018306399109334 0.00042306658288860706 0.0031553573238906883 0.0167881413465542 0.06437329286848316 0.18062058568178838 0.37944376017515424 0.6175752251979458 0.8173147737823534 0.9346363196658334 0.9828828205724784 0.9967689301851775 0.9995648672524269 0.9999584850983063 0.9999972077983781 0.9999998680822506 0.9999999956335193 0.9999999998989422 0.9999999999983671 0.9999999999999816 0.9999999999999998 1. 1. 1. 1. 1. 1. 1. 1. 1. 1. 1. 1. 1. 1. 1. 1. 1. 1. 1. 1. 1. 1. 1. 1. 1. 1. 1. 1. 1. 1. 1. 1. 1. 1. 1. 1.
4.3292868377289325e-198 2.903078947117124e-190 1.3488517102069501e-182 4.3425036156279494e-175 9.687127989572705e-168 1.497399019509821e-160 1.6038992770961512e-153 1.190484403084056e-146 6.12333666468291e-140 2.1826388945197184e-133 5.391595891105579e-127 9.230129077784665e-121 1.0951347339768435e-114 9.005589729051567e-109 5.13284729724245e-103 2.0277960943938956e-97 5.553026126747385e-92 1.0541348083271475e-86 1.387225546129771e-81 1.2656341825481629e-76 8.00585519324708e-72 3.511371296115477e-67 1.0679467205362466e-62 2.252497171121021e-58 3.295057876693918e-54 3.343437209932637e-50 2.3534638718703785e-46 1.1493854621291126e-42 3.89524720840157e-39 9.162037916177702e-36 1.4959752248874027e-32 1.6960263999914713e-29 1.335467017115702e-26 7.305699565451904e-24 2.777652780395411e-21 7.342947963436232e-19 1.3504082713604768e-16 1.728759845641251e-14 1.5417450535220809e-12 9.587634077692004e-11 4.1624543209393985e-9 1.2635362734550322e-7 2.6871053612469045e-6 0.000040140042322748156 0.0004226758558605245 0.0031528995654843657 0.016777433935970195 0.06434098492960953 0.18055306861310552 0.37934603703023984 0.6174772624810855 0.817246758933476 0.9346036137598706 0.9828719280576456 0.9967664176643742 0.9995644658585875 0.9999584406851878 0.9999972043948342 0.9999998679016036 0.9999999956268786 0.9999999998987731 0.9999999999983642 0.9999999999999816 0.9999999999999998 1. 1. 1. 1. 1. 1. 1. 1. 1. 1. 1. 1. 1. 1. 1. 1. 1. 1. 1. 1. 1. 1. 1. 1. 1. 1. 1. 1. 1. 1. 1. 1. 1. 1. 1. 1.
4.324434566828386e-198 2.8998907130099516e-190 1.347400818839681e-182 4.337930637553644e-175 9.677145407930192e-168 1.4958897522485736e-160 1.6023188700351575e-153 1.1893382271102736e-146 6.117579440131528e-140 2.1806360161973727e-133 5.386770022505379e-127 9.222075739385751e-121 1.0942039349226908e-114 8.998138713885809e-109 5.128716303942068e-103 2.0262098391784255e-97 5.548807499391608e-92 1.053357758630504e-86 1.3862342441919714e-81 1.2647583065122478e-76 8.000495266400587e-72 3.509099577118667e-67 1.067279867878723e-62 2.251141405266082e-58 3.293148819117105e-54 3.3415754105120047e-50 2.352206318909669e-46 1.1487971616441705e-42 3.893341082170625e-39 9.157760479012362e-36 1.4953104185537118e-32 1.695310773865403e-29 1.3349334896819934e-26 7.302944659020616e-24 2.7766675530000537e-21 7.340507649865656e-19 1.3499896375315496e-16 1.7282624493601613e-14 1.5413357454807225e-12 9.585301277462935e-11 4.161533480569269e-9 1.2632845227581716e-7 2.6866286706983328e-6 0.00004013379085593296 0.00042261907436220514 0.003152542365611572 0.01677587762896601 0.06433628859775538 0.1805432533530124 0.37933182931067444 0.617463018661328 0.8172368686647536 0.934598857459832 0.9828703438579565 0.9967660522125505 0.9995644074697441 0.999958434224048 0.9999972038996485 0.9999998678753186 0.9999999956259122 0.9999999998987485 0.9999999999983638 0.9999999999999816 0.9999999999999998 1. 1. 1. 1. 1. 1. 1. 1. 1. 1. 1. 1. 1. 1. 1. 1. 1. 1. 1. 1. 1. 1. 1. 1. 1. 1. 1. 1. 1. 1. 1. 1. 1. 1. 1. 1.
4.3481547652895915e-198 2.9154756269474367e-190 1.3544928400858764e-182 4.3602825751965535e-175 9.725936423283074e-168 1.5032661455426667e-160 1.6100426128158772e-153 1.1949395559513995e-146 6.145713594560054e-140 2.1904231650528372e-133 5.410350796178507e-127 9.261425259097093e-121 1.098751724388102e-114 9.034542017378326e-109 5.148898144510361e-103 2.033959099943074e-97 5.569415663735552e-92 1.057153511005695e-86 1.3910763688444756e-81 1.2690364326766002e-76 8.026674126978692e-72 3.520194580065315e-67 1.0705366119652028e-62 2.257762341026371e-58 3.3024713674714764e-54 3.350666782850751e-50 2.358346819456899e-46 1.1516696457457178e-42 3.902647681619296e-39 9.178644010474731e-36 1.4985560289732795e-32 1.6988043351533605e-29 1.337537962766931e-26 7.316392448770665e-24 2.781476627188026e-21 7.352418741692484e-19 1.3520328860764592e-16 1.7306900114876453e-14 1.5433333018249482e-12 9.596685601595253e-11 4.1660270866263484e-9 1.2645129862933489e-7 2.6889546672833202e-6 0.000040164293353797394 0.0004228961135897399 0.0031542850817756845 0.01678347024750083 0.06435919917500715 0.1805911340002342 0.3794011341438468 0.6175324965419609 0.8172851088682855 0.9346220554964899 0.9828780701809374 0.9967678344846846 0.9995646922138248 0.9999584657316188 0.9999972063143012 0.999999868003485 0.9999999956306239 0.9999999998988685 0.9999999999983658 0.9999999999999816 0.9999999999999998 1. 1. 1. 1. 1. 1. 1. 1. 1. 1. 1. 1. 1. 1. 1. 1. 1. 1. 1. 1. 1. 1. 1. 1. 1. 1. 1. 1. 1. 1. 1. 1. 1. 1. 1. 1.
4.400918231861556e-198 2.950136740732772e-190 1.3702628235626905e-182 4.409976064658962e-175 9.834390849411432e-168 1.519659755531263e-160 1.6272051483027134e-153 1.2073837802088856e-146 6.208206935202866e-140 2.212159142971356e-133 5.462711341236618e-127 9.34878446238552e-121 1.1088464077668331e-114 9.115331768492421e-109 5.193679720127289e-103 2.0511509257046993e-97 5.615127025912926e-92 1.0655714516048957e-86 1.4018129764655179e-81 1.2785207884759012e-76 8.084700860723369e-72 3.54478284840545e-67 1.077752790908741e-62 2.272430181414467e-58 3.323120632008261e-54 3.3708004336521664e-50 2.3719430965548514e-46 1.1580287656454204e-42 3.923247033263017e-39 9.224859719518213e-36 1.5057373645396213e-32 1.7065329266423585e-29 1.3432986595331125e-26 7.346131643831534e-24 2.7921098015376427e-21 7.37875027758034e-19 1.3565490425403417e-16 1.7360546603281517e-14 1.5477469036425764e-12 9.621834822274198e-11 4.175952199282083e-9 1.267225836969386e-7 2.6940903225671186e-6 0.00004023162905272484 0.0004235075825425311 0.0031581308488809667 0.016800222417878163 0.06440973957951877 0.18069673933974165 0.37955396553697224 0.6176856824439111 0.8173914508025337 0.9346731847961551 0.9828950962607175 0.9967717612867912 0.9995653194670424 0.9999585351263203 0.9999972116315778 0.9999998682856686 0.9999999956409957 0.9999999998991325 0.9999999999983704 0.9999999999999816 0.9999999999999998 1. 1. 1. 1. 1. 1. 1. 1. 1. 1. 1. 1. 1. 1. 1. 1. 1. 1. 1. 1. 1. 1. 1. 1. 1. 1. 1. 1. 1. 1. 1. 1. 1. 1. 1. 1.
4.483778323433447e-198 3.004551897146085e-190 1.395012748668869e-182 4.4879424554831437e-175 1.0004497191728248e-167 1.545364489669994e-160 1.6541071911875677e-153 1.2268838847319816e-146 6.306103657670721e-140 2.2461983080617536e-133 5.544684030019364e-127 9.485506649241268e-121 1.1246402700276545e-114 9.241693983594938e-109 5.263700291265609e-103 2.0780237678854584e-97 5.686557098034617e-92 1.0787215229752905e-86 1.418579949484169e-81 1.2933275729640315e-76 8.17526293878658e-72 3.5831457579487734e-67 1.089008069014611e-62 2.2953009340837295e-58 3.3553079076007154e-54 3.402174261846102e-50 2.3931233105503887e-46 1.1679319008347584e-42 3.955316711752595e-39 9.296787397201101e-36 1.5169105499432788e-32 1.718553841093441e-29 1.3522559682335086e-26 7.392358793013486e-24 2.8086330797470123e-21 7.419655132201993e-19 1.3635625138692958e-16 1.7443832359355233e-14 1.5545968626674492e-12 9.660854596205176e-11 4.191346538723665e-9 1.2714322983131323e-7 2.7020510413098892e-6 0.00004033597298337678 0.0004244548260543691 0.003164086587371433 0.016826157590042135 0.06448796036715448 0.18086013283698105 0.3797903543317358 0.6179225461600598 0.8175558310860428 0.9347521945021855 0.9829213983774556 0.9967778255841756 0.9995662878559674 0.9999586422285893 0.9999972198356046 0.9999998687209147 0.9999999956569885 0.9999999998995395 0.9999999999983776 0.9999999999999818 0.9999999999999998 1. 1. 1. 1. 1. 1. 1. 1. 1. 1. 1. 1. 1. 1. 1. 1. 1. 1. 1. 1. 1. 1. 1. 1. 1. 1. 1. 1. 1. 1. 1. 1. 1. 1. 1. 1.
4.598406040265057e-198 3.079795844712119e-190 1.4292211706310538e-182 4.5956569251712626e-175 1.023940345322353e-167 1.5808453937349785e-160 1.6912243136584707e-153 1.2537765261475208e-146 6.441053431409376e-140 2.2931002040215768e-133 5.657582531038412e-127 9.67372652873405e-121 1.1463734033830194e-114 9.415497571372635e-109 5.359966677296174e-103 2.114952988119669e-97 5.7846742979004124e-92 1.0967766144059813e-86 1.4415908585968016e-81 1.313639325681453e-76 8.299439767017639e-72 3.635724871920624e-67 1.1044273989928128e-62 2.326619169207051e-58 3.3993642660042513e-54 3.4450981892121405e-50 2.4220880645680277e-46 1.1814688181579636e-42 3.999134378380276e-39 9.395020589083839e-36 1.5321632525725607e-32 1.7349565239973866e-29 1.3644729102804565e-26 7.455380429566316e-24 2.831149346148736e-21 7.475371477151025e-19 1.3731113050756612e-16 1.7557175101207876e-14 1.5639147739276905e-12 9.713909186408063e-11 4.21226871694207e-9 1.277146694778706e-7 2.7128607347677176e-6 0.00004047759668024089 0.0004257399292801074 0.0031721630212000486 0.016861312080152083 0.06459393977918526 0.1810814126250481 0.38011034810421224 0.6182430408545697 0.817778151683693 0.9348590060224462 0.9829569399001512 0.9967860165196085 0.9995675952620866 0.9999587867616044 0.9999972309019227 0.9999998693077534 0.9999999956785417 0.9999999999000877 0.9999999999983873 0.9999999999999818 0.9999999999999998 1. 1. 1. 1. 1. 1. 1. 1. 1. 1. 1. 1. 1. 1. 1. 1. 1. 1. 1. 1. 1. 1. 1. 1. 1. 1. 1. 1. 1. 1. 1. 1. 1. 1. 1. 1.
4.74714624343172e-198 3.1773756471199437e-190 1.4735586543944441e-182 4.735185029751281e-175 1.0543514286238346e-167 1.6267526810812656e-160 1.739220962480829e-153 1.2885317223043995e-146 6.615357737616843e-140 2.353644890297941e-133 5.803236892575577e-127 9.916415755875428e-121 1.1743797879177095e-114 9.639340376913012e-109 5.483877367887003e-103 2.1624595891060162e-97 5.910821808250345e-92 1.1199763456008007e-86 1.4711414900986915e-81 1.3397086709296501e-76 8.458724086770643e-72 3.703130393052054e-67 1.1241833281581775e-62 2.366722366057866e-58 3.4557462133738637e-54 3.4999992446685482e-50 2.4591135583977707e-46 1.1987630218449949e-42 4.055081767441644e-39 9.520374711836446e-36 1.5516158215620315e-32 1.7558636747409188e-29 1.3800358731388605e-26 7.535616426941254e-24 2.8597994218654995e-21 7.546225063366424e-19 1.3852473574897944e-16 1.770114529666391e-14 1.575743753699988e-12 9.781222586529634e-11 4.238798598504075e-9 1.2843885299916596e-7 2.7265519346048283e-6 0.00004065686928339175 0.00042736572465645623 0.003182374705680419 0.016905735136495625 0.06472778381597831 0.18136071148457367 0.38051401100991267 0.618647102907375 0.818058279885723 0.9349935131027737 0.9830016713527788 0.9967963194413727 0.9995692388288346 0.9999589683524014 0.9999972447976047 0.9999998700442072 0.9999999957055745 0.9999999999007749 0.9999999999983994 0.999999999999982 0.9999999999999998 1. 1. 1. 1. 1. 1. 1. 1. 1. 1. 1. 1. 1. 1. 1. 1. 1. 1. 1. 1. 1. 1. 1. 1. 1. 1. 1. 1. 1. 1. 1. 1. 1. 1. 1. 1.
4.933097654868885e-198 3.2992810219784856e-190 1.5289096937503124e-182 4.9092487482980736e-175 1.0922628690015466e-167 1.683941596950074e-160 1.798970286101087e-153 1.3317665441566368e-146 6.832035282084705e-140 2.428854561065763e-133 5.984042968526524e-127 1.0217461093032778e-120 1.2090958406920604e-114 9.916613852206548e-109 5.637256354010161e-103 2.2212224525605627e-97 6.066748185592276e-92 1.1486323594575966e-86 1.5076161724933623e-81 1.3718635447923605e-76 8.655051820084527e-72 3.7861529386985454e-67 1.1484992080582084e-62 2.416046956131149e-58 3.525043547955185e-54 3.5674286185732457e-50 2.5045559599296447e-46 1.2199736227958831e-42 4.123650200158504e-39 9.67389826852436e-36 1.5754228600697957e-32 1.78143276502012e-29 1.3990556198741175e-26 7.63360461648098e-24 2.8947635166131467e-21 7.63263235529095e-19 1.4000370127482341e-16 1.787647086623097e-14 1.5901387652243218e-12 9.863080058161947e-11 4.2710377933138944e-9 1.2931825935013735e-7 2.743165948134456e-6 0.00004087425903823477 0.0004293358013655332 0.003194740065301495 0.01695948902883239 0.06488962633658894 0.181698196815963 0.38100142357372546 0.6191346517040649 0.8183960482798777 0.9351555819265448 0.9830555305036555 0.9968087159410979 0.9995712149710638 0.9999591865333741 0.9999972614814094 0.9999998709278014 0.9999999957379854 0.9999999999015984 0.9999999999984139 0.9999999999999822 0.9999999999999998 1. 1. 1. 1. 1. 1. 1. 1. 1. 1. 1. 1. 1. 1. 1. 1. 1. 1. 1. 1. 1. 1. 1. 1. 1. 1. 1. 1. 1. 1. 1. 1. 1. 1. 1. 1.
5.160220463759085e-198 3.448051964306369e-190 1.5964021193043498e-182 5.121314979113591e-175 1.1384124282620603e-167 1.753498967642721e-160 1.8715806001892673e-153 1.3842633684980447e-146 7.094909085612563e-140 2.520022291686711e-133 6.203028054763917e-127 1.058176807280053e-120 1.2510717395084571e-114 1.0251588605284916e-108 5.822397823307686e-103 2.2920944862879018e-97 6.254647693926751e-92 1.1831352873923039e-86 1.551496091515494e-81 1.41051405603198e-76 8.890841192861536e-72 3.885778956338387e-67 1.1776533908870426e-62 2.4751362138448127e-58 3.607989606659776e-54 3.648070849566027e-50 2.558857090589203e-46 1.2452977665404189e-42 4.205447737075488e-39 9.856887377246665e-36 1.6037752593478312e-32 1.8118580006076037e-29 1.4216685917281164e-26 7.750006737434971e-24 2.936263096868653e-21 7.735104558425483e-19 1.4175616082321228e-16 1.8084043210192327e-14 1.607167035548955e-12 9.95983009554575e-11 4.3091102854813535e-9 1.3035590968248461e-7 2.762753055866815e-6 0.00004113033520108775 0.0004316545173401726 0.00320928144161476 0.0170226491612927 0.06507962918412659 0.18209407060350088 0.3815726824244404 0.6197055893714735 0.8187912547171707 0.9353450512404722 0.983118442477914 0.9968231839012753 0.9995735193869172 0.9999594407441539 0.9999972809039765 0.9999998719555783 0.9999999957756531 0.9999999999025545 0.9999999999984307 0.9999999999999825 0.9999999999999999 1. 1. 1. 1. 1. 1. 1. 1. 1. 1. 1. 1. 1. 1. 1. 1. 1. 1. 1. 1. 1. 1. 1. 1. 1. 1. 1. 1. 1. 1. 1. 1. 1. 1. 1. 1.
5.433476771551731e-198 3.626866872667924e-190 1.677445364195184e-182 5.375710515399006e-175 1.1937196343990538e-167 1.8367775881557015e-160 1.958429614358256e-153 1.4469934471385075e-146 7.408718767952061e-140 2.6287490437859026e-133 6.4639352517033696e-127 1.101539402988164e-120 1.300985932311901e-114 1.0649523845951974e-108 6.042123251282698e-103 2.376123217317993e-97 6.477211663900228e-92 1.2239636047799512e-86 1.6033698449417178e-81 1.456161181389803e-76 9.169042240326275e-72 4.0032101991454794e-67 1.2119845227471915e-62 2.5446501939051145e-58 3.705474148850272e-54 3.742755357464643e-50 2.6225515512664304e-46 1.2749736714847137e-42 4.301208113896235e-39 1.0070903893229598e-35 1.6369027318112652e-32 1.847372760420867e-29 1.4480385249798894e-26 7.885615810526028e-24 2.984563197201838e-21 7.854252594078285e-19 1.4379182113205808e-16 1.8324924628399205e-14 1.6269085678338169e-12 1.0071886836094381e-10 4.353163203561844e-9 1.3155538397825188e-7 2.78537275261185e-6 0.00004142577036059761 0.0004343270138604797 0.00322602515133226 0.01709530420898832 0.06529798233673315 0.18254856937070846 0.3822278999734638 0.620359800459377 0.8192436622718711 0.9355617325067814 0.9831903198929262 0.9968396975523165 0.9995761470720548 0.9999597303338563 0.999997303008058 0.9999998731241124 0.999999995818438 0.9999999999036395 0.9999999999984497 0.9999999999999827 0.9999999999999999 1. 1. 1. 1. 1. 1. 1. 1. 1. 1. 1. 1. 1. 1. 1. 1. 1. 1. 1. 1. 1. 1. 1. 1. 1. 1. 1. 1. 1. 1. 1. 1. 1. 1. 1. 1.
5.759010843622986e-198 3.83965545528428e-190 1.773779403730323e-182 5.677768834167847e-175 1.2593162463768907e-167 1.9354399700855064e-160 2.061207898340918e-153 1.5211467854903449e-146 7.779262636968494e-140 2.7569904097391414e-133 6.771329840134452e-127 1.152571554565358e-120 1.3596633671208522e-114 1.1116804648551493e-108 6.299852873872772e-103 2.4745765259033135e-97 6.737692556952271e-92 1.271694656951445e-86 1.6639465605543202e-81 1.5094075527359763e-76 9.493198109671753e-72 4.139887798328048e-67 1.2518980742166752e-62 2.6253779689005914e-58 3.8185591929808226e-54 3.8524705930661037e-50 2.6962754488788175e-46 1.3092843426544853e-42 4.411801643535438e-39 1.0317797476822029e-35 1.675076889827137e-32 1.888252555432045e-29 1.4783584086705185e-26 8.041365048904678e-24 3.039975208144152e-21 7.990793088164536e-19 1.4612205015919232e-16 1.8600357217609117e-14 1.6494567544559877e-12 1.019973293944705e-10 4.403367738642129e-9 1.3292084083528752e-7 2.8110940336626562e-6 0.000041761343187186415 0.0004373592328017985 0.0032450015548031214 0.017177556278523173 0.06554490408397477 0.1830619641262072 0.38296720403725926 0.621097151568784 0.8197529991964503 0.9358054100819571 0.9832710630164828 0.9968582275389885 0.9995790923361754 0.9999600545636842 0.9999973277287866 0.9999998744295291 0.9999999958661818 0.9999999999048488 0.999999999998471 0.9999999999999829 0.9999999999999999 1. 1. 1. 1. 1. 1. 1. 1. 1. 1. 1. 1. 1. 1. 1. 1. 1. 1. 1. 1. 1. 1. 1. 1. 1. 1. 1. 1. 1. 1. 1. 1. 1. 1. 1. 1.
6.144378315484228e-198 4.091242019598044e-190 1.887536743090084e-182 6.034015655846645e-175 1.3365846895206254e-167 2.0515134263327846e-160 2.1819735034586782e-153 1.608169614636225e-146 8.213575533676733e-140 2.9071150031370098e-133 7.130731893136135e-127 1.2121636770644136e-120 1.4280981266333771e-114 1.1661112034947626e-108 6.599694069694059e-103 2.588974403109196e-97 7.039982863534469e-92 1.327018210432572e-86 1.7340719853123887e-81 1.5709706602057652e-76 9.867519937285828e-72 4.2975216048595286e-67 1.297874283853939e-62 2.718252483453502e-58 3.948498198959016e-54 3.9783811411784617e-50 2.7807769219542147e-46 1.34856204152739e-42 4.5382483097553343e-39 1.0599732040921369e-35 1.7186149275529126e-32 1.9348185594950534e-29 1.512852815652533e-26 8.218338445173834e-24 3.1028601811482215e-21 8.145555455093784e-19 1.4875998120154509e-16 1.8911773348713967e-14 1.6749190973456654e-12 1.0343922962299224e-10 4.459920218017756e-9 1.3445704055099902e-7 2.83999572787555e-6 0.00004213794162498977 0.00044075793660525804 0.003266245135066036 0.01726952109262322 0.06582064122840851 0.18363456029921768 0.3837907374029741 0.6219174909273957 0.8203189588723537 0.9360758414222651 0.983360559947506 0.9968787409960367 0.9995823488217656 0.9999604126098738 0.9999973549939773 0.9999998758675248 0.9999999959187093 0.9999999999061777 0.9999999999984943 0.9999999999999831 0.9999999999999999 1. 1. 1. 1. 1. 1. 1. 1. 1. 1. 1. 1. 1. 1. 1. 1. 1. 1. 1. 1. 1. 1. 1. 1. 1. 1. 1. 1. 1. 1. 1. 1. 1. 1. 1. 1.
6.59883627720795e-198 4.3875264318654287e-190 2.021320533072532e-182 6.452402279024344e-175 1.427206282169847e-167 2.187459038468349e-160 2.323220201136927e-153 1.7098111028763928e-146 8.720150042614357e-140 3.0819769273104185e-133 7.54878049777304e-127 1.2813846832027836e-120 1.5074813338424374e-114 1.2291632197594947e-108 6.946549837673881e-103 2.7211278414961224e-97 7.388711504737482e-92 1.3907529729998069e-86 1.8147480547582796e-81 1.6416988746376157e-76 1.0296977506459029e-71 4.478125633268862e-67 1.3504777314994264e-62 2.8243684145001147e-58 4.0967590787979994e-54 4.121848188917869e-50 2.876928707637756e-46 1.3931936101695944e-42 4.6817333262962535e-39 1.0919217103337612e-35 1.7678839751314559e-32 1.987441774872121e-29 1.5517806459895672e-26 8.417783200756018e-24 3.1736326991287772e-21 8.31949017337123e-19 1.51720634226232e-16 1.9260807845172597e-14 1.7034180431510806e-12 1.050508726112257e-10 4.5230433435624635e-9 1.3616937167585818e-7 2.8721668797662985e-6 0.000042556566543118514 0.00044453073105332974 0.003289794587705114 0.01737132819913593 0.0661254693120441 0.18426669766368622 0.3846986573366394 0.6228206479129043 0.8209411997575746 0.9363727573162897 0.9834586868190338 0.996901201632773 0.9995859095250005 0.9999608035669685 0.9999973847244643 0.9999998774333907 0.999999995975829 0.9999999999076209 0.9999999999985195 0.9999999999999835 0.9999999999999999 1. 1. 1. 1. 1. 1. 1. 1. 1. 1. 1. 1. 1. 1. 1. 1. 1. 1. 1. 1. 1. 1. 1. 1. 1. 1. 1. 1. 1. 1. 1. 1. 1. 1. 1. 1.
7.133709730343251e-198 4.735712191215027e-190 2.17830279576322e-182 6.94259830168656e-175 1.533221595309483e-167 2.346257772734703e-160 2.487962488333426e-153 1.8281814073327242e-146 9.309210752995186e-140 3.285005409383324e-133 8.03343639020486e-127 1.3615136689421147e-120 1.5992354196660629e-114 1.3019312800145328e-108 7.346251360363205e-103 2.87318624482104e-97 7.789361062585232e-92 1.4638666336041088e-86 1.9071565732748028e-81 1.722590787580198e-76 1.0787408403203083e-71 4.6840606304194874e-67 1.4103688070344453e-62 2.9450035135807016e-58 4.265051623346688e-54 4.284453859707764e-50 2.9857430436809795e-46 1.4436267682677055e-42 4.843625491266871e-39 1.1279144674879839e-35 1.8233062081846206e-32 2.0465479073698253e-29 1.595438329129704e-26 8.6411241947876e-24 3.2527653699076533e-21 8.513678366780095e-19 1.5502105595588414e-16 1.964931200471071e-14 1.7350919421005521e-12 1.0683936460127103e-10 4.5929876053403115e-9 1.380638812347449e-7 2.907707183062258e-6 0.0000430183358655292 0.00044868609094447136 0.003315692921767273 0.01748312120467871 0.06645969286737773 0.18495875024990657 0.3856911350332697 0.6238064325248999 0.8216193453321408 0.936695862144743 0.983565308023181 0.996925569826386 0.9995897668187095 0.999961226451403 0.9999974168344646 0.9999998791220364 0.9999999960373349 0.9999999999091724 0.9999999999985466 0.9999999999999838 0.9999999999999999 1. 1. 1. 1. 1. 1. 1. 1. 1. 1. 1. 1. 1. 1. 1. 1. 1. 1. 1. 1. 1. 1. 1. 1. 1. 1. 1. 1. 1. 1. 1. 1. 1. 1. 1. 1.
7.762854540558151e-198 5.144593850959222e-190 2.3623479035543277e-182 7.516358686350384e-175 1.6571059534005023e-167 2.531517928634993e-160 2.6798413838714446e-153 1.965823741630591e-146 9.9930538747733e-140 3.5203155109776413e-133 8.594231598452377e-127 1.4540788492394957e-120 1.705056122858509e-114 1.3857176295959756e-108 7.805719635616256e-103 3.0476950823162354e-97 8.248409966979299e-92 1.5475001042180763e-86 2.0126877834055859e-81 1.8148184819100783e-76 1.1345649003730014e-71 4.918085020248954e-67 1.478317398481831e-62 3.0816440095356842e-58 4.455360057309437e-54 4.468030017448425e-50 3.1083892588801618e-46 1.500377525399682e-42 5.025498731342937e-39 1.168283243543734e-35 1.8853648112011044e-32 2.112623039836333e-29 1.6441635396712496e-26 8.889980724602512e-24 3.3407940098005645e-21 8.729342824246696e-19 1.5868048050469382e-16 2.0079369629175848e-14 1.7700961408184494e-12 1.0881266527505667e-10 4.670032882570806e-9 1.4014730884259926e-7 2.946727468488086e-6 0.00004352448920137192 0.0004532333887729428 0.0033439875720302744 0.017605058033245535 0.06682364569262621 0.18571112624236155 0.38676835500811757 0.6248746348062437 0.8223529840427323 0.93704483416782 0.9836802764577477 0.996951802723701 0.9995939124773146 0.999961680205381 0.9999974512319734 0.9999998809280174 0.9999999961030066 0.9999999999108264 0.9999999999985755 0.9999999999999841 0.9999999999999999 1. 1. 1. 1. 1. 1. 1. 1. 1. 1. 1. 1. 1. 1. 1. 1. 1. 1. 1. 1. 1. 1. 1. 1. 1. 1. 1. 1. 1. 1. 1. 1. 1. 1. 1. 1.
8.503243048183765e-198 5.624919645505888e-190 2.5781679602152212e-182 8.187984448104994e-175 1.801863942544156e-167 2.747609281591506e-160 2.9032561570442687e-153 2.1258038686646226e-146 1.0786467837357068e-139 3.792844868366451e-133 9.242576943296877e-127 1.560905387018487e-120 1.8269639417334583e-114 1.4820702700402181e-108 8.333162391018365e-103 3.2476659329816883e-97 8.773504755711875e-92 1.6429968063210015e-86 2.1329747827200496e-81 1.9197554857065156e-76 1.1979691373138663e-71 5.183415750432107e-67 1.5552191932535905e-62 3.2360147725520214e-58 4.669981582795837e-54 4.674692268521449e-50 3.2462144760403167e-46 1.5640388787404008e-42 5.2291573059055e-39 1.2134074091342673e-35 1.9546109114855564e-32 2.186220208671431e-29 1.6983394911299583e-26 9.166185789481098e-24 3.438323595769098e-21 8.967860613062794e-19 1.627205126450092e-16 2.0553315252710958e-14 1.808604220877077e-12 1.1097964509208537e-10 4.754490245746271e-9 1.4242712497135598e-7 2.989350248923029e-6 0.00004407639300039634 0.00045818292653247494 0.0033747305229426035 0.017737311210109314 0.0672176911507421 0.18652426786238746 0.3879305144282931 0.6260250242148871 0.8231416692477798 0.9374193258403986 0.9838034337941082 0.9969798543510926 0.9995983377036394 0.9999621637010236 0.9999974878191835 0.9999998828455628 0.9999999961726118 0.9999999999125764 0.999999999998606 0.9999999999999845 0.9999999999999999 1. 1. 1. 1. 1. 1. 1. 1. 1. 1. 1. 1. 1. 1. 1. 1. 1. 1. 1. 1. 1. 1. 1. 1. 1. 1. 1. 1. 1. 1. 1. 1. 1. 1. 1. 1.
9.375706419066363e-198 6.18984992045427e-190 2.831518693717778e-182 8.974901855449337e-175 1.9711479021269253e-167 2.9998307994137537e-160 3.1635285655164686e-153 2.3118213658793207e-146 1.1707254738770483e-139 4.108522738926004e-133 9.992141105189129e-127 1.6841741845123324e-120 1.9673671962492554e-114 1.5928297377711308e-108 8.93831403183443e-103 3.4766615870267826e-97 9.373668747240276e-92 1.751938042764855e-86 2.2699349679898254e-81 2.039010332686777e-76 1.2698871062910884e-71 5.4838009002256475e-67 1.6421150707016282e-62 3.4101150877016625e-58 4.9115719486479153e-54 4.906880035937067e-50 3.4007679351837505e-46 1.6352909992336762e-42 5.4566652299133284e-39 1.2637197971849515e-35 2.031671621314144e-32 2.267967006351467e-29 1.758399883122025e-26 9.471808234533965e-24 3.546035077252194e-21 9.230777464448414e-19 1.6716533610147447e-16 2.10737547865102e-14 1.8508093965511657e-12 1.1335014976290093e-10 4.846703975537059e-9 1.4491157365796014e-7 3.0357103254510015e-6 0.000044675546260856714 0.00046354597077535495 0.003407978444588289 0.01788006817138378 0.06764222249173225 0.18739865123411267 0.38917782238388854 0.6272573489472056 0.8239849191644926 0.9378189641553798 0.9839346107659773 0.99700967573223 0.9996030331574782 0.999962675744771 0.9999975264929284 0.9999998848686056 0.9999999962459067 0.9999999999144156 0.999999999998638 0.9999999999999849 0.9999999999999999 1. 1. 1. 1. 1. 1. 1. 1. 1. 1. 1. 1. 1. 1. 1. 1. 1. 1. 1. 1. 1. 1. 1. 1. 1. 1. 1. 1. 1. 1. 1. 1. 1. 1. 1. 1.
6.233359989599325e-197 3.822955610492517e-189 1.6269509938076798e-181 4.80458218129799e-174 9.84579956428474e-167 1.4001332875623758e-159 1.3817205291603356e-152 9.462666646512819e-146 4.497385822077584e-139 1.483445446940713e-132 3.395941895168537e-126 5.3955970835473e-120 5.950093000695698e-114 4.5543722248442264e-108 2.4197507688481963e-102 8.924180310732302e-97 2.2847645161365597e-91 4.060799594204015e-86 5.010744441452675e-81 4.292787134004892e-76 2.553590216297177e-71 1.0547973373024644e-66 3.025709935755248e-62 6.02787474906897e-58 8.341080501062198e-54 8.01768561967536e-50 5.354236456653337e-46 2.4844357962878864e-42 8.011382586594034e-39 1.7956168307605968e-35 2.7979145097452184e-32 3.031594354933291e-29 2.2847615424732685e-26 1.1980653974806649e-23 4.3727097895415584e-21 1.1113263612088038e-18 1.9678006558678378e-16 2.4290939907951782e-14 2.0920293703332917e-12 1.2582537769513628e-10 5.291384714446297e-9 1.55825867074556e-7 3.2199395260792216e-6 0.00004681076877061877 0.00048050185739290015 0.003499960907428992 0.018219493812363183 0.0684887255677248 0.1888104846080913 0.39072307165144504 0.6283242362513382 0.8244018980827226 0.937868625947907 0.9839023765147148 0.9969912963479735 0.9995983926243099 0.9999619780755966 0.9999974592084322 0.9999998805777454 0.9999999960621582 0.9999999999090844 0.9999999999985325 0.9999999999999835 0.9999999999999999 1. 1. 1. 1. 1. 1. 1. 1. 1. 1. 1. 1. 1. 1. 1. 1. 1. 1. 1. 1. 1. 1. 1. 1. 1. 1. 1. 1. 1. 1. 1. 1. 1. 1. 1. 1.
2.0335783503623226e-186 4.747564292296039e-179 7.843827028595037e-172 9.171495030259596e-165 7.589540848938593e-158 4.4449095119164665e-151 1.8424334374942686e-144 5.405205473662808e-138 1.1223670147142712e-131 1.6495725208114178e-125 1.7160667047964036e-119 1.2636781991726165e-113 6.587077592428354e-108 2.430628325916841e-102 6.349369853067412e-97 1.1742138945950052e-91 1.5374044263305813e-86 1.425197110780929e-81 9.35472852587815e-77 4.347931385872371e-72 1.4310596069318496e-67 3.3357038404806304e-63 5.506889908888844e-59 6.439506751479196e-55 5.334190692486394e-51 3.1304124192923816e-47 1.3016815431805386e-43 3.835640179656389e-40 8.010663283956819e-37 1.1859692318285322e-33 1.244917284135878e-30 9.267671912087278e-28 4.894188594154987e-25 1.8340314352585356e-22 4.8787519135242256e-20 9.216709460167834e-18 1.2371847602657864e-15 1.1807501751362165e-13 8.018259051167481e-12 3.8780524416483636e-10 1.337447693894965e-8 3.294045174912718e-7 5.8053422923306315e-6 0.00007340120426735796 0.0006681649349070387 0.004400285466928158 0.021109760802568878 0.07451107471939904 0.19637571654117605 0.3950108242119899 0.6263014057127365 0.8187018555529959 0.9330352667213025 0.9815622856087636 0.996269065721499 0.9994504574248821 0.9999414712121824 0.9999955138221884 0.9999997533742134 0.9999999903003843 0.9999999997276106 0.9999999999945461 0.9999999999999223 0.9999999999999992 1. 1. 1. 1. 1. 1. 1. 1. 1. 1. 1. 1. 1. 1. 1. 1. 1. 1. 1. 1. 1. 1. 1. 1. 1. 1. 1. 1. 1. 1. 1. 1. 1. 1. 1. 1.
7.160994891827236e-177 6.95592825781275e-170 4.867934626377433e-163 2.45442663709254e-156 8.916189957906663e-150 2.3336800677893094e-143 4.400940244363852e-137 5.980008881714686e-131 5.854922488726526e-125 4.1306174350663323e-119 2.0998858838522478e-113 7.692661890177572e-108 2.0308235784424967e-102 3.8636508263860164e-97 5.297493801449913e-92 5.23489727642519e-87 3.7284710545619374e-82 1.9140789286093057e-77 7.083026921722675e-73 1.889442517615114e-68 3.63356129754948e-64 5.037864030842905e-60 5.036280526556447e-56 3.630454452214668e-52 1.8873047471451745e-48 7.07620328689479e-45 1.9137657081288067e-41 3.7339375596453327e-38 5.256571302175814e-35 5.340376799064373e-32 3.916179635843959e-29 2.0733626778107483e-26 7.927318125741486e-24 2.189531438698665e-21 4.370278050566844e-19 6.306497638643692e-17 6.5828447047367e-15 4.973436528389167e-13 2.7217504685137084e-11 1.0799357596595666e-9 3.11041192492603e-8 6.512685526596799e-7 9.932711840147153e-6 0.00011062487651478701 0.0009028402826650754 0.005425003722143902 0.02416106900813125 0.08052392497468654 0.20366887745421508 0.39912240559156215 0.6245106316488938 0.8133522791219838 0.9283054124853471 0.9791375843195061 0.9954625910363277 0.9992691731065857 0.9999133844080915 0.999992480889817 0.9999995234831196 0.9999999780085669 0.9999999992623121 0.9999999999820401 0.999999999999683 0.999999999999996 1. 1. 1. 1. 1. 1. 1. 1. 1. 1. 1. 1. 1. 1. 1. 1. 1. 1. 1. 1. 1. 1. 1. 1. 1. 1. 1. 1. 1. 1. 1. 1. 1. 1. 1. 1.
3.555374917500764e-168 1.5539589164452985e-161 4.973573971538562e-155 1.1656825890355895e-148 2.000704631279229e-142 2.5146954122896045e-136 2.31471190034233e-130 1.5603703489193976e-124 7.70350517657558e-119 2.785419079961231e-113 7.376435972190743e-108 1.430769904940332e-102 2.0327059853975698e-97 2.1153215451016978e-92 1.6124715299235893e-87 9.004088289779142e-83 3.6833181025125364e-78 1.1038550047424387e-73 2.423715605156638e-69 3.899184979392921e-65 4.596389341180997e-61 3.970467582552e-57 2.5135220577804213e-53 1.1662132596868337e-49 3.96615565068988e-46 9.887926186508798e-43 1.807329008480309e-39 2.4222850247238742e-36 2.38087464972405e-33 1.7165144864333595e-30 9.079152962523189e-28 3.523955150985532e-25 1.00396488175491e-22 2.1001231222484724e-20 3.2267656024226076e-18 3.643122717611483e-16 3.02403949012072e-14 1.846621604338225e-12 8.301827468216476e-11 2.7503010548235183e-9 6.722093781565829e-8 1.2139211491276122e-6 0.000016228149067267977 0.00016100247648297085 0.0011894497579750683 0.006573792421785395 0.02735585707761641 0.08650890733044647 0.21070339632254825 0.4030752246175405 0.6229328340754735 0.8083359100284111 0.9236943181724012 0.976646971681806 0.9945757888460003 0.9990522384471441 0.9998761950711362 0.9999879628367374 0.999999131748341 0.9999999536503298 0.9999999981722267 0.9999999999468323 0.9999999999988605 0.999999999999982 0.9999999999999998 1. 1. 1. 1. 1. 1. 1. 1. 1. 1. 1. 1. 1. 1. 1. 1. 1. 1. 1. 1. 1. 1. 1. 1. 1. 1. 1. 1. 1. 1. 1. 1. 1. 1. 1.
3.125684469230471e-160 6.587442976382853e-154 1.0318522954175895e-147 1.2013094363345327e-141 1.0395303826837386e-135 6.686105600974761e-130 3.1964831261565253e-124 1.135912248704988e-118 3.0005514699361786e-113 5.891865671456086e-108 8.600276793514994e-103 9.332396317359243e-98 7.528516774345547e-93 4.51519666397187e-88 2.0133147948887506e-83 6.674713655913725e-79 1.6453537381852115e-74 3.015873493284998e-70 4.1107174984131156e-66 4.166760266085369e-62 3.141115969195099e-58 1.7611852714307934e-54 7.345071218231235e-51 2.2787403159468567e-47 5.259491082486511e-44 9.032121286492364e-41 1.1542123011625541e-37 1.097718240262667e-34 7.770918954966769e-32 4.095494796676463e-29 1.6072368243520385e-26 4.697781245387014e-24 1.0229646335207485e-21 1.6600370158115067e-19 2.0082688102920286e-17 1.812003911180268e-15 1.2199775672394612e-13 6.132925095554019e-12 2.3037351061157164e-10 6.472144782569969e-9 1.3614962627347057e-7 2.14769756248646e-6 0.000025452900556810764 0.00022718660072392852 0.0015323022523881995 0.007844758027851726 0.030676990421186427 0.09245090164332727 0.21749264093572218 0.406884735393361 0.621551178385661 0.8036359908855621 0.9192139639483858 0.9741081232676474 0.9936137502938005 0.9987980137798762 0.9998283979933335 0.9999814970739176 0.9999984979803056 0.9999999084213795 0.999999995813942 0.9999999998567503 0.9999999999963342 0.9999999999999298 0.999999999999999 1. 1. 1. 1. 1. 1. 1. 1. 1. 1. 1. 1. 1. 1. 1. 1. 1. 1. 1. 1. 1. 1. 1. 1. 1. 1. 1. 1. 1. 1. 1. 1. 1. 1. 1.
5.915128622088308e-153 6.391585121565151e-147 5.2034582749424404e-141 3.1917027950053134e-135 1.4750540458978765e-129 5.136382309126004e-124 1.347659133841774e-118 2.6643183930955395e-113 3.969047326740192e-108 4.4554548019673987e-103 3.768910190869392e-98 2.4025410948655432e-93 1.1541745466838341e-88 4.178623826431802e-84 1.1401787122355282e-79 2.3448151351331347e-75 3.634628670106434e-71 4.2466721264661515e-67 3.7402283125255193e-63 2.4833267207710036e-59 1.2430372546141777e-55 4.691156972687778e-52 1.3349209467862229e-48 2.864499820233535e-45 4.6355562029947287e-42 5.657983845223474e-39 5.2093195301248856e-36 3.6184197395092924e-33 1.8964545990289877e-30 7.501143805980694e-28 2.2395502037095396e-25 5.0482629920590115e-23 8.593816242923275e-21 1.1051645013282317e-18 1.0740423865267382e-16 7.891414624653275e-15 4.3857930637527766e-13 1.8448756533077028e-11 5.878075786804482e-10 1.4198763434904515e-8 2.6032127504511807e-7 3.62777876264606e-6 0.00003849916472119622 0.0003118867358870565 0.0019350125678841766 0.009234681054749741 0.03410804031337246 0.09833761516037914 0.22404973279284404 0.4105647078430207 0.6203507647868814 0.7992364113855099 0.9148735448795007 0.9715375060805758 0.99258247668022 0.9985055431522547 0.9997685641021922 0.9999725666078302 0.9999975186689725 0.999999829142669 0.9999999910597498 0.999999999645001 0.9999999999893148 0.9999999999997564 0.9999999999999958 1. 1. 1. 1. 1. 1. 1. 1. 1. 1. 1. 1. 1. 1. 1. 1. 1. 1. 1. 1. 1. 1. 1. 1. 1. 1. 1. 1. 1. 1. 1. 1. 1. 1. 1.
2.8509072358008977e-146 1.6681521473757053e-140 7.4465183435118e-135 2.5359673125646693e-129 6.58893271291165e-124 1.3060996736639674e-118 1.97531691564985e-113 2.2793262419309323e-108 2.0067634541435677e-103 1.3480853055907794e-98 6.910069718155411e-94 2.7027423476278338e-89 8.06674556485665e-85 1.837295624698067e-80 3.193474341911297e-76 4.2361338637064003e-72 4.288619214020933e-68 3.313815542782575e-64 1.954454822109242e-60 8.799034958242899e-57 3.024020191818124e-53 7.934243561369698e-50 1.5893946390691923e-46 2.4310908130787072e-43 2.8395917327762907e-40 2.5330445052844473e-37 1.7258953909462579e-34 8.983176416447456e-32 3.572365962331018e-29 1.0855961194599026e-26 2.5214677815391375e-24 4.477242576155613e-22 6.079313326776718e-20 6.314201377299974e-18 5.018321279715502e-16 3.0532261798186567e-14 1.4227859123282151e-12 5.0811763481762914e-11 1.391727001310576e-9 2.926196784794894e-8 4.7282903576507793e-7 5.879989689595658e-6 0.000056378934782551585 0.000417794996867368 0.002400458059164781 0.010739259902468852 0.037633474744346265 0.10415919712324384 0.2303874204049994 0.4141274552235048 0.6193183674967403 0.7951217974878058 0.9106799058435664 0.9689502758132225 0.991488632732124 0.9981745451347738 0.9996953932390172 0.9999606147387382 0.9999960659442384 0.9999996971219278 0.9999999820587446 0.9999999991834193 0.9999999999714745 0.9999999999992358 0.9999999999999842 0.9999999999999998 1. 1. 1. 1. 1. 1. 1. 1. 1. 1. 1. 1. 1. 1. 1. 1. 1. 1. 1. 1. 1. 1. 1. 1. 1. 1. 1. 1. 1. 1. 1. 1. 1. 1.
4.04749357355862e-140 1.346657131407977e-134 3.457690434606078e-129 6.85142859110614e-124 1.0477323762246795e-118 1.2365240999971424e-113 1.126282096491872e-108 7.917611324188923e-104 4.295901479605675e-99 1.7990328429269988e-94 5.8151493441446645e-90 1.45088485638652e-85 2.7942781862549854e-81 4.1541905552249735e-77 4.767602024463769e-73 4.22404480474884e-69 2.889293576177155e-65 1.5258467195833327e-61 6.221708094982307e-58 1.9589053535487293e-54 4.762669829219832e-51 8.942349082451331e-48 1.2967343480033278e-44 1.4524007069576529e-41 1.256608290781112e-38 8.399206342046014e-36 4.33764366262274e-33 1.7310345462954187e-30 5.339006176825125e-28 1.272897712619211e-25 2.3463414088775824e-23 3.344663692028551e-21 3.6880048213916457e-19 3.1465963448520445e-17 2.0780526004579936e-15 1.062726199868185e-13 4.210695986808123e-12 1.2933508343073213e-10 3.0819619467013528e-9 5.70266453333812e-8 8.202655487950212e-7 9.18481845087849e-6 0.00008020679995548457 0.0005475169426733988 0.0029307679789559358 0.012353342704015656 0.041238778559707895 0.10990789253325206 0.23651799600309628 0.4175840263003532 0.6184422147604229 0.7912775597491148 0.9066379225301628 0.9663602368563822 0.9903393251512824 0.9978053788962411 0.999607758327988 0.9999450626705448 0.9999939880048422 0.9999994870973046 0.9999999659460768 0.9999999982427729 0.9999999999296036 0.9999999999978124 0.9999999999999474 0.999999999999999 1. 1. 1. 1. 1. 1. 1. 1. 1. 1. 1. 1. 1. 1. 1. 1. 1. 1. 1. 1. 1. 1. 1. 1. 1. 1. 1. 1. 1. 1. 1. 1. 1. 1.
1.9207099494321442e-134 3.7963593391819395e-129 5.852430022104181e-124 7.036817385357882e-119 6.599267177544606e-114 4.827289108062707e-109 2.7542823156819907e-104 1.2258043760630984e-99 4.2555155351069e-95 1.15242585838213e-90 2.4345346554459734e-86 4.01212416422464e-82 5.158251584836331e-78 5.173874390152759e-74 4.0488450960821386e-70 2.472102532925159e-66 1.1777185479897993e-62 4.378019516290691e-59 1.26998443471611e-55 2.874942840758182e-52 5.079233888040878e-49 7.0038409093873034e-46 7.538370522091192e-43 6.333730320865332e-40 4.15455448508409e-37 2.1277416659415254e-34 8.509327009854798e-32 2.6577383916862757e-29 6.483900950403038e-27 1.2357852624464318e-24 1.8404249884967564e-22 2.1422014900993445e-20 1.949321224126053e-18 1.3871378629378183e-16 7.72189123134452e-15 3.364170815759483e-13 1.1476243226354363e-11 3.067251511233346e-10 6.427514796271693e-9 1.0569845033910816e-7 1.3655499926606262e-6 0.000013879258769416768 0.00011117803497781754 0.0007035105952620963 0.003527339539040441 0.01407113991209087 0.04491051836757712 0.11557773515236988 0.24245324433115645 0.42094436836858085 0.6177118025153505 0.7876899124141844 0.9027508317189353 0.9637798486272098 0.9891419101407445 0.9973989921918535 0.999504739474176 0.999925328717385 0.9999911110856499 0.9999991663830142 0.9999999385147812 0.9999999964380897 0.9999999998381015 0.9999999999942313 0.999999999999839 0.9999999999999964 1. 1. 1. 1. 1. 1. 1. 1. 1. 1. 1. 1. 1. 1. 1. 1. 1. 1. 1. 1. 1. 1. 1. 1. 1. 1. 1. 1. 1. 1. 1. 1. 1. 1.
3.4015818930248385e-129 4.154552972265705e-124 3.9965686867881254e-119 3.028151618589091e-114 1.8071888902803768e-109 8.495204954609849e-105 3.145559688888419e-100 9.174571223992231e-96 2.107890874202811e-91 3.8150169241287787e-87 5.439301809981e-83 6.109440871298031e-79 5.406120250670766e-75 3.7688713035978896e-71 2.0701174577536254e-67 8.958903236188403e-64 3.054995294707267e-60 8.208872203618495e-57 1.7381892268393317e-53 2.9005261290678897e-50 3.814615043825222e-47 3.9541187195792174e-44 3.230782942218437e-41 2.0809547037643783e-38 1.0567106810959209e-35 4.230920410788037e-33 1.3358298091098561e-30 3.326316896190647e-28 6.533390253146308e-26 1.0123979203960857e-23 1.2379048970068446e-21 1.1946619007475442e-19 9.10202140808627e-18 5.476429438304174e-16 2.6030228170275466e-14 9.77824331599231e-13 2.9044365816627924e-11 6.825587814292463e-10 1.2700157106676851e-8 1.8726365388068704e-7 2.190534671891216e-6 0.000020356275120330285 0.000150543511467127 0.0008880356021328473 0.004190874551153765 0.01588641362708004 0.04863636537462025 0.12116427799905821 0.24820441499336526 0.4242174661097898 0.6171177359166179 0.7843458718737913 0.8990205152373649 0.9612202648669743 0.9879038308124752 0.9969568573712865 0.9993856475457353 0.999900847817097 0.9999872428857962 0.9999986943266901 0.9999998938732403 0.999999993158456 0.999999999650564 0.9999999999858714 0.9999999999995481 0.9999999999999886 0.9999999999999998 1. 1. 1. 1. 1. 1. 1. 1. 1. 1. 1. 1. 1. 1. 1. 1. 1. 1. 1. 1. 1. 1. 1. 1. 1. 1. 1. 1. 1. 1. 1. 1. 1.
2.4760023587574317e-124 1.936246689229522e-119 1.2034591609226047e-114 5.945259323544412e-110 2.3344644485834988e-105 7.28600599773793e-101 1.8075359949723082e-96 3.564425738159648e-92 5.587378524445233e-88 6.962320575201834e-84 6.896673652461224e-80 5.4309817570562097e-76 3.4000422903025e-72 1.692283167661131e-68 6.696705248882699e-65 2.1070112677431546e-61 5.2712025577153914e-58 1.0486030458963127e-54 1.658801528308594e-51 2.0868208833320566e-48 2.0879080286769492e-45 1.6615132389341277e-42 1.0517111844427547e-39 5.2957448159240056e-37 2.121471825108056e-34 6.76197767445121e-32 1.7150965465978828e-29 3.4621060520452e-27 5.562822931068933e-25 7.115872673622461e-23 7.24810791651454e-21 5.880072499826874e-19 3.8002771819834163e-17 1.9572829649291555e-15 8.036206049906431e-14 2.63140848522359e-12 6.875112952489637e-11 1.4341118491490664e-9 2.3900628300565126e-8 3.185224081732776e-7 3.3981872296985227e-6 0.00002906188785999078 0.00019958298717628537 0.0011031134355124071 0.004921430879439559 0.017792642091878367 0.05240508703207562 0.12666435859002323 0.25378221193313183 0.4274114603339204 0.61665159403384 0.7812332408454872 0.8954477424840639 0.9586913953361422 0.9866324834921529 0.9964809006615036 0.9992500375916642 0.999871090207711 0.9999821772560846 0.9999980221639877 0.999999824117807 0.9999999874827621 0.9999999992878004 0.9999999999676303 0.9999999999988256 0.999999999999966 0.9999999999999992 1. 1. 1. 1. 1. 1. 1. 1. 1. 1. 1. 1. 1. 1. 1. 1. 1. 1. 1. 1. 1. 1. 1. 1. 1. 1. 1. 1. 1. 1. 1. 1. 1.
8.06286159584683e-120 4.1689076312764255e-115 1.7277186178354837e-110 5.739171014544258e-106 1.5281253090673458e-101 3.2614535715946626e-97 5.57975629209357e-93 7.652107659922618e-89 8.412390803593291e-85 7.413816332750432e-81 5.2379404122959275e-77 2.966804277244656e-73 1.3472281302639992e-69 4.904928900099486e-66 1.4317932172868516e-62 3.3512125513692725e-59 6.289518081982665e-56 9.465593743238817e-53 1.1423962420261624e-49 1.1057312739491145e-46 8.583695852423217e-44 5.344680175242328e-41 2.6694743208113845e-38 1.0696063463189601e-35 3.438413633177214e-33 8.869000950649575e-31 1.8358016243888906e-28 3.0497885247388947e-26 4.06698529538439e-24 4.354208104806204e-22 3.7433869096453595e-20 2.5848592894492312e-18 1.4339644334293892e-16 6.392928107531336e-15 2.291257638649441e-13 6.604508042232535e-12 1.531838154324854e-10 2.8605319474562476e-9 4.3037941485608445e-8 5.221617821736127e-7 5.114172221130376e-6 0.000040490050348177925 0.00025957821285993465 0.001350498672143781 0.0057184836051754505 0.019783159478068787 0.05620651628495075 0.13207589570265263 0.25919679521780403 0.4305337499047851 0.6163058139015585 0.7783405829553628 0.8920323764391835 0.9562019817214242 0.9853351107628973 0.995973429002887 0.9990977130083347 0.9998355783437658 0.9999756998549909 0.9999970933223643 0.9999997190532659 0.9999999780851847 0.9999999986218517 0.9999999999301865 0.9999999999971532 0.9999999999999065 0.9999999999999976 1. 1. 1. 1. 1. 1. 1. 1. 1. 1. 1. 1. 1. 1. 1. 1. 1. 1. 1. 1. 1. 1. 1. 1. 1. 1. 1. 1. 1. 1. 1. 1. 1.
1.2657534027986023e-115 4.455187218384048e-111 1.2667729768424525e-106 2.9097477140580717e-102 5.39937921894306e-98 8.094183618404129e-94 9.802850210680491e-90 9.591615994286789e-86 7.582318350027976e-82 4.842777810259352e-78 2.4990888606896046e-74 1.0420216386453768e-70 3.510701817292796e-67 9.557597449076233e-64 2.1026054311174954e-60 3.7379987526670075e-57 5.370472110088728e-54 6.23589906983879e-51 5.852242139254804e-48 4.4392293079526474e-45 2.7219672967193927e-42 1.34920828100829e-39 5.406668879183432e-37 1.751752522530183e-34 4.589333304679501e-32 9.723144710880546e-30 1.666081116927641e-27 2.3092774982374087e-25 2.589479770888807e-23 2.3495244109132967e-21 1.725295398270103e-19 1.0255584928465397e-17 4.936090677184144e-16 1.9242510807985242e-14 6.077826769852053e-13 1.5560436872941855e-11 3.230683481062735e-10 5.442773607869931e-9 7.445715653448884e-8 8.278049538638448e-7 7.487699427487325e-6 0.00005517562635761963 0.0003317870878963763 0.0016316607659357634 0.00658099161290991 0.021851272206756162 0.060031505392626784 0.13739771429768619 0.2644577915092904 0.4335910795501846 0.6160735908008822 0.7756571911485426 0.8887735478554356 0.9537596815530888 0.9840187184479399 0.9954370577455779 0.998928721714136 0.9997939013825018 0.999967594432577 0.9999958441881713 0.9999995659931435 0.9999999631364107 0.999999997455969 0.9999999998574667 0.9999999999935213 0.9999999999997613 0.9999999999999929 0.9999999999999998 1. 1. 1. 1. 1. 1. 1. 1. 1. 1. 1. 1. 1. 1. 1. 1. 1. 1. 1. 1. 1. 1. 1. 1. 1. 1. 1. 1. 1. 1. 1. 1.
1.0233624255010593e-111 2.517930635159809e-107 5.041240202395443e-103 8.213307652370748e-99 1.088915288325156e-94 1.174827703778679e-90 1.0314963749144909e-86 7.37029179977611e-83 4.285838655910791e-79 2.0283018652355764e-75 7.812451298803343e-72 2.4491380700028245e-68 6.249204042578103e-65 1.2978874692375537e-61 2.1941531368776257e-58 3.0194820166721452e-55 3.38261977218051e-52 3.0849667068108266e-49 2.2905913843579054e-46 1.384745840408444e-43 6.816253640982364e-41 2.73215509593351e-38 8.918313970398183e-36 2.3709120473519533e-33 5.133871722128414e-31 9.055612384622033e-29 1.3013248727935074e-26 1.5237263036138272e-24 1.4539424456179083e-22 1.1307873186602913e-20 7.169566665996871e-19 3.706638820516735e-17 1.5629853334537739e-15 5.377080296180598e-14 1.5097552588852356e-12 3.461091463703465e-11 6.481525594739363e-10 9.920911810010656e-9 1.2420557471474843e-7 1.2729690616974883e-6 0.000010691559115623422 0.00007368586726098348 0.00041741983846078944 0.0019477752993905322 0.007507466142122648 0.02399035372209863 0.06387186974438867 0.1426293953157077 0.26957431051299197 0.4365896157771252 0.6159487922077138 0.7731730524247704 0.8856698019539955 0.9513711555382156 0.9826900134692742 0.9948746416231504 0.9987433457578012 0.9997457268225853 0.9999576493884546 0.9999942053143313 0.9999993496675426 0.9999999402083926 0.9999999955010259 0.9999999997231752 0.9999999999860805 0.9999999999994283 0.9999999999999809 0.9999999999999996 1. 1. 1. 1. 1. 1. 1. 1. 1. 1. 1. 1. 1. 1. 1. 1. 1. 1. 1. 1. 1. 1. 1. 1. 1. 1. 1. 1. 1. 1. 1. 1.
4.518406372105659e-108 7.961476975750205e-104 1.1492922822263761e-99 1.3592632121280997e-95 1.3171071093948512e-91 1.0456632761956202e-87 6.801821179617922e-84 3.6251932328098326e-80 1.583143977670187e-76 5.665059070497215e-73 1.6610991954615507e-69 3.991232578690357e-66 7.858743554382001e-63 1.2680874744862952e-59 1.6769185800421721e-56 1.8174373692112065e-53 1.6144003291800245e-50 1.1754080277847908e-47 7.014794632860637e-45 3.43174968968605e-42 1.3763170009165832e-39 4.52537162837251e-37 1.2199913710317904e-34 2.696891228281079e-32 4.88895245864574e-30 7.268757783065628e-28 8.864379573729814e-26 8.868259262065233e-24 7.279404629158229e-22 4.9033744347816e-20 2.7109440741695213e-18 1.2304648265757116e-16 4.586195065153422e-15 1.4041055812108976e-13 3.532333859199891e-12 7.304924485969818e-11 1.2424295548235748e-9 1.7389253076698677e-8 2.004223273289595e-7 1.9038666023438775e-6 0.000014921319654122345 0.00009661083490847967 0.000517617921460672 0.002299723450598917 0.008496038638255637 0.026193919984512815 0.06772032581743873 0.14777114725663915 0.274554965387445 0.43953501272563994 0.6159258832920455 0.7708788107021234 0.8827192215171049 0.9490421549912855 0.981355359512218 0.9942892106526313 0.9985420858139088 0.9996908091069783 0.9999456642675081 0.9999921030139343 0.9999990522588799 0.9999999061914633 0.9999999923494242 0.9999999994863127 0.9999999999716227 0.9999999999987109 0.9999999999999518 0.9999999999999984 1. 1. 1. 1. 1. 1. 1. 1. 1. 1. 1. 1. 1. 1. 1. 1. 1. 1. 1. 1. 1. 1. 1. 1. 1. 1. 1. 1. 1. 1. 1. 1.
1.1477819555778141e-104 1.4806547995237296e-100 1.5748171648191178e-96 1.3810076676218892e-92 9.98527200693094e-89 5.95292404034244e-85 2.9262860199567e-81 1.1861215484943762e-77 3.964407727833596e-74 1.0926362335834362e-70 2.4833238721275497e-67 4.654412298662039e-64 7.194230147420786e-61 9.170799196491172e-58 9.641621280004098e-55 8.36047619600979e-52 5.9795651873339335e-49 3.5276634762632505e-46 1.7167493483659501e-43 6.892142559225132e-41 2.2827434303507835e-38 6.238010251215035e-36 1.4065494099325398e-33 2.617105386873014e-31 4.0187059819717843e-29 5.093265068945679e-27 5.328476171290162e-25 4.6021895444386896e-23 3.2820570104954665e-21 1.9329561228999836e-19 9.403217903889643e-18 3.779255100930816e-16 1.2552270782780335e-14 3.446303909014637e-13 7.824385577693786e-12 1.469564979946435e-10 2.284431855289608e-9 2.940817607553501e-8 3.137323831329348e-7 2.77599324748293e-6 0.00002039371470716637 0.0001245532229742663 0.0006334360996218174 0.002688098305496724 0.009544525940862317 0.028455688069868708 0.071570426390685 0.15282369670969892 0.2794078956185623 0.44243246948122833 0.6159998622161522 0.7687657290966257 0.8799195298224809 0.946777607038354 0.9800207475811274 0.9936839119772086 0.9983256419490851 0.9996289951935233 0.9999314558972776 0.999989461260739 0.9999986535766847 0.9999998572327949 0.9999999874480985 0.9999999990857128 0.9999999999448601 0.9999999999972482 0.9999999999998864 0.9999999999999961 0.9999999999999999 1. 1. 1. 1. 1. 1. 1. 1. 1. 1. 1. 1. 1. 1. 1. 1. 1. 1. 1. 1. 1. 1. 1. 1. 1. 1. 1. 1. 1. 1. 1.
1.7573093116742042e-101 1.6936118952223307e-97 1.353740998676311e-93 8.974721963197387e-90 4.934900359791355e-86 2.2506942809028613e-82 8.514217063418116e-79 2.6716097472182616e-75 6.953638539481595e-72 1.50132066777177e-68 2.688867396246521e-65 3.994966251371836e-62 4.924009832516227e-59 5.035031161941871e-56 4.271491104351639e-53 3.006553715859542e-50 1.7558609374340683e-47 8.508720379895722e-45 3.421484680946367e-42 1.141738277268247e-39 3.1618989234284782e-37 7.267574282652453e-35 1.3865157567223265e-32 2.195792578490486e-30 2.886891292768096e-28 3.1512896067620005e-26 2.8563838670324713e-24 2.1501715588825043e-22 1.3443836934532079e-20 6.982981489952019e-19 3.013770978850884e-17 1.0810047847137168e-15 3.223323121488104e-14 7.992217362013817e-13 1.6484188970871176e-11 2.8293094439620095e-10 4.0430939361874415e-9 4.813000768247532e-8 4.77623529528881e-7 3.954457269188698e-6 0.000027344291399106336 0.00015811800483729084 0.0007658279048293405 0.0031132166444033165 0.010650491446596917 0.03076962022627132 0.07541649530284056 0.15778819528513854 0.28414079125674224 0.4452867801111332 0.6161662037746898 0.7668256525230762 0.8772681764322112 0.9445816960342246 0.9786917787805942 0.9930619581678781 0.998094891909755 0.9995602272461235 0.9999148639252879 0.9999862038019959 0.9999981313726296 0.9999997887043954 0.9999999800726999 0.9999999984337593 0.9999999998974722 0.9999999999944131 0.9999999999997466 0.9999999999999905 0.9999999999999998 1. 1. 1. 1. 1. 1. 1. 1. 1. 1. 1. 1. 1. 1. 1. 1. 1. 1. 1. 1. 1. 1. 1. 1. 1. 1. 1. 1. 1. 1. 1.
1.6904914279794123e-98 1.2399770263695285e-94 7.585423408855162e-91 3.8700740175567898e-87 1.6467974983751223e-83 5.8445540332521556e-80 1.7300639865587164e-76 4.271521132207171e-73 8.79677039140552e-70 1.5111087582369817e-66 2.1652710320309592e-63 2.588130191910464e-60 2.5806644358898696e-57 2.1466631482649072e-54 1.4897035112124452e-51 8.62496567494316e-49 4.1663529974653025e-46 1.6792570807704893e-43 5.647600449532867e-41 1.584972647947874e-38 3.712089477279845e-36 7.25578731416305e-34 1.1837331773097167e-31 1.6119945289053615e-29 1.8325471778756526e-27 1.7393008680509457e-25 1.378395140587226e-23 9.122419610382003e-22 5.042533828834712e-20 2.328433587008832e-18 8.983366571542682e-17 2.896480975783955e-15 7.80672800759639e-14 1.7593901607471945e-12 3.3166457707984336e-11 5.231844274232012e-10 6.90933523097524e-9 7.643465196142467e-8 7.087841197825743e-7 5.5140208272956385e-6 0.00003602442483804641 0.0001979022887313071 0.000915634516996052 0.0035751349052846044 0.011811301377456687 0.0331299556078756 0.0792535633946421 0.16266614068454743 0.28876091771285267 0.44810237748153453 0.6164208101605247 0.7650509712394232 0.8747624084468724 0.9424579402083526 0.9773736569511837 0.9924265821205309 0.997850868015332 0.9994845427061907 0.9998957555755488 0.9999822563822206 0.9999974617873097 0.999999695207235 0.9999999693053159 0.9999999974095858 0.9999999998169176 0.9999999999891691 0.999999999999464 0.9999999999999778 0.9999999999999992 1. 1. 1. 1. 1. 1. 1. 1. 1. 1. 1. 1. 1. 1. 1. 1. 1. 1. 1. 1. 1. 1. 1. 1. 1. 1. 1. 1. 1. 1. 1.
1.0605850296099655e-95 6.02279554260123e-92 2.867308319651286e-88 1.1444110641077596e-84 3.8293874306894164e-81 1.074298429949673e-77 2.5268432604313233e-74 4.983097570117265e-71 8.239462831978364e-68 1.1423213427414403e-64 1.3279443383573745e-61 1.2944547417585085e-58 1.0580922611126872e-55 7.252792451777229e-53 4.1691606476337067e-50 2.0098872128058096e-47 8.126320977723043e-45 2.7557305904025107e-42 7.838324535102661e-40 1.8701601000873947e-37 3.743098009451982e-35 6.285083296434355e-33 8.854254408155952e-31 1.0466255549006469e-28 1.0381745866558212e-26 8.642416765353772e-25 6.038613265172435e-23 3.5418825464078246e-21 1.7441790907266405e-19 7.212430223929028e-18 2.5048953365445626e-16 7.308205847115983e-15 1.7916591346974103e-13 3.6919087273027915e-12 6.396553112941858e-11 9.32212234266563e-10 1.1433081477025767e-8 1.180693102046791e-7 1.0273803325956648e-6 7.538839551820793e-6 0.00004669782722743201 0.0002444856995961609 0.0010835769372285853 0.0040736681465599524 0.013024175675981268 0.03553123171710522 0.08307730677146738 0.16745930991984484 0.2932751405337617 0.45088337174211307 0.6167599678373776 0.7634345857483058 0.8723993294715943 0.9404092629832038 0.9760711890965246 0.9917809984088299 0.9975947335608798 0.9994020720720926 0.9998740295047347 0.9999775489776046 0.9999966199118384 0.9999995706158561 0.9999999540181657 0.9999999958521946 0.9999999996850302 0.9999999999798762 0.9999999999989186 0.9999999999999512 0.9999999999999982 1. 1. 1. 1. 1. 1. 1. 1. 1. 1. 1. 1. 1. 1. 1. 1. 1. 1. 1. 1. 1. 1. 1. 1. 1. 1. 1. 1. 1. 1. 1.
4.487411926726097e-93 2.0041784489430916e-89 7.540828447891503e-86 2.3902960188778623e-82 6.383259457360919e-79 1.4361514968775933e-75 2.722289548141771e-72 4.347650988979567e-69 5.850217639388144e-66 6.632814098040343e-63 6.336426218271723e-60 5.100642918809484e-57 3.4598214504449205e-54 1.9776346003938543e-51 9.526176713206258e-49 3.8671358927601525e-46 1.323055290958548e-43 3.8150969193710397e-41 9.272468437853585e-39 1.8996461272043574e-36 3.28069145181841e-34 4.7764357716222246e-32 5.863028894323747e-30 6.068158090351042e-28 5.296022168339404e-26 3.898043954919356e-24 2.4199092228140307e-22 1.2672563074412137e-20 5.59896604685005e-19 2.087385657712446e-17 6.567992455708353e-16 1.7445895486593405e-14 3.912861324559253e-13 7.412476668941068e-12 1.1864458683166865e-10 1.6051727277658068e-9 1.8364956885050395e-8 1.7778560318546823e-7 1.4572541819705538e-6 0.00001012190267813638 0.000059636691763313735 0.00029842153931368263 0.0012702512255419564 0.0046084109781479865 0.014286233349847587 0.037968297371877194 0.08688398813683926 0.17216970294455516 0.29768994974734775 0.45363358422405103 0.617180309662579 0.7619698733162175 0.8701759482171645 0.9384380587207188 0.9747887918383618 0.9911283707626742 0.9973277594556174 0.9993130347494795 0.9998496186956194 0.9999720179481798 0.9999955804406966 0.9999994081652048 0.9999999328655473 0.9999999935540481 0.9999999994764541 0.9999999999640481 0.9999999999979137 0.9999999999998976 0.9999999999999958 0.9999999999999998 1. 1. 1. 1. 1. 1. 1. 1. 1. 1. 1. 1. 1. 1. 1. 1. 1. 1. 1. 1. 1. 1. 1. 1. 1. 1. 1. 1. 1. 1.
1.3196802287548638e-90 4.703373989729236e-87 1.418672784245254e-83 3.6215510714073975e-80 7.82446893245152e-77 1.430776416550924e-73 2.2143928735755133e-70 2.9007718367266498e-67 3.216319262807999e-64 3.0185813122072128e-61 2.398043473111395e-58 1.6126305936258267e-55 9.180168433635765e-53 4.424046507518437e-50 1.8049227133861036e-47 6.234267366035458e-45 1.823138482265552e-42 4.5142183778934675e-40 9.464492173300919e-38 1.6803093590750683e-35 2.5263069620151008e-33 3.2167584344746703e-31 3.4691243627007053e-29 3.1690388862029877e-27 2.452351952344472e-25 1.6077979859533106e-23 8.931510653163711e-22 4.204561149007032e-20 1.677581281234593e-18 5.673969310657188e-17 1.6271003203648343e-15 3.956953736373831e-14 8.16275034527464e-13 1.4287876787898445e-11 2.122765536549877e-10 2.678011185108374e-9 2.870138857494948e-8 2.6146682989993175e-7 2.0260272276766005e-6 0.000013364190284215975 0.00007511761378615438 0.0003602289088224109 0.001476126500833236 0.005178759584738888 0.015594532311372335 0.04043631879270516 0.09067040165546852 0.17679949519069899 0.30201148349387835 0.45635657738144064 0.617678781537127 0.7606506562591775 0.8680892183754729 0.9365462528749791 0.9735305024156451 0.9904717852198655 0.9970513016580271 0.9992177333442163 0.9998224923752191 0.9999656080269245 0.9999943183877891 0.9999992005787055 0.9999999042859429 0.9999999902557479 0.9999999991570024 0.999999999938058 0.999999999996136 0.9999999999997955 0.9999999999999908 0.9999999999999997 1. 1. 1. 1. 1. 1. 1. 1. 1. 1. 1. 1. 1. 1. 1. 1. 1. 1. 1. 1. 1. 1. 1. 1. 1. 1. 1. 1. 1. 1.
2.77198856857688e-88 7.990479223516252e-85 1.957747096587669e-81 4.077091443481569e-78 7.217098700218064e-75 1.0859302529725952e-71 1.3889213956261796e-68 1.5100796148398294e-65 1.3956584689641392e-62 1.0965465107082262e-59 7.324126710713413e-57 4.158902632396524e-54 2.0077517256579965e-51 8.240716579267492e-49 2.8758105381454613e-46 8.53323834269675e-44 2.153006397480052e-41 4.6192965654638946e-39 8.428079317133066e-37 1.307762695946382e-34 1.7258561138468354e-32 1.937251601447037e-30 1.8497237905555825e-28 1.502464784964256e-26 1.0382919762301053e-24 6.105178132852894e-23 3.0548653411744753e-21 1.3009426868484057e-19 4.715864844830716e-18 1.455374844729498e-16 3.824564277391181e-15 8.560079359263204e-14 1.632193593894679e-12 2.6521004713747177e-11 3.673497301469156e-10 4.339234857853606e-9 4.37314152857671e-8 3.762380151586475e-7 2.7650994753062984e-6 0.0000173735761139735 0.0000934174259381679 0.0004303859113805572 0.0017015453588987244 0.00578393411869504 0.016946103916219864 0.04293078018894668 0.09443382158723843 0.18135099771001048 0.3062455507558405 0.45905568130992686 0.6182526129711796 0.7594711720631688 0.8661360711619989 0.934735356683141 0.9722999929960923 0.9898142284292449 0.9967667798204259 0.9991165467587059 0.9997926569862152 0.9999582740799778 0.9999928098353734 0.9999989402340184 0.999999866515622 0.9999999856424377 0.9999999986820598 0.9999999998968062 0.9999999999931108 0.999999999999608 0.999999999999981 0.9999999999999992 1. 1. 1. 1. 1. 1. 1. 1. 1. 1. 1. 1. 1. 1. 1. 1. 1. 1. 1. 1. 1. 1. 1. 1. 1. 1. 1. 1. 1. 1.
4.262468753192251e-86 1.0062278154716762e-82 2.0271865001873777e-79 3.485468007842411e-76 5.1145417982641576e-73 6.40529838669961e-70 6.846495937539445e-67 6.24602461931792e-64 4.863580051641783e-61 3.232488157354209e-58 1.8338280467849788e-55 8.880436088734415e-53 3.670947953632123e-50 1.295405609922521e-47 3.90241575396136e-45 1.0036435540026732e-42 2.2037543573827533e-40 4.1314816056320504e-38 6.613488011372387e-36 9.039881373984574e-34 1.0551884723452906e-31 1.0518721673400546e-29 8.955608342104722e-28 6.512737107300457e-26 4.045847450294743e-24 2.1472310597885527e-22 9.736941516855326e-21 3.7730993616462447e-19 1.2495983887014362e-17 3.5376292483427346e-16 8.562624870841444e-15 1.772348806324899e-13 3.1379658253048716e-12 4.753680374095166e-11 6.163693836867734e-10 6.8431027483090155e-9 6.508312734845679e-8 5.305518041590115e-7 3.7095379044153524e-6 0.000022263513580058056 0.00011480907230191723 0.0005093239988863328 0.0019467263471075473 0.00642300088401103 0.018337982512488468 0.045447480021583386 0.09817195477430685 0.18582662379928003 0.3103976530689804 0.4617340172962694 0.618899291045333 0.7584260453501971 0.8643134417055505 0.933006516629262 0.9711005872914054 0.9891585705538601 0.996475657428358 0.9990099224275861 0.999760156272088 0.999949982588457 0.9999910326852991 0.9999986193606798 0.9999998176144118 0.9999999793425249 0.9999999979951679 0.9999999998333624 0.9999999999881429 0.999999999999278 0.9999999999999624 0.9999999999999983 1. 1. 1. 1. 1. 1. 1. 1. 1. 1. 1. 1. 1. 1. 1. 1. 1. 1. 1. 1. 1. 1. 1. 1. 1. 1. 1. 1. 1. 1.
4.906497015019019e-84 9.595917515916431e-81 1.607759195846128e-77 2.3077181164807844e-74 2.8377883779683997e-71 2.9896579830723986e-68 2.6984639408891927e-65 2.0867735918451016e-62 1.3826375224808492e-59 7.849230737520832e-57 3.8180701169988237e-54 1.5913729411519256e-51 5.68362662535951e-49 1.7394821252756407e-46 4.562174167434886e-44 1.0254138814524016e-41 1.9752473102102737e-39 3.2610687025872182e-37 4.61463912638332e-35 5.597320316810106e-33 5.819891883837169e-31 5.187671502555799e-29 3.964481304617362e-27 2.5977283438291933e-25 1.4596061392393762e-23 7.033281431695594e-22 2.906777579736671e-20 1.0305152506975552e-18 3.1343710139285434e-17 8.180365952675911e-16 1.8323328159777066e-14 3.523222101851565e-13 5.816858759951147e-12 8.248510592781322e-11 1.0049563214406415e-9 1.052384594104342e-8 9.476741780830394e-8 7.342441037824002e-7 4.897854033738305e-6 0.000028151548672504212 0.00013955763058667495 0.0005974234743028748 0.0022117681362561733 0.007094893863017542 0.019767230377579836 0.04798252393627068 0.10188289694957678 0.1902288611483468 0.31447300514975485 0.46439451878571125 0.6196165373250035 0.7575102616605547 0.8626182902832211 0.9313605589797292 0.9699352786602429 0.9885075522216313 0.9961794236135477 0.9988983679951481 0.9997250705593146 0.9999407128187507 0.9999889673835322 0.9999982302620725 0.9999997555035505 0.9999999709292162 0.9999999970269535 0.9999999997386095 0.9999999999802514 0.9999999999987184 0.9999999999999285 0.9999999999999966 0.9999999999999998 1. 1. 1. 1. 1. 1. 1. 1. 1. 1. 1. 1. 1. 1. 1. 1. 1. 1. 1. 1. 1. 1. 1. 1. 1. 1. 1. 1. 1.
4.314424227708028e-82 7.066307232785007e-79 9.950467190228465e-76 1.2047125853590973e-72 1.2540668004164096e-69 1.1224420014346072e-66 8.63818533077693e-64 5.716187791642138e-61 3.2525689596261995e-58 1.5914538508573382e-55 6.696091708902839e-53 2.422823415646101e-50 7.538924456976307e-48 2.0174354005767987e-45 4.643111339973845e-43 9.19085153012132e-41 1.5648009645568615e-38 2.291608282292488e-36 2.8868400428543734e-34 3.1284657355464367e-32 2.9167159364699295e-30 2.3395986167062252e-28 1.6147548866350838e-26 9.590184443522744e-25 4.901663771284941e-23 2.1562644138606134e-21 8.1649499413067e-20 2.6616767235029087e-18 7.470880879718011e-17 1.805826093909407e-15 3.759676228436698e-14 6.743570932241651e-13 1.0423244642720208e-11 1.3887203989230292e-10 1.5954061696423063e-9 1.5810395423768946e-8 1.3521661651522616e-7 9.985545630097014e-7 6.371674592486286e-6 0.000035157706759784034 0.00016791657313561142 0.0006950101234845051 0.002496655045944481 0.007798435251744728 0.021230958455277362 0.050532315196543734 0.10556509275528866 0.1945602486870671 0.3184765544126351 0.4670399500979488 0.6204022873496218 0.7567191429944633 0.8610476192430745 0.9297980297250374 0.968806749047768 0.9878637749898154 0.9958795767325216 0.9987824426984511 0.9996875153347956 0.9999304576636049 0.999986597591872 0.9999977655529729 0.9999996780148088 0.9999999599252211 0.9999999956945502 0.9999999996009179 0.999999999968098 0.9999999999978015 0.9999999999998694 0.9999999999999933 0.9999999999999998 1. 1. 1. 1. 1. 1. 1. 1. 1. 1. 1. 1. 1. 1. 1. 1. 1. 1. 1. 1. 1. 1. 1. 1. 1. 1. 1. 1. 1.
2.952017362158234e-80 4.089768030876371e-77 4.888014693715205e-74 5.039971987163052e-71 4.483258340527381e-68 3.440631797831759e-65 2.278089477664055e-62 1.3013721166918113e-59 6.414178605644031e-57 2.7277269228826385e-54 1.0009060571661606e-51 3.169067931292842e-49 8.658243945001039e-47 2.0412842294143472e-44 4.153068868430156e-42 7.291967927401981e-40 1.1049683482480782e-37 1.445125663289777e-35 1.6313051467171394e-33 1.5895123004530496e-31 1.3369629363084856e-29 9.708051155164113e-28 6.086049502782546e-26 3.2943268663600928e-24 1.5398086452792146e-22 6.215575894014229e-21 2.167013276142742e-19 6.526262562086768e-18 1.698066362215025e-16 3.817725514295536e-15 7.418179432820883e-14 1.2460255131436603e-12 1.8096801742947592e-11 2.2732493484097464e-10 2.4706313953027054e-9 2.3240976485762223e-8 1.8931561757570766e-7 1.3361084240863036e-6 8.175313462121308e-6 0.000043402800944351094 0.00020012433833732553 0.000802352918943337 0.0028012636051203297 0.008532354767535652 0.022726343317368582 0.05309354330346988 0.10921729930749645 0.1988233574270353 0.32241299937854606 0.46967292317547593 0.6212546723724509 0.7560483250382166 0.859598486324745 0.9283192302782819 0.9677173882493401 0.987229694821375 0.9955776097346234 0.9986627486801256 0.9996476392245117 0.9999192241501285 0.9999839107846894 0.9999972184033148 0.9999995829493799 0.9999999458107944 0.9999999939016627 0.9999999994058846 0.9999999999499147 0.9999999999963476 0.9999999999997697 0.9999999999999875 0.9999999999999993 1. 1. 1. 1. 1. 1. 1. 1. 1. 1. 1. 1. 1. 1. 1. 1. 1. 1. 1. 1. 1. 1. 1. 1. 1. 1. 1. 1. 1.
1.598274109290225e-78 1.8906256548801625e-75 1.935546478361576e-72 1.7149567548062222e-69 1.315111222328305e-66 8.728513865224483e-64 5.0141346930868404e-61 2.4930991398782012e-58 1.0729553710965998e-55 3.996996629707966e-53 1.2888673360758445e-50 3.5976439730467614e-48 8.693164788360288e-46 1.818455846820314e-43 3.2931334007285267e-41 5.1631598917588826e-39 7.00875722143323e-37 8.237716905702121e-35 8.383709825754515e-33 7.3884682547940225e-31 5.638830864449395e-29 3.727096359457655e-27 2.13369616445788e-25 1.0580640557496295e-23 4.545166760471277e-22 1.691577194049416e-20 5.454926935350262e-19 1.524397778517985e-17 3.6921915918537265e-16 7.752100313781953e-15 1.4111926725708461e-13 2.227815519561057e-12 3.0507472477898075e-11 3.6248671454288816e-10 3.73836514520716e-9 3.347684239440938e-8 2.604232905057803e-7 1.7608578505934103e-6 0.00001035525641293736 0.000053006708128565226 0.00023640126511868952 0.0009196627156909064 0.003125369860559787 0.009295307574032961 0.02425064076926875 0.05566317136362189 0.11283855310877398 0.20302077469656163 0.32628680699533863 0.4722959126082972 0.6221720030723822 0.7554937359888897 0.8582680149759745 0.9269242492820817 0.9666693131016093 0.9866076181110204 0.9952749972908438 0.9985399224155609 0.9996056214815201 0.9999070336226318 0.9999808987530376 0.9999965827787494 0.9999994681444675 0.9999999280350917 0.9999999915393822 0.9999999991361754 0.9999999999234384 0.9999999999941115 0.9999999999996071 0.9999999999999772 0.9999999999999989 1. 1. 1. 1. 1. 1. 1. 1. 1. 1. 1. 1. 1. 1. 1. 1. 1. 1. 1. 1. 1. 1. 1. 1. 1. 1. 1. 1. 1.
6.953016704892509e-77 7.084366411074733e-74 6.265916486866063e-71 4.810960274920555e-68 3.206644047580121e-65 1.8554545585428257e-62 9.320513386136958e-60 4.0647073829604657e-57 1.538967233011894e-54 5.058847112710334e-52 1.4438036264032177e-49 3.57776914337503e-47 7.698007797255777e-45 1.438207605789379e-42 2.333235702548119e-40 3.287058359843872e-38 4.021494585323941e-36 4.272873581597966e-34 3.943012936045741e-32 3.160364875555632e-30 2.2002640069940123e-28 1.330672889097068e-26 6.991337403001363e-25 3.191381046036893e-23 1.2658071117160998e-21 4.362872304545668e-20 1.3069064797341349e-18 3.4028330446757606e-17 7.702383238101594e-16 1.5158999811264254e-14 2.594533820688133e-13 3.86265165513773e-12 5.0033060977127296e-11 5.640250912217277e-10 5.5354652679100566e-9 4.731437264468241e-8 3.5238227055658594e-7 2.2879824412611844e-6 0.000012959572693740459 0.00006408665571842843 0.0002769469254500092 0.00104709184430938 0.0034686571801261445 0.010085890735273028 0.025801196502722067 0.05823842266086879 0.11642814009296278 0.20715509125590745 0.3301022289049718 0.4749112691454929 0.6231527549975665 0.7550515768856159 0.8570534021680282 0.9256129908670427 0.9656643862996607 0.9859996998422398 0.9949731846163247 0.9984146264021535 0.999561669089031 0.9998939216177541 0.9999775580032659 0.999995853669015 0.9999993315450748 0.9999999060306044 0.9999999884878357 0.9999999987715046 0.9999999998858548 0.9999999999907688 0.9999999999993504 0.9999999999999603 0.9999999999999979 0.9999999999999999 1. 1. 1. 1. 1. 1. 1. 1. 1. 1. 1. 1. 1. 1. 1. 1. 1. 1. 1. 1. 1. 1. 1. 1. 1. 1. 1. 1.
2.464706604538543e-75 2.180835033303526e-72 1.67986974529454e-69 1.1265003937779675e-66 6.576552145916145e-64 3.3426056433931885e-61 1.4791129159630328e-58 5.698451138514024e-56 1.9114473364044903e-53 5.58250750269704e-51 1.4196133139560856e-48 3.1433866402991586e-46 6.060755568742114e-44 1.017588800641023e-41 1.4878222441051804e-39 1.894440316994471e-37 2.100784290756998e-35 2.028961735064388e-33 1.7067944878715392e-31 1.250630011069712e-29 7.982600061711815e-28 4.438724606920374e-26 2.150323573049945e-24 9.076495749663256e-23 3.33843082384021e-21 1.0700940204785966e-19 2.989563463196199e-18 7.280428404824304e-17 1.5457297986714338e-15 2.861608495653649e-14 4.620289195190964e-13 6.5073523036077735e-12 7.996932073635814e-11 8.577301311998626e-10 8.03212187228937e-9 6.569475675662452e-8 4.695156296979671e-7 2.933750174398136e-6 0.000016037269220195114 0.00007675555740776912 0.0003219378737984685 0.0011847344977513764 0.0038307243324614084 0.010902658163758402 0.027375454174618466 0.06081676679716283 0.11998556857777339 0.2112288908554293 0.3338633167011057 0.4775212318755633 0.6241955555333281 0.7547183033530566 0.855951924132646 0.9243851996898116 0.9647042346168466 0.9854079435013727 0.9946735778923406 0.9982875412245314 0.9995160135786147 0.999879937456669 0.9999738900419921 0.9999950272959686 0.99999917127821 0.9999998792302549 0.9999999846186934 0.9999999982887811 0.9999999998337665 0.9999999999859045 0.9999999999989571 0.9999999999999327 0.9999999999999962 0.9999999999999998 1. 1. 1. 1. 1. 1. 1. 1. 1. 1. 1. 1. 1. 1. 1. 1. 1. 1. 1. 1. 1. 1. 1. 1. 1. 1. 1. 1.
7.210938228649816e-74 5.583591540676092e-71 3.7739999413519364e-68 2.22671308823073e-65 1.1468562764373366e-62 5.15637941651686e-60 2.0238635775052482e-57 6.934706777406664e-55 2.0744175042575113e-52 5.417474757482262e-50 1.2352150890245049e-47 2.4589317069231663e-45 4.2738843952485456e-43 6.486148048034491e-41 8.595186897248822e-39 9.945947107801675e-37 1.0050295286636414e-34 8.868998114235118e-33 6.835282738671005e-31 4.600974671628716e-29 2.7050936541401855e-27 1.3892623323623182e-25 6.232885933402785e-24 2.443059474682879e-22 8.366808471150949e-21 2.503871982097323e-19 6.548499337728757e-18 1.4969449201503497e-16 2.9913575712793452e-15 5.2263891721612333e-14 7.985245662230931e-13 1.0671407747063277e-11 1.2476982816827617e-10 1.276661836163791e-9 1.143574550097976e-8 8.97105239396842e-8 6.16609407371689e-7 3.7153414202060134e-6 0.000019637603984034406 0.00009112043118473461 0.000371525818575939 0.0013326278049216032 0.004211093658751285 0.011744134068801213 0.028970961262470382 0.06339590569169815 0.12351054490095377 0.21524474186423814 0.3375739362266488 0.48012793923331387 0.625299172214532 0.7544906086628406 0.8549609403753005 0.9232404830596095 0.9637902663670277 0.9848342024186794 0.9943775361758425 0.9981593580797188 0.9994689076556138 0.9998651435843586 0.9999699015437562 0.9999941012942717 0.9999989857266213 0.9999998470865619 0.9999999797985123 0.9999999976624467 0.9999999997631874 0.9999999999790028 0.9999999999983711 0.9999999999998894 0.9999999999999934 0.9999999999999997 1. 1. 1. 1. 1. 1. 1. 1. 1. 1. 1. 1. 1. 1. 1. 1. 1. 1. 1. 1. 1. 1. 1. 1. 1. 1. 1. 1.
1.761783824508986e-72 1.2024577795661013e-69 7.182250828838395e-67 3.7543309766685084e-64 1.717489306718774e-61 6.876283932192508e-59 2.4094682002623184e-56 7.389350023338856e-54 1.9834425382441322e-51 4.659859450920917e-49 9.582484548152455e-47 1.7248398538518054e-44 2.717684331714789e-42 3.748384943502789e-40 4.5258577617061436e-38 4.783955526766941e-36 4.427131141336753e-34 3.586971035231046e-32 2.544642043955796e-30 1.5806806225178038e-28 8.59820560815867e-27 4.095888938865877e-25 1.7088291013118204e-23 6.244478471642733e-22 1.9988571858290123e-20 5.605327197035002e-19 1.3772241255925976e-17 2.9651705566076175e-16 5.595001395987301e-15 9.253979772086634e-14 1.3418897644839157e-12 1.7063131451784746e-11 1.9030999757836689e-10 1.8622982160090029e-9 1.599429781358268e-8 1.2060825926122756e-7 7.988804981691116e-7 4.650639850241535e-6 0.000023809375448418976 0.0001072809269744401 0.00042583620899242885 0.0014907534847622417 0.004609219184244998 0.012608824942753461 0.030585373016260065 0.06597375966446908 0.1270029515208456 0.21920519065229482 0.34123778096392765 0.48273343897030924 0.6264625022261506 0.7543654080207396 0.8540778962623168 0.9221783304407647 0.9629236879995666 0.9842801822482079 0.9940863646744276 0.998030771820267 0.9994206217144206 0.9998496146892621 0.9999656044017036 0.9999930748590764 0.9999987735992015 0.9999998090921538 0.9999999738928376 0.9999999968650167 0.9999999996695723 0.9999999999694413 0.999999999997521 0.9999999999998237 0.999999999999989 0.9999999999999993 1. 1. 1. 1. 1. 1. 1. 1. 1. 1. 1. 1. 1. 1. 1. 1. 1. 1. 1. 1. 1. 1. 1. 1. 1. 1. 1. 1.
3.633518943420135e-71 2.2008199035352743e-68 1.1693970053300004e-65 5.450892182960308e-63 2.2289975482970128e-60 7.996441324735095e-58 2.5167405781407735e-55 6.949358030960622e-53 1.683550573594092e-50 3.5784451175364006e-48 6.673621572496473e-46 1.09204627741871e-43 1.5680034136371378e-41 1.9755809209127137e-39 2.184243762833656e-37 2.119257965462175e-35 1.8045232808756744e-33 1.3485228543857266e-31 8.844930139484452e-30 5.092089561459882e-28 2.5733025712832973e-26 1.1415876157341547e-24 4.44615580564354e-23 1.5203868371545927e-21 4.5651860090654244e-20 1.2037695357523262e-18 2.787786626400504e-17 5.671056111779986e-16 1.013492653303589e-14 1.5914823059136029e-13 2.196289636544418e-12 2.6642657467970055e-11 2.8416646200533025e-10 2.6656248630178914e-9 2.199882407032028e-8 1.597869628420417e-7 1.0219299216307775e-6 5.757995028813985e-6 0.000028600204208829846 0.00012532798550472264 0.00048496722135249416 0.001659039978368534 0.0050244945466472795 0.013495230145662068 0.0322164547950005 0.06854845377791817 0.13046282737107992 0.22311275645628978 0.34485838457161494 0.4853396972083051 0.6276845629559447 0.7543398239905019 0.8533003244311078 0.9211981305963959 0.9621055197575443 0.9837474443372013 0.9938013092601847 0.997902474551404 0.999371440316162 0.9998334366382573 0.9999610156651271 0.999991948856509 0.9999985339953839 0.999999764800825 0.999999966770934 0.9999999958678203 0.9999999995478877 0.9999999999564917 0.9999999999963185 0.9999999999997262 0.9999999999999821 0.9999999999999989 1. 1. 1. 1. 1. 1. 1. 1. 1. 1. 1. 1. 1. 1. 1. 1. 1. 1. 1. 1. 1. 1. 1. 1. 1. 1. 1. 1.
6.388746797990093e-70 3.4560956143748235e-67 1.6438657232813514e-64 6.874881212207971e-62 2.528078586189308e-59 8.174312532149877e-57 2.3241094362315762e-54 5.810541232280081e-52 1.2774443418864951e-49 2.4697002541974037e-47 4.198901406763125e-45 6.278118552712925e-43 8.255435713819866e-41 9.547342599088695e-39 9.71121661241582e-37 8.688231489124294e-35 6.837152145836837e-33 4.732890288254742e-31 2.88209361542089e-29 1.543993404399951e-27 7.277231217278286e-26 3.017870936787748e-24 1.101240980301958e-22 3.536292947066695e-21 9.993997215945311e-20 2.4859984878837857e-18 5.443571618987474e-17 1.049410391323354e-15 1.7813493258591954e-14 2.66297685065144e-13 3.5065676227998154e-12 4.068056903680002e-11 4.158999570377707e-10 3.748100116672867e-9 2.9784957220933544e-8 2.087916526374302e-7 1.2916820098432951e-6 7.0559621731638125e-6 0.00003405582220219797 0.00014534264431561228 0.0005489891216067307 0.0018373649627175066 0.005456260644916692 0.014401851164810379 0.033862083045460824 0.0711183045672278 0.13389035027025567 0.22696992749993034 0.34843913262249415 0.4879486066798421 0.6289644834804023 0.7544111729692249 0.8526258452321057 0.9202991866160195 0.9613366103612007 0.9832374097714245 0.9935235520958875 0.9977751498000552 0.9993216586910323 0.9998167052622191 0.9999561573705977 0.9999907258942371 0.9999982664611337 0.9999997138482782 0.9999999583109749 0.999999994641932 0.9999999993927263 0.9999999999393259 0.9999999999946576 0.9999999999995856 0.9999999999999717 0.9999999999999982 0.9999999999999999 1. 1. 1. 1. 1. 1. 1. 1. 1. 1. 1. 1. 1. 1. 1. 1. 1. 1. 1. 1. 1. 1. 1. 1. 1. 1. 1.
9.664336375207463e-69 4.697541922968923e-66 2.011946270088701e-63 7.593061747120316e-61 2.525111573518796e-58 7.399733664939809e-56 1.9108775345683532e-53 4.3485141179220205e-51 8.72069084646e-49 1.5412544775237054e-46 2.4006208958470666e-44 3.295427948354901e-42 3.9870650322155145e-40 4.2517082018725e-38 3.9963068439402204e-36 3.3109866771811597e-34 2.418125210384236e-32 1.5568404267886866e-30 8.836423149200625e-29 4.421822036007893e-27 1.9509495194963695e-25 7.589990010785382e-24 2.6038756065402416e-22 7.878074299409444e-21 2.1022369592398543e-19 4.94823749847631e-18 1.0274896669162813e-16 1.8824320962195475e-15 3.0432669436383743e-14 4.3422203258051093e-13 5.469109813113038e-12 6.082018916388582e-11 5.973270541711719e-10 5.182426205294632e-9 3.973318664544012e-8 2.693019749125711e-7 1.6143105182229456e-6 8.563025017528413e-6 0.00004021938336193778 0.00016739500152409065 0.0006179439757172485 0.0020255581571744096 0.005903812935290685 0.015327199635938132 0.03552024515103418 0.07368180725471933 0.13728582120007124 0.2307791581738012 0.35198327359531417 0.4905619942472128 0.6303014968798974 0.7545769526335291 0.8520521663766492 0.9194807290479972 0.9606176507029858 0.982751363914919 0.9932542082502869 0.9976494672588401 0.9992715793174793 0.9997995250265833 0.9999510562756877 0.9999894103508487 0.9999979710345168 0.9999996559717034 0.9999999484054827 0.9999999931592616 0.9999999991984652 0.999999999917031 0.999999999992415 0.9999999999993877 0.9999999999999564 0.9999999999999973 0.9999999999999998 1. 1. 1. 1. 1. 1. 1. 1. 1. 1. 1. 1. 1. 1. 1. 1. 1. 1. 1. 1. 1. 1. 1. 1. 1. 1. 1.
1.2683465410194348e-67 5.571031523264721e-65 2.160560113907054e-62 7.398401567657255e-60 2.2369614788316943e-57 5.972236013173206e-55 1.4079351391582265e-52 2.930930918353875e-50 5.3878622257821976e-48 8.746349524952554e-46 1.2538597012613229e-43 1.587435439026371e-41 1.7749350589880895e-39 1.7527642682335232e-37 1.528747708216621e-35 1.1777073440396122e-33 8.013970222503927e-32 4.817126674187206e-30 2.557888097829918e-28 1.1999231000831841e-26 4.973147700100496e-25 1.821150165265674e-23 5.892913596057174e-22 1.6850828545577255e-20 4.2585353813506473e-19 9.512454389103378e-18 1.8783175488138884e-16 3.279037630147432e-15 5.061609774377632e-14 6.909839523899992e-13 8.343843562241154e-12 8.914079714830869e-11 8.42763844496301e-10 7.053056710185394e-9 5.226771933966877e-8 3.431157604825834e-7 1.996153075778998e-6 0.000010297307923511608 0.000047130807960443156 0.0001915433431381125 0.0006918456758849734 0.0022234043424237283 0.006366408321495382 0.016269804218735816 0.037189038351012914 0.07623762351528814 0.14064965027848755 0.23454286710923108 0.35549392917230793 0.4931816277797095 0.631694933291723 0.7548348302804212 0.8515770819362074 0.9187419273368997 0.9599491865592391 0.9822904612913488 0.9929943231848579 0.9975260780965121 0.9992215086209395 0.9997820076196834 0.9999457435059934 0.9999880083641093 0.9999976482792641 0.9999995910273818 0.9999999369667923 0.999999991393768 0.9999999989594659 0.9999999998886335 0.9999999999894517 0.999999999999116 0.9999999999999345 0.9999999999999958 0.9999999999999998 1. 1. 1. 1. 1. 1. 1. 1. 1. 1. 1. 1. 1. 1. 1. 1. 1. 1. 1. 1. 1. 1. 1. 1. 1. 1. 1.
1.4553573344892996e-66 5.807687533559308e-64 2.0502554517991845e-61 6.40311936546473e-59 1.7691406690512269e-56 4.3244320359561775e-54 9.351927047226466e-52 1.789321961064118e-49 3.0290186274310265e-47 4.5368346733683965e-45 6.012482797921616e-43 7.050466815596171e-41 7.315757399395326e-39 6.717280723089794e-37 5.458044926413412e-35 3.9247149283794544e-33 2.4976182497736213e-31 1.40673457958223e-29 7.0127695374600335e-28 3.0944505296203706e-26 1.2087090486364891e-24 4.179599284235927e-23 1.279545186368077e-21 3.4683400852392556e-20 8.324798585821396e-19 1.769527508007309e-17 3.331372484260284e-16 5.555564661891806e-15 8.207979364312322e-14 1.0745323110532724e-12 1.2466934596481921e-11 1.282183179739225e-10 1.1692231928972081e-9 9.456374510149457e-9 6.785380569282738e-8 4.32127640278187e-7 2.44361573069904e-6 0.00001227628336845165 0.000054826171061342676 0.00021783343547300462 0.0007706802486781331 0.002430646520381702 0.006843271603261997 0.01722821642155577 0.0388666679050289 0.07878456983699002 0.1439823442679146 0.2382634360057207 0.3589741038920148 0.4958092224594079 0.6331442136206377 0.7551826319913924 0.8511984708139442 0.9180818997462098 0.9593316303374262 0.9818557306793738 0.9927448710015023 0.9974056108173726 0.9991717538260679 0.9997642704893606 0.9999402541273101 0.9999865277793716 0.9999972993052157 0.9999995190055878 0.999999923932297 0.9999999893227438 0.9999999986703095 0.9999999998531313 0.9999999999856163 0.9999999999987512 0.9999999999999039 0.9999999999999934 0.9999999999999996 1. 1. 1. 1. 1. 1. 1. 1. 1. 1. 1. 1. 1. 1. 1. 1. 1. 1. 1. 1. 1. 1. 1. 1. 1. 1. 1.
1.4704947210303385e-65 5.358541476825892e-63 1.7305874506765658e-60 4.9534991642230085e-58 1.2566388701712658e-55 2.8255144699134765e-53 5.630962326297607e-51 9.946625700052707e-49 1.5573553692431513e-46 2.1613741968447017e-44 2.6589784760549933e-42 2.899716619373347e-40 2.8032797549220227e-38 2.40249704411968e-36 1.8254143207380903e-34 1.2296463388339678e-32 7.344102009275432e-31 3.8891807889014493e-29 1.8262560200299252e-27 7.60456838097206e-26 2.808177435363479e-24 9.196911089252543e-23 2.6715319343236848e-21 6.88361632859015e-20 1.5734458326171758e-18 3.1908861315013305e-17 5.741772142553109e-16 9.168801647487667e-15 1.2994963554405517e-13 1.6349539874415938e-12 1.8263573407013475e-11 1.8117942871741692e-10 1.596546640879417e-9 1.2500481959500123e-8 8.699345358737926e-8 5.383030026859123e-7 2.963069608014495e-6 0.000014516480744051736 0.00006333714361484244 0.00024629798059810654 0.0008544064103432875 0.002646989152593573 0.007333601461636778 0.018201015469923094 0.040551444654106185 0.08132160650264966 0.14728449547148129 0.2419432090927802 0.3624266942046859 0.49844644657729137 0.6346488438360045 0.7556183325529047 0.8509142947891191 0.9174997219285136 0.9587652718880165 0.9814480803166219 0.9925067533488225 0.9972886676456052 0.9991226199885019 0.9997464353556724 0.9999346266554752 0.9999849780604484 0.9999969257750121 0.999999440042167 0.9999999092692404 0.9999999869281155 0.9999999983260597 0.9999999998095341 0.9999999999807493 0.999999999998272 0.9999999999998623 0.9999999999999902 0.9999999999999993 1. 1. 1. 1. 1. 1. 1. 1. 1. 1. 1. 1. 1. 1. 1. 1. 1. 1. 1. 1. 1. 1. 1. 1. 1. 1. 1.
1.31697715549856e-64 4.403629281990774e-62 1.307244168321814e-59 3.445275029870329e-57 8.061587396837344e-55 1.674771372166827e-52 3.0891441596527586e-50 5.059161484335303e-48 7.35677308806033e-46 9.498961604499096e-44 1.0890735118096603e-41 1.1087759886169293e-39 1.0024212427950034e-37 8.048073646105434e-36 5.7383296489298715e-34 3.6336988511450646e-32 2.043627795153276e-30 1.0208580337107766e-28 4.529630092735873e-27 1.785333084971919e-25 6.251188512545731e-24 1.944568182245133e-22 5.374455541398817e-21 1.3198770222159257e-19 2.8804551326114184e-18 5.586797583013762e-17 9.631406343828254e-16 1.4760404593167617e-14 2.0111871619136093e-13 2.4368258179407787e-12 2.626007760169093e-11 2.517445990134199e-10 2.1474525447540194e-9 1.6304556119484288e-8 1.1021951070684171e-7 6.636477304275768e-7 3.5607418759469185e-6 0.00001703320204249513 0.00007269049284937966 0.0002769562297388277 0.0009429563348384247 0.002872101423327434 0.007836575971413266 0.019186812311096875 0.04224178210876762 0.08384782720402464 0.15055677188311153 0.2455844931252294 0.3658544969751044 0.5010949268742128 0.636208409792766 0.7561400460708597 0.8507225962175043 0.9169944342884726 0.9582502884172441 0.9810683031260385 0.9922807988931901 0.9971758214058482 0.9990744072252126 0.9997286267246126 0.9999289025166285 0.9999833701661247 0.9999965298968648 0.999999354426303 0.9999998929788341 0.9999999841976991 0.9999999979225401 0.9999999997569112 0.9999999999746898 0.9999999999976557 0.9999999999998068 0.9999999999999858 0.9999999999999991 1. 1. 1. 1. 1. 1. 1. 1. 1. 1. 1. 1. 1. 1. 1. 1. 1. 1. 1. 1. 1. 1. 1. 1. 1. 1. 1.
1.0518540154912844e-63 3.242143005617753e-61 8.886505348523721e-59 2.1660065281317447e-56 4.694903835132906e-54 9.049834499927629e-52 1.5513542073125817e-49 2.365090335467983e-47 3.206724677954892e-45 3.8669120640650154e-43 4.1473238223055186e-41 3.956269743139693e-39 3.3568538033379377e-37 2.533511924717124e-35 1.7008817442573715e-33 1.0157900485079e-31 5.396746391006156e-30 2.550818442429697e-28 1.0726788965277513e-26 4.0135426251646956e-25 1.3362314439648435e-23 3.9587819586003264e-22 1.0437609882486962e-20 2.4492725161835183e-19 5.1157663282228234e-18 9.511901921745276e-17 1.574555177433976e-15 2.3208074333330666e-14 3.046315752456514e-13 3.561536592480382e-12 3.709439750813383e-11 3.442553835357495e-10 2.847483637681815e-9 2.0997735883435626e-8 1.3808815292705803e-7 8.101742909195299e-7 4.242603317958678e-6 0.000019840249530833008 0.00008290764680414476 0.0003098137471592496 0.0010362366011834052 0.0031056204818468132 0.008351357640605904 0.020184252843184147 0.043936193175872176 0.08636244928894043 0.15379990846921102 0.24918955782659052 0.36926021747517884 0.5037562534748667 0.6378225725205977 0.756746017220904 0.8506214954564203 0.9165650482684053 0.9577867535417377 0.9807170818949722 0.9920677632695751 0.9970676128683511 0.9990274081564268 0.9997109704247489 0.9999231254705254 0.9999817163961586 0.9999961144036822 0.999999262604133 0.9999998750995003 0.9999999811263465 0.9999999974566147 0.9999999996944433 0.9999999999672831 0.9999999999968786 0.9999999999997347 0.9999999999999799 0.9999999999999987 1. 1. 1. 1. 1. 1. 1. 1. 1. 1. 1. 1. 1. 1. 1. 1. 1. 1. 1. 1. 1. 1. 1. 1. 1. 1. 1.
7.534205741404352e-63 2.1500872695723696e-60 5.464703000874627e-58 1.2370198855091143e-55 2.4939900472293813e-53 4.478468096284116e-51 7.162924807613476e-49 1.0204400253147921e-46 1.2948859238014107e-44 1.4636390267493278e-42 1.473693789034539e-40 1.321796520879977e-38 1.0561371764903672e-36 7.517784086085701e-35 4.767490302886102e-33 2.693632082879078e-31 1.3559846974868687e-29 6.082199039520575e-28 2.4309665101402437e-26 8.658350251135936e-25 2.748254039425496e-23 7.774537964512094e-22 1.9602966701179308e-20 4.405908957965232e-19 8.827886180013032e-18 1.576997372351157e-16 2.5119387672866547e-15 3.5681887479108833e-14 4.5207571325464275e-13 5.1094154967488515e-12 5.152401289486704e-11 4.636813521549851e-10 3.7248398698546286e-9 2.6717524132473285e-8 1.7116987384462134e-7 9.798648670259885e-7 5.014254833440388e-6 0.000022949669949846867 0.00009400432615656664 0.00034486231521288984 0.0011341292883758898 0.0033471546260297404 0.008877097984474964 0.021192020452545788 0.04563328661914605 0.08886480463320859 0.1570146994710158 0.2527606367083664 0.37264647690606867 0.5064319844573327 0.6394910639316724 0.7574346130804206 0.8506091880706834 0.9162105516722556 0.9573746455289373 0.9803949943515625 0.9918683294357531 0.9969645485254122 0.9989819055669257 0.9996935921856914 0.999917341009126 0.9999800302111239 0.9999956825192191 0.9999991651780238 0.9999998557090801 0.9999999777169255 0.9999999969264564 0.9999999996214772 0.9999999999583886 0.9999999999959178 0.9999999999996427 0.999999999999972 0.999999999999998 0.9999999999999999 1. 1. 1. 1. 1. 1. 1. 1. 1. 1. 1. 1. 1. 1. 1. 1. 1. 1. 1. 1. 1. 1. 1. 1. 1. 1.
4.8650093416814044e-62 1.2907798392732939e-59 3.0545350084315684e-57 6.4471869298710855e-55 1.2137686636744565e-52 2.0382192800864104e-50 3.0529846943896545e-48 4.0791261775282045e-46 4.86171164720382e-44 5.168949884072975e-42 4.902514381040488e-40 4.1481279977693026e-38 3.1312406345781946e-36 2.108760173549075e-34 1.2670713150589414e-32 6.792913702390739e-31 3.249465160122732e-29 1.3870423092034758e-27 5.283391137113188e-26 1.796000211213631e-24 5.448767908606293e-23 1.475431315331204e-21 3.5661694494644514e-20 7.694568431187576e-19 1.482200230640927e-17 2.549267292488064e-16 3.9152596964390934e-15 5.370309951054813e-14 6.579541319054751e-13 7.201475501730276e-12 7.043016274476978e-11 6.15602399572242e-10 4.8100860138537365e-9 3.3607705848857086e-8 2.100391244536782e-7 1.1746323023517326e-6 5.880815148778835e-6 0.000026371519152141715 0.00010599024496065816 0.0003820799699258172 0.0012364931882076656 0.003596286396540674 0.009412941647513448 0.022208837937899528 0.047331763333714215 0.09135433112280221 0.1602019916273025 0.25629992820440284 0.3760158194872283 0.509123650095956 0.641213682902824 0.7582043154918218 0.8506839418653798 0.9159299131309491 0.9570138547686546 0.9801025180951033 0.9916831083618487 0.996867098765232 0.9989381702901902 0.9996766162744053 0.9999115957420552 0.9999783260307846 0.9999952379122732 0.9999990629014774 0.9999998349258852 0.9999999739810785 0.9999999963317874 0.999999999537581 0.999999999947891 0.9999999999947522 0.9999999999995277 0.999999999999962 0.9999999999999973 0.9999999999999998 1. 1. 1. 1. 1. 1. 1. 1. 1. 1. 1. 1. 1. 1. 1. 1. 1. 1. 1. 1. 1. 1. 1. 1. 1. 1.
2.845674687819131e-61 7.047394399917386e-59 1.5588109655584997e-56 3.0795528771092187e-54 5.433998376734386e-52 8.564416860104025e-50 1.2056797425352404e-47 1.5161147192915547e-45 1.7029773056064721e-43 1.7087317276117059e-41 1.531579361367036e-39 1.2263629562323913e-37 8.772568213752315e-36 5.606323262974031e-34 3.2010307935554735e-32 1.6329766092936607e-30 7.443343562399609e-29 3.0316248442335184e-27 1.1033806206826114e-25 3.588749130883152e-24 1.0431732976776523e-22 2.7101661187185484e-21 6.293540048003064e-20 1.3064439183132144e-18 2.4245115369342436e-17 4.0229167273816314e-16 5.9688680018420406e-15 7.920159920816093e-14 9.4000660248523e-13 9.980561370492214e-12 9.48173681457117e-11 8.061628234141677e-10 6.135727965616031e-9 4.1815801564847165e-8 2.552628006464288e-7 1.396279695552245e-6 6.846811921201625e-6 0.000030113650443452762 0.00011886888054618023 0.00042143115560568914 0.0013431651086823109 0.003852575557089402 0.00995803009121351 0.023233468893792793 0.04903041250200338 0.0938305647270039 0.16336267822684739 0.25980959706909035 0.3793707191472694 0.5118327568109996 0.6429902916924607 0.759053713910224 0.8508440937826195 0.915722085800636 0.9567041905215189 0.9798400353473251 0.9915126399951104 0.9967756964095937 0.9988964593152991 0.9996601642026481 0.9999059367797317 0.999976619015863 0.9999947846402338 0.9999989566697797 0.9999998129085154 0.9999999699397157 0.999999995674081 0.9999999994425938 0.9999999999357085 0.9999999999933638 0.9999999999993872 0.9999999999999494 0.9999999999999962 0.9999999999999998 1. 1. 1. 1. 1. 1. 1. 1. 1. 1. 1. 1. 1. 1. 1. 1. 1. 1. 1. 1. 1. 1. 1. 1. 1. 1.
1.5145315802357285e-60 3.5143469113911505e-58 7.292823062149067e-56 1.3534408172529933e-53 2.246382476144705e-51 3.3345544303512937e-49 4.4270152744029555e-47 5.256702510693349e-45 5.582846929004023e-43 5.303340618549424e-41 4.5061659868812715e-39 3.4248536587057988e-37 2.32845768912094e-35 1.4161251361617769e-33 7.704750110910103e-32 3.750223964719488e-30 1.6331165554927449e-28 6.3629689822012376e-27 2.2182388534988407e-25 6.9197126082268e-24 1.9316428682466355e-22 4.825642420133677e-21 1.0789629686877855e-19 2.1593254835500084e-18 3.868395824913988e-17 6.2042679699447e-16 8.90938862895523e-15 1.1456709593772288e-13 1.3194426400122273e-12 1.361168526323608e-11 1.2580729710445137e-10 1.0419944812469635e-9 7.735656722248825e-9 5.149009380522497e-8 3.0738781792410524e-7 1.6464595116943252e-6 7.916078270269504e-6 0.00003418152923533427 0.0001326373116467154 0.0004628669864952899 0.0014539612432701763 0.004115561941946138 0.010511504868632122 0.02426471862031339 0.050728107687201346 0.09629313214002198 0.16649769390912253 0.26329177599651205 0.38271358584935145 0.5145607908548188 0.6448208126566229 0.7599814986918219 0.8510880466920197 0.9155860103749238 0.9564453869895608 0.9796078375001847 0.991357394447242 0.9966907355827082 0.9988570141136276 0.9996443535162681 0.9999004111240457 0.9999749248381196 0.9999943270835265 0.9999988475066431 0.9999997898544164 0.9999999656232071 0.9999999949567071 0.9999999993366702 0.9999999999218026 0.9999999999917396 0.9999999999992182 0.9999999999999337 0.9999999999999949 0.9999999999999997 1. 1. 1. 1. 1. 1. 1. 1. 1. 1. 1. 1. 1. 1. 1. 1. 1. 1. 1. 1. 1. 1. 1. 1. 1. 1.
7.364715190703714e-60 1.60702372264097e-57 3.139815297637667e-55 5.492994922165952e-53 8.60490099515627e-51 1.2070436762420694e-48 1.5161771693751949e-46 1.7054416217455645e-44 1.7178865539053176e-42 1.549652672809125e-40 1.2518979206245692e-38 9.057564695224793e-37 5.869164592726193e-35 3.406268791155987e-33 1.7706634988452256e-31 8.244526859935834e-30 3.4386474265450255e-28 1.284763250474155e-26 4.300266350953435e-25 1.2895250760735075e-23 3.4646088947161956e-22 8.340635659000436e-21 1.799277693708508e-19 3.478471508338145e-18 6.02713613559194e-17 9.360768417615477e-16 1.303289374210312e-14 1.6268819031813533e-13 1.8210464517439724e-12 1.8281340792829568e-11 1.646261812484035e-10 1.3301074977284079e-9 9.64446444030589e-9 6.277628150648209e-8 3.66928046239464e-7 1.9266330866079565e-6 9.091656586294062e-6 0.000038578075976056686 0.00014728612282789922 0.0005063256033450492 0.0015686785838323696 0.004384768156812485 0.011072510508919078 0.025301434620078948 0.05242380291066581 0.0987417439663253 0.1696080101398945 0.26674856742460795 0.3860467715815502 0.5173092217609224 0.6467052252320021 0.7609864547821987 0.8514142660984141 0.9155206174829167 0.9562371087531505 0.9794061294430174 0.9912177733585219 0.9966125708799738 0.9988200591801495 0.9996292966747898 0.9998950650754861 0.9999732594435797 0.9999938698726587 0.9999987365472187 0.9999997659971958 0.9999999610712542 0.9999999941850148 0.9999999992203148 0.9999999999061868 0.999999999989873 0.9999999999990195 0.9999999999999148 0.9999999999999933 0.9999999999999996 1. 1. 1. 1. 1. 1. 1. 1. 1. 1. 1. 1. 1. 1. 1. 1. 1. 1. 1. 1. 1. 1. 1. 1. 1. 1.
3.2845721419456585e-59 6.763266001128222e-57 1.24838690312224e-54 2.0656884367997565e-52 3.0641612798604876e-50 4.074726466730974e-48 4.85774574156498e-46 5.191951953541059e-44 4.97504375922603e-42 4.274103747361747e-40 3.2922100223758297e-38 2.273723522685192e-36 1.4080230946257487e-34 7.818426936968602e-33 3.892989134234729e-31 1.7382783215483744e-29 6.960611470943047e-28 2.4997051434957517e-26 8.051313851127585e-25 2.3259840131576165e-23 6.027490277749622e-22 1.4011566259158033e-20 2.9220716081143622e-19 5.4674668390057346e-18 9.179387754651581e-17 1.3829905715009604e-15 1.8700516970379217e-14 2.2697284718804625e-13 2.4731140512606645e-12 2.419561030088194e-11 2.1258522470944735e-10 1.6777483424290241e-9 1.1896642519344863e-8 7.581383306521987e-8 4.343509024757675e-7 2.2380313844254197e-6 0.000010375711251367777 0.000043303538715845366 0.0001627993724721173 0.0005517326129118197 0.0016870963576354682 0.00465970212343346 0.011640197036298225 0.02634250673792229 0.05411652875130609 0.1011761884237195 0.17269463129602916 0.27018204549455693 0.3893725760406965 0.520079505579424 0.6486435631567782 0.7620674557665315 0.8518212767849922 0.9155248295365107 0.9560789556169799 0.9792350336579659 0.991094111399276 0.996541516807159 0.9987858007824562 0.9996151000276339 0.9998899436645943 0.9999716388135818 0.9999934178096911 0.9999986250179494 0.9999997416027633 0.9999999563324315 0.9999999933663426 0.9999999990944042 0.9999999998889328 0.999999999987765 0.9999999999987896 0.9999999999998925 0.9999999999999915 0.9999999999999993 1. 1. 1. 1. 1. 1. 1. 1. 1. 1. 1. 1. 1. 1. 1. 1. 1. 1. 1. 1. 1. 1. 1. 1. 1. 1.
1.348295084445892e-58 2.628599341166015e-56 4.59884303357284e-54 7.220467903641984e-52 1.0173794838097028e-49 1.2865016470082587e-47 1.4600136132468254e-45 1.4870745691300176e-43 1.3594043980414554e-41 1.1153630355038384e-39 8.21387126868581e-38 5.4294638854837976e-36 3.2214973846657306e-34 1.7157969408555974e-32 8.203477825054091e-31 3.521050597440594e-29 1.356776535332505e-27 4.6938321965391644e-26 1.457985700966324e-24 4.066407326791255e-23 1.0184231380391065e-21 2.290529972135961e-20 4.626661277348099e-19 8.393838378275659e-18 1.3679046642959295e-16 2.0026226386567593e-15 2.634155840968633e-14 3.1134358397625685e-13 3.3071857463588072e-12 3.157692044727177e-11 2.710537367647318e-10 2.09222657362194e-9 1.452567706064619e-8 9.073212209211284e-8 5.100639133406757e-7 2.581617831661192e-6 0.000011769451676387664 0.00004835539609407693 0.00017915462093225087 0.0005990015987425006 0.0018089774713930414 0.004939859461991565 0.012213722148607463 0.027386866993247917 0.05580538849768937 0.10359632553753 0.1757585913006143 0.2735942581406643 0.39269325203617345 0.5228730879197049 0.6506359119026836 0.7632234582460541 0.8523076594055898 0.9155975620829588 0.9559704669060252 0.9790945940776263 0.9909866778750647 0.9964778474625118 0.9987544259093747 0.9996018628914798 0.9998850901145973 0.9999700787280625 0.999992975786009 0.9999985142138257 0.9999997169644016 0.9999999514634049 0.9999999925099514 0.9999999989601941 0.9999999998701758 0.9999999999854255 0.9999999999985292 0.9999999999998666 0.9999999999999891 0.9999999999999992 1. 1. 1. 1. 1. 1. 1. 1. 1. 1. 1. 1. 1. 1. 1. 1. 1. 1. 1. 1. 1. 1. 1. 1. 1. 1.
5.110914954895759e-58 9.464420864390683e-56 1.574400001087879e-53 2.3527164439944344e-51 3.158390953099519e-49 3.809016428427721e-47 4.1268617833320847e-45 4.016957398754827e-43 3.5128172961412496e-41 2.7599836867864146e-39 1.948329972723101e-37 1.2357678982981545e-35 7.0427794529037944e-34 3.60661312747972e-32 1.6596636412597867e-30 6.863154798083417e-29 2.5505297056552435e-27 8.518463238579316e-26 2.5570529054754508e-24 6.899080827518164e-23 1.6731839715359791e-21 3.647772224754027e-20 7.149521566475863e-19 1.2598786163822996e-17 1.9962920961614822e-16 2.844519446379731e-15 3.645307799470958e-14 4.202010130096869e-13 4.357543571257484e-12 4.065935706252791e-11 3.4142505932616337e-10 2.580713072277022e-9 1.7563062076951835e-8 1.0764644066571055e-7 5.944015674472883e-7 2.958053996245123e-6 0.000013273066815054235 0.00005372829101852452 0.00019632301498305715 0.0006480346921261789 0.001934069947676264 0.005224725708427315 0.012792253080599015 0.028433489149934942 0.057489554377479435 0.10600208179926794 0.17880095075585686 0.2769872292905734 0.3960110106384539 0.5256914068188544 0.6526824062939771 0.7644534965073808 0.8528720470360596 0.915737724712054 0.9559111252504509 0.9789847797030211 0.9908956784071958 0.9964217964364361 0.9987261014102395 0.9995896767316756 0.9998805453410695 0.9999685945351895 0.9999925486982791 0.9999984054736597 0.9999996923969128 0.9999999465278456 0.9999999916268814 0.9999999988193112 0.9999999998501157 0.9999999999828744 0.9999999999982392 0.9999999999998371 0.9999999999999865 0.999999999999999 1. 1. 1. 1. 1. 1. 1. 1. 1. 1. 1. 1. 1. 1. 1. 1. 1. 1. 1. 1. 1. 1. 1. 1. 1. 1.
1.7944787846109633e-57 3.166152292010092e-55 5.023010530917534e-53 7.165442615069339e-51 9.191299813356835e-49 1.0601680112891723e-46 1.0996279781634427e-44 1.0256526432369086e-42 8.602983392511296e-41 6.489387647993191e-39 4.402269686641011e-37 2.685846789362138e-35 1.4737773808122302e-33 7.273511425382633e-32 3.228752296756381e-30 1.2892046362781116e-28 4.6304715687987354e-27 1.496119353264981e-25 4.348788216014281e-24 1.1372521575314177e-22 2.6758372173204608e-21 5.665101107624034e-20 1.0792807512626524e-18 1.850449489433386e-17 2.855468174279902e-16 3.966254058035834e-15 4.9595006087212336e-14 5.583503033231016e-13 5.660452935261175e-12 5.168251949892279e-11 4.2507573169068955e-10 3.1500140984016096e-9 2.10372552561688e-8 1.266539925667711e-7 6.876127724166385e-7 3.3676688100349847e-6 0.000014885672070692137 0.00005941399484505234 0.00021426942435797346 0.0006987231927491939 0.002062108341291885 0.005513778366406577 0.013374968176840753 0.02948138806383288 0.05916826388350621 0.10839344526345845 0.18182279452682468 0.28036296115934156 0.3993280260954053 0.5285358954522904 0.6547832282908768 0.7657566774532283 0.8535131216914176 0.9159442215613618 0.9559003598963753 0.9789054879834307 0.9908212566649173 0.9963735569055912 0.9987009733153819 0.9995786244492149 0.9998763474935013 0.9999672009310847 0.999992141364433 0.9999983001540391 0.999999668230013 0.9999999415950722 0.9999999907297319 0.9999999986737289 0.9999999998290166 0.999999999980141 0.9999999999979224 0.9999999999998043 0.9999999999999833 0.9999999999999987 0.9999999999999999 1. 1. 1. 1. 1. 1. 1. 1. 1. 1. 1. 1. 1. 1. 1. 1. 1. 1. 1. 1. 1. 1. 1. 1. 1.
5.852261879029237e-57 9.867550935272174e-55 1.4973392940943102e-52 2.044862564759222e-50 2.5133294760382386e-48 2.7802574157364217e-46 2.768090933842883e-44 2.4805362956750588e-42 2.0007440792324087e-40 1.4525457574369058e-38 9.4923312726201e-37 5.583854827987815e-35 2.9568407302746947e-33 1.4095155459016729e-31 6.048904526837941e-30 2.337042960230531e-28 8.129418774138279e-27 2.546106578888855e-25 7.180278930146925e-24 1.823388583692631e-22 4.1698292934307916e-21 8.587942586241475e-20 1.5930359535219535e-18 2.661735540628419e-17 4.0063455926095476e-16 5.432778284293337e-15 6.637992827713614e-14 7.308866797879833e-13 7.253140516566659e-12 6.488397419769862e-11 5.233187189896987e-10 3.806326914099386e-9 2.4972604723494185e-8 1.4782997344235158e-7 7.898492215950757e-7 3.8104319517642862e-6 0.00001660526927033862 0.00006540140146338011 0.00023295262594676775 0.0007509482293308572 0.0021928151253239932 0.005806488795786252 0.013961058198400775 0.030529618843465486 0.060840816211343005 0.11077046105705604 0.1848252297343485 0.2837234366242952 0.40264644053792487 0.531407984701157 0.6569386049166743 0.7671321757648735 0.8542296108127314 0.9162159514576705 0.9559375495773569 0.9788565479624198 0.990763496129906 0.9963332819004905 0.9986791663281738 0.9995687797736194 0.9998725315427275 0.9999659117529942 0.9999917584414441 0.9999981996026361 0.9999996448011738 0.9999999367384631 0.9999999898323755 0.9999999985257253 0.9999999998072024 0.9999999999772653 0.9999999999975832 0.9999999999997684 0.99999999999998 0.9999999999999984 0.9999999999999999 1. 1. 1. 1. 1. 1. 1. 1. 1. 1. 1. 1. 1. 1. 1. 1. 1. 1. 1. 1. 1. 1. 1. 1. 1.
1.7773894626672328e-56 2.8721696421283093e-54 4.180452795123715e-52 5.480625866974786e-50 6.472006328703563e-48 6.884280388826304e-46 6.596271104511114e-44 5.693363461588565e-42 4.4267055496481445e-40 3.1005967830744647e-38 1.9564797176142786e-36 1.112203380717991e-34 5.6962140926285176e-33 2.6284347013721777e-31 1.0927824022342457e-29 4.093681142821692e-28 1.3818404584292794e-26 4.203265691318866e-25 1.1521903390465557e-23 2.8463979780607414e-22 6.337661024670603e-21 1.2719062639824302e-19 2.3009529674878668e-18 3.752530700781821e-17 5.517546442051367e-16 7.315077281581083e-15 8.745693328279568e-14 9.43038223837647e-13 9.172515679885954e-12 8.049045268736544e-11 6.373519069139523e-10 4.554983964065229e-9 2.9388277954462143e-8 1.7122384604057796e-7 9.011549562572721e-7 4.285931917240268e-6 0.000018428720147940108 0.00007167655035059814 0.00025232553112721764 0.0008045814513161157 0.0023259020384525184 0.006102323941139407 0.014549727386563136 0.03157727585542037 0.06250656881946075 0.11313322727672885 0.1878093841200074 0.2870706216703202 0.4059683684949492 0.5343091055893132 0.6591488063090775 0.7685792292682023 0.8550202837253666 0.9165518077281452 0.9560220249794098 0.9788377231966947 0.9907224218774913 0.9963010847278839 0.9986607834789704 0.9995602067610866 0.9998691289173163 0.9999647397888385 0.9999914043465501 0.9999981051315485 0.9999996224481205 0.999999932033691 0.9999999889496096 0.9999999983778285 0.9999999997850503 0.9999999999742961 0.9999999999972267 0.99999999999973 0.9999999999999762 0.9999999999999981 0.9999999999999999 1. 1. 1. 1. 1. 1. 1. 1. 1. 1. 1. 1. 1. 1. 1. 1. 1. 1. 1. 1. 1. 1. 1. 1. 1.
5.039139282416251e-56 7.825904210942121e-54 1.0955543239958935e-51 1.3824912322614582e-49 1.5726362830161838e-47 1.612651552794733e-45 1.4907630834667559e-43 1.2423464174495027e-41 9.333695841443822e-40 6.321979168979032e-38 3.8605878943179053e-36 2.125534776383728e-34 1.0551442075979471e-32 4.722803100979902e-31 1.906115070596843e-29 6.937098738404875e-28 2.2767004903417915e-26 6.738367514820835e-25 1.7986542436022175e-23 4.330225095248752e-22 9.403100450789034e-21 1.8418754580854864e-19 3.254707001599158e-18 5.1887575721456226e-17 7.463733424872847e-16 9.688044602974335e-15 1.1348924576982031e-13 1.1999668921106728e-12 1.1453659628080728e-11 9.870802588296644e-11 7.682034127239206e-10 5.40019362258912e-9 3.429722566175131e-8 1.9685591663453992e-7 1.0214573839431834e-6 4.793359207893713e-6 0.000020351733558909748 0.0000782226773681451 0.0002723354516970593 0.0008594857435332689 0.0024610713869052045 0.006400747905269222 0.015140194305744568 0.03262349160216439 0.06416493411991248 0.11548189125043833 0.19077640475044483 0.29040646789777824 0.409295901236635 0.5372406916012431 0.6614141438775165 0.7700971344766039 0.8558839480682318 0.9169506777105549 0.9561530708304102 0.9788487144562916 0.9906980023624614 0.996277039531334 0.9986459059314667 0.9995529593964292 0.9998661671912071 0.9999636966056583 0.9999910831834351 0.9999980179913297 0.9999996015012111 0.9999999275568393 0.9999999880967649 0.9999999982327461 0.9999999997629797 0.9999999999712905 0.99999999999686 0.99999999999969 0.9999999999999724 0.9999999999999978 0.9999999999999998 1. 1. 1. 1. 1. 1. 1. 1. 1. 1. 1. 1. 1. 1. 1. 1. 1. 1. 1. 1. 1. 1. 1. 1. 1.
1.336613020058154e-55 2.000348732952937e-53 2.7004624183519395e-51 3.28859822371913e-49 3.6127018707528895e-47 3.580230365046825e-45 3.200787723042103e-43 2.5815467159681574e-41 1.8784134567934317e-39 1.2331108749115185e-37 7.303403571708479e-36 3.902780638114076e-34 1.8817551819480983e-32 8.186680460949177e-31 3.213846716420085e-29 1.1385007886043732e-27 3.63958758250336e-26 1.050033632664477e-24 2.7340717426948e-23 6.425366351408512e-22 1.3629980647473932e-20 2.609953386449955e-19 4.511742956900177e-18 7.041537289013191e-17 9.923014586038285e-16 1.2627543437872008e-14 1.451257866626627e-13 1.5065316831165537e-12 1.412812409681129e-11 1.197115691394536e-10 9.166755614398011e-10 6.344786255127908e-9 3.970521405089806e-8 2.2471431367957687e-7 1.1505599829099793e-6 5.3314949701614655e-6 0.00002236886644460094 0.00008502029184670649 0.00029292439994333525 0.0009155159565625421 0.0025980172959587603 0.0067012233736854 0.015731692486555024 0.03366743549656615 0.06581537630482251 0.1178166461408823 0.1937274570320425 0.29373291508727645 0.41263111096319627 0.5402041808907155 0.6637349685490281 0.7716852422851168 0.8568194461919434 0.9174114419882833 0.9563299276428772 0.9788891622161273 0.9906901512003478 0.9962611819754583 0.9986345929322946 0.9995470812966731 0.9998636698241565 0.9999627923990382 0.9999907986747203 0.99999793934633 0.9999995822759151 0.9999999233824621 0.999999987289278 0.9999999980932867 0.9999999997414404 0.9999999999683118 0.9999999999964908 0.999999999999649 0.9999999999999682 0.9999999999999973 0.9999999999999998 1. 1. 1. 1. 1. 1. 1. 1. 1. 1. 1. 1. 1. 1. 1. 1. 1. 1. 1. 1. 1. 1. 1. 1. 1.
3.3236496386459105e-55 4.805889085792542e-53 6.272666509452408e-51 7.390238849058735e-49 7.859609163994865e-47 7.545509179743774e-45 6.539293089582496e-43 5.116086489408227e-41 3.613438456405509e-39 2.304044271707828e-37 1.3263583219791453e-35 6.893571063008066e-34 3.234859901047402e-32 1.3705981784109888e-30 5.243546974573552e-29 1.8114184894346067e-27 5.650812340049611e-26 1.5919264335955708e-24 4.050220098220403e-23 9.306865650517572e-22 1.93163720999024e-20 3.6213945001661663e-19 6.133215747862314e-18 9.384265492502591e-17 1.2973391143751437e-15 1.620668082888968e-14 1.8296728839452424e-13 1.867021066354071e-12 1.7222098517938364e-11 1.4363390576691228e-10 1.083289608722571e-9 7.389974763742518e-9 4.5609958298415275e-8 2.5475246187461367e-7 1.2881368876817386e-6 5.898705319097565e-6 0.00002447353837970429 0.00009204727832383092 0.0003140294185221181 0.0009725196463926557 0.0027364269072981218 0.007003212896811992 0.016323470888677475 0.03470831255432747 0.06745740831181998 0.12013772786971522 0.19666372401055582 0.2970518938174519 0.4159760548558315 0.5432010183887568 0.6661116690861173 0.7733429537912688 0.8578256515223832 0.9179329733726238 0.9565517931373824 0.9789586489501787 0.9906987289377879 0.9962535100412522 0.9986268818950921 0.9995426055136338 0.9998616559558764 0.9999620358651662 0.9999905541019407 0.9999978702519186 0.9999995650656062 0.9999999195816522 0.9999999865422498 0.999999997962272 0.9999999997208974 0.9999999999654278 0.9999999999961279 0.9999999999996079 0.9999999999999641 0.9999999999999971 0.9999999999999998 1. 1. 1. 1. 1. 1. 1. 1. 1. 1. 1. 1. 1. 1. 1. 1. 1. 1. 1. 1. 1. 1. 1. 1. 1.
7.762436498694694e-55 1.0872263951451982e-52 1.3753917930648551e-50 1.5715393754040005e-48 1.6219030515644882e-46 1.5119388922761772e-44 1.2731009618470275e-42 9.683244579284943e-41 6.653027278868764e-39 4.1292362740576e-37 2.315179798291802e-35 1.1726752200660507e-33 5.366156223899663e-32 2.2184878959745297e-30 8.286591157351164e-29 2.7966503162284125e-27 8.528324029244711e-26 2.3500336897122314e-24 5.851846029438406e-23 1.316878811610416e-21 2.678310966617861e-20 4.923448156180729e-19 8.180972793177447e-18 1.2288682136702563e-16 1.6688298936360281e-15 2.0491392281907637e-14 2.2752810849922597e-13 2.2848649172612613e-12 2.07545200063757e-11 1.7055507568949688e-10 1.268233443625817e-9 8.535138864795012e-9 5.2000388474456056e-8 2.868871344400757e-7 1.4337295124384745e-6 6.49294148207212e-6 0.000026658059369214044 0.00009927902116587191 0.00033558293600675476 0.001030337817747457 0.002875981519763567 0.0073061800372483865 0.016914794201907602 0.035745362022687376 0.0690905889297127 0.12244541234271172 0.19958640593341687 0.3003653281334651 0.4193327790050373 0.5462326578181929 0.6685446704605018 0.7750697162188749 0.8589014648848541 0.918514135652057 0.9568178233722443 0.979056701240584 0.990723544807983 0.9962539849217396 0.9986227886107557 0.9995395544323644 0.9998601402541425 0.9999614340967775 0.9999903522539872 0.9999978116340971 0.9999995501348726 0.9999999162201827 0.999999985870003 0.999999997842447 0.999999999701815 0.9999999999627078 0.9999999999957805 0.9999999999995681 0.99999999999996 0.9999999999999967 0.9999999999999998 1. 1. 1. 1. 1. 1. 1. 1. 1. 1. 1. 1. 1. 1. 1. 1. 1. 1. 1. 1. 1. 1. 1. 1. 1.
1.7056878389034976e-54 2.3198553318627875e-52 2.851339410528235e-50 3.167170826641539e-48 3.1793403146437357e-46 2.8843931301995236e-44 2.3650119728778797e-42 1.7526043785150639e-40 1.1738619180386121e-38 7.106314163946905e-37 3.88846875231679e-35 1.9232384631280952e-33 8.598496113612627e-32 3.475060537183595e-30 1.2696081376284992e-28 4.19336634480196e-27 1.2521650988387562e-25 3.380552612011162e-24 8.252104045659004e-23 1.8214545339010283e-21 3.635606077479254e-20 6.562527182773458e-19 1.0713597060452702e-17 1.582002047461918e-16 2.1131387000867555e-15 2.5535509125833076e-14 2.7919539186300355e-13 2.7623390309086323e-12 2.4735213090899704e-11 2.00492216300914e-10 1.4713145642750365e-9 9.777642074675872e-9 5.885607647339333e-8 3.209971539520019e-7 1.5867453285784637e-6 7.111745804206145e-6 0.00002891367041517006 0.00010668855021508532 0.0003575131441874238 0.0010888056662391441 0.0030163576720893693 0.0076095903897862305 0.017504943002385847 0.036777855961265773 0.07071452004428282 0.12474001295744867 0.20249672005538633 0.3036751382653966 0.4227033222307176 0.549300563620902 0.6710344322670837 0.7768650189217847 0.8600458107829805 0.9191537821257613 0.9571271336037233 0.9791827917148128 0.9907643584694052 0.9962625320089118 0.9986223075760937 0.9995379397620279 0.999859132816594 0.9999609925038262 0.9999901953848012 0.9999977642719422 0.9999995377135252 0.9999999133567822 0.999999985285658 0.9999999977363887 0.9999999996846403 0.9999999999602207 0.9999999999954579 0.9999999999995306 0.999999999999956 0.9999999999999962 0.9999999999999998 1. 1. 1. 1. 1. 1. 1. 1. 1. 1. 1. 1. 1. 1. 1. 1. 1. 1. 1. 1. 1. 1. 1. 1. 1.
3.5318399638308034e-54 4.6757517980587386e-52 5.596916133492067e-50 6.057605259139644e-48 5.928111594847253e-46 5.245706222249623e-44 4.197331926369629e-42 3.0369289819044756e-40 1.9870045429831114e-38 1.1756490559610193e-36 6.290479116116009e-35 3.0439004804158844e-33 1.3320864877042314e-31 5.27236346659952e-30 1.8874096409085382e-28 6.111295330785624e-27 1.7898909788798818e-25 4.7420678324212386e-24 1.1365287772754841e-22 2.4642819813531312e-21 4.8342144075231936e-20 8.580606321484266e-19 1.3781635529149687e-17 2.003143077810447e-16 2.635077412731737e-15 3.137555375697075e-14 3.381876857102927e-13 3.30027757416373e-12 2.916315475153437e-11 2.333905609096296e-10 1.6919205810629149e-9 1.1112689759640828e-8 6.614684892262685e-8 3.569227978800824e-7 1.746458871198226e-6 7.752263567638432e-6 0.000031230596246568724 0.00011424670554853132 0.00037974439345578423 0.001147753315234504 0.0031572281671607173 0.007912912482091554 0.0180932137797321 0.03780509778862416 0.07232884402286043 0.12702187837636003 0.2053959006708043 0.3069832433969256 0.42608971980751087 0.5524062128027261 0.6735814471626651 0.7787283894450762 0.8612576336255465 0.9198507539364866 0.957478798899652 0.9793363408247542 0.9908208817278175 0.9962790419644949 0.9986254124336409 0.999537762615484 0.9998586391254547 0.9999607147593471 0.9999900851809063 0.9999977287832356 0.9999995279914646 0.9999999110415988 0.9999999848007399 0.9999999976464209 0.9999999996697861 0.9999999999580313 0.999999999995169 0.9999999999994964 0.9999999999999525 0.999999999999996 0.9999999999999997 1. 1. 1. 1. 1. 1. 1. 1. 1. 1. 1. 1. 1. 1. 1. 1. 1. 1. 1. 1. 1. 1. 1. 1. 1.
6.901172211376504e-54 8.914318989347635e-52 1.0415957862807293e-49 1.1009406562351603e-47 1.0526662044215235e-45 9.105179252578223e-44 7.124705958785127e-42 5.043549034468671e-40 3.2300359312873604e-38 1.871509320103108e-36 9.810762439725948e-35 4.653215693756552e-33 1.99690700971904e-31 7.754118848279764e-30 2.7245451566116416e-28 8.662852333997396e-27 2.492603042667512e-25 6.490712110814226e-24 1.5296858476297886e-22 3.2629368757046277e-21 6.299990894608666e-20 1.101100796642491e-18 1.742225463547386e-17 2.495798671263322e-16 3.237311641451879e-15 3.802557137558551e-14 4.045154676543872e-13 3.897810357530219e-12 3.4024964178699006e-11 2.691160541696777e-10 1.9289893632093835e-9 1.2533235657553716e-8 7.38326066331652e-8 3.944659494845893e-7 1.912015007390774e-6 8.41126049294596e-6 0.0000335981094982778 0.00012192231941352958 0.00040219760287865674 0.0012070065440068054 0.0032982630381144544 0.00821561856405427 0.018678918849533637 0.03882642080612041 0.07393324123543368 0.12929139054940073 0.20828519935817746 0.3102915644858546 0.4294940071079901 0.5555510966999528 0.6761862393140468 0.7806593896216429 0.8625358938936931 0.9206038782161292 0.9578718545283373 0.9795167184822101 0.9908927802433639 0.9963033718685368 0.998632056515919 0.9995390136736811 0.9998586600539556 0.99996060277061 0.9999900227391625 0.9999977056135563 0.9999995211145354 0.999999909314903 0.9999999844248348 0.999999997574535 0.9999999996576165 0.9999999999561984 0.9999999999949226 0.9999999999994669 0.9999999999999493 0.9999999999999956 0.9999999999999997 1. 1. 1. 1. 1. 1. 1. 1. 1. 1. 1. 1. 1. 1. 1. 1. 1. 1. 1. 1. 1. 1. 1. 1. 1.
1.2741703588028055e-53 1.609577723043379e-51 1.8400090218731326e-49 1.9035286719709934e-47 1.7821276092949015e-45 1.5099656495007378e-43 1.1578540529700633e-41 8.03543335133396e-40 5.047129881444128e-38 2.8692679178170622e-36 1.4763923218801142e-34 6.87622476157368e-33 2.898882140163321e-31 1.1062645867996388e-29 3.8216634528224763e-28 1.1951688808836631e-26 3.383837686121477e-25 8.673910293570018e-24 2.0131178076037482e-22 4.230563429290661e-21 8.05063890232621e-20 1.3873841921998942e-18 2.1653678449798614e-17 3.0610684293457725e-16 3.919789553751881e-15 4.5472353846918405e-14 4.779462653598349e-13 4.5521423809042195e-12 3.929371512665429e-11 3.0745005251120135e-10 2.1809907081904357e-9 1.4029943033068139e-8 8.186336607498908e-8 4.333910183488616e-7 2.082434457970832e-6 9.085145713774761e-6 0.00003600460553536429 0.00012968241340922062 0.00042479068184404073 0.00126638750437999 0.0034391304572835755 0.008517185293783822 0.019261386164401855 0.039841186708817145 0.0755274277092914 0.13154896297182736 0.21116588542502068 0.3136020271390128 0.4329182231755599 0.5587367226701716 0.6788493628400474 0.7826576116823749 0.8638795642401973 0.9214119660558167 0.9583052961436336 0.9797232455658258 0.9909796752259943 0.9963353464411315 0.9986421734879504 0.9995416734307784 0.9998591919228387 0.99996065667532 0.9999900085549247 0.9999976950290232 0.9999995171814714 0.9999999082060678 0.9999999841653067 0.9999999975223226 0.9999999996484319 0.999999999954772 0.9999999999947258 0.9999999999994426 0.9999999999999466 0.9999999999999953 0.9999999999999996 1. 1. 1. 1. 1. 1. 1. 1. 1. 1. 1. 1. 1. 1. 1. 1. 1. 1. 1. 1. 1. 1. 1. 1. 1.
2.2254706127607037e-53 2.7555639154049164e-51 3.0887291236302945e-49 3.1342800867588607e-47 2.879339515517035e-45 2.3947161699010187e-43 1.8031460971974255e-41 1.2292316926111967e-39 7.587060139319784e-38 4.239962519688947e-36 2.145417669533965e-34 9.829617367851235e-33 4.078034724913793e-31 1.5320415713065954e-29 5.212097781481329e-28 1.6058145890017077e-26 4.480630397398212e-25 1.1323104360424449e-23 2.5917810887357725e-22 5.373577141360585e-21 1.009228350506692e-19 1.7171466432521722e-18 2.6469862219526038e-17 3.697092166945128e-16 4.679238849478622e-15 5.367143548652543e-14 5.579770937552217e-13 5.25839260522163e-12 4.492816150098159e-11 3.4808652111337667e-10 2.4459210867236102e-9 1.5591205124932552e-8 9.017953276110193e-8 4.7342663797073645e-7 2.25662152421789e-6 9.76999994552295e-6 0.00003843768704683253 0.0001374924090109834 0.0004474389604456619 0.0013257154236556651 0.0035794975895555125 0.008817094328128914 0.019839959035644752 0.04084878409160273 0.07711115291363775 0.13379503916388172 0.2140392465429272 0.31691656454498524 0.4363644142381344 0.5619646157092298 0.6815714002317517 0.7847226743582797 0.8652876255119752 0.9222738103110634 0.9587780797863359 0.979955195315003 0.9910811451238299 0.996374759333781 0.9986556780823087 0.9995457125158043 0.9998602266049552 0.9999608748623017 0.9999900425206042 0.9999976971127844 0.9999995162419975 0.9999999077328563 0.9999999840270839 0.9999999974909232 0.999999999642458 0.9999999999537909 0.9999999999945846 0.9999999999994247 0.9999999999999446 0.9999999999999951 0.9999999999999996 1. 1. 1. 1. 1. 1. 1. 1. 1. 1. 1. 1. 1. 1. 1. 1. 1. 1. 1. 1. 1. 1. 1. 1. 1.
3.6809484748030767e-53 4.4773440734561067e-51 4.931723925484407e-49 4.919291389407628e-47 4.443654700505455e-45 3.63513915438038e-43 2.6931117664883723e-41 1.806968553406523e-39 1.0980463990779399e-37 6.043332061920394e-36 3.0125242073632673e-34 1.3601805408852202e-32 5.562744893837907e-31 2.0607443095384918e-29 6.915419606244609e-28 2.102281782954437e-26 5.789770593533404e-25 1.4446134633990816e-23 3.2657702696716766e-22 6.689432508980284e-21 1.241626785308315e-19 2.0884414066068573e-18 3.1835918398520674e-17 4.398599007261063e-16 5.508779629670098e-15 6.254423692008068e-14 6.438167907522318e-13 6.009507266464955e-12 5.0872453941900264e-11 3.906320590319021e-10 2.7213126098913894e-9 1.7203227834693786e-8 9.871241047024917e-8 5.142681308985563e-7 2.4333739330917604e-6 0.000010461608506034152 0.00004088425747592044 0.00014531634957955748 0.0004700556260528731 0.0013848072921459887 0.0037190313921908677 0.009114832825437584 0.02041399577650097 0.04184862695727338 0.07868419767021888 0.1360300913604352 0.21690658956477768 0.32023712046900066 0.43983463717302795 0.5652363199949875 0.6843529607349714 0.7868542189529526 0.8667590626864863 0.9231881832515705 0.9592891217214843 0.9802117946268446 0.9911967273102693 0.9964213744879666 0.9986724669214395 0.9995510920865462 0.9998617516756487 0.9999612540158029 0.9999901239344394 0.9999977117652665 0.9999995182961221 0.9999999079010375 0.9999999840125247 0.999999997480986 0.9999999996398379 0.9999999999532816 0.9999999999945031 0.9999999999994135 0.9999999999999433 0.999999999999995 0.9999999999999996 1. 1. 1. 1. 1. 1. 1. 1. 1. 1. 1. 1. 1. 1. 1. 1. 1. 1. 1. 1. 1. 1. 1. 1. 1.
5.770902440867306e-53 6.910818947903744e-51 7.496346673941984e-49 7.365667938861958e-47 6.555795670983454e-45 5.285651343111746e-43 3.860478000452448e-41 2.5542500729626866e-39 1.5310047171435563e-37 8.313659509367401e-36 4.089999028013308e-34 1.822984893393725e-32 7.361842223704477e-31 2.6937007484211744e-29 8.930765990698654e-28 2.683015189229099e-26 7.304201212974826e-25 1.8020190596690433e-23 4.029089689423263e-22 8.164722918068018e-21 1.4996553790522885e-19 2.4968263379532435e-18 3.768483105691233e-17 5.156610205335961e-16 6.3976985178550904e-15 7.197669881315912e-14 7.343804874288744e-13 6.796260298707196e-12 5.705640703502909e-11 4.346089835975192e-10 3.004256894279991e-9 1.8850175746677787e-8 1.0738494409660723e-7 5.555807152391471e-7 2.611394678620986e-6 0.00001115549879077123 0.0000433306223111709 0.00015311713205529097 0.000492552163785372 0.0014434785341154812 0.003857399363537421 0.009409893868053751 0.020982869276828065 0.042840153232046416 0.08024637218567357 0.13825461939981115 0.21976924151771707 0.3235656523150208 0.44333096293274843 0.5685534003573913 0.687194678678333 0.7890519053636735 0.8682928607122896 0.9241538340644744 0.9598372981307743 0.980492225272656 0.9913259197766924 0.9964749275594241 0.9986924194223653 0.9995577642912727 0.9998637506063079 0.999961789182279 0.9999902515191137 0.999997738708111 0.9999995232946216 0.9999999087043352 0.9999999841213648 0.9999999974926517 0.9999999996406261 0.9999999999532574 0.9999999999944839 0.9999999999994095 0.9999999999999427 0.9999999999999949 0.9999999999999996 1. 1. 1. 1. 1. 1. 1. 1. 1. 1. 1. 1. 1. 1. 1. 1. 1. 1. 1. 1. 1. 1. 1. 1. 1.
8.582761604891616e-53 1.0140931781055992e-50 1.0855755382941789e-48 1.0528865707675662e-46 9.25232676039035e-45 7.366771870264319e-43 5.314593055622565e-41 3.474078765328076e-39 2.0577717185786737e-37 1.1044713280501189e-35 5.371852946609642e-34 2.3676628261377888e-32 9.457064940099922e-31 3.4233360109866954e-29 1.123094958224634e-27 3.339456520631444e-26 9.00010622081577e-25 2.198639006549243e-23 4.868762332285651e-22 9.773895483571407e-21 1.7788113145234389e-19 2.935192389097218e-18 4.3915958158651926e-17 5.95834265270176e-16 7.331422674197276e-15 8.181968185382472e-14 8.282979115002545e-13 7.607349667161185e-12 6.339635412646221e-11 4.794615881660557e-10 3.2914439832825255e-9 2.05143806208944e-8 1.1611268775212543e-7 5.970034103234412e-7 2.7893057042105953e-6 0.000011846981756820083 0.000045762597232032614 0.00016085674660684738 0.0005148387988748183 0.0015015436613678695 0.0039942702433956095 0.009701776811805733 0.021545966518176134 0.04382282329288522 0.08179751420116303 0.14046914980222894 0.2226285507672569 0.32690413426088805 0.44685547994081987 0.5719174436733325 0.6900972117298172 0.7913154080292748 0.8698880002437339 0.925169486219362 0.9604214446790933 0.9807956250510452 0.991468182838563 0.9965351274074268 0.9987153987792209 0.9995656727937912 0.9998662029982062 0.9999624738582618 0.9999904234496919 0.9999977774916411 0.9999995311406836 0.9999999101247097 0.9999999843507474 0.9999999975255506 0.9999999996447881 0.9999999999537166 0.9999999999945272 0.9999999999994128 0.9999999999999428 0.9999999999999949 0.9999999999999996 1. 1. 1. 1. 1. 1. 1. 1. 1. 1. 1. 1. 1. 1. 1. 1. 1. 1. 1. 1. 1. 1. 1. 1. 1.
1.2117555115643186e-52 1.4156628101114781e-50 1.498695590674447e-48 1.4377514375312545e-46 1.2499120868362288e-44 9.84712525525847e-43 7.030455489568551e-41 4.5489567044303536e-39 2.667506838069383e-37 1.4176745048440907e-35 6.828691444381032e-34 2.981275439170235e-32 1.1797367313249727e-30 4.231578336632647e-29 1.3758501607357208e-27 4.055178513906118e-26 1.083525415755007e-24 2.624704951219187e-23 5.764452909175358e-22 1.1478842463071782e-20 2.0726652524591315e-19 3.393773122376027e-18 5.039572580358994e-17 6.787349033523181e-16 8.291721433774361e-15 9.189131532075941e-14 9.239365173564147e-13 8.42959380486326e-12 6.979660056625737e-11 5.245655586773551e-10 3.5792159375967645e-9 2.217660952667828e-8 1.2480498372416674e-7 6.381535841881621e-7 2.965663240767471e-6 0.000012531196929072754 0.00004816562208292927 0.00016849652257890202 0.0005368249391430662 0.0015588169090971775 0.004129314668043398 0.009989987569464672 0.02210268803725963 0.04479611851001022 0.0833374872546867 0.1426742350293974 0.2254858883493698 0.3302545604730065 0.45041029746604894 0.5753300601834814 0.693061239063698 0.7936444117825656 0.8715434532595071 0.9262338347030667 0.9610403559741811 0.9811210888951706 0.9916229408635484 0.9966016576490522 0.9987412530193225 0.9995747533572465 0.999869084853489 0.9999633000976889 0.999990637390201 0.9999978275056309 0.9999995416926456 0.9999999121329564 0.9999999846953351 0.9999999975788206 0.9999999996522011 0.9999999999546441 0.9999999999946314 0.9999999999994234 0.9999999999999438 0.999999999999995 0.9999999999999996 1. 1. 1. 1. 1. 1. 1. 1. 1. 1. 1. 1. 1. 1. 1. 1. 1. 1. 1. 1. 1. 1. 1. 1. 1.
1.6250484346970227e-52 1.881156979650579e-50 1.9735608491165782e-48 1.876509465690723e-46 1.6170902912193372e-44 1.2630197116684352e-42 8.941039690512536e-41 5.7369135347623397e-39 3.3365070911817935e-37 1.758899968146412e-35 8.40501162637882e-34 3.6408039346837413e-32 1.4296601936894912e-30 5.08933278409399e-29 1.6424743188531345e-27 4.8057889512558665e-26 1.2749096795065304e-24 3.066654039097034e-23 6.6887475411489055e-22 1.3229569706412433e-20 2.3729920091505996e-19 3.860362180398002e-18 5.696076722612818e-17 7.623914801720701e-16 9.25714877427874e-15 1.0198135906459834e-13 1.0194396006099996e-12 9.248227139160004e-12 7.615145782765222e-11 5.692403999280359e-10 3.863634156408579e-9 2.3816387849163398e-8 1.3336633216085e-7 6.786320715873096e-7 3.1389745890498025e-6 0.000013203160407821478 0.00005052487963918317 0.00017599737916253297 0.0005584196160590473 0.0016151128539632208 0.004262205783132045 0.010274038834873645 0.022652447345014922 0.04575953980712779 0.08486617905148805 0.14487045291794745 0.22834264946901378 0.33361894840778583 0.45399754898310557 0.5787928847271089 0.696087459418939 0.7960386075847743 0.8732581785546905 0.9273455431322433 0.9616927849386283 0.9814676699522505 0.9917895840310065 0.9966741782789559 0.9987698161286558 0.9995849344819477 0.9998723688799392 0.9999642586368551 0.9999908905380428 0.99999788799308 0.9999995547677367 0.9999999146895988 0.9999999851474966 0.9999999976511411 0.9999999996626607 0.9999999999560119 0.999999999994793 0.9999999999994407 0.9999999999999454 0.9999999999999951 0.9999999999999996 1. 1. 1. 1. 1. 1. 1. 1. 1. 1. 1. 1. 1. 1. 1. 1. 1. 1. 1. 1. 1. 1. 1. 1. 1.
2.0710670453051796e-52 2.3805620188835485e-50 2.4801059672036293e-48 2.341932557700465e-46 2.004474209510038e-44 1.5550974031539745e-42 1.0935923383303986e-40 6.971150079777777e-39 4.028242596268798e-37 2.110089671954133e-35 1.0020123831030476e-33 4.3136597250561874e-32 1.6835812945527195e-30 5.957357720616084e-29 1.9112693935531338e-27 5.559778221708887e-26 1.4664952566100883e-24 3.5076283079467984e-23 7.608170731817497e-22 1.4966044056383822e-20 2.670070302354652e-19 4.320748042562335e-18 6.342356245947199e-17 8.445712621546029e-16 1.0203722662292138e-14 1.1185751043039963e-13 1.1127786411850675e-12 1.0047288181154493e-11 8.234781179998436e-11 6.127645880623818e-10 4.1405589541817914e-9 2.5412370564882188e-8 1.416979260594752e-7 7.180287787106138e-7 3.307716111663635e-6 0.000013857815329339895 0.000052825418125161505 0.00018332007929190814 0.0005795319230496046 0.0016702470146479171 0.004392619817816215 0.010553450254153893 0.023194670307645927 0.046712606241121946 0.0863834999379345 0.14705840628041847 0.23120025516489812 0.3369993422076567 0.457619395526576 0.5823075778894854 0.6991765890289163 0.7984976881189214 0.8750311170958979 0.9285032407518916 0.9623774421137867 0.9818343806540201 0.9919674701327947 0.9967523273555892 0.9988009092427744 0.999596138092375 0.9998760248259302 0.9999653390349629 0.999991179675312 0.999997958066633 0.9999995701467053 0.99999991774604 0.9999999856975602 0.9999999977407827 0.9999999996758888 0.9999999999577793 0.9999999999950069 0.999999999999464 0.9999999999999478 0.9999999999999953 0.9999999999999996 1. 1. 1. 1. 1. 1. 1. 1. 1. 1. 1. 1. 1. 1. 1. 1. 1. 1. 1. 1. 1. 1. 1. 1. 1.
2.509383749049144e-52 2.8700297244031625e-50 2.9752981674005077e-48 2.7958084345843767e-46 2.3813634841887833e-44 1.8386304242804478e-42 1.2868365594793406e-40 8.164374685390616e-39 4.6957414269193836e-37 2.4483812984262154e-35 1.1573384053062936e-33 4.9597738368905e-32 1.927074061161069e-30 6.788689777821324e-29 2.1684122172004526e-27 6.280363681674186e-26 1.6494347916720119e-24 3.928394094477466e-23 8.48493696770585e-22 1.6621194744278693e-20 2.953145198008161e-19 4.759354513844162e-18 6.958040915073311e-17 9.228693270418072e-16 1.1105818871457606e-14 1.2127344816317623e-13 1.2018181869403097e-12 1.0810088162592478e-11 8.826815018321804e-11 6.543930377712269e-10 4.4057394174644086e-9 2.69427535055411e-8 1.4969932139777818e-7 7.559286798542709e-7 3.47035218077576e-6 0.00001449008420950067 0.00005505227644830827 0.0001904254853498223 0.000600071449934605 0.0017240364354080637 0.004520236623601137 0.01082774855011454 0.023728794495364802 0.04765485360230243 0.08788938147435445 0.14923872266862412 0.23406015414177644 0.3403978162001924 0.46127802904508713 0.5858758270550837 0.7023293594011205 0.8010213432185369 0.8768611872292188 0.9297055193284686 0.963092994915782 0.982220193797448 0.9921559264258856 0.9968357227550777 0.9988343418991148 0.999608280268371 0.9998800198417785 0.9999665298280808 0.9999915012259846 0.9999980367272381 0.9999995875791918 0.9999999212459351 0.9999999863341267 0.9999999978456706 0.9999999996915454 0.9999999999598965 0.9999999999952662 0.9999999999994929 0.9999999999999507 0.9999999999999957 0.9999999999999997 1. 1. 1. 1. 1. 1. 1. 1. 1. 1. 1. 1. 1. 1. 1. 1. 1. 1. 1. 1. 1. 1. 1. 1. 1.
2.8914095688625458e-52 3.297362840487053e-50 3.408386469908259e-48 3.1934780679164043e-46 2.7121931717906055e-44 2.0879880142200963e-42 1.4571217108764454e-40 9.217953523425045e-39 5.286341326944593e-37 2.74833606694835e-35 1.2953622889321918e-33 5.535198917243259e-32 2.144423939907222e-30 7.532506758722734e-29 2.3990385253019873e-27 6.928233392415409e-26 1.8143279274920464e-24 4.3086303720580877e-23 9.279339452197638e-22 1.8124903433965656e-20 3.21102830669559e-19 5.160053419130514e-18 7.52213232569483e-17 9.948170227954274e-16 1.1937238673619244e-14 1.299782704744055e-13 1.2843907050228313e-12 1.1519743084330606e-11 9.379394788532636e-11 6.933763571432582e-10 4.654911121584639e-9 2.8385714863797657e-8 1.5727020818496872e-7 7.919181021174365e-7 3.6253548119294998e-6 0.000015094922584590988 0.00005719061112082407 0.00019727481534007106 0.0006199487125304568 0.001776300253360649 0.0046447401814712005 0.011096467605708017 0.02425426850387479 0.0485858330356868 0.08938377510237923 0.15141205429520552 0.23692382477285628 0.34381647850943986 0.4649756757613409 0.589499347358158 0.7055465149239585 0.8036092551074352 0.8787472797308512 0.9309509299468903 0.9638380668645782 0.982624043655675 0.9923542515476702 0.9969239639941236 0.9988699133466671 0.9996212720153292 0.9998843188635129 0.9999678186941827 0.9999918513178627 0.9999981228845901 0.9999996067896941 0.9999999251267344 0.9999999870444232 0.9999999979634567 0.9999999997092419 0.9999999999623055 0.9999999999955633 0.9999999999995259 0.999999999999954 0.999999999999996 0.9999999999999997 1. 1. 1. 1. 1. 1. 1. 1. 1. 1. 1. 1. 1. 1. 1. 1. 1. 1. 1. 1. 1. 1. 1. 1. 1.
3.1688578756909228e-52 3.6107700890483472e-50 3.729089869305969e-48 3.490758959650477e-46 2.9618253826364507e-44 2.2778795889210793e-42 1.5879746317834087e-40 1.0034789707847367e-38 5.7482556900547035e-37 2.9849629117850656e-35 1.4051727379816746e-33 5.996836819257359e-32 2.3202318385044696e-30 8.139041116210962e-29 2.5886014792460126e-27 7.464935715704733e-26 1.951984297365727e-24 4.628477781137876e-23 9.952585606603548e-22 1.940868239689542e-20 3.4327931731799843e-19 5.50709547851171e-18 8.014125529424628e-17 1.0580035434557902e-15 1.267239352933588e-14 1.377268653220846e-13 1.3583780560589623e-12 1.2159747624507204e-11 9.880928713201517e-11 7.289812657021015e-10 4.883898916661902e-9 2.9719875989084565e-8 1.6431224491569067e-7 8.255911869160499e-7 3.7712237023717337e-6 0.000015667373352892904 0.00005922582385266802 0.00020382989825555977 0.000639075576620281 0.0018268602504256282 0.004765819080926766 0.011359148512114335 0.024770551253068068 0.049505109683291575 0.09086665090250781 0.15357907811026053 0.2397927772763506 0.3472574747892949 0.46871459954327893 0.5931798825206585 0.7088288102762108 0.8062610934256165 0.8806882526907268 0.9322379797217237 0.9646112368080624 0.9830448271398209 0.9925617175051458 0.9970166341232977 0.9989074139087764 0.9996350200679981 0.9998888850149039 0.9999691926268145 0.9999922258480958 0.9999982153788807 0.9999996274839522 0.999999929321348 0.9999999878146906 0.9999999980916009 0.9999999997285556 0.9999999999649426 0.9999999999958895 0.9999999999995626 0.9999999999999578 0.9999999999999962 0.9999999999999998 1. 1. 1. 1. 1. 1. 1. 1. 1. 1. 1. 1. 1. 1. 1. 1. 1. 1. 1. 1. 1. 1. 1. 1. 1.
3.3035757391801253e-52 3.768977422781947e-50 3.8970005243079584e-48 3.651851658570374e-46 3.1015595440052586e-44 2.3874847943902393e-42 1.6657291377786106e-40 1.0533722765147132e-38 6.037877682123147e-37 3.1370660406582117e-35 1.477450095846834e-33 6.307621797479219e-32 2.4411646114844586e-30 8.564917725005951e-29 2.724340962898942e-27 7.856529416702501e-26 2.0542416783349753e-24 4.8701927754615517e-23 1.0469812746795363e-21 2.0410630306446256e-20 3.6085090917674236e-19 5.786088920175893e-18 8.415183838058202e-17 1.1102028110635991e-15 1.3287537131304365e-14 1.4429065802476693e-13 1.4217956474015458e-12 1.2714565948020456e-11 1.0320457197304103e-10 7.605114768557108e-10 5.088721711587752e-9 3.092476961500113e-8 1.7073091646273607e-7 8.56556411806033e-7 3.906506383996424e-6 0.000016202621214822918 0.00006114368881404316 0.00021005342743533566 0.0006573656756210499 0.0018755413910062815 0.004883166974591284 0.011615339586781917 0.025277111266864237 0.05041226134691847 0.09233799643772753 0.15574049603089823 0.24266855607148557 0.35072299208933155 0.47249710529073974 0.5969192055654782 0.7121770076127871 0.8089765100155445 0.8826829262199052 0.933565128434072 0.9654110381642876 0.9834814050330085 0.992777571749353 0.9971133016919385 0.9989466263945959 0.9996494277222747 0.9998936800234384 0.9999706381148481 0.9999926205510448 0.9999983130033483 0.999999649355577 0.9999999337598768 0.9999999886305855 0.9999999982274534 0.9999999997490455 0.9999999999677419 0.999999999996236 0.9999999999996014 0.9999999999999617 0.9999999999999967 0.9999999999999998 1. 1. 1. 1. 1. 1. 1. 1. 1. 1. 1. 1. 1. 1. 1. 1. 1. 1. 1. 1. 1. 1. 1. 1. 1.
3.2760362347772117e-52 3.750026344064772e-50 3.889824396319416e-48 3.656316807492654e-46 3.114471791174395e-44 2.4041464922466338e-42 1.6818342685634515e-40 1.0662564970837645e-38 6.126432087445748e-37 3.1903110108981845e-35 1.5057428229314621e-33 6.441319639979271e-32 2.4975841863033875e-30 8.778146233900586e-29 2.7966643550280292e-27 8.077029573962362e-26 2.114741771419662e-24 5.0197227011034157e-23 1.080297116424098e-21 2.1080188306234566e-20 3.7299479170925575e-19 5.984945341185e-18 8.709278021953523e-17 1.1494968906145392e-15 1.3761967235708281e-14 1.4946812343466792e-13 1.4728749466856329e-12 1.3170212315506051e-11 1.0688018610773608e-10 7.873282988388013e-10 5.265696006129046e-9 3.198130308429292e-8 1.764373739043521e-7 8.844430528622224e-7 4.029818196365634e-6 0.00001669604660817898 0.00006293047858188412 0.000215909210761053 0.000674734821389791 0.0019221723466158296 0.004996483012077413 0.011864596366531114 0.025773425937650255 0.051306877170531756 0.09379781567923945 0.15789703532264238 0.2455527423207307 0.35421526286425187 0.476325542341233 0.6007191193910628 0.7155918734984703 0.8117551334423241 0.8847300769732833 0.9349307851072357 0.9662359582064413 0.9839326033186817 0.9930010393464952 0.9972135227855841 0.9989873275543584 0.9996643956891142 0.9998986646457714 0.9999721413257131 0.9999930310672422 0.9999984145271223 0.999999672092746 0.9999999383713546 0.9999999894775841 0.9999999983683394 0.9999999997702681 0.999999999970637 0.9999999999965937 0.9999999999996414 0.9999999999999658 0.9999999999999971 0.9999999999999998 1. 1. 1. 1. 1. 1. 1. 1. 1. 1. 1. 1. 1. 1. 1. 1. 1. 1. 1. 1. 1. 1. 1. 1. 1.
3.0899205531405488e-52 3.556208289166841e-50 3.708173724958354e-48 3.503273689384291e-46 2.998733055888734e-44 2.3257364174076666e-42 1.634375899838026e-40 1.0406931055151473e-38 6.004597746041383e-37 3.139407763967717e-35 1.4873975067231376e-33 6.386101344925227e-32 2.484786065101732e-30 8.761991634859751e-29 2.8002371708910608e-27 8.111177956770894e-26 2.129564441280932e-24 5.0680141329699314e-23 1.0933255296851071e-21 2.1382208208973617e-20 3.7911968659678174e-19 6.094710296829575e-18 8.884198800679979e-17 1.174386931008375e-15 1.4079117626450734e-14 1.5309443341641295e-13 1.5101399225464365e-12 1.351479369325797e-11 1.0974993924867427e-10 8.088701911789852e-10 5.411534854133791e-9 3.287220391551e-8 1.813502141905831e-7 9.089074667063847e-7 4.139861784218053e-6 0.00001714327853792992 0.00006457308780215553 0.00022136241659199675 0.0006911014077006387 0.0019665860087587513 0.005105472256809362 0.012106481580613353 0.02625898077833948 0.05218855634092978 0.0952461280104887 0.1600494491325771 0.2484469566663535 0.35773656913872365 0.48020230789743995 0.604581457191055 0.719074175559006 0.8145965632204109 0.8868284324800608 0.9363333045360511 0.9670844374166883 0.984397214625996 0.9932313252570684 0.9973168431363992 0.9990292895731934 0.9996798229643936 0.9999037990980697 0.9999736882894557 0.9999934530121811 0.9999985187178498 0.9999996953847863 0.9999999430854489 0.9999999903413737 0.9999999985116383 0.9999999997917914 0.999999999973564 0.9999999999969541 0.9999999999996816 0.9999999999999698 0.9999999999999973 0.9999999999999998 1. 1. 1. 1. 1. 1. 1. 1. 1. 1. 1. 1. 1. 1. 1. 1. 1. 1. 1. 1. 1. 1. 1. 1. 1.
2.771327036511451e-52 3.213626431503459e-50 3.3755096799578337e-48 3.211646991297471e-46 2.768020986609021e-44 2.1610922424909115e-42 1.528443630428447e-40 9.792831224953565e-39 5.68409205255358e-37 2.9889593429240407e-35 1.4239605601950732e-33 6.146231589943998e-32 2.4036317302928877e-30 8.517089734761935e-29 2.7346161017374744e-27 7.956139571000998e-26 2.0976352504209813e-24 5.0118908220382057e-23 1.085280054370613e-21 2.1299895202465643e-20 3.789116479453625e-19 6.110202815896772e-18 8.932358017766126e-17 1.1838831815896816e-15 1.4227464776571726e-14 1.5504963857199634e-13 1.5324731448247568e-12 1.3738987414971511e-11 1.1174415103946761e-10 8.246705284383354e-10 5.523438990266139e-9 3.358243520038672e-8 1.8539715793473438e-7 9.296390722389403e-7 4.23544582637966e-6 0.00001754024570680239 0.0000660591536175766 0.00022637981437778287 0.0007063868059938442 0.0020086199914520347 0.005209846089505256 0.012340565108444732 0.026733268664697996 0.053056906805102326 0.09668296730593802 0.1621985171752206 0.2513528621709181 0.36128924684016483 0.48412985047811813 0.6085080827002198 0.7226246788165158 0.8175003637187377 0.8889766652756459 0.9377709837870494 0.9679548689368728 0.9848739998157756 0.9934676167340895 0.9974228003064374 0.9990722815976667 0.999695607708275 0.9999090434865495 0.999975265080965 0.9999938820436932 0.999998624363611 0.999999718928477 0.9999999478340692 0.9999999912082176 0.9999999986548587 0.9999999998132088 0.999999999976463 0.9999999999973093 0.9999999999997209 0.9999999999999738 0.9999999999999978 0.9999999999999998 1. 1. 1. 1. 1. 1. 1. 1. 1. 1. 1. 1. 1. 1. 1. 1. 1. 1. 1. 1. 1. 1. 1. 1. 1.
2.362836354194129e-52 2.7664951916636825e-50 2.9332298835439487e-48 2.816374016656438e-46 2.448901248266657e-44 1.928404669121649e-42 1.3752476188587295e-40 8.882393399196018e-39 5.19585205516754e-37 2.7527915798468924e-35 1.3209691527130814e-33 5.741545429729104e-32 2.2604598656371413e-30 8.061445885100904e-29 2.6043229870483846e-27 7.621870962338718e-26 2.0208492459398405e-24 4.8543868510851233e-23 1.0565440463200388e-21 2.0836295623318395e-20 3.7235964583605286e-19 6.0304031653288576e-18 8.851308938391627e-17 1.177566964815664e-15 1.4201184217515274e-14 1.5526485573446684e-13 1.5391677217389587e-12 1.383642934797899e-11 1.1281223289647913e-10 8.343728697808839e-10 5.599177019950933e-9 3.409956883610209e-8 1.8851658497549433e-7 9.46365915197614e-7 4.315502708975905e-6 0.000017883225363398985 0.00006737717192808581 0.0002309300089179999 0.000720515753045118 0.0020481171248231036 0.0053093226020192764 0.012566423926572553 0.027195789070237432 0.05391154400234119 0.09810838108119796 0.16434504657312288 0.25427216747278547 0.3648756903126722 0.4881106733928348 0.6125008902450163 0.7262441416734139 0.8204660577152774 0.8911733868301354 0.9392420586891049 0.968845598146046 0.9853616897311651 0.9937090858510644 0.9975309259427727 0.9991160712885981 0.9997116481272996 0.9999143582334341 0.9999768579977277 0.9999943139267058 0.9999987302936555 0.9999997424339129 0.999999952552836 0.9999999920652825 0.9999999987957021 0.9999999998341504 0.9999999999792804 0.9999999999976522 0.9999999999997587 0.9999999999999776 0.9999999999999981 0.9999999999999998 1. 1. 1. 1. 1. 1. 1. 1. 1. 1. 1. 1. 1. 1. 1. 1. 1. 1. 1. 1. 1. 1. 1. 1. 1.
1.9142719885549592e-52 2.267873688338998e-50 2.4323020129328602e-48 2.36160746894044e-46 2.0758606366415512e-44 1.651954961919836e-42 1.1901936563654662e-40 7.763669756004601e-39 4.5851948104677e-37 2.451895684939163e-35 1.1871693793911929e-33 5.204798420131393e-32 2.0662877178007994e-30 7.428303736557721e-29 2.4183444187695358e-27 7.130096962663051e-26 1.9038919401889703e-24 4.6044882100592374e-23 1.0086426794712641e-21 2.0014153730228748e-20 3.5975815904344276e-19 5.85855031323056e-18 8.643938463226859e-17 1.1556194939044198e-15 1.4000507639133571e-14 1.5372604578646013e-13 1.529961956008662e-12 1.3803991880373664e-11 1.1292464671179048e-10 8.377431106961531e-10 5.637151854352273e-9 3.441410547540882e-8 1.9065888968042732e-7 9.588597038208868e-7 4.379104865270353e-6 0.000018168889298637788 0.00006851660856884802 0.00023498366725861433 0.0007334167302308852 0.0020849259412529324 0.005403626985242816 0.012783642049314871 0.02764604729569112 0.05475208960891565 0.09952242971138187 0.16648987285533454 0.25720663016931966 0.36849835702612344 0.4921473382397386 0.6165618045741755 0.7299333115061513 0.8234931195713833 0.8934171412703951 0.9407447003372423 0.9697549223970123 0.9858589871377041 0.9939548921697108 0.9976407481025562 0.9991604263929842 0.9997278433521292 0.9999197044935131 0.9999784537305234 0.9999947445942289 0.9999988353975235 0.9999997656297893 0.9999999571823734 0.9999999929009178 0.999999998932118 0.9999999998542921 0.9999999999819702 0.9999999999979772 0.9999999999997942 0.999999999999981 0.9999999999999984 0.9999999999999999 1. 1. 1. 1. 1. 1. 1. 1. 1. 1. 1. 1. 1. 1. 1. 1. 1. 1. 1. 1. 1. 1. 1. 1. 1.